campaign_id,scenario,method,report,report_type,edp_count,week_count,truth_union,estimated_union,union_relative_error
venn_broad_awareness_control,broad_awareness_control,daily_full_venn,weeks_1_3__2_edps,prefix,2,3,3239,3473,0.07224451991355356
venn_broad_awareness_control,broad_awareness_control,daily_full_venn,weeks_1_12__2_edps,prefix,2,12,12720,19379,0.5235062893081761
venn_broad_awareness_control,broad_awareness_control,daily_full_venn,weeks_5_12__2_edps,interval,2,8,11440,15494,0.35437062937062935
venn_broad_awareness_control,broad_awareness_control,daily_full_venn,weeks_1_3__5_edps,prefix,5,3,5938,6840,0.1519029976423038
venn_broad_awareness_control,broad_awareness_control,daily_full_venn,weeks_1_12__5_edps,prefix,5,12,17532,51850,1.957449235683322
venn_broad_awareness_control,broad_awareness_control,daily_full_venn,weeks_7_13__5_edps,interval,5,7,17080,40783,1.3877634660421545
venn_broad_awareness_control,broad_awareness_control,daily_full_venn,all_weeks__5_edps,prefix,5,13,17681,56640,2.2034387195294385
venn_broad_awareness_control,broad_awareness_control,daily_full_venn,noncontiguous__5_edps,noncontiguous,5,6,14406,24287,0.6858947660696931
venn_broad_awareness_control,broad_awareness_control,daily_full_venn,weeks_1_3__10_edps,prefix,10,3,10101,13294,0.3161073161073161
venn_broad_awareness_control,broad_awareness_control,daily_full_venn,weeks_1_12__10_edps,prefix,10,12,17981,87803,3.8830988265391246
venn_broad_awareness_control,broad_awareness_control,daily_full_venn,all_weeks__10_edps,prefix,10,13,17988,96840,4.383589059372915
venn_broad_awareness_control,broad_awareness_control,daily_full_venn,weeks_5_12__10_edps,interval,10,8,17941,71050,2.960202887241514
venn_broad_awareness_control,broad_awareness_control,daily_full_venn,weeks_7_13__10_edps,interval,10,7,17933,67529,2.7656276138961693
venn_broad_awareness_control,broad_awareness_control,daily_full_venn,noncontiguous__10_edps,noncontiguous,10,6,17251,42454,1.460958784997971
venn_broad_awareness_control,broad_awareness_control,daily_full_venn,noncontiguous__2_edps,noncontiguous,2,6,8173,9962,0.2188914719197357
venn_broad_awareness_control,broad_awareness_control,cumulative_full_venn_recent,weeks_1_3__2_edps,prefix,2,3,3239,3239,0.0
venn_broad_awareness_control,broad_awareness_control,cumulative_full_venn_recent,weeks_1_12__2_edps,prefix,2,12,12720,12720,0.0
venn_broad_awareness_control,broad_awareness_control,cumulative_full_venn_recent,weeks_5_12__2_edps,interval,2,8,11440,11429,0.0009615384615384616
venn_broad_awareness_control,broad_awareness_control,cumulative_full_venn_recent,weeks_1_3__5_edps,prefix,5,3,5938,5938,0.0
venn_broad_awareness_control,broad_awareness_control,cumulative_full_venn_recent,weeks_1_12__5_edps,prefix,5,12,17532,17532,0.0
venn_broad_awareness_control,broad_awareness_control,cumulative_full_venn_recent,weeks_7_13__5_edps,interval,5,7,17080,16949,0.007669789227166276
venn_broad_awareness_control,broad_awareness_control,cumulative_full_venn_recent,all_weeks__5_edps,prefix,5,13,17681,17681,0.0
venn_broad_awareness_control,broad_awareness_control,cumulative_full_venn_recent,noncontiguous__5_edps,noncontiguous,5,6,14406,13415,0.06879078161876996
venn_broad_awareness_control,broad_awareness_control,cumulative_full_venn_recent,weeks_1_3__10_edps,prefix,10,3,10101,10101,0.0
venn_broad_awareness_control,broad_awareness_control,cumulative_full_venn_recent,weeks_1_12__10_edps,prefix,10,12,17981,17981,0.0
venn_broad_awareness_control,broad_awareness_control,cumulative_full_venn_recent,all_weeks__10_edps,prefix,10,13,17988,17988,0.0
venn_broad_awareness_control,broad_awareness_control,cumulative_full_venn_recent,weeks_5_12__10_edps,interval,10,8,17941,17935,0.0003344295189788752
venn_broad_awareness_control,broad_awareness_control,cumulative_full_venn_recent,weeks_7_13__10_edps,interval,10,7,17933,17849,0.004684101934980204
venn_broad_awareness_control,broad_awareness_control,cumulative_full_venn_recent,noncontiguous__10_edps,noncontiguous,10,6,17251,16147,0.06399629007014086
venn_broad_awareness_control,broad_awareness_control,cumulative_full_venn_recent,noncontiguous__2_edps,noncontiguous,2,6,8173,7984,0.023124923528692033
venn_broad_awareness_control,broad_awareness_control,cumulative_full_venn_oldest,weeks_1_3__2_edps,prefix,2,3,3239,3239,0.0
venn_broad_awareness_control,broad_awareness_control,cumulative_full_venn_oldest,weeks_1_12__2_edps,prefix,2,12,12720,12720,0.0
venn_broad_awareness_control,broad_awareness_control,cumulative_full_venn_oldest,weeks_5_12__2_edps,interval,2,8,11440,11290,0.013111888111888112
venn_broad_awareness_control,broad_awareness_control,cumulative_full_venn_oldest,weeks_1_3__5_edps,prefix,5,3,5938,5938,0.0
venn_broad_awareness_control,broad_awareness_control,cumulative_full_venn_oldest,weeks_1_12__5_edps,prefix,5,12,17532,17532,0.0
venn_broad_awareness_control,broad_awareness_control,cumulative_full_venn_oldest,weeks_7_13__5_edps,interval,5,7,17080,16756,0.018969555035128805
venn_broad_awareness_control,broad_awareness_control,cumulative_full_venn_oldest,all_weeks__5_edps,prefix,5,13,17681,17681,0.0
venn_broad_awareness_control,broad_awareness_control,cumulative_full_venn_oldest,noncontiguous__5_edps,noncontiguous,5,6,14406,13834,0.039705678189643205
venn_broad_awareness_control,broad_awareness_control,cumulative_full_venn_oldest,weeks_1_3__10_edps,prefix,10,3,10101,10101,0.0
venn_broad_awareness_control,broad_awareness_control,cumulative_full_venn_oldest,weeks_1_12__10_edps,prefix,10,12,17981,17981,0.0
venn_broad_awareness_control,broad_awareness_control,cumulative_full_venn_oldest,all_weeks__10_edps,prefix,10,13,17988,17988,0.0
venn_broad_awareness_control,broad_awareness_control,cumulative_full_venn_oldest,weeks_5_12__10_edps,interval,10,8,17941,17821,0.006688590379577504
venn_broad_awareness_control,broad_awareness_control,cumulative_full_venn_oldest,weeks_7_13__10_edps,interval,10,7,17933,17800,0.0074164947303853234
venn_broad_awareness_control,broad_awareness_control,cumulative_full_venn_oldest,noncontiguous__10_edps,noncontiguous,10,6,17251,17011,0.013912236971769753
venn_broad_awareness_control,broad_awareness_control,cumulative_full_venn_oldest,noncontiguous__2_edps,noncontiguous,2,6,8173,8055,0.014437782943839472
venn_traffic_optimization,traffic_optimization,daily_full_venn,weeks_1_3__2_edps,prefix,2,3,3412,3732,0.09378663540445487
venn_traffic_optimization,traffic_optimization,daily_full_venn,weeks_1_12__2_edps,prefix,2,12,8450,13142,0.5552662721893491
venn_traffic_optimization,traffic_optimization,daily_full_venn,weeks_5_12__2_edps,interval,2,8,6163,8117,0.3170533830926497
venn_traffic_optimization,traffic_optimization,daily_full_venn,weeks_1_3__5_edps,prefix,5,3,5971,7171,0.2009713615809747
venn_traffic_optimization,traffic_optimization,daily_full_venn,weeks_1_12__5_edps,prefix,5,12,12519,26876,1.1468168384056234
venn_traffic_optimization,traffic_optimization,daily_full_venn,weeks_7_13__5_edps,interval,5,7,9080,13882,0.5288546255506608
venn_traffic_optimization,traffic_optimization,daily_full_venn,all_weeks__5_edps,prefix,5,13,12658,28184,1.2265760783694106
venn_traffic_optimization,traffic_optimization,daily_full_venn,noncontiguous__5_edps,noncontiguous,5,6,8735,12818,0.46742987979393247
venn_traffic_optimization,traffic_optimization,daily_full_venn,weeks_1_3__10_edps,prefix,10,3,7369,9336,0.266929027005021
venn_traffic_optimization,traffic_optimization,daily_full_venn,weeks_1_12__10_edps,prefix,10,12,14229,38749,1.7232412678332982
venn_traffic_optimization,traffic_optimization,daily_full_venn,all_weeks__10_edps,prefix,10,13,14335,40656,1.8361353331008021
venn_traffic_optimization,traffic_optimization,daily_full_venn,weeks_5_12__10_edps,interval,10,8,12519,25844,1.0643821391484942
venn_traffic_optimization,traffic_optimization,daily_full_venn,weeks_7_13__10_edps,interval,10,7,11185,20261,0.8114438980777827
venn_traffic_optimization,traffic_optimization,daily_full_venn,noncontiguous__10_edps,noncontiguous,10,6,10718,17994,0.6788579958947565
venn_traffic_optimization,traffic_optimization,daily_full_venn,noncontiguous__2_edps,noncontiguous,2,6,5432,6728,0.23858615611192932
venn_traffic_optimization,traffic_optimization,cumulative_full_venn_recent,weeks_1_3__2_edps,prefix,2,3,3412,3412,0.0
venn_traffic_optimization,traffic_optimization,cumulative_full_venn_recent,weeks_1_12__2_edps,prefix,2,12,8450,8450,0.0
venn_traffic_optimization,traffic_optimization,cumulative_full_venn_recent,weeks_5_12__2_edps,interval,2,8,6163,6150,0.0021093623235437287
venn_traffic_optimization,traffic_optimization,cumulative_full_venn_recent,weeks_1_3__5_edps,prefix,5,3,5971,5971,0.0
venn_traffic_optimization,traffic_optimization,cumulative_full_venn_recent,weeks_1_12__5_edps,prefix,5,12,12519,12519,0.0
venn_traffic_optimization,traffic_optimization,cumulative_full_venn_recent,weeks_7_13__5_edps,interval,5,7,9080,8558,0.057488986784140966
venn_traffic_optimization,traffic_optimization,cumulative_full_venn_recent,all_weeks__5_edps,prefix,5,13,12658,12658,0.0
venn_traffic_optimization,traffic_optimization,cumulative_full_venn_recent,noncontiguous__5_edps,noncontiguous,5,6,8735,8171,0.06456783056668575
venn_traffic_optimization,traffic_optimization,cumulative_full_venn_recent,weeks_1_3__10_edps,prefix,10,3,7369,7369,0.0
venn_traffic_optimization,traffic_optimization,cumulative_full_venn_recent,weeks_1_12__10_edps,prefix,10,12,14229,14229,0.0
venn_traffic_optimization,traffic_optimization,cumulative_full_venn_recent,all_weeks__10_edps,prefix,10,13,14335,14335,0.0
venn_traffic_optimization,traffic_optimization,cumulative_full_venn_recent,weeks_5_12__10_edps,interval,10,8,12519,11931,0.04696860771627127
venn_traffic_optimization,traffic_optimization,cumulative_full_venn_recent,weeks_7_13__10_edps,interval,10,7,11185,10426,0.06785873938310237
venn_traffic_optimization,traffic_optimization,cumulative_full_venn_recent,noncontiguous__10_edps,noncontiguous,10,6,10718,9633,0.10123157305467438
venn_traffic_optimization,traffic_optimization,cumulative_full_venn_recent,noncontiguous__2_edps,noncontiguous,2,6,5432,5262,0.0312960235640648
venn_traffic_optimization,traffic_optimization,cumulative_full_venn_oldest,weeks_1_3__2_edps,prefix,2,3,3412,3412,0.0
venn_traffic_optimization,traffic_optimization,cumulative_full_venn_oldest,weeks_1_12__2_edps,prefix,2,12,8450,8450,0.0
venn_traffic_optimization,traffic_optimization,cumulative_full_venn_oldest,weeks_5_12__2_edps,interval,2,8,6163,5845,0.051598247606685056
venn_traffic_optimization,traffic_optimization,cumulative_full_venn_oldest,weeks_1_3__5_edps,prefix,5,3,5971,5971,0.0
venn_traffic_optimization,traffic_optimization,cumulative_full_venn_oldest,weeks_1_12__5_edps,prefix,5,12,12519,12519,0.0
venn_traffic_optimization,traffic_optimization,cumulative_full_venn_oldest,weeks_7_13__5_edps,interval,5,7,9080,7954,0.12400881057268723
venn_traffic_optimization,traffic_optimization,cumulative_full_venn_oldest,all_weeks__5_edps,prefix,5,13,12658,12658,0.0
venn_traffic_optimization,traffic_optimization,cumulative_full_venn_oldest,noncontiguous__5_edps,noncontiguous,5,6,8735,8838,0.011791642816256439
venn_traffic_optimization,traffic_optimization,cumulative_full_venn_oldest,weeks_1_3__10_edps,prefix,10,3,7369,7369,0.0
venn_traffic_optimization,traffic_optimization,cumulative_full_venn_oldest,weeks_1_12__10_edps,prefix,10,12,14229,14229,0.0
venn_traffic_optimization,traffic_optimization,cumulative_full_venn_oldest,all_weeks__10_edps,prefix,10,13,14335,14335,0.0
venn_traffic_optimization,traffic_optimization,cumulative_full_venn_oldest,weeks_5_12__10_edps,interval,10,8,12519,10689,0.1461778097292116
venn_traffic_optimization,traffic_optimization,cumulative_full_venn_oldest,weeks_7_13__10_edps,interval,10,7,11185,9454,0.1547608404112651
venn_traffic_optimization,traffic_optimization,cumulative_full_venn_oldest,noncontiguous__10_edps,noncontiguous,10,6,10718,10798,0.007464079119238664
venn_traffic_optimization,traffic_optimization,cumulative_full_venn_oldest,noncontiguous__2_edps,noncontiguous,2,6,5432,5498,0.012150220913107511
venn_video_engagement_retargeting,video_engagement_retargeting,daily_full_venn,weeks_1_3__2_edps,prefix,2,3,1213,1308,0.07831821929101401
venn_video_engagement_retargeting,video_engagement_retargeting,daily_full_venn,weeks_1_12__2_edps,prefix,2,12,4063,6456,0.5889736647797195
venn_video_engagement_retargeting,video_engagement_retargeting,daily_full_venn,weeks_5_12__2_edps,interval,2,8,3433,4719,0.3745994756772502
venn_video_engagement_retargeting,video_engagement_retargeting,daily_full_venn,weeks_1_3__5_edps,prefix,5,3,2123,2467,0.16203485633537448
venn_video_engagement_retargeting,video_engagement_retargeting,daily_full_venn,weeks_1_12__5_edps,prefix,5,12,5553,12787,1.3027192508553935
venn_video_engagement_retargeting,video_engagement_retargeting,daily_full_venn,weeks_7_13__5_edps,interval,5,7,4696,8216,0.7495741056218058
venn_video_engagement_retargeting,video_engagement_retargeting,daily_full_venn,all_weeks__5_edps,prefix,5,13,5782,14145,1.4463853337945347
venn_video_engagement_retargeting,video_engagement_retargeting,daily_full_venn,noncontiguous__5_edps,noncontiguous,5,6,4175,6586,0.5774850299401197
venn_video_engagement_retargeting,video_engagement_retargeting,daily_full_venn,weeks_1_3__10_edps,prefix,10,3,2803,3678,0.3121655369247235
venn_video_engagement_retargeting,video_engagement_retargeting,daily_full_venn,weeks_1_12__10_edps,prefix,10,12,6113,17504,1.863405856371667
venn_video_engagement_retargeting,video_engagement_retargeting,daily_full_venn,all_weeks__10_edps,prefix,10,13,6320,19305,2.054588607594937
venn_video_engagement_retargeting,video_engagement_retargeting,daily_full_venn,weeks_5_12__10_edps,interval,10,8,5525,12420,1.2479638009049774
venn_video_engagement_retargeting,video_engagement_retargeting,daily_full_venn,weeks_7_13__10_edps,interval,10,7,5385,11259,1.0908077994428969
venn_video_engagement_retargeting,video_engagement_retargeting,daily_full_venn,noncontiguous__10_edps,noncontiguous,10,6,4782,8935,0.8684650773734839
venn_video_engagement_retargeting,video_engagement_retargeting,daily_full_venn,noncontiguous__2_edps,noncontiguous,2,6,2599,3247,0.24932666410157753
venn_video_engagement_retargeting,video_engagement_retargeting,cumulative_full_venn_recent,weeks_1_3__2_edps,prefix,2,3,1213,1213,0.0
venn_video_engagement_retargeting,video_engagement_retargeting,cumulative_full_venn_recent,weeks_1_12__2_edps,prefix,2,12,4063,4063,0.0
venn_video_engagement_retargeting,video_engagement_retargeting,cumulative_full_venn_recent,weeks_5_12__2_edps,interval,2,8,3433,3449,0.00466064666472473
venn_video_engagement_retargeting,video_engagement_retargeting,cumulative_full_venn_recent,weeks_1_3__5_edps,prefix,5,3,2123,2123,0.0
venn_video_engagement_retargeting,video_engagement_retargeting,cumulative_full_venn_recent,weeks_1_12__5_edps,prefix,5,12,5553,5553,0.0
venn_video_engagement_retargeting,video_engagement_retargeting,cumulative_full_venn_recent,weeks_7_13__5_edps,interval,5,7,4696,4528,0.03577512776831346
venn_video_engagement_retargeting,video_engagement_retargeting,cumulative_full_venn_recent,all_weeks__5_edps,prefix,5,13,5782,5782,0.0
venn_video_engagement_retargeting,video_engagement_retargeting,cumulative_full_venn_recent,noncontiguous__5_edps,noncontiguous,5,6,4175,3894,0.06730538922155689
venn_video_engagement_retargeting,video_engagement_retargeting,cumulative_full_venn_recent,weeks_1_3__10_edps,prefix,10,3,2803,2803,0.0
venn_video_engagement_retargeting,video_engagement_retargeting,cumulative_full_venn_recent,weeks_1_12__10_edps,prefix,10,12,6113,6113,0.0
venn_video_engagement_retargeting,video_engagement_retargeting,cumulative_full_venn_recent,all_weeks__10_edps,prefix,10,13,6320,6320,0.0
venn_video_engagement_retargeting,video_engagement_retargeting,cumulative_full_venn_recent,weeks_5_12__10_edps,interval,10,8,5525,5383,0.02570135746606335
venn_video_engagement_retargeting,video_engagement_retargeting,cumulative_full_venn_recent,weeks_7_13__10_edps,interval,10,7,5385,5118,0.04958217270194986
venn_video_engagement_retargeting,video_engagement_retargeting,cumulative_full_venn_recent,noncontiguous__10_edps,noncontiguous,10,6,4782,4341,0.09222082810539524
venn_video_engagement_retargeting,video_engagement_retargeting,cumulative_full_venn_recent,noncontiguous__2_edps,noncontiguous,2,6,2599,2571,0.010773374374759523
venn_video_engagement_retargeting,video_engagement_retargeting,cumulative_full_venn_oldest,weeks_1_3__2_edps,prefix,2,3,1213,1213,0.0
venn_video_engagement_retargeting,video_engagement_retargeting,cumulative_full_venn_oldest,weeks_1_12__2_edps,prefix,2,12,4063,4063,0.0
venn_video_engagement_retargeting,video_engagement_retargeting,cumulative_full_venn_oldest,weeks_5_12__2_edps,interval,2,8,3433,3308,0.036411302068161955
venn_video_engagement_retargeting,video_engagement_retargeting,cumulative_full_venn_oldest,weeks_1_3__5_edps,prefix,5,3,2123,2123,0.0
venn_video_engagement_retargeting,video_engagement_retargeting,cumulative_full_venn_oldest,weeks_1_12__5_edps,prefix,5,12,5553,5553,0.0
venn_video_engagement_retargeting,video_engagement_retargeting,cumulative_full_venn_oldest,weeks_7_13__5_edps,interval,5,7,4696,4186,0.108603066439523
venn_video_engagement_retargeting,video_engagement_retargeting,cumulative_full_venn_oldest,all_weeks__5_edps,prefix,5,13,5782,5782,0.0
venn_video_engagement_retargeting,video_engagement_retargeting,cumulative_full_venn_oldest,noncontiguous__5_edps,noncontiguous,5,6,4175,4243,0.0162874251497006
venn_video_engagement_retargeting,video_engagement_retargeting,cumulative_full_venn_oldest,weeks_1_3__10_edps,prefix,10,3,2803,2803,0.0
venn_video_engagement_retargeting,video_engagement_retargeting,cumulative_full_venn_oldest,weeks_1_12__10_edps,prefix,10,12,6113,6113,0.0
venn_video_engagement_retargeting,video_engagement_retargeting,cumulative_full_venn_oldest,all_weeks__10_edps,prefix,10,13,6320,6320,0.0
venn_video_engagement_retargeting,video_engagement_retargeting,cumulative_full_venn_oldest,weeks_5_12__10_edps,interval,10,8,5525,5046,0.08669683257918552
venn_video_engagement_retargeting,video_engagement_retargeting,cumulative_full_venn_oldest,weeks_7_13__10_edps,interval,10,7,5385,4636,0.13909006499535748
venn_video_engagement_retargeting,video_engagement_retargeting,cumulative_full_venn_oldest,noncontiguous__10_edps,noncontiguous,10,6,4782,4894,0.02342116269343371
venn_video_engagement_retargeting,video_engagement_retargeting,cumulative_full_venn_oldest,noncontiguous__2_edps,noncontiguous,2,6,2599,2621,0.008464794151596768
venn_lead_generation,lead_generation,daily_full_venn,weeks_1_3__2_edps,prefix,2,3,2031,2383,0.17331363860167406
venn_lead_generation,lead_generation,daily_full_venn,weeks_1_12__2_edps,prefix,2,12,3010,4990,0.6578073089700996
venn_lead_generation,lead_generation,daily_full_venn,weeks_5_12__2_edps,interval,2,8,1676,2154,0.2852028639618138
venn_lead_generation,lead_generation,daily_full_venn,weeks_1_3__5_edps,prefix,5,3,2207,2651,0.20117806977797917
venn_lead_generation,lead_generation,daily_full_venn,weeks_1_12__5_edps,prefix,5,12,4373,9555,1.1849988566201692
venn_lead_generation,lead_generation,daily_full_venn,weeks_7_13__5_edps,interval,5,7,3280,5392,0.6439024390243903
venn_lead_generation,lead_generation,daily_full_venn,all_weeks__5_edps,prefix,5,13,4461,10139,1.2728087872674287
venn_lead_generation,lead_generation,daily_full_venn,noncontiguous__5_edps,noncontiguous,5,6,3052,4594,0.5052424639580603
venn_lead_generation,lead_generation,daily_full_venn,weeks_1_3__10_edps,prefix,10,3,2486,3130,0.2590506838294449
venn_lead_generation,lead_generation,daily_full_venn,weeks_1_12__10_edps,prefix,10,12,4959,12998,1.6210929622907844
venn_lead_generation,lead_generation,daily_full_venn,all_weeks__10_edps,prefix,10,13,5070,13973,1.7560157790927022
venn_lead_generation,lead_generation,daily_full_venn,weeks_5_12__10_edps,interval,10,8,4283,9074,1.1186084520196125
venn_lead_generation,lead_generation,daily_full_venn,weeks_7_13__10_edps,interval,10,7,4005,7962,0.9880149812734083
venn_lead_generation,lead_generation,daily_full_venn,noncontiguous__10_edps,noncontiguous,10,6,3683,6370,0.7295682867227803
venn_lead_generation,lead_generation,daily_full_venn,noncontiguous__2_edps,noncontiguous,2,6,1940,2456,0.26597938144329897
venn_lead_generation,lead_generation,cumulative_full_venn_recent,weeks_1_3__2_edps,prefix,2,3,2031,2031,0.0
venn_lead_generation,lead_generation,cumulative_full_venn_recent,weeks_1_12__2_edps,prefix,2,12,3010,3010,0.0
venn_lead_generation,lead_generation,cumulative_full_venn_recent,weeks_5_12__2_edps,interval,2,8,1676,1654,0.013126491646778043
venn_lead_generation,lead_generation,cumulative_full_venn_recent,weeks_1_3__5_edps,prefix,5,3,2207,2207,0.0
venn_lead_generation,lead_generation,cumulative_full_venn_recent,weeks_1_12__5_edps,prefix,5,12,4373,4373,0.0
venn_lead_generation,lead_generation,cumulative_full_venn_recent,weeks_7_13__5_edps,interval,5,7,3280,3171,0.03323170731707317
venn_lead_generation,lead_generation,cumulative_full_venn_recent,all_weeks__5_edps,prefix,5,13,4461,4461,0.0
venn_lead_generation,lead_generation,cumulative_full_venn_recent,noncontiguous__5_edps,noncontiguous,5,6,3052,2859,0.06323722149410223
venn_lead_generation,lead_generation,cumulative_full_venn_recent,weeks_1_3__10_edps,prefix,10,3,2486,2486,0.0
venn_lead_generation,lead_generation,cumulative_full_venn_recent,weeks_1_12__10_edps,prefix,10,12,4959,4959,0.0
venn_lead_generation,lead_generation,cumulative_full_venn_recent,all_weeks__10_edps,prefix,10,13,5070,5070,0.0
venn_lead_generation,lead_generation,cumulative_full_venn_recent,weeks_5_12__10_edps,interval,10,8,4283,4190,0.02171375204296054
venn_lead_generation,lead_generation,cumulative_full_venn_recent,weeks_7_13__10_edps,interval,10,7,4005,3817,0.04694132334581773
venn_lead_generation,lead_generation,cumulative_full_venn_recent,noncontiguous__10_edps,noncontiguous,10,6,3683,3363,0.08688569101276133
venn_lead_generation,lead_generation,cumulative_full_venn_recent,noncontiguous__2_edps,noncontiguous,2,6,1940,1844,0.049484536082474224
venn_lead_generation,lead_generation,cumulative_full_venn_oldest,weeks_1_3__2_edps,prefix,2,3,2031,2031,0.0
venn_lead_generation,lead_generation,cumulative_full_venn_oldest,weeks_1_12__2_edps,prefix,2,12,3010,3010,0.0
venn_lead_generation,lead_generation,cumulative_full_venn_oldest,weeks_5_12__2_edps,interval,2,8,1676,1610,0.03937947494033413
venn_lead_generation,lead_generation,cumulative_full_venn_oldest,weeks_1_3__5_edps,prefix,5,3,2207,2207,0.0
venn_lead_generation,lead_generation,cumulative_full_venn_oldest,weeks_1_12__5_edps,prefix,5,12,4373,4373,0.0
venn_lead_generation,lead_generation,cumulative_full_venn_oldest,weeks_7_13__5_edps,interval,5,7,3280,3085,0.05945121951219512
venn_lead_generation,lead_generation,cumulative_full_venn_oldest,all_weeks__5_edps,prefix,5,13,4461,4461,0.0
venn_lead_generation,lead_generation,cumulative_full_venn_oldest,noncontiguous__5_edps,noncontiguous,5,6,3052,3032,0.00655307994757536
venn_lead_generation,lead_generation,cumulative_full_venn_oldest,weeks_1_3__10_edps,prefix,10,3,2486,2486,0.0
venn_lead_generation,lead_generation,cumulative_full_venn_oldest,weeks_1_12__10_edps,prefix,10,12,4959,4959,0.0
venn_lead_generation,lead_generation,cumulative_full_venn_oldest,all_weeks__10_edps,prefix,10,13,5070,5070,0.0
venn_lead_generation,lead_generation,cumulative_full_venn_oldest,weeks_5_12__10_edps,interval,10,8,4283,3911,0.08685500817184216
venn_lead_generation,lead_generation,cumulative_full_venn_oldest,weeks_7_13__10_edps,interval,10,7,4005,3645,0.0898876404494382
venn_lead_generation,lead_generation,cumulative_full_venn_oldest,noncontiguous__10_edps,noncontiguous,10,6,3683,3654,0.007874015748031496
venn_lead_generation,lead_generation,cumulative_full_venn_oldest,noncontiguous__2_edps,noncontiguous,2,6,1940,1907,0.017010309278350514
venn_sales_prospecting,sales_prospecting,daily_full_venn,weeks_1_3__2_edps,prefix,2,3,1567,1724,0.1001914486279515
venn_sales_prospecting,sales_prospecting,daily_full_venn,weeks_1_12__2_edps,prefix,2,12,4766,7822,0.6412085606378515
venn_sales_prospecting,sales_prospecting,daily_full_venn,weeks_5_12__2_edps,interval,2,8,3880,5513,0.4208762886597938
venn_sales_prospecting,sales_prospecting,daily_full_venn,weeks_1_3__5_edps,prefix,5,3,2670,3172,0.18801498127340824
venn_sales_prospecting,sales_prospecting,daily_full_venn,weeks_1_12__5_edps,prefix,5,12,6608,15187,1.298274818401937
venn_sales_prospecting,sales_prospecting,daily_full_venn,weeks_7_13__5_edps,interval,5,7,5133,8701,0.6951100720826028
venn_sales_prospecting,sales_prospecting,daily_full_venn,all_weeks__5_edps,prefix,5,13,6698,16124,1.407285756942371
venn_sales_prospecting,sales_prospecting,daily_full_venn,noncontiguous__5_edps,noncontiguous,5,6,4572,6956,0.5214348206474191
venn_sales_prospecting,sales_prospecting,daily_full_venn,weeks_1_3__10_edps,prefix,10,3,3030,3770,0.24422442244224424
venn_sales_prospecting,sales_prospecting,daily_full_venn,weeks_1_12__10_edps,prefix,10,12,7281,20363,1.7967312182392527
venn_sales_prospecting,sales_prospecting,daily_full_venn,all_weeks__10_edps,prefix,10,13,7363,21677,1.9440445470596224
venn_sales_prospecting,sales_prospecting,daily_full_venn,weeks_5_12__10_edps,interval,10,8,6654,15235,1.289600240456868
venn_sales_prospecting,sales_prospecting,daily_full_venn,weeks_7_13__10_edps,interval,10,7,6061,12502,1.0626959247648904
venn_sales_prospecting,sales_prospecting,daily_full_venn,noncontiguous__10_edps,noncontiguous,10,6,5266,9224,0.7516141283706799
venn_sales_prospecting,sales_prospecting,daily_full_venn,noncontiguous__2_edps,noncontiguous,2,6,2748,3393,0.23471615720524017
venn_sales_prospecting,sales_prospecting,cumulative_full_venn_recent,weeks_1_3__2_edps,prefix,2,3,1567,1567,0.0
venn_sales_prospecting,sales_prospecting,cumulative_full_venn_recent,weeks_1_12__2_edps,prefix,2,12,4766,4766,0.0
venn_sales_prospecting,sales_prospecting,cumulative_full_venn_recent,weeks_5_12__2_edps,interval,2,8,3880,3753,0.0327319587628866
venn_sales_prospecting,sales_prospecting,cumulative_full_venn_recent,weeks_1_3__5_edps,prefix,5,3,2670,2670,0.0
venn_sales_prospecting,sales_prospecting,cumulative_full_venn_recent,weeks_1_12__5_edps,prefix,5,12,6608,6608,0.0
venn_sales_prospecting,sales_prospecting,cumulative_full_venn_recent,weeks_7_13__5_edps,interval,5,7,5133,4802,0.0644847067991428
venn_sales_prospecting,sales_prospecting,cumulative_full_venn_recent,all_weeks__5_edps,prefix,5,13,6698,6698,0.0
venn_sales_prospecting,sales_prospecting,cumulative_full_venn_recent,noncontiguous__5_edps,noncontiguous,5,6,4572,4315,0.05621172353455818
venn_sales_prospecting,sales_prospecting,cumulative_full_venn_recent,weeks_1_3__10_edps,prefix,10,3,3030,3030,0.0
venn_sales_prospecting,sales_prospecting,cumulative_full_venn_recent,weeks_1_12__10_edps,prefix,10,12,7281,7281,0.0
venn_sales_prospecting,sales_prospecting,cumulative_full_venn_recent,all_weeks__10_edps,prefix,10,13,7363,7363,0.0
venn_sales_prospecting,sales_prospecting,cumulative_full_venn_recent,weeks_5_12__10_edps,interval,10,8,6654,6439,0.03231139164412383
venn_sales_prospecting,sales_prospecting,cumulative_full_venn_recent,weeks_7_13__10_edps,interval,10,7,6061,5551,0.08414453060551064
venn_sales_prospecting,sales_prospecting,cumulative_full_venn_recent,noncontiguous__10_edps,noncontiguous,10,6,5266,4868,0.075579187238891
venn_sales_prospecting,sales_prospecting,cumulative_full_venn_recent,noncontiguous__2_edps,noncontiguous,2,6,2748,2683,0.023653566229985445
venn_sales_prospecting,sales_prospecting,cumulative_full_venn_oldest,weeks_1_3__2_edps,prefix,2,3,1567,1567,0.0
venn_sales_prospecting,sales_prospecting,cumulative_full_venn_oldest,weeks_1_12__2_edps,prefix,2,12,4766,4766,0.0
venn_sales_prospecting,sales_prospecting,cumulative_full_venn_oldest,weeks_5_12__2_edps,interval,2,8,3880,3619,0.0672680412371134
venn_sales_prospecting,sales_prospecting,cumulative_full_venn_oldest,weeks_1_3__5_edps,prefix,5,3,2670,2670,0.0
venn_sales_prospecting,sales_prospecting,cumulative_full_venn_oldest,weeks_1_12__5_edps,prefix,5,12,6608,6608,0.0
venn_sales_prospecting,sales_prospecting,cumulative_full_venn_oldest,weeks_7_13__5_edps,interval,5,7,5133,4429,0.1371517631015001
venn_sales_prospecting,sales_prospecting,cumulative_full_venn_oldest,all_weeks__5_edps,prefix,5,13,6698,6698,0.0
venn_sales_prospecting,sales_prospecting,cumulative_full_venn_oldest,noncontiguous__5_edps,noncontiguous,5,6,4572,4717,0.031714785651793524
venn_sales_prospecting,sales_prospecting,cumulative_full_venn_oldest,weeks_1_3__10_edps,prefix,10,3,3030,3030,0.0
venn_sales_prospecting,sales_prospecting,cumulative_full_venn_oldest,weeks_1_12__10_edps,prefix,10,12,7281,7281,0.0
venn_sales_prospecting,sales_prospecting,cumulative_full_venn_oldest,all_weeks__10_edps,prefix,10,13,7363,7363,0.0
venn_sales_prospecting,sales_prospecting,cumulative_full_venn_oldest,weeks_5_12__10_edps,interval,10,8,6654,5749,0.13600841599038171
venn_sales_prospecting,sales_prospecting,cumulative_full_venn_oldest,weeks_7_13__10_edps,interval,10,7,6061,5163,0.14816036957597756
venn_sales_prospecting,sales_prospecting,cumulative_full_venn_oldest,noncontiguous__10_edps,noncontiguous,10,6,5266,5462,0.0372199012533232
venn_sales_prospecting,sales_prospecting,cumulative_full_venn_oldest,noncontiguous__2_edps,noncontiguous,2,6,2748,2792,0.01601164483260553
venn_website_retargeting,website_retargeting,daily_full_venn,weeks_1_3__2_edps,prefix,2,3,205,213,0.03902439024390244
venn_website_retargeting,website_retargeting,daily_full_venn,weeks_1_12__2_edps,prefix,2,12,1768,3110,0.7590497737556561
venn_website_retargeting,website_retargeting,daily_full_venn,weeks_5_12__2_edps,interval,2,8,1672,2684,0.6052631578947368
venn_website_retargeting,website_retargeting,daily_full_venn,weeks_1_3__5_edps,prefix,5,3,601,704,0.1713810316139767
venn_website_retargeting,website_retargeting,daily_full_venn,weeks_1_12__5_edps,prefix,5,12,2074,5722,1.7589199614271938
venn_website_retargeting,website_retargeting,daily_full_venn,weeks_7_13__5_edps,interval,5,7,1908,4306,1.2568134171907757
venn_website_retargeting,website_retargeting,daily_full_venn,all_weeks__5_edps,prefix,5,13,2135,6522,2.05480093676815
venn_website_retargeting,website_retargeting,daily_full_venn,noncontiguous__5_edps,noncontiguous,5,6,1651,2993,0.8128407026044822
venn_website_retargeting,website_retargeting,daily_full_venn,weeks_1_3__10_edps,prefix,10,3,1044,1543,0.4779693486590038
venn_website_retargeting,website_retargeting,daily_full_venn,weeks_1_12__10_edps,prefix,10,12,2138,7928,2.708138447146866
venn_website_retargeting,website_retargeting,daily_full_venn,all_weeks__10_edps,prefix,10,13,2193,8815,3.019607843137255
venn_website_retargeting,website_retargeting,daily_full_venn,weeks_5_12__10_edps,interval,10,8,2023,5751,1.842807711319822
venn_website_retargeting,website_retargeting,daily_full_venn,weeks_7_13__10_edps,interval,10,7,1962,5206,1.653414882772681
venn_website_retargeting,website_retargeting,daily_full_venn,noncontiguous__10_edps,noncontiguous,10,6,1755,4073,1.3207977207977208
venn_website_retargeting,website_retargeting,daily_full_venn,noncontiguous__2_edps,noncontiguous,2,6,1074,1355,0.2616387337057728
venn_website_retargeting,website_retargeting,cumulative_full_venn_recent,weeks_1_3__2_edps,prefix,2,3,205,205,0.0
venn_website_retargeting,website_retargeting,cumulative_full_venn_recent,weeks_1_12__2_edps,prefix,2,12,1768,1768,0.0
venn_website_retargeting,website_retargeting,cumulative_full_venn_recent,weeks_5_12__2_edps,interval,2,8,1672,1675,0.0017942583732057417
venn_website_retargeting,website_retargeting,cumulative_full_venn_recent,weeks_1_3__5_edps,prefix,5,3,601,601,0.0
venn_website_retargeting,website_retargeting,cumulative_full_venn_recent,weeks_1_12__5_edps,prefix,5,12,2074,2074,0.0
venn_website_retargeting,website_retargeting,cumulative_full_venn_recent,weeks_7_13__5_edps,interval,5,7,1908,1877,0.016247379454926623
venn_website_retargeting,website_retargeting,cumulative_full_venn_recent,all_weeks__5_edps,prefix,5,13,2135,2135,0.0
venn_website_retargeting,website_retargeting,cumulative_full_venn_recent,noncontiguous__5_edps,noncontiguous,5,6,1651,1627,0.014536644457904301
venn_website_retargeting,website_retargeting,cumulative_full_venn_recent,weeks_1_3__10_edps,prefix,10,3,1044,1044,0.0
venn_website_retargeting,website_retargeting,cumulative_full_venn_recent,weeks_1_12__10_edps,prefix,10,12,2138,2138,0.0
venn_website_retargeting,website_retargeting,cumulative_full_venn_recent,all_weeks__10_edps,prefix,10,13,2193,2193,0.0
venn_website_retargeting,website_retargeting,cumulative_full_venn_recent,weeks_5_12__10_edps,interval,10,8,2023,2007,0.007909045971329708
venn_website_retargeting,website_retargeting,cumulative_full_venn_recent,weeks_7_13__10_edps,interval,10,7,1962,1927,0.01783893985728848
venn_website_retargeting,website_retargeting,cumulative_full_venn_recent,noncontiguous__10_edps,noncontiguous,10,6,1755,1692,0.035897435897435895
venn_website_retargeting,website_retargeting,cumulative_full_venn_recent,noncontiguous__2_edps,noncontiguous,2,6,1074,1058,0.0148975791433892
venn_website_retargeting,website_retargeting,cumulative_full_venn_oldest,weeks_1_3__2_edps,prefix,2,3,205,205,0.0
venn_website_retargeting,website_retargeting,cumulative_full_venn_oldest,weeks_1_12__2_edps,prefix,2,12,1768,1768,0.0
venn_website_retargeting,website_retargeting,cumulative_full_venn_oldest,weeks_5_12__2_edps,interval,2,8,1672,1635,0.022129186602870814
venn_website_retargeting,website_retargeting,cumulative_full_venn_oldest,weeks_1_3__5_edps,prefix,5,3,601,601,0.0
venn_website_retargeting,website_retargeting,cumulative_full_venn_oldest,weeks_1_12__5_edps,prefix,5,12,2074,2074,0.0
venn_website_retargeting,website_retargeting,cumulative_full_venn_oldest,weeks_7_13__5_edps,interval,5,7,1908,1814,0.049266247379454925
venn_website_retargeting,website_retargeting,cumulative_full_venn_oldest,all_weeks__5_edps,prefix,5,13,2135,2135,0.0
venn_website_retargeting,website_retargeting,cumulative_full_venn_oldest,noncontiguous__5_edps,noncontiguous,5,6,1651,1655,0.0024227740763173833
venn_website_retargeting,website_retargeting,cumulative_full_venn_oldest,weeks_1_3__10_edps,prefix,10,3,1044,1044,0.0
venn_website_retargeting,website_retargeting,cumulative_full_venn_oldest,weeks_1_12__10_edps,prefix,10,12,2138,2138,0.0
venn_website_retargeting,website_retargeting,cumulative_full_venn_oldest,all_weeks__10_edps,prefix,10,13,2193,2193,0.0
venn_website_retargeting,website_retargeting,cumulative_full_venn_oldest,weeks_5_12__10_edps,interval,10,8,2023,1883,0.06920415224913495
venn_website_retargeting,website_retargeting,cumulative_full_venn_oldest,weeks_7_13__10_edps,interval,10,7,1962,1853,0.05555555555555555
venn_website_retargeting,website_retargeting,cumulative_full_venn_oldest,noncontiguous__10_edps,noncontiguous,10,6,1755,1794,0.022222222222222223
venn_website_retargeting,website_retargeting,cumulative_full_venn_oldest,noncontiguous__2_edps,noncontiguous,2,6,1074,1086,0.0111731843575419
venn_crm_customer_list,crm_customer_list,daily_full_venn,weeks_1_3__2_edps,prefix,2,3,931,1169,0.2556390977443609
venn_crm_customer_list,crm_customer_list,daily_full_venn,weeks_1_12__2_edps,prefix,2,12,1323,2937,1.219954648526077
venn_crm_customer_list,crm_customer_list,daily_full_venn,weeks_5_12__2_edps,interval,2,8,993,1452,0.4622356495468278
venn_crm_customer_list,crm_customer_list,daily_full_venn,weeks_1_3__5_edps,prefix,5,3,1046,1522,0.45506692160611856
venn_crm_customer_list,crm_customer_list,daily_full_venn,weeks_1_12__5_edps,prefix,5,12,1415,5326,2.7639575971731447
venn_crm_customer_list,crm_customer_list,daily_full_venn,weeks_7_13__5_edps,interval,5,7,1183,2559,1.1631445477599325
venn_crm_customer_list,crm_customer_list,daily_full_venn,all_weeks__5_edps,prefix,5,13,1426,5621,2.94179523141655
venn_crm_customer_list,crm_customer_list,daily_full_venn,noncontiguous__5_edps,noncontiguous,5,6,1227,2596,1.1157294213528932
venn_crm_customer_list,crm_customer_list,daily_full_venn,weeks_1_3__10_edps,prefix,10,3,1099,1742,0.5850773430391265
venn_crm_customer_list,crm_customer_list,daily_full_venn,weeks_1_12__10_edps,prefix,10,12,1425,6658,3.672280701754386
venn_crm_customer_list,crm_customer_list,daily_full_venn,all_weeks__10_edps,prefix,10,13,1437,7054,3.90883785664579
venn_crm_customer_list,crm_customer_list,daily_full_venn,weeks_5_12__10_edps,interval,10,8,1295,4222,2.26023166023166
venn_crm_customer_list,crm_customer_list,daily_full_venn,weeks_7_13__10_edps,interval,10,7,1217,3300,1.7115858668857846
venn_crm_customer_list,crm_customer_list,daily_full_venn,noncontiguous__10_edps,noncontiguous,10,6,1263,3254,1.5764053840063341
venn_crm_customer_list,crm_customer_list,daily_full_venn,noncontiguous__2_edps,noncontiguous,2,6,1002,1466,0.4630738522954092
venn_crm_customer_list,crm_customer_list,cumulative_full_venn_recent,weeks_1_3__2_edps,prefix,2,3,931,931,0.0
venn_crm_customer_list,crm_customer_list,cumulative_full_venn_recent,weeks_1_12__2_edps,prefix,2,12,1323,1323,0.0
venn_crm_customer_list,crm_customer_list,cumulative_full_venn_recent,weeks_5_12__2_edps,interval,2,8,993,975,0.01812688821752266
venn_crm_customer_list,crm_customer_list,cumulative_full_venn_recent,weeks_1_3__5_edps,prefix,5,3,1046,1046,0.0
venn_crm_customer_list,crm_customer_list,cumulative_full_venn_recent,weeks_1_12__5_edps,prefix,5,12,1415,1415,0.0
venn_crm_customer_list,crm_customer_list,cumulative_full_venn_recent,weeks_7_13__5_edps,interval,5,7,1183,1138,0.03803888419273035
venn_crm_customer_list,crm_customer_list,cumulative_full_venn_recent,all_weeks__5_edps,prefix,5,13,1426,1426,0.0
venn_crm_customer_list,crm_customer_list,cumulative_full_venn_recent,noncontiguous__5_edps,noncontiguous,5,6,1227,1201,0.021189894050529748
venn_crm_customer_list,crm_customer_list,cumulative_full_venn_recent,weeks_1_3__10_edps,prefix,10,3,1099,1099,0.0
venn_crm_customer_list,crm_customer_list,cumulative_full_venn_recent,weeks_1_12__10_edps,prefix,10,12,1425,1425,0.0
venn_crm_customer_list,crm_customer_list,cumulative_full_venn_recent,all_weeks__10_edps,prefix,10,13,1437,1437,0.0
venn_crm_customer_list,crm_customer_list,cumulative_full_venn_recent,weeks_5_12__10_edps,interval,10,8,1295,1265,0.023166023166023165
venn_crm_customer_list,crm_customer_list,cumulative_full_venn_recent,weeks_7_13__10_edps,interval,10,7,1217,1161,0.04601479046836483
venn_crm_customer_list,crm_customer_list,cumulative_full_venn_recent,noncontiguous__10_edps,noncontiguous,10,6,1263,1227,0.028503562945368172
venn_crm_customer_list,crm_customer_list,cumulative_full_venn_recent,noncontiguous__2_edps,noncontiguous,2,6,1002,985,0.016966067864271458
venn_crm_customer_list,crm_customer_list,cumulative_full_venn_oldest,weeks_1_3__2_edps,prefix,2,3,931,931,0.0
venn_crm_customer_list,crm_customer_list,cumulative_full_venn_oldest,weeks_1_12__2_edps,prefix,2,12,1323,1323,0.0
venn_crm_customer_list,crm_customer_list,cumulative_full_venn_oldest,weeks_5_12__2_edps,interval,2,8,993,979,0.014098690835850957
venn_crm_customer_list,crm_customer_list,cumulative_full_venn_oldest,weeks_1_3__5_edps,prefix,5,3,1046,1046,0.0
venn_crm_customer_list,crm_customer_list,cumulative_full_venn_oldest,weeks_1_12__5_edps,prefix,5,12,1415,1415,0.0
venn_crm_customer_list,crm_customer_list,cumulative_full_venn_oldest,weeks_7_13__5_edps,interval,5,7,1183,1111,0.060862214708368556
venn_crm_customer_list,crm_customer_list,cumulative_full_venn_oldest,all_weeks__5_edps,prefix,5,13,1426,1426,0.0
venn_crm_customer_list,crm_customer_list,cumulative_full_venn_oldest,noncontiguous__5_edps,noncontiguous,5,6,1227,1296,0.05623471882640587
venn_crm_customer_list,crm_customer_list,cumulative_full_venn_oldest,weeks_1_3__10_edps,prefix,10,3,1099,1099,0.0
venn_crm_customer_list,crm_customer_list,cumulative_full_venn_oldest,weeks_1_12__10_edps,prefix,10,12,1425,1425,0.0
venn_crm_customer_list,crm_customer_list,cumulative_full_venn_oldest,all_weeks__10_edps,prefix,10,13,1437,1437,0.0
venn_crm_customer_list,crm_customer_list,cumulative_full_venn_oldest,weeks_5_12__10_edps,interval,10,8,1295,1235,0.04633204633204633
venn_crm_customer_list,crm_customer_list,cumulative_full_venn_oldest,weeks_7_13__10_edps,interval,10,7,1217,1143,0.06080525883319639
venn_crm_customer_list,crm_customer_list,cumulative_full_venn_oldest,noncontiguous__10_edps,noncontiguous,10,6,1263,1324,0.04829770387965162
venn_crm_customer_list,crm_customer_list,cumulative_full_venn_oldest,noncontiguous__2_edps,noncontiguous,2,6,1002,1029,0.02694610778443114
venn_catalog_retargeting,catalog_retargeting,daily_full_venn,weeks_1_3__2_edps,prefix,2,3,881,952,0.08059023836549375
venn_catalog_retargeting,catalog_retargeting,daily_full_venn,weeks_1_12__2_edps,prefix,2,12,2072,3709,0.790057915057915
venn_catalog_retargeting,catalog_retargeting,daily_full_venn,weeks_5_12__2_edps,interval,2,8,1758,2607,0.48293515358361777
venn_catalog_retargeting,catalog_retargeting,daily_full_venn,weeks_1_3__5_edps,prefix,5,3,1665,1878,0.12792792792792793
venn_catalog_retargeting,catalog_retargeting,daily_full_venn,weeks_1_12__5_edps,prefix,5,12,3554,7177,1.0194147439504784
venn_catalog_retargeting,catalog_retargeting,daily_full_venn,weeks_7_13__5_edps,interval,5,7,3130,4875,0.5575079872204473
venn_catalog_retargeting,catalog_retargeting,daily_full_venn,all_weeks__5_edps,prefix,5,13,3760,8053,1.1417553191489362
venn_catalog_retargeting,catalog_retargeting,daily_full_venn,noncontiguous__5_edps,noncontiguous,5,6,2646,3791,0.4327286470143613
venn_catalog_retargeting,catalog_retargeting,daily_full_venn,weeks_1_3__10_edps,prefix,10,3,2021,2518,0.2459178624443345
venn_catalog_retargeting,catalog_retargeting,daily_full_venn,weeks_1_12__10_edps,prefix,10,12,3846,9745,1.533801352054082
venn_catalog_retargeting,catalog_retargeting,daily_full_venn,all_weeks__10_edps,prefix,10,13,4005,10901,1.7218476903870161
venn_catalog_retargeting,catalog_retargeting,daily_full_venn,weeks_5_12__10_edps,interval,10,8,3392,6733,0.9849646226415094
venn_catalog_retargeting,catalog_retargeting,daily_full_venn,weeks_7_13__10_edps,interval,10,7,3405,6418,0.8848751835535976
venn_catalog_retargeting,catalog_retargeting,daily_full_venn,noncontiguous__10_edps,noncontiguous,10,6,2964,5049,0.7034412955465587
venn_catalog_retargeting,catalog_retargeting,daily_full_venn,noncontiguous__2_edps,noncontiguous,2,6,1316,1741,0.3229483282674772
venn_catalog_retargeting,catalog_retargeting,cumulative_full_venn_recent,weeks_1_3__2_edps,prefix,2,3,881,881,0.0
venn_catalog_retargeting,catalog_retargeting,cumulative_full_venn_recent,weeks_1_12__2_edps,prefix,2,12,2072,2072,0.0
venn_catalog_retargeting,catalog_retargeting,cumulative_full_venn_recent,weeks_5_12__2_edps,interval,2,8,1758,1796,0.02161547212741752
venn_catalog_retargeting,catalog_retargeting,cumulative_full_venn_recent,weeks_1_3__5_edps,prefix,5,3,1665,1665,0.0
venn_catalog_retargeting,catalog_retargeting,cumulative_full_venn_recent,weeks_1_12__5_edps,prefix,5,12,3554,3554,0.0
venn_catalog_retargeting,catalog_retargeting,cumulative_full_venn_recent,weeks_7_13__5_edps,interval,5,7,3130,2980,0.04792332268370607
venn_catalog_retargeting,catalog_retargeting,cumulative_full_venn_recent,all_weeks__5_edps,prefix,5,13,3760,3760,0.0
venn_catalog_retargeting,catalog_retargeting,cumulative_full_venn_recent,noncontiguous__5_edps,noncontiguous,5,6,2646,2535,0.04195011337868481
venn_catalog_retargeting,catalog_retargeting,cumulative_full_venn_recent,weeks_1_3__10_edps,prefix,10,3,2021,2021,0.0
venn_catalog_retargeting,catalog_retargeting,cumulative_full_venn_recent,weeks_1_12__10_edps,prefix,10,12,3846,3846,0.0
venn_catalog_retargeting,catalog_retargeting,cumulative_full_venn_recent,all_weeks__10_edps,prefix,10,13,4005,4005,0.0
venn_catalog_retargeting,catalog_retargeting,cumulative_full_venn_recent,weeks_5_12__10_edps,interval,10,8,3392,3287,0.030955188679245283
venn_catalog_retargeting,catalog_retargeting,cumulative_full_venn_recent,weeks_7_13__10_edps,interval,10,7,3405,3201,0.05991189427312775
venn_catalog_retargeting,catalog_retargeting,cumulative_full_venn_recent,noncontiguous__10_edps,noncontiguous,10,6,2964,2745,0.07388663967611336
venn_catalog_retargeting,catalog_retargeting,cumulative_full_venn_recent,noncontiguous__2_edps,noncontiguous,2,6,1316,1340,0.0182370820668693
venn_catalog_retargeting,catalog_retargeting,cumulative_full_venn_oldest,weeks_1_3__2_edps,prefix,2,3,881,881,0.0
venn_catalog_retargeting,catalog_retargeting,cumulative_full_venn_oldest,weeks_1_12__2_edps,prefix,2,12,2072,2072,0.0
venn_catalog_retargeting,catalog_retargeting,cumulative_full_venn_oldest,weeks_5_12__2_edps,interval,2,8,1758,1615,0.0813424345847554
venn_catalog_retargeting,catalog_retargeting,cumulative_full_venn_oldest,weeks_1_3__5_edps,prefix,5,3,1665,1665,0.0
venn_catalog_retargeting,catalog_retargeting,cumulative_full_venn_oldest,weeks_1_12__5_edps,prefix,5,12,3554,3554,0.0
venn_catalog_retargeting,catalog_retargeting,cumulative_full_venn_oldest,weeks_7_13__5_edps,interval,5,7,3130,2839,0.09297124600638977
venn_catalog_retargeting,catalog_retargeting,cumulative_full_venn_oldest,all_weeks__5_edps,prefix,5,13,3760,3760,0.0
venn_catalog_retargeting,catalog_retargeting,cumulative_full_venn_oldest,noncontiguous__5_edps,noncontiguous,5,6,2646,2666,0.007558578987150416
venn_catalog_retargeting,catalog_retargeting,cumulative_full_venn_oldest,weeks_1_3__10_edps,prefix,10,3,2021,2021,0.0
venn_catalog_retargeting,catalog_retargeting,cumulative_full_venn_oldest,weeks_1_12__10_edps,prefix,10,12,3846,3846,0.0
venn_catalog_retargeting,catalog_retargeting,cumulative_full_venn_oldest,all_weeks__10_edps,prefix,10,13,4005,4005,0.0
venn_catalog_retargeting,catalog_retargeting,cumulative_full_venn_oldest,weeks_5_12__10_edps,interval,10,8,3392,2984,0.12028301886792453
venn_catalog_retargeting,catalog_retargeting,cumulative_full_venn_oldest,weeks_7_13__10_edps,interval,10,7,3405,3032,0.10954478707782672
venn_catalog_retargeting,catalog_retargeting,cumulative_full_venn_oldest,noncontiguous__10_edps,noncontiguous,10,6,2964,2981,0.005735492577597841
venn_catalog_retargeting,catalog_retargeting,cumulative_full_venn_oldest,noncontiguous__2_edps,noncontiguous,2,6,1316,1340,0.0182370820668693
venn_lookalike_prospecting,lookalike_prospecting,daily_full_venn,weeks_1_3__2_edps,prefix,2,3,3111,3400,0.09289617486338798
venn_lookalike_prospecting,lookalike_prospecting,daily_full_venn,weeks_1_12__2_edps,prefix,2,12,7471,12337,0.6513184312675679
venn_lookalike_prospecting,lookalike_prospecting,daily_full_venn,weeks_5_12__2_edps,interval,2,8,5538,7563,0.3656554712892741
venn_lookalike_prospecting,lookalike_prospecting,daily_full_venn,weeks_1_3__5_edps,prefix,5,3,5300,6542,0.23433962264150943
venn_lookalike_prospecting,lookalike_prospecting,daily_full_venn,weeks_1_12__5_edps,prefix,5,12,10158,23708,1.3339240007875566
venn_lookalike_prospecting,lookalike_prospecting,daily_full_venn,weeks_7_13__5_edps,interval,5,7,7713,12465,0.6161026837806302
venn_lookalike_prospecting,lookalike_prospecting,daily_full_venn,all_weeks__5_edps,prefix,5,13,10440,25747,1.4661877394636016
venn_lookalike_prospecting,lookalike_prospecting,daily_full_venn,noncontiguous__5_edps,noncontiguous,5,6,7592,11901,0.5675711275026344
venn_lookalike_prospecting,lookalike_prospecting,daily_full_venn,weeks_1_3__10_edps,prefix,10,3,6559,8797,0.3412105503887788
venn_lookalike_prospecting,lookalike_prospecting,daily_full_venn,weeks_1_12__10_edps,prefix,10,12,11338,33288,1.9359675427765037
venn_lookalike_prospecting,lookalike_prospecting,daily_full_venn,all_weeks__10_edps,prefix,10,13,11552,36029,2.1188538781163433
venn_lookalike_prospecting,lookalike_prospecting,daily_full_venn,weeks_5_12__10_edps,interval,10,8,9918,21897,1.2078039927404718
venn_lookalike_prospecting,lookalike_prospecting,daily_full_venn,weeks_7_13__10_edps,interval,10,7,9341,18914,1.0248367412482604
venn_lookalike_prospecting,lookalike_prospecting,daily_full_venn,noncontiguous__10_edps,noncontiguous,10,6,8943,16470,0.8416638711841664
venn_lookalike_prospecting,lookalike_prospecting,daily_full_venn,noncontiguous__2_edps,noncontiguous,2,6,4572,5725,0.2521872265966754
venn_lookalike_prospecting,lookalike_prospecting,cumulative_full_venn_recent,weeks_1_3__2_edps,prefix,2,3,3111,3111,0.0
venn_lookalike_prospecting,lookalike_prospecting,cumulative_full_venn_recent,weeks_1_12__2_edps,prefix,2,12,7471,7471,0.0
venn_lookalike_prospecting,lookalike_prospecting,cumulative_full_venn_recent,weeks_5_12__2_edps,interval,2,8,5538,5524,0.002527988443481401
venn_lookalike_prospecting,lookalike_prospecting,cumulative_full_venn_recent,weeks_1_3__5_edps,prefix,5,3,5300,5300,0.0
venn_lookalike_prospecting,lookalike_prospecting,cumulative_full_venn_recent,weeks_1_12__5_edps,prefix,5,12,10158,10158,0.0
venn_lookalike_prospecting,lookalike_prospecting,cumulative_full_venn_recent,weeks_7_13__5_edps,interval,5,7,7713,7409,0.03941397640347465
venn_lookalike_prospecting,lookalike_prospecting,cumulative_full_venn_recent,all_weeks__5_edps,prefix,5,13,10440,10440,0.0
venn_lookalike_prospecting,lookalike_prospecting,cumulative_full_venn_recent,noncontiguous__5_edps,noncontiguous,5,6,7592,7237,0.046759747102212854
venn_lookalike_prospecting,lookalike_prospecting,cumulative_full_venn_recent,weeks_1_3__10_edps,prefix,10,3,6559,6559,0.0
venn_lookalike_prospecting,lookalike_prospecting,cumulative_full_venn_recent,weeks_1_12__10_edps,prefix,10,12,11338,11338,0.0
venn_lookalike_prospecting,lookalike_prospecting,cumulative_full_venn_recent,all_weeks__10_edps,prefix,10,13,11552,11552,0.0
venn_lookalike_prospecting,lookalike_prospecting,cumulative_full_venn_recent,weeks_5_12__10_edps,interval,10,8,9918,9507,0.041439806412583186
venn_lookalike_prospecting,lookalike_prospecting,cumulative_full_venn_recent,weeks_7_13__10_edps,interval,10,7,9341,8709,0.06765870891767477
venn_lookalike_prospecting,lookalike_prospecting,cumulative_full_venn_recent,noncontiguous__10_edps,noncontiguous,10,6,8943,8277,0.07447165380744716
venn_lookalike_prospecting,lookalike_prospecting,cumulative_full_venn_recent,noncontiguous__2_edps,noncontiguous,2,6,4572,4495,0.0168416447944007
venn_lookalike_prospecting,lookalike_prospecting,cumulative_full_venn_oldest,weeks_1_3__2_edps,prefix,2,3,3111,3111,0.0
venn_lookalike_prospecting,lookalike_prospecting,cumulative_full_venn_oldest,weeks_1_12__2_edps,prefix,2,12,7471,7471,0.0
venn_lookalike_prospecting,lookalike_prospecting,cumulative_full_venn_oldest,weeks_5_12__2_edps,interval,2,8,5538,5247,0.05254604550379198
venn_lookalike_prospecting,lookalike_prospecting,cumulative_full_venn_oldest,weeks_1_3__5_edps,prefix,5,3,5300,5300,0.0
venn_lookalike_prospecting,lookalike_prospecting,cumulative_full_venn_oldest,weeks_1_12__5_edps,prefix,5,12,10158,10158,0.0
venn_lookalike_prospecting,lookalike_prospecting,cumulative_full_venn_oldest,weeks_7_13__5_edps,interval,5,7,7713,7012,0.09088551795669648
venn_lookalike_prospecting,lookalike_prospecting,cumulative_full_venn_oldest,all_weeks__5_edps,prefix,5,13,10440,10440,0.0
venn_lookalike_prospecting,lookalike_prospecting,cumulative_full_venn_oldest,noncontiguous__5_edps,noncontiguous,5,6,7592,7645,0.0069810326659641726
venn_lookalike_prospecting,lookalike_prospecting,cumulative_full_venn_oldest,weeks_1_3__10_edps,prefix,10,3,6559,6559,0.0
venn_lookalike_prospecting,lookalike_prospecting,cumulative_full_venn_oldest,weeks_1_12__10_edps,prefix,10,12,11338,11338,0.0
venn_lookalike_prospecting,lookalike_prospecting,cumulative_full_venn_oldest,all_weeks__10_edps,prefix,10,13,11552,11552,0.0
venn_lookalike_prospecting,lookalike_prospecting,cumulative_full_venn_oldest,weeks_5_12__10_edps,interval,10,8,9918,8720,0.12079048195200645
venn_lookalike_prospecting,lookalike_prospecting,cumulative_full_venn_oldest,weeks_7_13__10_edps,interval,10,7,9341,8255,0.11626164222246012
venn_lookalike_prospecting,lookalike_prospecting,cumulative_full_venn_oldest,noncontiguous__10_edps,noncontiguous,10,6,8943,8985,0.004696410600469641
venn_lookalike_prospecting,lookalike_prospecting,cumulative_full_venn_oldest,noncontiguous__2_edps,noncontiguous,2,6,4572,4592,0.004374453193350831
venn_advantage_audience_expansion,advantage_audience_expansion,daily_full_venn,weeks_1_3__2_edps,prefix,2,3,4593,5232,0.13912475506205094
venn_advantage_audience_expansion,advantage_audience_expansion,daily_full_venn,weeks_1_12__2_edps,prefix,2,12,8320,13595,0.6340144230769231
venn_advantage_audience_expansion,advantage_audience_expansion,daily_full_venn,weeks_5_12__2_edps,interval,2,8,5199,6703,0.28928640123100596
venn_advantage_audience_expansion,advantage_audience_expansion,daily_full_venn,weeks_1_3__5_edps,prefix,5,3,7217,9438,0.3077456006650963
venn_advantage_audience_expansion,advantage_audience_expansion,daily_full_venn,weeks_1_12__5_edps,prefix,5,12,11742,29445,1.5076647930505875
venn_advantage_audience_expansion,advantage_audience_expansion,daily_full_venn,weeks_7_13__5_edps,interval,5,7,8872,14536,0.6384129846708747
venn_advantage_audience_expansion,advantage_audience_expansion,daily_full_venn,all_weeks__5_edps,prefix,5,13,12088,32127,1.6577597617471873
venn_advantage_audience_expansion,advantage_audience_expansion,daily_full_venn,noncontiguous__5_edps,noncontiguous,5,6,9204,15086,0.6390699695784442
venn_advantage_audience_expansion,advantage_audience_expansion,daily_full_venn,weeks_1_3__10_edps,prefix,10,3,8115,11298,0.3922365988909427
venn_advantage_audience_expansion,advantage_audience_expansion,daily_full_venn,weeks_1_12__10_edps,prefix,10,12,12861,40906,2.1806235907005678
venn_advantage_audience_expansion,advantage_audience_expansion,daily_full_venn,all_weeks__10_edps,prefix,10,13,13152,44615,2.392259732360097
venn_advantage_audience_expansion,advantage_audience_expansion,daily_full_venn,weeks_5_12__10_edps,interval,10,8,11097,25193,1.270253221591421
venn_advantage_audience_expansion,advantage_audience_expansion,daily_full_venn,weeks_7_13__10_edps,interval,10,7,10749,22517,1.0947995162340682
venn_advantage_audience_expansion,advantage_audience_expansion,daily_full_venn,noncontiguous__10_edps,noncontiguous,10,6,10557,20606,0.9518802690158189
venn_advantage_audience_expansion,advantage_audience_expansion,daily_full_venn,noncontiguous__2_edps,noncontiguous,2,6,6389,8244,0.29034277664736263
venn_advantage_audience_expansion,advantage_audience_expansion,cumulative_full_venn_recent,weeks_1_3__2_edps,prefix,2,3,4593,4593,0.0
venn_advantage_audience_expansion,advantage_audience_expansion,cumulative_full_venn_recent,weeks_1_12__2_edps,prefix,2,12,8320,8320,0.0
venn_advantage_audience_expansion,advantage_audience_expansion,cumulative_full_venn_recent,weeks_5_12__2_edps,interval,2,8,5199,5107,0.01769571071359877
venn_advantage_audience_expansion,advantage_audience_expansion,cumulative_full_venn_recent,weeks_1_3__5_edps,prefix,5,3,7217,7217,0.0
venn_advantage_audience_expansion,advantage_audience_expansion,cumulative_full_venn_recent,weeks_1_12__5_edps,prefix,5,12,11742,11742,0.0
venn_advantage_audience_expansion,advantage_audience_expansion,cumulative_full_venn_recent,weeks_7_13__5_edps,interval,5,7,8872,8303,0.06413435527502254
venn_advantage_audience_expansion,advantage_audience_expansion,cumulative_full_venn_recent,all_weeks__5_edps,prefix,5,13,12088,12088,0.0
venn_advantage_audience_expansion,advantage_audience_expansion,cumulative_full_venn_recent,noncontiguous__5_edps,noncontiguous,5,6,9204,8373,0.09028683181225554
venn_advantage_audience_expansion,advantage_audience_expansion,cumulative_full_venn_recent,weeks_1_3__10_edps,prefix,10,3,8115,8115,0.0
venn_advantage_audience_expansion,advantage_audience_expansion,cumulative_full_venn_recent,weeks_1_12__10_edps,prefix,10,12,12861,12861,0.0
venn_advantage_audience_expansion,advantage_audience_expansion,cumulative_full_venn_recent,all_weeks__10_edps,prefix,10,13,13152,13152,0.0
venn_advantage_audience_expansion,advantage_audience_expansion,cumulative_full_venn_recent,weeks_5_12__10_edps,interval,10,8,11097,10021,0.09696314319185366
venn_advantage_audience_expansion,advantage_audience_expansion,cumulative_full_venn_recent,weeks_7_13__10_edps,interval,10,7,10749,9829,0.08558935714950228
venn_advantage_audience_expansion,advantage_audience_expansion,cumulative_full_venn_recent,noncontiguous__10_edps,noncontiguous,10,6,10557,9550,0.09538694704935115
venn_advantage_audience_expansion,advantage_audience_expansion,cumulative_full_venn_recent,noncontiguous__2_edps,noncontiguous,2,6,6389,6133,0.04006886836750665
venn_advantage_audience_expansion,advantage_audience_expansion,cumulative_full_venn_oldest,weeks_1_3__2_edps,prefix,2,3,4593,4593,0.0
venn_advantage_audience_expansion,advantage_audience_expansion,cumulative_full_venn_oldest,weeks_1_12__2_edps,prefix,2,12,8320,8320,0.0
venn_advantage_audience_expansion,advantage_audience_expansion,cumulative_full_venn_oldest,weeks_5_12__2_edps,interval,2,8,5199,4906,0.056356991729178685
venn_advantage_audience_expansion,advantage_audience_expansion,cumulative_full_venn_oldest,weeks_1_3__5_edps,prefix,5,3,7217,7217,0.0
venn_advantage_audience_expansion,advantage_audience_expansion,cumulative_full_venn_oldest,weeks_1_12__5_edps,prefix,5,12,11742,11742,0.0
venn_advantage_audience_expansion,advantage_audience_expansion,cumulative_full_venn_oldest,weeks_7_13__5_edps,interval,5,7,8872,7936,0.1055004508566276
venn_advantage_audience_expansion,advantage_audience_expansion,cumulative_full_venn_oldest,all_weeks__5_edps,prefix,5,13,12088,12088,0.0
venn_advantage_audience_expansion,advantage_audience_expansion,cumulative_full_venn_oldest,noncontiguous__5_edps,noncontiguous,5,6,9204,9145,0.00641025641025641
venn_advantage_audience_expansion,advantage_audience_expansion,cumulative_full_venn_oldest,weeks_1_3__10_edps,prefix,10,3,8115,8115,0.0
venn_advantage_audience_expansion,advantage_audience_expansion,cumulative_full_venn_oldest,weeks_1_12__10_edps,prefix,10,12,12861,12861,0.0
venn_advantage_audience_expansion,advantage_audience_expansion,cumulative_full_venn_oldest,all_weeks__10_edps,prefix,10,13,13152,13152,0.0
venn_advantage_audience_expansion,advantage_audience_expansion,cumulative_full_venn_oldest,weeks_5_12__10_edps,interval,10,8,11097,9421,0.151031810399207
venn_advantage_audience_expansion,advantage_audience_expansion,cumulative_full_venn_oldest,weeks_7_13__10_edps,interval,10,7,10749,9431,0.12261605730765653
venn_advantage_audience_expansion,advantage_audience_expansion,cumulative_full_venn_oldest,noncontiguous__10_edps,noncontiguous,10,6,10557,10673,0.010987970067253956
venn_advantage_audience_expansion,advantage_audience_expansion,cumulative_full_venn_oldest,noncontiguous__2_edps,noncontiguous,2,6,6389,6428,0.0061042416653623414
venn_app_activity_retargeting,app_activity_retargeting,daily_full_venn,weeks_1_3__2_edps,prefix,2,3,141,145,0.028368794326241134
venn_app_activity_retargeting,app_activity_retargeting,daily_full_venn,weeks_1_12__2_edps,prefix,2,12,2205,3408,0.545578231292517
venn_app_activity_retargeting,app_activity_retargeting,daily_full_venn,weeks_5_12__2_edps,interval,2,8,2144,3204,0.4944029850746269
venn_app_activity_retargeting,app_activity_retargeting,daily_full_venn,weeks_1_3__5_edps,prefix,5,3,767,833,0.08604954367666232
venn_app_activity_retargeting,app_activity_retargeting,daily_full_venn,weeks_1_12__5_edps,prefix,5,12,2836,7432,1.620592383638928
venn_app_activity_retargeting,app_activity_retargeting,daily_full_venn,weeks_7_13__5_edps,interval,5,7,2698,5863,1.1730911786508524
venn_app_activity_retargeting,app_activity_retargeting,daily_full_venn,all_weeks__5_edps,prefix,5,13,2924,8226,1.8132694938440492
venn_app_activity_retargeting,app_activity_retargeting,daily_full_venn,noncontiguous__5_edps,noncontiguous,5,6,2110,3412,0.6170616113744076
venn_app_activity_retargeting,app_activity_retargeting,daily_full_venn,weeks_1_3__10_edps,prefix,10,3,1301,1809,0.39046887009992315
venn_app_activity_retargeting,app_activity_retargeting,daily_full_venn,weeks_1_12__10_edps,prefix,10,12,2956,10156,2.435723951285521
venn_app_activity_retargeting,app_activity_retargeting,daily_full_venn,all_weeks__10_edps,prefix,10,13,3031,11049,2.6453315737380403
venn_app_activity_retargeting,app_activity_retargeting,daily_full_venn,weeks_5_12__10_edps,interval,10,8,2830,7567,1.6738515901060071
venn_app_activity_retargeting,app_activity_retargeting,daily_full_venn,weeks_7_13__10_edps,interval,10,7,2788,6878,1.4670014347202296
venn_app_activity_retargeting,app_activity_retargeting,daily_full_venn,noncontiguous__10_edps,noncontiguous,10,6,2303,4733,1.0551454624402952
venn_app_activity_retargeting,app_activity_retargeting,daily_full_venn,noncontiguous__2_edps,noncontiguous,2,6,1353,1627,0.2025129342202513
venn_app_activity_retargeting,app_activity_retargeting,cumulative_full_venn_recent,weeks_1_3__2_edps,prefix,2,3,141,141,0.0
venn_app_activity_retargeting,app_activity_retargeting,cumulative_full_venn_recent,weeks_1_12__2_edps,prefix,2,12,2205,2205,0.0
venn_app_activity_retargeting,app_activity_retargeting,cumulative_full_venn_recent,weeks_5_12__2_edps,interval,2,8,2144,2166,0.010261194029850746
venn_app_activity_retargeting,app_activity_retargeting,cumulative_full_venn_recent,weeks_1_3__5_edps,prefix,5,3,767,767,0.0
venn_app_activity_retargeting,app_activity_retargeting,cumulative_full_venn_recent,weeks_1_12__5_edps,prefix,5,12,2836,2836,0.0
venn_app_activity_retargeting,app_activity_retargeting,cumulative_full_venn_recent,weeks_7_13__5_edps,interval,5,7,2698,2656,0.015567086730911787
venn_app_activity_retargeting,app_activity_retargeting,cumulative_full_venn_recent,all_weeks__5_edps,prefix,5,13,2924,2924,0.0
venn_app_activity_retargeting,app_activity_retargeting,cumulative_full_venn_recent,noncontiguous__5_edps,noncontiguous,5,6,2110,1946,0.07772511848341232
venn_app_activity_retargeting,app_activity_retargeting,cumulative_full_venn_recent,weeks_1_3__10_edps,prefix,10,3,1301,1301,0.0
venn_app_activity_retargeting,app_activity_retargeting,cumulative_full_venn_recent,weeks_1_12__10_edps,prefix,10,12,2956,2956,0.0
venn_app_activity_retargeting,app_activity_retargeting,cumulative_full_venn_recent,all_weeks__10_edps,prefix,10,13,3031,3031,0.0
venn_app_activity_retargeting,app_activity_retargeting,cumulative_full_venn_recent,weeks_5_12__10_edps,interval,10,8,2830,2834,0.0014134275618374558
venn_app_activity_retargeting,app_activity_retargeting,cumulative_full_venn_recent,weeks_7_13__10_edps,interval,10,7,2788,2739,0.01757532281205165
venn_app_activity_retargeting,app_activity_retargeting,cumulative_full_venn_recent,noncontiguous__10_edps,noncontiguous,10,6,2303,2133,0.07381676074685194
venn_app_activity_retargeting,app_activity_retargeting,cumulative_full_venn_recent,noncontiguous__2_edps,noncontiguous,2,6,1353,1325,0.020694752402069475
venn_app_activity_retargeting,app_activity_retargeting,cumulative_full_venn_oldest,weeks_1_3__2_edps,prefix,2,3,141,141,0.0
venn_app_activity_retargeting,app_activity_retargeting,cumulative_full_venn_oldest,weeks_1_12__2_edps,prefix,2,12,2205,2205,0.0
venn_app_activity_retargeting,app_activity_retargeting,cumulative_full_venn_oldest,weeks_5_12__2_edps,interval,2,8,2144,2133,0.005130597014925373
venn_app_activity_retargeting,app_activity_retargeting,cumulative_full_venn_oldest,weeks_1_3__5_edps,prefix,5,3,767,767,0.0
venn_app_activity_retargeting,app_activity_retargeting,cumulative_full_venn_oldest,weeks_1_12__5_edps,prefix,5,12,2836,2836,0.0
venn_app_activity_retargeting,app_activity_retargeting,cumulative_full_venn_oldest,weeks_7_13__5_edps,interval,5,7,2698,2572,0.04670126019273536
venn_app_activity_retargeting,app_activity_retargeting,cumulative_full_venn_oldest,all_weeks__5_edps,prefix,5,13,2924,2924,0.0
venn_app_activity_retargeting,app_activity_retargeting,cumulative_full_venn_oldest,noncontiguous__5_edps,noncontiguous,5,6,2110,2030,0.037914691943127965
venn_app_activity_retargeting,app_activity_retargeting,cumulative_full_venn_oldest,weeks_1_3__10_edps,prefix,10,3,1301,1301,0.0
venn_app_activity_retargeting,app_activity_retargeting,cumulative_full_venn_oldest,weeks_1_12__10_edps,prefix,10,12,2956,2956,0.0
venn_app_activity_retargeting,app_activity_retargeting,cumulative_full_venn_oldest,all_weeks__10_edps,prefix,10,13,3031,3031,0.0
venn_app_activity_retargeting,app_activity_retargeting,cumulative_full_venn_oldest,weeks_5_12__10_edps,interval,10,8,2830,2728,0.03604240282685512
venn_app_activity_retargeting,app_activity_retargeting,cumulative_full_venn_oldest,weeks_7_13__10_edps,interval,10,7,2788,2632,0.05595408895265423
venn_app_activity_retargeting,app_activity_retargeting,cumulative_full_venn_oldest,noncontiguous__10_edps,noncontiguous,10,6,2303,2275,0.0121580547112462
venn_app_activity_retargeting,app_activity_retargeting,cumulative_full_venn_oldest,noncontiguous__2_edps,noncontiguous,2,6,1353,1327,0.019216555801921657
venn_unrelated_niche_control,unrelated_niche_control,daily_full_venn,weeks_1_3__2_edps,prefix,2,3,463,482,0.04103671706263499
venn_unrelated_niche_control,unrelated_niche_control,daily_full_venn,weeks_1_12__2_edps,prefix,2,12,3067,3928,0.2807303553961526
venn_unrelated_niche_control,unrelated_niche_control,daily_full_venn,weeks_5_12__2_edps,interval,2,8,2451,2973,0.21297429620563035
venn_unrelated_niche_control,unrelated_niche_control,daily_full_venn,weeks_1_3__5_edps,prefix,5,3,939,986,0.05005324813631523
venn_unrelated_niche_control,unrelated_niche_control,daily_full_venn,weeks_1_12__5_edps,prefix,5,12,5107,7899,0.5467006070099862
venn_unrelated_niche_control,unrelated_niche_control,daily_full_venn,weeks_7_13__5_edps,interval,5,7,3713,5041,0.35766226770805276
venn_unrelated_niche_control,unrelated_niche_control,daily_full_venn,all_weeks__5_edps,prefix,5,13,5350,8484,0.5857943925233645
venn_unrelated_niche_control,unrelated_niche_control,daily_full_venn,noncontiguous__5_edps,noncontiguous,5,6,2984,3569,0.1960455764075067
venn_unrelated_niche_control,unrelated_niche_control,daily_full_venn,weeks_1_3__10_edps,prefix,10,3,1350,1465,0.08518518518518518
venn_unrelated_niche_control,unrelated_niche_control,daily_full_venn,weeks_1_12__10_edps,prefix,10,12,5440,10927,1.0086397058823529
venn_unrelated_niche_control,unrelated_niche_control,daily_full_venn,all_weeks__10_edps,prefix,10,13,5603,12015,1.1443869355702303
venn_unrelated_niche_control,unrelated_niche_control,daily_full_venn,weeks_5_12__10_edps,interval,10,8,4922,8653,0.7580251930109712
venn_unrelated_niche_control,unrelated_niche_control,daily_full_venn,weeks_7_13__10_edps,interval,10,7,4544,7611,0.674955985915493
venn_unrelated_niche_control,unrelated_niche_control,daily_full_venn,noncontiguous__10_edps,noncontiguous,10,6,3736,5308,0.4207708779443255
venn_unrelated_niche_control,unrelated_niche_control,daily_full_venn,noncontiguous__2_edps,noncontiguous,2,6,1448,1638,0.13121546961325967
venn_unrelated_niche_control,unrelated_niche_control,cumulative_full_venn_recent,weeks_1_3__2_edps,prefix,2,3,463,463,0.0
venn_unrelated_niche_control,unrelated_niche_control,cumulative_full_venn_recent,weeks_1_12__2_edps,prefix,2,12,3067,3067,0.0
venn_unrelated_niche_control,unrelated_niche_control,cumulative_full_venn_recent,weeks_5_12__2_edps,interval,2,8,2451,2451,0.0
venn_unrelated_niche_control,unrelated_niche_control,cumulative_full_venn_recent,weeks_1_3__5_edps,prefix,5,3,939,939,0.0
venn_unrelated_niche_control,unrelated_niche_control,cumulative_full_venn_recent,weeks_1_12__5_edps,prefix,5,12,5107,5107,0.0
venn_unrelated_niche_control,unrelated_niche_control,cumulative_full_venn_recent,weeks_7_13__5_edps,interval,5,7,3713,3575,0.03716671155399946
venn_unrelated_niche_control,unrelated_niche_control,cumulative_full_venn_recent,all_weeks__5_edps,prefix,5,13,5350,5350,0.0
venn_unrelated_niche_control,unrelated_niche_control,cumulative_full_venn_recent,noncontiguous__5_edps,noncontiguous,5,6,2984,2980,0.0013404825737265416
venn_unrelated_niche_control,unrelated_niche_control,cumulative_full_venn_recent,weeks_1_3__10_edps,prefix,10,3,1350,1350,0.0
venn_unrelated_niche_control,unrelated_niche_control,cumulative_full_venn_recent,weeks_1_12__10_edps,prefix,10,12,5440,5440,0.0
venn_unrelated_niche_control,unrelated_niche_control,cumulative_full_venn_recent,all_weeks__10_edps,prefix,10,13,5603,5603,0.0
venn_unrelated_niche_control,unrelated_niche_control,cumulative_full_venn_recent,weeks_5_12__10_edps,interval,10,8,4922,4852,0.014221861032100772
venn_unrelated_niche_control,unrelated_niche_control,cumulative_full_venn_recent,weeks_7_13__10_edps,interval,10,7,4544,4199,0.07592429577464789
venn_unrelated_niche_control,unrelated_niche_control,cumulative_full_venn_recent,noncontiguous__10_edps,noncontiguous,10,6,3736,3494,0.06477516059957174
venn_unrelated_niche_control,unrelated_niche_control,cumulative_full_venn_recent,noncontiguous__2_edps,noncontiguous,2,6,1448,1448,0.0
venn_unrelated_niche_control,unrelated_niche_control,cumulative_full_venn_oldest,weeks_1_3__2_edps,prefix,2,3,463,463,0.0
venn_unrelated_niche_control,unrelated_niche_control,cumulative_full_venn_oldest,weeks_1_12__2_edps,prefix,2,12,3067,3067,0.0
venn_unrelated_niche_control,unrelated_niche_control,cumulative_full_venn_oldest,weeks_5_12__2_edps,interval,2,8,2451,2451,0.0
venn_unrelated_niche_control,unrelated_niche_control,cumulative_full_venn_oldest,weeks_1_3__5_edps,prefix,5,3,939,939,0.0
venn_unrelated_niche_control,unrelated_niche_control,cumulative_full_venn_oldest,weeks_1_12__5_edps,prefix,5,12,5107,5107,0.0
venn_unrelated_niche_control,unrelated_niche_control,cumulative_full_venn_oldest,weeks_7_13__5_edps,interval,5,7,3713,3493,0.059251279288984646
venn_unrelated_niche_control,unrelated_niche_control,cumulative_full_venn_oldest,all_weeks__5_edps,prefix,5,13,5350,5350,0.0
venn_unrelated_niche_control,unrelated_niche_control,cumulative_full_venn_oldest,noncontiguous__5_edps,noncontiguous,5,6,2984,3026,0.014075067024128687
venn_unrelated_niche_control,unrelated_niche_control,cumulative_full_venn_oldest,weeks_1_3__10_edps,prefix,10,3,1350,1350,0.0
venn_unrelated_niche_control,unrelated_niche_control,cumulative_full_venn_oldest,weeks_1_12__10_edps,prefix,10,12,5440,5440,0.0
venn_unrelated_niche_control,unrelated_niche_control,cumulative_full_venn_oldest,all_weeks__10_edps,prefix,10,13,5603,5603,0.0
venn_unrelated_niche_control,unrelated_niche_control,cumulative_full_venn_oldest,weeks_5_12__10_edps,interval,10,8,4922,4365,0.113165379926859
venn_unrelated_niche_control,unrelated_niche_control,cumulative_full_venn_oldest,weeks_7_13__10_edps,interval,10,7,4544,4036,0.11179577464788733
venn_unrelated_niche_control,unrelated_niche_control,cumulative_full_venn_oldest,noncontiguous__10_edps,noncontiguous,10,6,3736,3638,0.026231263383297645
venn_unrelated_niche_control,unrelated_niche_control,cumulative_full_venn_oldest,noncontiguous__2_edps,noncontiguous,2,6,1448,1448,0.0
venn_mixed_funnel_portfolio,mixed_funnel_portfolio,daily_full_venn,weeks_1_3__2_edps,prefix,2,3,1167,1224,0.04884318766066838
venn_mixed_funnel_portfolio,mixed_funnel_portfolio,daily_full_venn,weeks_1_12__2_edps,prefix,2,12,8834,12156,0.3760470907856011
venn_mixed_funnel_portfolio,mixed_funnel_portfolio,daily_full_venn,weeks_5_12__2_edps,interval,2,8,8135,10454,0.28506453595574677
venn_mixed_funnel_portfolio,mixed_funnel_portfolio,daily_full_venn,weeks_1_3__5_edps,prefix,5,3,6039,6802,0.12634542142738864
venn_mixed_funnel_portfolio,mixed_funnel_portfolio,daily_full_venn,weeks_1_12__5_edps,prefix,5,12,13020,24252,0.8626728110599078
venn_mixed_funnel_portfolio,mixed_funnel_portfolio,daily_full_venn,weeks_7_13__5_edps,interval,5,7,9879,13867,0.40368458345986435
venn_mixed_funnel_portfolio,mixed_funnel_portfolio,daily_full_venn,all_weeks__5_edps,prefix,5,13,13404,26064,0.9444941808415398
venn_mixed_funnel_portfolio,mixed_funnel_portfolio,daily_full_venn,noncontiguous__5_edps,noncontiguous,5,6,8907,12032,0.3508476479173684
venn_mixed_funnel_portfolio,mixed_funnel_portfolio,daily_full_venn,weeks_1_3__10_edps,prefix,10,3,7087,8383,0.18287004374206292
venn_mixed_funnel_portfolio,mixed_funnel_portfolio,daily_full_venn,weeks_1_12__10_edps,prefix,10,12,15771,40455,1.5651512269355146
venn_mixed_funnel_portfolio,mixed_funnel_portfolio,daily_full_venn,all_weeks__10_edps,prefix,10,13,16006,43609,1.7245407972010496
venn_mixed_funnel_portfolio,mixed_funnel_portfolio,daily_full_venn,weeks_5_12__10_edps,interval,10,8,14441,29185,1.0209819264593865
venn_mixed_funnel_portfolio,mixed_funnel_portfolio,daily_full_venn,weeks_7_13__10_edps,interval,10,7,14194,26951,0.8987600394532901
venn_mixed_funnel_portfolio,mixed_funnel_portfolio,daily_full_venn,noncontiguous__10_edps,noncontiguous,10,6,11982,19441,0.6225171089968285
venn_mixed_funnel_portfolio,mixed_funnel_portfolio,daily_full_venn,noncontiguous__2_edps,noncontiguous,2,6,4858,5570,0.146562371346233
venn_mixed_funnel_portfolio,mixed_funnel_portfolio,cumulative_full_venn_recent,weeks_1_3__2_edps,prefix,2,3,1167,1167,0.0
venn_mixed_funnel_portfolio,mixed_funnel_portfolio,cumulative_full_venn_recent,weeks_1_12__2_edps,prefix,2,12,8834,8834,0.0
venn_mixed_funnel_portfolio,mixed_funnel_portfolio,cumulative_full_venn_recent,weeks_5_12__2_edps,interval,2,8,8135,8144,0.0011063306699446835
venn_mixed_funnel_portfolio,mixed_funnel_portfolio,cumulative_full_venn_recent,weeks_1_3__5_edps,prefix,5,3,6039,6039,0.0
venn_mixed_funnel_portfolio,mixed_funnel_portfolio,cumulative_full_venn_recent,weeks_1_12__5_edps,prefix,5,12,13020,13020,0.0
venn_mixed_funnel_portfolio,mixed_funnel_portfolio,cumulative_full_venn_recent,weeks_7_13__5_edps,interval,5,7,9879,9701,0.018018018018018018
venn_mixed_funnel_portfolio,mixed_funnel_portfolio,cumulative_full_venn_recent,all_weeks__5_edps,prefix,5,13,13404,13404,0.0
venn_mixed_funnel_portfolio,mixed_funnel_portfolio,cumulative_full_venn_recent,noncontiguous__5_edps,noncontiguous,5,6,8907,8411,0.055686538677444705
venn_mixed_funnel_portfolio,mixed_funnel_portfolio,cumulative_full_venn_recent,weeks_1_3__10_edps,prefix,10,3,7087,7087,0.0
venn_mixed_funnel_portfolio,mixed_funnel_portfolio,cumulative_full_venn_recent,weeks_1_12__10_edps,prefix,10,12,15771,15771,0.0
venn_mixed_funnel_portfolio,mixed_funnel_portfolio,cumulative_full_venn_recent,all_weeks__10_edps,prefix,10,13,16006,16006,0.0
venn_mixed_funnel_portfolio,mixed_funnel_portfolio,cumulative_full_venn_recent,weeks_5_12__10_edps,interval,10,8,14441,14235,0.014264940101101032
venn_mixed_funnel_portfolio,mixed_funnel_portfolio,cumulative_full_venn_recent,weeks_7_13__10_edps,interval,10,7,14194,13783,0.028955896857827252
venn_mixed_funnel_portfolio,mixed_funnel_portfolio,cumulative_full_venn_recent,noncontiguous__10_edps,noncontiguous,10,6,11982,10688,0.10799532632281755
venn_mixed_funnel_portfolio,mixed_funnel_portfolio,cumulative_full_venn_recent,noncontiguous__2_edps,noncontiguous,2,6,4858,4684,0.03581720872787155
venn_mixed_funnel_portfolio,mixed_funnel_portfolio,cumulative_full_venn_oldest,weeks_1_3__2_edps,prefix,2,3,1167,1167,0.0
venn_mixed_funnel_portfolio,mixed_funnel_portfolio,cumulative_full_venn_oldest,weeks_1_12__2_edps,prefix,2,12,8834,8834,0.0
venn_mixed_funnel_portfolio,mixed_funnel_portfolio,cumulative_full_venn_oldest,weeks_5_12__2_edps,interval,2,8,8135,7952,0.02249539028887523
venn_mixed_funnel_portfolio,mixed_funnel_portfolio,cumulative_full_venn_oldest,weeks_1_3__5_edps,prefix,5,3,6039,6039,0.0
venn_mixed_funnel_portfolio,mixed_funnel_portfolio,cumulative_full_venn_oldest,weeks_1_12__5_edps,prefix,5,12,13020,13020,0.0
venn_mixed_funnel_portfolio,mixed_funnel_portfolio,cumulative_full_venn_oldest,weeks_7_13__5_edps,interval,5,7,9879,9418,0.046664642170260145
venn_mixed_funnel_portfolio,mixed_funnel_portfolio,cumulative_full_venn_oldest,all_weeks__5_edps,prefix,5,13,13404,13404,0.0
venn_mixed_funnel_portfolio,mixed_funnel_portfolio,cumulative_full_venn_oldest,noncontiguous__5_edps,noncontiguous,5,6,8907,8710,0.0221174357247109
venn_mixed_funnel_portfolio,mixed_funnel_portfolio,cumulative_full_venn_oldest,weeks_1_3__10_edps,prefix,10,3,7087,7087,0.0
venn_mixed_funnel_portfolio,mixed_funnel_portfolio,cumulative_full_venn_oldest,weeks_1_12__10_edps,prefix,10,12,15771,15771,0.0
venn_mixed_funnel_portfolio,mixed_funnel_portfolio,cumulative_full_venn_oldest,all_weeks__10_edps,prefix,10,13,16006,16006,0.0
venn_mixed_funnel_portfolio,mixed_funnel_portfolio,cumulative_full_venn_oldest,weeks_5_12__10_edps,interval,10,8,14441,13649,0.054843847378990375
venn_mixed_funnel_portfolio,mixed_funnel_portfolio,cumulative_full_venn_oldest,weeks_7_13__10_edps,interval,10,7,14194,13327,0.06108214738621953
venn_mixed_funnel_portfolio,mixed_funnel_portfolio,cumulative_full_venn_oldest,noncontiguous__10_edps,noncontiguous,10,6,11982,11430,0.04606910365548322
venn_mixed_funnel_portfolio,mixed_funnel_portfolio,cumulative_full_venn_oldest,noncontiguous__2_edps,noncontiguous,2,6,4858,4758,0.02058460271716756
venn_linkage_shift_-1.0,linkage_shift_-1.0,daily_full_venn,weeks_1_3__2_edps,prefix,2,3,720,768,0.06666666666666667
venn_linkage_shift_-1.0,linkage_shift_-1.0,daily_full_venn,weeks_1_12__2_edps,prefix,2,12,4056,7385,0.8207593688362919
venn_linkage_shift_-1.0,linkage_shift_-1.0,daily_full_venn,weeks_5_12__2_edps,interval,2,8,3724,5961,0.6006981740064447
venn_linkage_shift_-1.0,linkage_shift_-1.0,daily_full_venn,weeks_1_3__5_edps,prefix,5,3,2493,3315,0.3297232250300842
venn_linkage_shift_-1.0,linkage_shift_-1.0,daily_full_venn,weeks_1_12__5_edps,prefix,5,12,4809,14470,2.008941567893533
venn_linkage_shift_-1.0,linkage_shift_-1.0,daily_full_venn,weeks_7_13__5_edps,interval,5,7,3946,7789,0.9738976178408515
venn_linkage_shift_-1.0,linkage_shift_-1.0,daily_full_venn,all_weeks__5_edps,prefix,5,13,4846,15264,2.149814279818407
venn_linkage_shift_-1.0,linkage_shift_-1.0,daily_full_venn,noncontiguous__5_edps,noncontiguous,5,6,3659,6587,0.8002186389723969
venn_linkage_shift_-1.0,linkage_shift_-1.0,daily_full_venn,weeks_1_3__10_edps,prefix,10,3,2963,4586,0.5477556530543368
venn_linkage_shift_-1.0,linkage_shift_-1.0,daily_full_venn,weeks_1_12__10_edps,prefix,10,12,4921,18595,2.778703515545621
venn_linkage_shift_-1.0,linkage_shift_-1.0,daily_full_venn,all_weeks__10_edps,prefix,10,13,4953,19578,2.952755905511811
venn_linkage_shift_-1.0,linkage_shift_-1.0,daily_full_venn,weeks_5_12__10_edps,interval,10,8,4550,12426,1.730989010989011
venn_linkage_shift_-1.0,linkage_shift_-1.0,daily_full_venn,weeks_7_13__10_edps,interval,10,7,4077,9606,1.3561442236938925
venn_linkage_shift_-1.0,linkage_shift_-1.0,daily_full_venn,noncontiguous__10_edps,noncontiguous,10,6,3911,8646,1.2106878036307849
venn_linkage_shift_-1.0,linkage_shift_-1.0,daily_full_venn,noncontiguous__2_edps,noncontiguous,2,6,2470,3118,0.2623481781376518
venn_linkage_shift_-1.0,linkage_shift_-1.0,cumulative_full_venn_recent,weeks_1_3__2_edps,prefix,2,3,720,720,0.0
venn_linkage_shift_-1.0,linkage_shift_-1.0,cumulative_full_venn_recent,weeks_1_12__2_edps,prefix,2,12,4056,4056,0.0
venn_linkage_shift_-1.0,linkage_shift_-1.0,cumulative_full_venn_recent,weeks_5_12__2_edps,interval,2,8,3724,3705,0.00510204081632653
venn_linkage_shift_-1.0,linkage_shift_-1.0,cumulative_full_venn_recent,weeks_1_3__5_edps,prefix,5,3,2493,2493,0.0
venn_linkage_shift_-1.0,linkage_shift_-1.0,cumulative_full_venn_recent,weeks_1_12__5_edps,prefix,5,12,4809,4809,0.0
venn_linkage_shift_-1.0,linkage_shift_-1.0,cumulative_full_venn_recent,weeks_7_13__5_edps,interval,5,7,3946,3840,0.026862645717181957
venn_linkage_shift_-1.0,linkage_shift_-1.0,cumulative_full_venn_recent,all_weeks__5_edps,prefix,5,13,4846,4846,0.0
venn_linkage_shift_-1.0,linkage_shift_-1.0,cumulative_full_venn_recent,noncontiguous__5_edps,noncontiguous,5,6,3659,3467,0.05247335337523914
venn_linkage_shift_-1.0,linkage_shift_-1.0,cumulative_full_venn_recent,weeks_1_3__10_edps,prefix,10,3,2963,2963,0.0
venn_linkage_shift_-1.0,linkage_shift_-1.0,cumulative_full_venn_recent,weeks_1_12__10_edps,prefix,10,12,4921,4921,0.0
venn_linkage_shift_-1.0,linkage_shift_-1.0,cumulative_full_venn_recent,all_weeks__10_edps,prefix,10,13,4953,4953,0.0
venn_linkage_shift_-1.0,linkage_shift_-1.0,cumulative_full_venn_recent,weeks_5_12__10_edps,interval,10,8,4550,4490,0.013186813186813187
venn_linkage_shift_-1.0,linkage_shift_-1.0,cumulative_full_venn_recent,weeks_7_13__10_edps,interval,10,7,4077,3949,0.031395634044640665
venn_linkage_shift_-1.0,linkage_shift_-1.0,cumulative_full_venn_recent,noncontiguous__10_edps,noncontiguous,10,6,3911,3648,0.06724622858603937
venn_linkage_shift_-1.0,linkage_shift_-1.0,cumulative_full_venn_recent,noncontiguous__2_edps,noncontiguous,2,6,2470,2439,0.012550607287449392
venn_linkage_shift_-1.0,linkage_shift_-1.0,cumulative_full_venn_oldest,weeks_1_3__2_edps,prefix,2,3,720,720,0.0
venn_linkage_shift_-1.0,linkage_shift_-1.0,cumulative_full_venn_oldest,weeks_1_12__2_edps,prefix,2,12,4056,4056,0.0
venn_linkage_shift_-1.0,linkage_shift_-1.0,cumulative_full_venn_oldest,weeks_5_12__2_edps,interval,2,8,3724,3691,0.008861439312567132
venn_linkage_shift_-1.0,linkage_shift_-1.0,cumulative_full_venn_oldest,weeks_1_3__5_edps,prefix,5,3,2493,2493,0.0
venn_linkage_shift_-1.0,linkage_shift_-1.0,cumulative_full_venn_oldest,weeks_1_12__5_edps,prefix,5,12,4809,4809,0.0
venn_linkage_shift_-1.0,linkage_shift_-1.0,cumulative_full_venn_oldest,weeks_7_13__5_edps,interval,5,7,3946,3611,0.08489609731373543
venn_linkage_shift_-1.0,linkage_shift_-1.0,cumulative_full_venn_oldest,all_weeks__5_edps,prefix,5,13,4846,4846,0.0
venn_linkage_shift_-1.0,linkage_shift_-1.0,cumulative_full_venn_oldest,noncontiguous__5_edps,noncontiguous,5,6,3659,3644,0.004099480732440558
venn_linkage_shift_-1.0,linkage_shift_-1.0,cumulative_full_venn_oldest,weeks_1_3__10_edps,prefix,10,3,2963,2963,0.0
venn_linkage_shift_-1.0,linkage_shift_-1.0,cumulative_full_venn_oldest,weeks_1_12__10_edps,prefix,10,12,4921,4921,0.0
venn_linkage_shift_-1.0,linkage_shift_-1.0,cumulative_full_venn_oldest,all_weeks__10_edps,prefix,10,13,4953,4953,0.0
venn_linkage_shift_-1.0,linkage_shift_-1.0,cumulative_full_venn_oldest,weeks_5_12__10_edps,interval,10,8,4550,4335,0.04725274725274725
venn_linkage_shift_-1.0,linkage_shift_-1.0,cumulative_full_venn_oldest,weeks_7_13__10_edps,interval,10,7,4077,3735,0.08388520971302428
venn_linkage_shift_-1.0,linkage_shift_-1.0,cumulative_full_venn_oldest,noncontiguous__10_edps,noncontiguous,10,6,3911,3925,0.0035796471490667347
venn_linkage_shift_-1.0,linkage_shift_-1.0,cumulative_full_venn_oldest,noncontiguous__2_edps,noncontiguous,2,6,2470,2485,0.006072874493927126
venn_linkage_shift_0.0,linkage_shift_0.0,daily_full_venn,weeks_1_3__2_edps,prefix,2,3,545,568,0.04220183486238532
venn_linkage_shift_0.0,linkage_shift_0.0,daily_full_venn,weeks_1_12__2_edps,prefix,2,12,5265,7377,0.4011396011396011
venn_linkage_shift_0.0,linkage_shift_0.0,daily_full_venn,weeks_5_12__2_edps,interval,2,8,4791,6394,0.33458568148611983
venn_linkage_shift_0.0,linkage_shift_0.0,daily_full_venn,weeks_1_3__5_edps,prefix,5,3,1543,1630,0.056383668178872325
venn_linkage_shift_0.0,linkage_shift_0.0,daily_full_venn,weeks_1_12__5_edps,prefix,5,12,8273,14169,0.712679801764777
venn_linkage_shift_0.0,linkage_shift_0.0,daily_full_venn,weeks_7_13__5_edps,interval,5,7,7156,10790,0.5078256008943544
venn_linkage_shift_0.0,linkage_shift_0.0,daily_full_venn,all_weeks__5_edps,prefix,5,13,8739,15805,0.8085593317313193
venn_linkage_shift_0.0,linkage_shift_0.0,daily_full_venn,noncontiguous__5_edps,noncontiguous,5,6,5416,7036,0.29911373707533234
venn_linkage_shift_0.0,linkage_shift_0.0,daily_full_venn,weeks_1_3__10_edps,prefix,10,3,2128,2320,0.09022556390977443
venn_linkage_shift_0.0,linkage_shift_0.0,daily_full_venn,weeks_1_12__10_edps,prefix,10,12,9853,19640,0.993301532528164
venn_linkage_shift_0.0,linkage_shift_0.0,daily_full_venn,all_weeks__10_edps,prefix,10,13,10290,21757,1.114382896015549
venn_linkage_shift_0.0,linkage_shift_0.0,daily_full_venn,weeks_5_12__10_edps,interval,10,8,9066,16112,0.7771894992278844
venn_linkage_shift_0.0,linkage_shift_0.0,daily_full_venn,weeks_7_13__10_edps,interval,10,7,8675,14678,0.6919884726224784
venn_linkage_shift_0.0,linkage_shift_0.0,daily_full_venn,noncontiguous__10_edps,noncontiguous,10,6,6742,9510,0.4105606644912489
venn_linkage_shift_0.0,linkage_shift_0.0,daily_full_venn,noncontiguous__2_edps,noncontiguous,2,6,2822,3248,0.15095676824946846
venn_linkage_shift_0.0,linkage_shift_0.0,cumulative_full_venn_recent,weeks_1_3__2_edps,prefix,2,3,545,545,0.0
venn_linkage_shift_0.0,linkage_shift_0.0,cumulative_full_venn_recent,weeks_1_12__2_edps,prefix,2,12,5265,5265,0.0
venn_linkage_shift_0.0,linkage_shift_0.0,cumulative_full_venn_recent,weeks_5_12__2_edps,interval,2,8,4791,4913,0.02546441243999165
venn_linkage_shift_0.0,linkage_shift_0.0,cumulative_full_venn_recent,weeks_1_3__5_edps,prefix,5,3,1543,1543,0.0
venn_linkage_shift_0.0,linkage_shift_0.0,cumulative_full_venn_recent,weeks_1_12__5_edps,prefix,5,12,8273,8273,0.0
venn_linkage_shift_0.0,linkage_shift_0.0,cumulative_full_venn_recent,weeks_7_13__5_edps,interval,5,7,7156,7077,0.011039686975964226
venn_linkage_shift_0.0,linkage_shift_0.0,cumulative_full_venn_recent,all_weeks__5_edps,prefix,5,13,8739,8739,0.0
venn_linkage_shift_0.0,linkage_shift_0.0,cumulative_full_venn_recent,noncontiguous__5_edps,noncontiguous,5,6,5416,5222,0.03581979320531758
venn_linkage_shift_0.0,linkage_shift_0.0,cumulative_full_venn_recent,weeks_1_3__10_edps,prefix,10,3,2128,2128,0.0
venn_linkage_shift_0.0,linkage_shift_0.0,cumulative_full_venn_recent,weeks_1_12__10_edps,prefix,10,12,9853,9853,0.0
venn_linkage_shift_0.0,linkage_shift_0.0,cumulative_full_venn_recent,all_weeks__10_edps,prefix,10,13,10290,10290,0.0
venn_linkage_shift_0.0,linkage_shift_0.0,cumulative_full_venn_recent,weeks_5_12__10_edps,interval,10,8,9066,9171,0.01158173395102581
venn_linkage_shift_0.0,linkage_shift_0.0,cumulative_full_venn_recent,weeks_7_13__10_edps,interval,10,7,8675,8574,0.01164265129682997
venn_linkage_shift_0.0,linkage_shift_0.0,cumulative_full_venn_recent,noncontiguous__10_edps,noncontiguous,10,6,6742,6309,0.06422426579649955
venn_linkage_shift_0.0,linkage_shift_0.0,cumulative_full_venn_recent,noncontiguous__2_edps,noncontiguous,2,6,2822,2821,0.00035435861091424523
venn_linkage_shift_0.0,linkage_shift_0.0,cumulative_full_venn_oldest,weeks_1_3__2_edps,prefix,2,3,545,545,0.0
venn_linkage_shift_0.0,linkage_shift_0.0,cumulative_full_venn_oldest,weeks_1_12__2_edps,prefix,2,12,5265,5265,0.0
venn_linkage_shift_0.0,linkage_shift_0.0,cumulative_full_venn_oldest,weeks_5_12__2_edps,interval,2,8,4791,4667,0.02588186182425381
venn_linkage_shift_0.0,linkage_shift_0.0,cumulative_full_venn_oldest,weeks_1_3__5_edps,prefix,5,3,1543,1543,0.0
venn_linkage_shift_0.0,linkage_shift_0.0,cumulative_full_venn_oldest,weeks_1_12__5_edps,prefix,5,12,8273,8273,0.0
venn_linkage_shift_0.0,linkage_shift_0.0,cumulative_full_venn_oldest,weeks_7_13__5_edps,interval,5,7,7156,6303,0.11920067076579094
venn_linkage_shift_0.0,linkage_shift_0.0,cumulative_full_venn_oldest,all_weeks__5_edps,prefix,5,13,8739,8739,0.0
venn_linkage_shift_0.0,linkage_shift_0.0,cumulative_full_venn_oldest,noncontiguous__5_edps,noncontiguous,5,6,5416,5528,0.0206794682422452
venn_linkage_shift_0.0,linkage_shift_0.0,cumulative_full_venn_oldest,weeks_1_3__10_edps,prefix,10,3,2128,2128,0.0
venn_linkage_shift_0.0,linkage_shift_0.0,cumulative_full_venn_oldest,weeks_1_12__10_edps,prefix,10,12,9853,9853,0.0
venn_linkage_shift_0.0,linkage_shift_0.0,cumulative_full_venn_oldest,all_weeks__10_edps,prefix,10,13,10290,10290,0.0
venn_linkage_shift_0.0,linkage_shift_0.0,cumulative_full_venn_oldest,weeks_5_12__10_edps,interval,10,8,9066,7958,0.12221486874034855
venn_linkage_shift_0.0,linkage_shift_0.0,cumulative_full_venn_oldest,weeks_7_13__10_edps,interval,10,7,8675,7326,0.1555043227665706
venn_linkage_shift_0.0,linkage_shift_0.0,cumulative_full_venn_oldest,noncontiguous__10_edps,noncontiguous,10,6,6742,6854,0.01661228122218926
venn_linkage_shift_0.0,linkage_shift_0.0,cumulative_full_venn_oldest,noncontiguous__2_edps,noncontiguous,2,6,2822,2865,0.015237420269312544
venn_linkage_shift_1.0,linkage_shift_1.0,daily_full_venn,weeks_1_3__2_edps,prefix,2,3,442,462,0.04524886877828054
venn_linkage_shift_1.0,linkage_shift_1.0,daily_full_venn,weeks_1_12__2_edps,prefix,2,12,3874,6726,0.7361899845121321
venn_linkage_shift_1.0,linkage_shift_1.0,daily_full_venn,weeks_5_12__2_edps,interval,2,8,3694,5943,0.6088251218191663
venn_linkage_shift_1.0,linkage_shift_1.0,daily_full_venn,weeks_1_3__5_edps,prefix,5,3,2092,2468,0.17973231357552583
venn_linkage_shift_1.0,linkage_shift_1.0,daily_full_venn,weeks_1_12__5_edps,prefix,5,12,4728,13975,1.9557952622673436
venn_linkage_shift_1.0,linkage_shift_1.0,daily_full_venn,weeks_7_13__5_edps,interval,5,7,4269,8938,1.09369875849145
venn_linkage_shift_1.0,linkage_shift_1.0,daily_full_venn,all_weeks__5_edps,prefix,5,13,4834,15095,2.122672734795201
venn_linkage_shift_1.0,linkage_shift_1.0,daily_full_venn,noncontiguous__5_edps,noncontiguous,5,6,3667,6600,0.7998363785110445
venn_linkage_shift_1.0,linkage_shift_1.0,daily_full_venn,weeks_1_3__10_edps,prefix,10,3,2625,3668,0.3973333333333333
venn_linkage_shift_1.0,linkage_shift_1.0,daily_full_venn,weeks_1_12__10_edps,prefix,10,12,4831,17843,2.693438211550404
venn_linkage_shift_1.0,linkage_shift_1.0,daily_full_venn,all_weeks__10_edps,prefix,10,13,4925,19318,2.92243654822335
venn_linkage_shift_1.0,linkage_shift_1.0,daily_full_venn,weeks_5_12__10_edps,interval,10,8,4540,12759,1.810352422907489
venn_linkage_shift_1.0,linkage_shift_1.0,daily_full_venn,weeks_7_13__10_edps,interval,10,7,4393,11053,1.5160482585932165
venn_linkage_shift_1.0,linkage_shift_1.0,daily_full_venn,noncontiguous__10_edps,noncontiguous,10,6,3898,8539,1.1906105695228322
venn_linkage_shift_1.0,linkage_shift_1.0,daily_full_venn,noncontiguous__2_edps,noncontiguous,2,6,2500,3135,0.254
venn_linkage_shift_1.0,linkage_shift_1.0,cumulative_full_venn_recent,weeks_1_3__2_edps,prefix,2,3,442,442,0.0
venn_linkage_shift_1.0,linkage_shift_1.0,cumulative_full_venn_recent,weeks_1_12__2_edps,prefix,2,12,3874,3874,0.0
venn_linkage_shift_1.0,linkage_shift_1.0,cumulative_full_venn_recent,weeks_5_12__2_edps,interval,2,8,3694,3641,0.014347590687601516
venn_linkage_shift_1.0,linkage_shift_1.0,cumulative_full_venn_recent,weeks_1_3__5_edps,prefix,5,3,2092,2092,0.0
venn_linkage_shift_1.0,linkage_shift_1.0,cumulative_full_venn_recent,weeks_1_12__5_edps,prefix,5,12,4728,4728,0.0
venn_linkage_shift_1.0,linkage_shift_1.0,cumulative_full_venn_recent,weeks_7_13__5_edps,interval,5,7,4269,4105,0.038416490981494494
venn_linkage_shift_1.0,linkage_shift_1.0,cumulative_full_venn_recent,all_weeks__5_edps,prefix,5,13,4834,4834,0.0
venn_linkage_shift_1.0,linkage_shift_1.0,cumulative_full_venn_recent,noncontiguous__5_edps,noncontiguous,5,6,3667,3491,0.047995636760294516
venn_linkage_shift_1.0,linkage_shift_1.0,cumulative_full_venn_recent,weeks_1_3__10_edps,prefix,10,3,2625,2625,0.0
venn_linkage_shift_1.0,linkage_shift_1.0,cumulative_full_venn_recent,weeks_1_12__10_edps,prefix,10,12,4831,4831,0.0
venn_linkage_shift_1.0,linkage_shift_1.0,cumulative_full_venn_recent,all_weeks__10_edps,prefix,10,13,4925,4925,0.0
venn_linkage_shift_1.0,linkage_shift_1.0,cumulative_full_venn_recent,weeks_5_12__10_edps,interval,10,8,4540,4398,0.03127753303964758
venn_linkage_shift_1.0,linkage_shift_1.0,cumulative_full_venn_recent,weeks_7_13__10_edps,interval,10,7,4393,4219,0.03960846801730025
venn_linkage_shift_1.0,linkage_shift_1.0,cumulative_full_venn_recent,noncontiguous__10_edps,noncontiguous,10,6,3898,3665,0.05977424320164187
venn_linkage_shift_1.0,linkage_shift_1.0,cumulative_full_venn_recent,noncontiguous__2_edps,noncontiguous,2,6,2500,2411,0.0356
venn_linkage_shift_1.0,linkage_shift_1.0,cumulative_full_venn_oldest,weeks_1_3__2_edps,prefix,2,3,442,442,0.0
venn_linkage_shift_1.0,linkage_shift_1.0,cumulative_full_venn_oldest,weeks_1_12__2_edps,prefix,2,12,3874,3874,0.0
venn_linkage_shift_1.0,linkage_shift_1.0,cumulative_full_venn_oldest,weeks_5_12__2_edps,interval,2,8,3694,3612,0.022198159177043854
venn_linkage_shift_1.0,linkage_shift_1.0,cumulative_full_venn_oldest,weeks_1_3__5_edps,prefix,5,3,2092,2092,0.0
venn_linkage_shift_1.0,linkage_shift_1.0,cumulative_full_venn_oldest,weeks_1_12__5_edps,prefix,5,12,4728,4728,0.0
venn_linkage_shift_1.0,linkage_shift_1.0,cumulative_full_venn_oldest,weeks_7_13__5_edps,interval,5,7,4269,4033,0.05528226750995549
venn_linkage_shift_1.0,linkage_shift_1.0,cumulative_full_venn_oldest,all_weeks__5_edps,prefix,5,13,4834,4834,0.0
venn_linkage_shift_1.0,linkage_shift_1.0,cumulative_full_venn_oldest,noncontiguous__5_edps,noncontiguous,5,6,3667,3628,0.010635396782110717
venn_linkage_shift_1.0,linkage_shift_1.0,cumulative_full_venn_oldest,weeks_1_3__10_edps,prefix,10,3,2625,2625,0.0
venn_linkage_shift_1.0,linkage_shift_1.0,cumulative_full_venn_oldest,weeks_1_12__10_edps,prefix,10,12,4831,4831,0.0
venn_linkage_shift_1.0,linkage_shift_1.0,cumulative_full_venn_oldest,all_weeks__10_edps,prefix,10,13,4925,4925,0.0
venn_linkage_shift_1.0,linkage_shift_1.0,cumulative_full_venn_oldest,weeks_5_12__10_edps,interval,10,8,4540,4292,0.05462555066079295
venn_linkage_shift_1.0,linkage_shift_1.0,cumulative_full_venn_oldest,weeks_7_13__10_edps,interval,10,7,4393,4128,0.06032324152060096
venn_linkage_shift_1.0,linkage_shift_1.0,cumulative_full_venn_oldest,noncontiguous__10_edps,noncontiguous,10,6,3898,3879,0.0048742945100051305
venn_linkage_shift_1.0,linkage_shift_1.0,cumulative_full_venn_oldest,noncontiguous__2_edps,noncontiguous,2,6,2500,2433,0.0268
venn_staggered_retargeting,staggered_retargeting,daily_full_venn,weeks_1_3__2_edps,prefix,2,3,1561,2282,0.4618834080717489
venn_staggered_retargeting,staggered_retargeting,daily_full_venn,weeks_1_12__2_edps,prefix,2,12,2080,2803,0.34759615384615383
venn_staggered_retargeting,staggered_retargeting,daily_full_venn,weeks_5_12__2_edps,interval,2,8,519,521,0.0038535645472061657
venn_staggered_retargeting,staggered_retargeting,daily_full_venn,weeks_1_3__5_edps,prefix,5,3,1573,2590,0.6465352828989193
venn_staggered_retargeting,staggered_retargeting,daily_full_venn,weeks_1_12__5_edps,prefix,5,12,2849,6814,1.3917163917163917
venn_staggered_retargeting,staggered_retargeting,daily_full_venn,weeks_7_13__5_edps,interval,5,7,1992,2054,0.03112449799196787
venn_staggered_retargeting,staggered_retargeting,daily_full_venn,all_weeks__5_edps,prefix,5,13,3169,7158,1.2587567055853581
venn_staggered_retargeting,staggered_retargeting,daily_full_venn,noncontiguous__5_edps,noncontiguous,5,6,2188,3445,0.5744972577696527
venn_staggered_retargeting,staggered_retargeting,daily_full_venn,weeks_1_3__10_edps,prefix,10,3,1573,2590,0.6465352828989193
venn_staggered_retargeting,staggered_retargeting,daily_full_venn,weeks_1_12__10_edps,prefix,10,12,4043,12490,2.0892901310907743
venn_staggered_retargeting,staggered_retargeting,daily_full_venn,all_weeks__10_edps,prefix,10,13,4580,14192,2.098689956331878
venn_staggered_retargeting,staggered_retargeting,daily_full_venn,weeks_5_12__10_edps,interval,10,8,4043,9129,1.2579767499381647
venn_staggered_retargeting,staggered_retargeting,daily_full_venn,weeks_7_13__10_edps,interval,10,7,4580,9088,0.9842794759825327
venn_staggered_retargeting,staggered_retargeting,daily_full_venn,noncontiguous__10_edps,noncontiguous,10,6,2860,6701,1.343006993006993
venn_staggered_retargeting,staggered_retargeting,daily_full_venn,noncontiguous__2_edps,noncontiguous,2,6,1513,1722,0.1381361533377396
venn_staggered_retargeting,staggered_retargeting,cumulative_full_venn_recent,weeks_1_3__2_edps,prefix,2,3,1561,1561,0.0
venn_staggered_retargeting,staggered_retargeting,cumulative_full_venn_recent,weeks_1_12__2_edps,prefix,2,12,2080,2080,0.0
venn_staggered_retargeting,staggered_retargeting,cumulative_full_venn_recent,weeks_5_12__2_edps,interval,2,8,519,519,0.0
venn_staggered_retargeting,staggered_retargeting,cumulative_full_venn_recent,weeks_1_3__5_edps,prefix,5,3,1573,1573,0.0
venn_staggered_retargeting,staggered_retargeting,cumulative_full_venn_recent,weeks_1_12__5_edps,prefix,5,12,2849,2849,0.0
venn_staggered_retargeting,staggered_retargeting,cumulative_full_venn_recent,weeks_7_13__5_edps,interval,5,7,1992,1995,0.0015060240963855422
venn_staggered_retargeting,staggered_retargeting,cumulative_full_venn_recent,all_weeks__5_edps,prefix,5,13,3169,3169,0.0
venn_staggered_retargeting,staggered_retargeting,cumulative_full_venn_recent,noncontiguous__5_edps,noncontiguous,5,6,2188,2148,0.018281535648994516
venn_staggered_retargeting,staggered_retargeting,cumulative_full_venn_recent,weeks_1_3__10_edps,prefix,10,3,1573,1573,0.0
venn_staggered_retargeting,staggered_retargeting,cumulative_full_venn_recent,weeks_1_12__10_edps,prefix,10,12,4043,4043,0.0
venn_staggered_retargeting,staggered_retargeting,cumulative_full_venn_recent,all_weeks__10_edps,prefix,10,13,4580,4580,0.0
venn_staggered_retargeting,staggered_retargeting,cumulative_full_venn_recent,weeks_5_12__10_edps,interval,10,8,4043,4042,0.0002473410833539451
venn_staggered_retargeting,staggered_retargeting,cumulative_full_venn_recent,weeks_7_13__10_edps,interval,10,7,4580,4578,0.0004366812227074236
venn_staggered_retargeting,staggered_retargeting,cumulative_full_venn_recent,noncontiguous__10_edps,noncontiguous,10,6,2860,2784,0.026573426573426574
venn_staggered_retargeting,staggered_retargeting,cumulative_full_venn_recent,noncontiguous__2_edps,noncontiguous,2,6,1513,1385,0.08460013218770654
venn_staggered_retargeting,staggered_retargeting,cumulative_full_venn_oldest,weeks_1_3__2_edps,prefix,2,3,1561,1561,0.0
venn_staggered_retargeting,staggered_retargeting,cumulative_full_venn_oldest,weeks_1_12__2_edps,prefix,2,12,2080,2080,0.0
venn_staggered_retargeting,staggered_retargeting,cumulative_full_venn_oldest,weeks_5_12__2_edps,interval,2,8,519,519,0.0
venn_staggered_retargeting,staggered_retargeting,cumulative_full_venn_oldest,weeks_1_3__5_edps,prefix,5,3,1573,1573,0.0
venn_staggered_retargeting,staggered_retargeting,cumulative_full_venn_oldest,weeks_1_12__5_edps,prefix,5,12,2849,2849,0.0
venn_staggered_retargeting,staggered_retargeting,cumulative_full_venn_oldest,weeks_7_13__5_edps,interval,5,7,1992,1994,0.001004016064257028
venn_staggered_retargeting,staggered_retargeting,cumulative_full_venn_oldest,all_weeks__5_edps,prefix,5,13,3169,3169,0.0
venn_staggered_retargeting,staggered_retargeting,cumulative_full_venn_oldest,noncontiguous__5_edps,noncontiguous,5,6,2188,2061,0.058043875685557585
venn_staggered_retargeting,staggered_retargeting,cumulative_full_venn_oldest,weeks_1_3__10_edps,prefix,10,3,1573,1573,0.0
venn_staggered_retargeting,staggered_retargeting,cumulative_full_venn_oldest,weeks_1_12__10_edps,prefix,10,12,4043,4043,0.0
venn_staggered_retargeting,staggered_retargeting,cumulative_full_venn_oldest,all_weeks__10_edps,prefix,10,13,4580,4580,0.0
venn_staggered_retargeting,staggered_retargeting,cumulative_full_venn_oldest,weeks_5_12__10_edps,interval,10,8,4043,4042,0.0002473410833539451
venn_staggered_retargeting,staggered_retargeting,cumulative_full_venn_oldest,weeks_7_13__10_edps,interval,10,7,4580,4578,0.0004366812227074236
venn_staggered_retargeting,staggered_retargeting,cumulative_full_venn_oldest,noncontiguous__10_edps,noncontiguous,10,6,2860,2794,0.023076923076923078
venn_staggered_retargeting,staggered_retargeting,cumulative_full_venn_oldest,noncontiguous__2_edps,noncontiguous,2,6,1513,1384,0.08526107072042301
venn_synchronized_retargeting,synchronized_retargeting,daily_full_venn,weeks_1_3__2_edps,prefix,2,3,0,0,0.0
venn_synchronized_retargeting,synchronized_retargeting,daily_full_venn,weeks_1_12__2_edps,prefix,2,12,2076,2809,0.3530828516377649
venn_synchronized_retargeting,synchronized_retargeting,daily_full_venn,weeks_5_12__2_edps,interval,2,8,2076,2809,0.3530828516377649
venn_synchronized_retargeting,synchronized_retargeting,daily_full_venn,weeks_1_3__5_edps,prefix,5,3,0,0,0.0
venn_synchronized_retargeting,synchronized_retargeting,daily_full_venn,weeks_1_12__5_edps,prefix,5,12,2853,5126,0.7967052225727305
venn_synchronized_retargeting,synchronized_retargeting,daily_full_venn,weeks_7_13__5_edps,interval,5,7,2849,2900,0.0179010179010179
venn_synchronized_retargeting,synchronized_retargeting,daily_full_venn,all_weeks__5_edps,prefix,5,13,3180,5474,0.7213836477987421
venn_synchronized_retargeting,synchronized_retargeting,daily_full_venn,noncontiguous__5_edps,noncontiguous,5,6,1937,1943,0.003097573567372225
venn_synchronized_retargeting,synchronized_retargeting,daily_full_venn,weeks_1_3__10_edps,prefix,10,3,0,0,0.0
venn_synchronized_retargeting,synchronized_retargeting,daily_full_venn,weeks_1_12__10_edps,prefix,10,12,4023,7222,0.7951777280636341
venn_synchronized_retargeting,synchronized_retargeting,daily_full_venn,all_weeks__10_edps,prefix,10,13,4593,7874,0.7143479207489658
venn_synchronized_retargeting,synchronized_retargeting,daily_full_venn,weeks_5_12__10_edps,interval,10,8,4023,7222,0.7951777280636341
venn_synchronized_retargeting,synchronized_retargeting,daily_full_venn,weeks_7_13__10_edps,interval,10,7,4528,4751,0.049249116607773855
venn_synchronized_retargeting,synchronized_retargeting,daily_full_venn,noncontiguous__10_edps,noncontiguous,10,6,2865,2888,0.008027923211169284
venn_synchronized_retargeting,synchronized_retargeting,daily_full_venn,noncontiguous__2_edps,noncontiguous,2,6,1012,1012,0.0
venn_synchronized_retargeting,synchronized_retargeting,cumulative_full_venn_recent,weeks_1_3__2_edps,prefix,2,3,0,0,0.0
venn_synchronized_retargeting,synchronized_retargeting,cumulative_full_venn_recent,weeks_1_12__2_edps,prefix,2,12,2076,2076,0.0
venn_synchronized_retargeting,synchronized_retargeting,cumulative_full_venn_recent,weeks_5_12__2_edps,interval,2,8,2076,2076,0.0
venn_synchronized_retargeting,synchronized_retargeting,cumulative_full_venn_recent,weeks_1_3__5_edps,prefix,5,3,0,0,0.0
venn_synchronized_retargeting,synchronized_retargeting,cumulative_full_venn_recent,weeks_1_12__5_edps,prefix,5,12,2853,2853,0.0
venn_synchronized_retargeting,synchronized_retargeting,cumulative_full_venn_recent,weeks_7_13__5_edps,interval,5,7,2849,2813,0.012636012636012635
venn_synchronized_retargeting,synchronized_retargeting,cumulative_full_venn_recent,all_weeks__5_edps,prefix,5,13,3180,3180,0.0
venn_synchronized_retargeting,synchronized_retargeting,cumulative_full_venn_recent,noncontiguous__5_edps,noncontiguous,5,6,1937,1935,0.0010325245224574084
venn_synchronized_retargeting,synchronized_retargeting,cumulative_full_venn_recent,weeks_1_3__10_edps,prefix,10,3,0,0,0.0
venn_synchronized_retargeting,synchronized_retargeting,cumulative_full_venn_recent,weeks_1_12__10_edps,prefix,10,12,4023,4023,0.0
venn_synchronized_retargeting,synchronized_retargeting,cumulative_full_venn_recent,all_weeks__10_edps,prefix,10,13,4593,4593,0.0
venn_synchronized_retargeting,synchronized_retargeting,cumulative_full_venn_recent,weeks_5_12__10_edps,interval,10,8,4023,4023,0.0
venn_synchronized_retargeting,synchronized_retargeting,cumulative_full_venn_recent,weeks_7_13__10_edps,interval,10,7,4528,4499,0.006404593639575972
venn_synchronized_retargeting,synchronized_retargeting,cumulative_full_venn_recent,noncontiguous__10_edps,noncontiguous,10,6,2865,2852,0.004537521815008726
venn_synchronized_retargeting,synchronized_retargeting,cumulative_full_venn_recent,noncontiguous__2_edps,noncontiguous,2,6,1012,1010,0.001976284584980237
venn_synchronized_retargeting,synchronized_retargeting,cumulative_full_venn_oldest,weeks_1_3__2_edps,prefix,2,3,0,0,0.0
venn_synchronized_retargeting,synchronized_retargeting,cumulative_full_venn_oldest,weeks_1_12__2_edps,prefix,2,12,2076,2076,0.0
venn_synchronized_retargeting,synchronized_retargeting,cumulative_full_venn_oldest,weeks_5_12__2_edps,interval,2,8,2076,2076,0.0
venn_synchronized_retargeting,synchronized_retargeting,cumulative_full_venn_oldest,weeks_1_3__5_edps,prefix,5,3,0,0,0.0
venn_synchronized_retargeting,synchronized_retargeting,cumulative_full_venn_oldest,weeks_1_12__5_edps,prefix,5,12,2853,2853,0.0
venn_synchronized_retargeting,synchronized_retargeting,cumulative_full_venn_oldest,weeks_7_13__5_edps,interval,5,7,2849,2813,0.012636012636012635
venn_synchronized_retargeting,synchronized_retargeting,cumulative_full_venn_oldest,all_weeks__5_edps,prefix,5,13,3180,3180,0.0
venn_synchronized_retargeting,synchronized_retargeting,cumulative_full_venn_oldest,noncontiguous__5_edps,noncontiguous,5,6,1937,1935,0.0010325245224574084
venn_synchronized_retargeting,synchronized_retargeting,cumulative_full_venn_oldest,weeks_1_3__10_edps,prefix,10,3,0,0,0.0
venn_synchronized_retargeting,synchronized_retargeting,cumulative_full_venn_oldest,weeks_1_12__10_edps,prefix,10,12,4023,4023,0.0
venn_synchronized_retargeting,synchronized_retargeting,cumulative_full_venn_oldest,all_weeks__10_edps,prefix,10,13,4593,4593,0.0
venn_synchronized_retargeting,synchronized_retargeting,cumulative_full_venn_oldest,weeks_5_12__10_edps,interval,10,8,4023,4023,0.0
venn_synchronized_retargeting,synchronized_retargeting,cumulative_full_venn_oldest,weeks_7_13__10_edps,interval,10,7,4528,4499,0.006404593639575972
venn_synchronized_retargeting,synchronized_retargeting,cumulative_full_venn_oldest,noncontiguous__10_edps,noncontiguous,10,6,2865,2851,0.004886561954624782
venn_synchronized_retargeting,synchronized_retargeting,cumulative_full_venn_oldest,noncontiguous__2_edps,noncontiguous,2,6,1012,1010,0.001976284584980237
venn_shared_seed_then_expansion,shared_seed_then_expansion,daily_full_venn,weeks_1_3__2_edps,prefix,2,3,1568,2292,0.461734693877551
venn_shared_seed_then_expansion,shared_seed_then_expansion,daily_full_venn,weeks_1_12__2_edps,prefix,2,12,4352,5163,0.18635110294117646
venn_shared_seed_then_expansion,shared_seed_then_expansion,daily_full_venn,weeks_5_12__2_edps,interval,2,8,2784,2871,0.03125
venn_shared_seed_then_expansion,shared_seed_then_expansion,daily_full_venn,weeks_1_3__5_edps,prefix,5,3,1619,3888,1.4014823965410748
venn_shared_seed_then_expansion,shared_seed_then_expansion,daily_full_venn,weeks_1_12__5_edps,prefix,5,12,7659,10800,0.4101057579318449
venn_shared_seed_then_expansion,shared_seed_then_expansion,daily_full_venn,weeks_7_13__5_edps,interval,5,7,7217,8627,0.19537203824303728
venn_shared_seed_then_expansion,shared_seed_then_expansion,daily_full_venn,all_weeks__5_edps,prefix,5,13,8836,12515,0.4163648709823449
venn_shared_seed_then_expansion,shared_seed_then_expansion,daily_full_venn,noncontiguous__5_edps,noncontiguous,5,6,4916,6040,0.22864117168429618
venn_shared_seed_then_expansion,shared_seed_then_expansion,daily_full_venn,weeks_1_3__10_edps,prefix,10,3,1620,4668,1.8814814814814815
venn_shared_seed_then_expansion,shared_seed_then_expansion,daily_full_venn,weeks_1_12__10_edps,prefix,10,12,11468,17823,0.5541506801534706
venn_shared_seed_then_expansion,shared_seed_then_expansion,daily_full_venn,all_weeks__10_edps,prefix,10,13,12865,21052,0.6363777691410805
venn_shared_seed_then_expansion,shared_seed_then_expansion,daily_full_venn,weeks_5_12__10_edps,interval,10,8,9848,13155,0.335804224207961
venn_shared_seed_then_expansion,shared_seed_then_expansion,daily_full_venn,weeks_7_13__10_edps,interval,10,7,11245,16384,0.457003112494442
venn_shared_seed_then_expansion,shared_seed_then_expansion,daily_full_venn,noncontiguous__10_edps,noncontiguous,10,6,7608,9695,0.27431650893796006
venn_shared_seed_then_expansion,shared_seed_then_expansion,daily_full_venn,noncontiguous__2_edps,noncontiguous,2,6,2708,2969,0.09638109305760709
venn_shared_seed_then_expansion,shared_seed_then_expansion,cumulative_full_venn_recent,weeks_1_3__2_edps,prefix,2,3,1568,1568,0.0
venn_shared_seed_then_expansion,shared_seed_then_expansion,cumulative_full_venn_recent,weeks_1_12__2_edps,prefix,2,12,4352,4352,0.0
venn_shared_seed_then_expansion,shared_seed_then_expansion,cumulative_full_venn_recent,weeks_5_12__2_edps,interval,2,8,2784,2784,0.0
venn_shared_seed_then_expansion,shared_seed_then_expansion,cumulative_full_venn_recent,weeks_1_3__5_edps,prefix,5,3,1619,1619,0.0
venn_shared_seed_then_expansion,shared_seed_then_expansion,cumulative_full_venn_recent,weeks_1_12__5_edps,prefix,5,12,7659,7659,0.0
venn_shared_seed_then_expansion,shared_seed_then_expansion,cumulative_full_venn_recent,weeks_7_13__5_edps,interval,5,7,7217,7217,0.0
venn_shared_seed_then_expansion,shared_seed_then_expansion,cumulative_full_venn_recent,all_weeks__5_edps,prefix,5,13,8836,8836,0.0
venn_shared_seed_then_expansion,shared_seed_then_expansion,cumulative_full_venn_recent,noncontiguous__5_edps,noncontiguous,5,6,4916,4670,0.0500406834825061
venn_shared_seed_then_expansion,shared_seed_then_expansion,cumulative_full_venn_recent,weeks_1_3__10_edps,prefix,10,3,1620,1620,0.0
venn_shared_seed_then_expansion,shared_seed_then_expansion,cumulative_full_venn_recent,weeks_1_12__10_edps,prefix,10,12,11468,11468,0.0
venn_shared_seed_then_expansion,shared_seed_then_expansion,cumulative_full_venn_recent,all_weeks__10_edps,prefix,10,13,12865,12865,0.0
venn_shared_seed_then_expansion,shared_seed_then_expansion,cumulative_full_venn_recent,weeks_5_12__10_edps,interval,10,8,9848,9848,0.0
venn_shared_seed_then_expansion,shared_seed_then_expansion,cumulative_full_venn_recent,weeks_7_13__10_edps,interval,10,7,11245,11245,0.0
venn_shared_seed_then_expansion,shared_seed_then_expansion,cumulative_full_venn_recent,noncontiguous__10_edps,noncontiguous,10,6,7608,7033,0.07557833859095689
venn_shared_seed_then_expansion,shared_seed_then_expansion,cumulative_full_venn_recent,noncontiguous__2_edps,noncontiguous,2,6,2708,2690,0.0066469719350073855
venn_shared_seed_then_expansion,shared_seed_then_expansion,cumulative_full_venn_oldest,weeks_1_3__2_edps,prefix,2,3,1568,1568,0.0
venn_shared_seed_then_expansion,shared_seed_then_expansion,cumulative_full_venn_oldest,weeks_1_12__2_edps,prefix,2,12,4352,4352,0.0
venn_shared_seed_then_expansion,shared_seed_then_expansion,cumulative_full_venn_oldest,weeks_5_12__2_edps,interval,2,8,2784,2784,0.0
venn_shared_seed_then_expansion,shared_seed_then_expansion,cumulative_full_venn_oldest,weeks_1_3__5_edps,prefix,5,3,1619,1619,0.0
venn_shared_seed_then_expansion,shared_seed_then_expansion,cumulative_full_venn_oldest,weeks_1_12__5_edps,prefix,5,12,7659,7659,0.0
venn_shared_seed_then_expansion,shared_seed_then_expansion,cumulative_full_venn_oldest,weeks_7_13__5_edps,interval,5,7,7217,7217,0.0
venn_shared_seed_then_expansion,shared_seed_then_expansion,cumulative_full_venn_oldest,all_weeks__5_edps,prefix,5,13,8836,8836,0.0
venn_shared_seed_then_expansion,shared_seed_then_expansion,cumulative_full_venn_oldest,noncontiguous__5_edps,noncontiguous,5,6,4916,4628,0.05858421480878763
venn_shared_seed_then_expansion,shared_seed_then_expansion,cumulative_full_venn_oldest,weeks_1_3__10_edps,prefix,10,3,1620,1620,0.0
venn_shared_seed_then_expansion,shared_seed_then_expansion,cumulative_full_venn_oldest,weeks_1_12__10_edps,prefix,10,12,11468,11468,0.0
venn_shared_seed_then_expansion,shared_seed_then_expansion,cumulative_full_venn_oldest,all_weeks__10_edps,prefix,10,13,12865,12865,0.0
venn_shared_seed_then_expansion,shared_seed_then_expansion,cumulative_full_venn_oldest,weeks_5_12__10_edps,interval,10,8,9848,9848,0.0
venn_shared_seed_then_expansion,shared_seed_then_expansion,cumulative_full_venn_oldest,weeks_7_13__10_edps,interval,10,7,11245,11245,0.0
venn_shared_seed_then_expansion,shared_seed_then_expansion,cumulative_full_venn_oldest,noncontiguous__10_edps,noncontiguous,10,6,7608,6727,0.11579915878023134
venn_shared_seed_then_expansion,shared_seed_then_expansion,cumulative_full_venn_oldest,noncontiguous__2_edps,noncontiguous,2,6,2708,2677,0.011447562776957163
