campaign,scenario,half_saturation,day,raw_union,online_union,truth_union,raw_error,online_error,downward_step
provider_eval_broad_awareness_control,broad_awareness_control,existing_vid,1,61789835.35104316,61789835.35104316,60630000.0,0.019129727050027336,0.019129727050027336,0.0
provider_eval_broad_awareness_control,broad_awareness_control,existing_vid,2,111285466.25504832,111285466.25504832,108360000.0,0.026997658315322255,0.026997658315322255,0.0
provider_eval_broad_awareness_control,broad_awareness_control,existing_vid,3,144100760.6467638,144100760.6467638,139605000.0,0.03220343574201355,0.03220343574201355,0.0
provider_eval_broad_awareness_control,broad_awareness_control,existing_vid,4,159639538.40672383,159639538.40672383,156360000.0,0.02097427990997587,0.02097427990997587,0.0
provider_eval_broad_awareness_control,broad_awareness_control,existing_vid,5,166332763.88835153,166332763.88835153,163155000.0,0.019476962939238944,0.019476962939238944,0.0
provider_eval_broad_awareness_control,broad_awareness_control,existing_vid,6,171264303.39745298,171264303.39745298,168420000.0,0.016888156973358152,0.016888156973358152,0.0
provider_eval_broad_awareness_control,broad_awareness_control,existing_vid,7,175392706.0398784,175392706.0398784,173355000.0,0.011754527068030332,0.011754527068030332,0.0
provider_eval_broad_awareness_control,broad_awareness_control,existing_vid,8,178084560.49701375,178084560.49701375,176955000.0,0.006383320601360503,0.006383320601360503,0.0
provider_eval_broad_awareness_control,broad_awareness_control,existing_vid,9,179226954.0872599,179226954.0872599,178905000.0,0.0017995812708414445,0.0017995812708414445,0.0
provider_eval_broad_awareness_control,broad_awareness_control,existing_vid,10,179721380.9848904,179721380.9848904,179565000.0,0.0008708878951377015,0.0008708878951377015,0.0
provider_eval_broad_awareness_control,broad_awareness_control,existing_vid,11,179878316.92507118,179878316.92507118,179820000.0,0.00032430722428639677,0.00032430722428639677,0.0
provider_eval_broad_awareness_control,broad_awareness_control,existing_vid,12,179932922.1080929,179932922.1080929,179850000.0,0.000461062597124849,0.000461062597124849,0.0
provider_eval_broad_awareness_control,broad_awareness_control,existing_vid,13,179951239.9754979,179951239.9754979,179865000.0,0.00047947057792178266,0.00047947057792178266,0.0
provider_eval_broad_awareness_control,broad_awareness_control,5.0,1,58925705.39556685,58925705.39556685,60630000.0,0.0281097576188875,0.0281097576188875,0.0
provider_eval_broad_awareness_control,broad_awareness_control,5.0,2,101225230.80600774,101225230.80600774,108360000.0,0.06584320038752545,0.06584320038752545,0.0
provider_eval_broad_awareness_control,broad_awareness_control,5.0,3,125885722.19294378,125885722.19294378,139605000.0,0.09827210921568869,0.09827210921568869,0.0
provider_eval_broad_awareness_control,broad_awareness_control,5.0,4,138017550.21478254,138017550.21478254,156360000.0,0.11730909302390294,0.11730909302390294,0.0
provider_eval_broad_awareness_control,broad_awareness_control,5.0,5,141657135.16411474,141657135.16411474,163155000.0,0.1317634447971883,0.1317634447971883,0.0
provider_eval_broad_awareness_control,broad_awareness_control,5.0,6,143984037.92704365,143984037.92704365,168420000.0,0.14508943161712595,0.14508943161712595,0.0
provider_eval_broad_awareness_control,broad_awareness_control,5.0,7,146100423.85944843,146100423.85944843,173355000.0,0.15721828698653956,0.15721828698653956,0.0
provider_eval_broad_awareness_control,broad_awareness_control,5.0,8,144313306.68539375,146100423.85944843,176955000.0,0.18446324384508067,0.1743639690347917,0.012232114916887067
provider_eval_broad_awareness_control,broad_awareness_control,5.0,9,127198215.43795386,146100423.85944843,178905000.0,0.28901810772223324,0.1833631041086139,0.11859676450177373
provider_eval_broad_awareness_control,broad_awareness_control,5.0,10,165213306.06822425,165213306.06822425,179565000.0,0.07992478451689221,0.07992478451689221,0.0
provider_eval_broad_awareness_control,broad_awareness_control,5.0,11,179832187.79275772,179832187.79275772,179820000.0,6.777773750261236e-05,6.777773750261236e-05,0.0
provider_eval_broad_awareness_control,broad_awareness_control,5.0,12,178938605.00592187,179832187.79275772,179850000.0,0.005067528463042144,9.90392396012246e-05,0.004968981347575175
provider_eval_broad_awareness_control,broad_awareness_control,5.0,13,146348485.98294187,179832187.79275772,179865000.0,0.1863426126097803,0.00018242686038017538,0.182130172647213
provider_eval_broad_awareness_control,broad_awareness_control,20.0,1,60330946.72844538,60330946.72844538,60630000.0,0.004932430670536353,0.004932430670536353,0.0
provider_eval_broad_awareness_control,broad_awareness_control,20.0,2,103965308.70151876,103965308.70151876,108360000.0,0.040556398103370625,0.040556398103370625,0.0
provider_eval_broad_awareness_control,broad_awareness_control,20.0,3,129137476.6169382,129137476.6169382,139605000.0,0.0749795736761706,0.0749795736761706,0.0
provider_eval_broad_awareness_control,broad_awareness_control,20.0,4,141097154.31839377,141097154.31839377,156360000.0,0.09761349246358553,0.09761349246358553,0.0
provider_eval_broad_awareness_control,broad_awareness_control,20.0,5,145031677.84820014,145031677.84820014,163155000.0,0.1110803968729114,0.1110803968729114,0.0
provider_eval_broad_awareness_control,broad_awareness_control,20.0,6,148203391.87261638,148203391.87261638,168420000.0,0.12003686098672141,0.12003686098672141,0.0
provider_eval_broad_awareness_control,broad_awareness_control,20.0,7,151710739.7816,151710739.7816,173355000.0,0.12485512513858846,0.12485512513858846,0.0
provider_eval_broad_awareness_control,broad_awareness_control,20.0,8,159150759.19780493,159150759.19780493,176955000.0,0.10061451104628336,0.10061451104628336,0.0
provider_eval_broad_awareness_control,broad_awareness_control,20.0,9,133767312.71564442,159150759.19780493,178905000.0,0.25229975285405987,0.11041748862354363,0.15949309076566823
provider_eval_broad_awareness_control,broad_awareness_control,20.0,10,174472032.0402034,174472032.0402034,179565000.0,0.028362809900574208,0.028362809900574208,0.0
provider_eval_broad_awareness_control,broad_awareness_control,20.0,11,179999994.9256949,179999994.9256949,179820000.0,0.00100097278219838,0.00100097278219838,0.0
provider_eval_broad_awareness_control,broad_awareness_control,20.0,12,118385878.2246044,179999994.9256949,179850000.0,0.34175213664384546,0.000834000142868572,0.34230065798904713
provider_eval_broad_awareness_control,broad_awareness_control,20.0,13,159947608.50029048,179999994.9256949,179865000.0,0.11073522641819986,0.0007505347104490183,0.0
provider_eval_broad_awareness_control,broad_awareness_control,50.0,1,61018701.05400023,61018701.05400023,60630000.0,0.006411035032166067,0.006411035032166067,0.0
provider_eval_broad_awareness_control,broad_awareness_control,50.0,2,106177353.52349874,106177353.52349874,108360000.0,0.020142547771329424,0.020142547771329424,0.0
provider_eval_broad_awareness_control,broad_awareness_control,50.0,3,132404233.51895683,132404233.51895683,139605000.0,0.0515795743780178,0.0515795743780178,0.0
provider_eval_broad_awareness_control,broad_awareness_control,50.0,4,144393614.5156047,144393614.5156047,156360000.0,0.07653098928367419,0.07653098928367419,0.0
provider_eval_broad_awareness_control,broad_awareness_control,50.0,5,148728494.7341564,148728494.7341564,163155000.0,0.08842208492441911,0.08842208492441911,0.0
provider_eval_broad_awareness_control,broad_awareness_control,50.0,6,152607683.09091315,152607683.09091315,168420000.0,0.09388621843656841,0.09388621843656841,0.0
provider_eval_broad_awareness_control,broad_awareness_control,50.0,7,156872515.86678627,156872515.86678627,173355000.0,0.0950793696934829,0.0950793696934829,0.0
provider_eval_broad_awareness_control,broad_awareness_control,50.0,8,159920646.55783057,159920646.55783057,176955000.0,0.09626375882099646,0.09626375882099646,0.0
provider_eval_broad_awareness_control,broad_awareness_control,50.0,9,146759800.18161464,159920646.55783057,178905000.0,0.1796774814476139,0.10611415802895072,0.08229610534657703
provider_eval_broad_awareness_control,broad_awareness_control,50.0,10,179997954.51873764,179997954.51873764,179565000.0,0.002411129778841333,0.002411129778841333,0.0
provider_eval_broad_awareness_control,broad_awareness_control,50.0,11,171477183.75151333,179997954.51873764,179820000.0,0.04639537453279206,0.0009896258410501833,0.047338153314055054
provider_eval_broad_awareness_control,broad_awareness_control,50.0,12,123919415.83724868,179997954.51873764,179850000.0,0.31098462142202565,0.0008226550944545119,0.27734166653436737
provider_eval_broad_awareness_control,broad_awareness_control,50.0,13,179999932.2249524,179999932.2249524,179865000.0,0.0007501861115414324,0.0007501861115414324,0.0
provider_eval_broad_awareness_control,broad_awareness_control,100.0,1,61351173.98687059,61351173.98687059,60630000.0,0.011894672387771513,0.011894672387771513,0.0
provider_eval_broad_awareness_control,broad_awareness_control,100.0,2,107758963.39822492,107758963.39822492,108360000.0,0.005546664837348468,0.005546664837348468,0.0
provider_eval_broad_awareness_control,broad_awareness_control,100.0,3,135166933.6919512,135166933.6919512,139605000.0,0.03179016731527391,0.03179016731527391,0.0
provider_eval_broad_awareness_control,broad_awareness_control,100.0,4,147393218.67436486,147393218.67436486,156360000.0,0.0573470281762288,0.0573470281762288,0.0
provider_eval_broad_awareness_control,broad_awareness_control,100.0,5,152121375.23250622,152121375.23250622,163155000.0,0.06762664195086748,0.06762664195086748,0.0
provider_eval_broad_awareness_control,broad_awareness_control,100.0,6,156472249.24908745,156472249.24908745,168420000.0,0.07094021345987737,0.07094021345987737,0.0
provider_eval_broad_awareness_control,broad_awareness_control,100.0,7,160995777.15177786,160995777.15177786,173355000.0,0.07129429695262401,0.07129429695262401,0.0
provider_eval_broad_awareness_control,broad_awareness_control,100.0,8,164427210.6923159,164427210.6923159,176955000.0,0.07079646976736512,0.07079646976736512,0.0
provider_eval_broad_awareness_control,broad_awareness_control,100.0,9,168542486.05151162,168542486.05151162,178905000.0,0.05792188003962094,0.05792188003962094,0.0
provider_eval_broad_awareness_control,broad_awareness_control,100.0,10,179999999.99973956,179999999.99973956,179565000.0,0.00242252109119014,0.00242252109119014,0.0
provider_eval_broad_awareness_control,broad_awareness_control,100.0,11,152357136.27063084,179999999.99973956,179820000.0,0.15272418935251453,0.00100100099955265,0.15357146516193732
provider_eval_broad_awareness_control,broad_awareness_control,100.0,12,179999999.74000153,179999999.99973956,179850000.0,0.0008340269113234888,0.0008340283555160273,0.0
provider_eval_broad_awareness_control,broad_awareness_control,100.0,13,179999999.95197707,179999999.99973956,179865000.0,0.0007505626551973655,0.000750562920743655,0.0
provider_eval_broad_awareness_control,broad_awareness_control,250.0,1,61596991.97045651,61596991.97045651,60630000.0,0.015949067630818256,0.015949067630818256,0.0
provider_eval_broad_awareness_control,broad_awareness_control,250.0,2,109402189.68338099,109402189.68338099,108360000.0,0.00961784499244178,0.00961784499244178,0.0
provider_eval_broad_awareness_control,broad_awareness_control,250.0,3,138612256.81540394,138612256.81540394,139605000.0,0.007111086168805284,0.007111086168805284,0.0
provider_eval_broad_awareness_control,broad_awareness_control,250.0,4,151516686.1240818,151516686.1240818,156360000.0,0.030975402122782103,0.030975402122782103,0.0
provider_eval_broad_awareness_control,broad_awareness_control,250.0,5,156811974.32521605,156811974.32521605,163155000.0,0.03887729873300815,0.03887729873300815,0.0
provider_eval_broad_awareness_control,broad_awareness_control,250.0,6,161572069.27891815,161572069.27891815,168420000.0,0.04065984278044088,0.04065984278044088,0.0
provider_eval_broad_awareness_control,broad_awareness_control,250.0,7,166167307.59804827,166167307.59804827,173355000.0,0.04146227338093352,0.04146227338093352,0.0
provider_eval_broad_awareness_control,broad_awareness_control,250.0,8,169654830.67045245,169654830.67045245,176955000.0,0.04125438291965502,0.04125438291965502,0.0
provider_eval_broad_awareness_control,broad_awareness_control,250.0,9,171009157.24096784,171009157.24096784,178905000.0,0.04413427662185048,0.04413427662185048,0.0
provider_eval_broad_awareness_control,broad_awareness_control,250.0,10,174907291.49110588,174907291.49110588,179565000.0,0.025938843922223793,0.025938843922223793,0.0
provider_eval_broad_awareness_control,broad_awareness_control,250.0,11,179999999.9997718,179999999.9997718,179820000.0,0.0010010009997319742,0.0010010009997319742,0.0
provider_eval_broad_awareness_control,broad_awareness_control,250.0,12,179999999.9965199,179999999.9997718,179850000.0,0.0008340283376140862,0.0008340283556953217,1.80661678314438e-11
provider_eval_broad_awareness_control,broad_awareness_control,250.0,13,179999999.99999812,179999999.99999812,179865000.0,0.0007505629221812051,0.0007505629221812051,0.0
provider_eval_broad_awareness_control,broad_awareness_control,500.0,1,61689922.23347369,61689922.23347369,60630000.0,0.01748181153675884,0.01748181153675884,0.0
provider_eval_broad_awareness_control,broad_awareness_control,500.0,2,110214338.04513574,110214338.04513574,108360000.0,0.01711275420021905,0.01711275420021905,0.0
provider_eval_broad_awareness_control,broad_awareness_control,500.0,3,140678227.86199757,140678227.86199757,139605000.0,0.007687603323645819,0.007687603323645819,0.0
provider_eval_broad_awareness_control,broad_awareness_control,500.0,4,154279775.66067824,154279775.66067824,156360000.0,0.013304069706585842,0.013304069706585842,0.0
provider_eval_broad_awareness_control,broad_awareness_control,500.0,5,159984842.05669916,159984842.05669916,163155000.0,0.019430345029578272,0.019430345029578272,0.0
provider_eval_broad_awareness_control,broad_awareness_control,500.0,6,164885757.3259812,164885757.3259812,168420000.0,0.020984697031343074,0.020984697031343074,0.0
provider_eval_broad_awareness_control,broad_awareness_control,500.0,7,169420555.8920272,169420555.8920272,173355000.0,0.022695879022657555,0.022695879022657555,0.0
provider_eval_broad_awareness_control,broad_awareness_control,500.0,8,172727182.54161254,172727182.54161254,176955000.0,0.02389204859081385,0.02389204859081385,0.0
provider_eval_broad_awareness_control,broad_awareness_control,500.0,9,174234046.7614622,174234046.7614622,178905000.0,0.026108567332035374,0.026108567332035374,0.0
provider_eval_broad_awareness_control,broad_awareness_control,500.0,10,175457236.1639122,175457236.1639122,179565000.0,0.022876194336801676,0.022876194336801676,0.0
provider_eval_broad_awareness_control,broad_awareness_control,500.0,11,176858284.62061626,176858284.62061626,179820000.0,0.016470444774684366,0.016470444774684366,0.0
provider_eval_broad_awareness_control,broad_awareness_control,500.0,12,178515366.8522618,178515366.8522618,179850000.0,0.007420812609053036,0.007420812609053036,0.0
provider_eval_broad_awareness_control,broad_awareness_control,500.0,13,178945253.39681092,178945253.39681092,179865000.0,0.005113538504929146,0.005113538504929146,0.0
provider_eval_broad_awareness_control,broad_awareness_control,1000.0,1,61738926.05287917,61738926.05287917,60630000.0,0.018290055300662536,0.018290055300662536,0.0
provider_eval_broad_awareness_control,broad_awareness_control,1000.0,2,110708510.921157,110708510.921157,108360000.0,0.021673227400858273,0.021673227400858273,0.0
provider_eval_broad_awareness_control,broad_awareness_control,1000.0,3,142127940.22376043,142127940.22376043,139605000.0,0.018071990428426103,0.018071990428426103,0.0
provider_eval_broad_awareness_control,broad_awareness_control,1000.0,4,156403170.7214948,156403170.7214948,156360000.0,0.00027609824440262147,0.00027609824440262147,0.0
provider_eval_broad_awareness_control,broad_awareness_control,1000.0,5,162456813.1748752,162456813.1748752,163155000.0,0.004279285496152739,0.004279285496152739,0.0
provider_eval_broad_awareness_control,broad_awareness_control,1000.0,6,167405151.6891877,167405151.6891877,168420000.0,0.0060256995060699115,0.0060256995060699115,0.0
provider_eval_broad_awareness_control,broad_awareness_control,1000.0,7,171832832.9336732,171832832.9336732,173355000.0,0.00878063549552535,0.00878063549552535,0.0
provider_eval_broad_awareness_control,broad_awareness_control,1000.0,8,174957867.77670515,174957867.77670515,176955000.0,0.01128610224800008,0.01128610224800008,0.0
provider_eval_broad_awareness_control,broad_awareness_control,1000.0,9,176428334.5752965,176428334.5752965,178905000.0,0.013843466782390143,0.013843466782390143,0.0
provider_eval_broad_awareness_control,broad_awareness_control,1000.0,10,177419507.79506254,177419507.79506254,179565000.0,0.011948276139211194,0.011948276139211194,0.0
provider_eval_broad_awareness_control,broad_awareness_control,1000.0,11,178039557.36748898,178039557.36748898,179820000.0,0.009901249207602157,0.009901249207602157,0.0
provider_eval_broad_awareness_control,broad_awareness_control,1000.0,12,178335730.1614777,178335730.1614777,179850000.0,0.008419626569487268,0.008419626569487268,0.0
provider_eval_broad_awareness_control,broad_awareness_control,1000.0,13,178462660.00133058,178462660.00133058,179865000.0,0.007796625239315129,0.007796625239315129,0.0
provider_eval_traffic_optimization,traffic_optimization,existing_vid,1,27356731.305423338,27356731.305423338,26490000.0,0.03271918857770245,0.03271918857770245,0.0
provider_eval_traffic_optimization,traffic_optimization,existing_vid,2,57415951.13403655,57415951.13403655,54570000.0,0.05215230225465546,0.05215230225465546,0.0
provider_eval_traffic_optimization,traffic_optimization,existing_vid,3,86384079.51645927,86384079.51645927,80505000.0,0.07302750781267339,0.07302750781267339,0.0
provider_eval_traffic_optimization,traffic_optimization,existing_vid,4,109855946.83529396,109855946.83529396,100620000.0,0.09179036807090006,0.09179036807090006,0.0
provider_eval_traffic_optimization,traffic_optimization,existing_vid,5,127876685.89882475,127876685.89882475,116640000.0,0.09633647032600096,0.09633647032600096,0.0
provider_eval_traffic_optimization,traffic_optimization,existing_vid,6,138086850.6468208,138086850.6468208,125550000.0,0.09985544123314069,0.09985544123314069,0.0
provider_eval_traffic_optimization,traffic_optimization,existing_vid,7,144504303.44602025,144504303.44602025,130950000.0,0.10350747190546197,0.10350747190546197,0.0
provider_eval_traffic_optimization,traffic_optimization,existing_vid,8,148279278.39104795,148279278.39104795,134055000.0,0.10610777957590507,0.10610777957590507,0.0
provider_eval_traffic_optimization,traffic_optimization,existing_vid,9,150760406.41617137,150760406.41617137,136155000.0,0.10727043748794662,0.10727043748794662,0.0
provider_eval_traffic_optimization,traffic_optimization,existing_vid,10,153145270.64235333,153145270.64235333,138270000.0,0.10758133103604055,0.10758133103604055,0.0
provider_eval_traffic_optimization,traffic_optimization,existing_vid,11,155553282.74243852,155553282.74243852,140310000.0,0.10864003094888836,0.10864003094888836,0.0
provider_eval_traffic_optimization,traffic_optimization,existing_vid,12,157560676.00275353,157560676.00275353,142275000.0,0.1074375399947533,0.1074375399947533,0.0
provider_eval_traffic_optimization,traffic_optimization,existing_vid,13,158928478.4832579,158928478.4832579,143625000.0,0.10655163434818374,0.10655163434818374,0.0
provider_eval_traffic_optimization,traffic_optimization,5.0,1,27174782.58577451,27174782.58577451,26490000.0,0.025850607239505892,0.025850607239505892,0.0
provider_eval_traffic_optimization,traffic_optimization,5.0,2,56244036.1167413,56244036.1167413,54570000.0,0.0306768575543577,0.0306768575543577,0.0
provider_eval_traffic_optimization,traffic_optimization,5.0,3,82327564.05627294,82327564.05627294,80505000.0,0.022639141125059797,0.022639141125059797,0.0
provider_eval_traffic_optimization,traffic_optimization,5.0,4,102807397.14710754,102807397.14710754,100620000.0,0.021739188502360778,0.021739188502360778,0.0
provider_eval_traffic_optimization,traffic_optimization,5.0,5,117791409.27080375,117791409.27080375,116640000.0,0.00987147865915423,0.00987147865915423,0.0
provider_eval_traffic_optimization,traffic_optimization,5.0,6,124913232.08771849,124913232.08771849,125550000.0,0.0050718272583155175,0.0050718272583155175,0.0
provider_eval_traffic_optimization,traffic_optimization,5.0,7,128888505.7311081,128888505.7311081,130950000.0,0.01574260610073998,0.01574260610073998,0.0
provider_eval_traffic_optimization,traffic_optimization,5.0,8,131483319.31695026,131483319.31695026,134055000.0,0.019183772951771573,0.019183772951771573,0.0
provider_eval_traffic_optimization,traffic_optimization,5.0,9,133830826.21983479,133830826.21983479,136155000.0,0.017070058243657673,0.017070058243657673,0.0
provider_eval_traffic_optimization,traffic_optimization,5.0,10,135869770.25839037,135869770.25839037,138270000.0,0.01735900586974494,0.01735900586974494,0.0
provider_eval_traffic_optimization,traffic_optimization,5.0,11,138178599.174762,138178599.174762,140310000.0,0.015190655158135481,0.015190655158135481,0.0
provider_eval_traffic_optimization,traffic_optimization,5.0,12,139699077.73361415,139699077.73361415,142275000.0,0.01810523469608753,0.01810523469608753,0.0
provider_eval_traffic_optimization,traffic_optimization,5.0,13,141077136.52428877,141077136.52428877,143625000.0,0.017739693477536823,0.017739693477536823,0.0
provider_eval_traffic_optimization,traffic_optimization,20.0,1,27278684.66694647,27278684.66694647,26490000.0,0.029772920609530795,0.029772920609530795,0.0
provider_eval_traffic_optimization,traffic_optimization,20.0,2,56756449.15063624,56756449.15063624,54570000.0,0.04006687100304638,0.04006687100304638,0.0
provider_eval_traffic_optimization,traffic_optimization,20.0,3,83532849.85734662,83532849.85734662,80505000.0,0.037610705637496106,0.037610705637496106,0.0
provider_eval_traffic_optimization,traffic_optimization,20.0,4,104408296.30169192,104408296.30169192,100620000.0,0.03764953589437408,0.03764953589437408,0.0
provider_eval_traffic_optimization,traffic_optimization,20.0,5,119716704.78401917,119716704.78401917,116640000.0,0.026377784499478498,0.026377784499478498,0.0
provider_eval_traffic_optimization,traffic_optimization,20.0,6,127130527.2653438,127130527.2653438,125550000.0,0.012588827282706492,0.012588827282706492,0.0
provider_eval_traffic_optimization,traffic_optimization,20.0,7,131335165.54708484,131335165.54708484,130950000.0,0.0029413176562416046,0.0029413176562416046,0.0
provider_eval_traffic_optimization,traffic_optimization,20.0,8,133959348.66438048,133959348.66438048,134055000.0,0.0007135230735110524,0.0007135230735110524,0.0
provider_eval_traffic_optimization,traffic_optimization,20.0,9,136265159.77613747,136265159.77613747,136155000.0,0.0008090762449962998,0.0008090762449962998,0.0
provider_eval_traffic_optimization,traffic_optimization,20.0,10,138301178.08381355,138301178.08381355,138270000.0,0.00022548697341106595,0.00022548697341106595,0.0
provider_eval_traffic_optimization,traffic_optimization,20.0,11,140497562.3125744,140497562.3125744,140310000.0,0.0013367708115913804,0.0013367708115913804,0.0
provider_eval_traffic_optimization,traffic_optimization,20.0,12,141972218.8661374,141972218.8661374,142275000.0,0.002128140107978314,0.002128140107978314,0.0
provider_eval_traffic_optimization,traffic_optimization,20.0,13,143254140.78147626,143254140.78147626,143625000.0,0.002582135551079135,0.002582135551079135,0.0
provider_eval_traffic_optimization,traffic_optimization,50.0,1,27319495.009732783,27319495.009732783,26490000.0,0.0313135149011998,0.0313135149011998,0.0
provider_eval_traffic_optimization,traffic_optimization,50.0,2,57054417.141157985,57054417.141157985,54570000.0,0.04552716036573181,0.04552716036573181,0.0
provider_eval_traffic_optimization,traffic_optimization,50.0,3,84514162.06621626,84514162.06621626,80505000.0,0.04980016230316452,0.04980016230316452,0.0
provider_eval_traffic_optimization,traffic_optimization,50.0,4,105862623.98817708,105862623.98817708,100620000.0,0.05210320004151338,0.05210320004151338,0.0
provider_eval_traffic_optimization,traffic_optimization,50.0,5,121542965.56791052,121542965.56791052,116640000.0,0.0420350271597267,0.0420350271597267,0.0
provider_eval_traffic_optimization,traffic_optimization,50.0,6,129376223.42491186,129376223.42491186,125550000.0,0.03047569434418046,0.03047569434418046,0.0
provider_eval_traffic_optimization,traffic_optimization,50.0,7,133922319.01380056,133922319.01380056,130950000.0,0.022698121525777482,0.022698121525777482,0.0
provider_eval_traffic_optimization,traffic_optimization,50.0,8,136671909.1023041,136671909.1023041,134055000.0,0.019521159988841155,0.019521159988841155,0.0
provider_eval_traffic_optimization,traffic_optimization,50.0,9,138966218.56521472,138966218.56521472,136155000.0,0.02064719301689048,0.02064719301689048,0.0
provider_eval_traffic_optimization,traffic_optimization,50.0,10,141030108.33262354,141030108.33262354,138270000.0,0.01996172946136936,0.01996172946136936,0.0
provider_eval_traffic_optimization,traffic_optimization,50.0,11,143157400.03716737,143157400.03716737,140310000.0,0.020293635786240254,0.020293635786240254,0.0
provider_eval_traffic_optimization,traffic_optimization,50.0,12,144627200.07528108,144627200.07528108,142275000.0,0.0165327715711199,0.0165327715711199,0.0
provider_eval_traffic_optimization,traffic_optimization,50.0,13,145838361.93395486,145838361.93395486,143625000.0,0.01541070101970315,0.01541070101970315,0.0
provider_eval_traffic_optimization,traffic_optimization,100.0,1,27336774.178511232,27336774.178511232,26490000.0,0.0319658051533119,0.0319658051533119,0.0
provider_eval_traffic_optimization,traffic_optimization,100.0,2,57208277.00188674,57208277.00188674,54570000.0,0.04834665570618912,0.04834665570618912,0.0
provider_eval_traffic_optimization,traffic_optimization,100.0,3,85174477.45748988,85174477.45748988,80505000.0,0.058002328519841974,0.058002328519841974,0.0
provider_eval_traffic_optimization,traffic_optimization,100.0,4,106995124.96422134,106995124.96422134,100620000.0,0.06335842739238068,0.06335842739238068,0.0
provider_eval_traffic_optimization,traffic_optimization,100.0,5,123057895.9962009,123057895.9962009,116640000.0,0.05502311382202421,0.05502311382202421,0.0
provider_eval_traffic_optimization,traffic_optimization,100.0,6,131318807.89521739,131318807.89521739,125550000.0,0.04594829068273508,0.04594829068273508,0.0
provider_eval_traffic_optimization,traffic_optimization,100.0,7,136218038.5898216,136218038.5898216,130950000.0,0.04022938976572438,0.04022938976572438,0.0
provider_eval_traffic_optimization,traffic_optimization,100.0,8,139127606.2737801,139127606.2737801,134055000.0,0.037839739463504586,0.037839739463504586,0.0
provider_eval_traffic_optimization,traffic_optimization,100.0,9,141437473.6668432,141437473.6668432,136155000.0,0.03879750039912751,0.03879750039912751,0.0
provider_eval_traffic_optimization,traffic_optimization,100.0,10,143541758.98625654,143541758.98625654,138270000.0,0.038126556637423446,0.038126556637423446,0.0
provider_eval_traffic_optimization,traffic_optimization,100.0,11,145645267.9039773,145645267.9039773,140310000.0,0.0380248585558927,0.0380248585558927,0.0
provider_eval_traffic_optimization,traffic_optimization,100.0,12,147144039.50019073,147144039.50019073,142275000.0,0.03422273414296774,0.03422273414296774,0.0
provider_eval_traffic_optimization,traffic_optimization,100.0,13,148321479.1834229,148321479.1834229,143625000.0,0.032699593966390904,0.032699593966390904,0.0
provider_eval_traffic_optimization,traffic_optimization,250.0,1,27348379.12956381,27348379.12956381,26490000.0,0.032403893150766645,0.032403893150766645,0.0
provider_eval_traffic_optimization,traffic_optimization,250.0,2,57324461.23280808,57324461.23280808,54570000.0,0.05047574185098192,0.05047574185098192,0.0
provider_eval_traffic_optimization,traffic_optimization,250.0,3,85789810.0111887,85789810.0111887,80505000.0,0.06564573642865289,0.06564573642865289,0.0
provider_eval_traffic_optimization,traffic_optimization,250.0,4,108262551.63131814,108262551.63131814,100620000.0,0.07595459780677934,0.07595459780677934,0.0
provider_eval_traffic_optimization,traffic_optimization,250.0,5,124935487.72661784,124935487.72661784,116640000.0,0.07112043661366463,0.07112043661366463,0.0
provider_eval_traffic_optimization,traffic_optimization,250.0,6,133818077.10003151,133818077.10003151,125550000.0,0.06585485543633222,0.06585485543633222,0.0
provider_eval_traffic_optimization,traffic_optimization,250.0,7,139229917.759291,139229917.759291,130950000.0,0.06322961251844973,0.06322961251844973,0.0
provider_eval_traffic_optimization,traffic_optimization,250.0,8,142398477.78426373,142398477.78426373,134055000.0,0.06223921363816143,0.06223921363816143,0.0
provider_eval_traffic_optimization,traffic_optimization,250.0,9,144750834.39305252,144750834.39305252,136155000.0,0.06313271193164055,0.06313271193164055,0.0
provider_eval_traffic_optimization,traffic_optimization,250.0,10,146928606.4693965,146928606.4693965,138270000.0,0.0626210057814168,0.0626210057814168,0.0
provider_eval_traffic_optimization,traffic_optimization,250.0,11,149058613.13569877,149058613.13569877,140310000.0,0.062352028620189334,0.062352028620189334,0.0
provider_eval_traffic_optimization,traffic_optimization,250.0,12,150651456.6356141,150651456.6356141,142275000.0,0.05887511253287012,0.05887511253287012,0.0
provider_eval_traffic_optimization,traffic_optimization,250.0,13,151827564.65865985,151827564.65865985,143625000.0,0.05711098108727482,0.05711098108727482,0.0
provider_eval_traffic_optimization,traffic_optimization,500.0,1,27352495.267235845,27352495.267235845,26490000.0,0.0325592777363475,0.0325592777363475,0.0
provider_eval_traffic_optimization,traffic_optimization,500.0,2,57368601.887223706,57368601.887223706,54570000.0,0.051284623185334534,0.051284623185334534,0.0
provider_eval_traffic_optimization,traffic_optimization,500.0,3,86061351.5438295,86061351.5438295,80505000.0,0.06901871366784051,0.06901871366784051,0.0
provider_eval_traffic_optimization,traffic_optimization,500.0,4,108928951.8698578,108928951.8698578,100620000.0,0.08257753796320615,0.08257753796320615,0.0
provider_eval_traffic_optimization,traffic_optimization,500.0,5,126055033.15231186,126055033.15231186,116640000.0,0.08071873415905231,0.08071873415905231,0.0
provider_eval_traffic_optimization,traffic_optimization,500.0,6,135372267.35649568,135372267.35649568,125550000.0,0.07823390964950759,0.07823390964950759,0.0
provider_eval_traffic_optimization,traffic_optimization,500.0,7,141129898.53392774,141129898.53392774,130950000.0,0.07773882041945582,0.07773882041945582,0.0
provider_eval_traffic_optimization,traffic_optimization,500.0,8,144489907.496552,144489907.496552,134055000.0,0.07784049454740212,0.07784049454740212,0.0
provider_eval_traffic_optimization,traffic_optimization,500.0,9,146878918.84232146,146878918.84232146,136155000.0,0.07876257825508762,0.07876257825508762,0.0
provider_eval_traffic_optimization,traffic_optimization,500.0,10,149116281.66896066,149116281.66896066,138270000.0,0.07844276899515919,0.07844276899515919,0.0
provider_eval_traffic_optimization,traffic_optimization,500.0,11,151304473.21894163,151304473.21894163,140310000.0,0.07835844358165227,0.07835844358165227,0.0
provider_eval_traffic_optimization,traffic_optimization,500.0,12,153000662.16122663,153000662.16122663,142275000.0,0.07538683648727204,0.07538683648727204,0.0
provider_eval_traffic_optimization,traffic_optimization,500.0,13,154207693.6536231,154207693.6536231,143625000.0,0.07368281046909037,0.07368281046909037,0.0
provider_eval_traffic_optimization,traffic_optimization,1000.0,1,27354603.681402832,27354603.681402832,26490000.0,0.032638870570133344,0.032638870570133344,0.0
provider_eval_traffic_optimization,traffic_optimization,1000.0,2,57391826.00770436,57391826.00770436,54570000.0,0.05171020721466671,0.05171020721466671,0.0
provider_eval_traffic_optimization,traffic_optimization,1000.0,3,86215312.53867675,86215312.53867675,80505000.0,0.07093115382493949,0.07093115382493949,0.0
provider_eval_traffic_optimization,traffic_optimization,1000.0,4,109349344.87325247,109349344.87325247,100620000.0,0.08675556423427218,0.08675556423427218,0.0
provider_eval_traffic_optimization,traffic_optimization,1000.0,5,126833768.60144699,126833768.60144699,116640000.0,0.08739513547193918,0.08739513547193918,0.0
provider_eval_traffic_optimization,traffic_optimization,1000.0,6,136496728.14175096,136496728.14175096,125550000.0,0.08719018830546366,0.08719018830546366,0.0
provider_eval_traffic_optimization,traffic_optimization,1000.0,7,142517397.33040348,142517397.33040348,130950000.0,0.08833445842232514,0.08833445842232514,0.0
provider_eval_traffic_optimization,traffic_optimization,1000.0,8,146034172.2620688,146034172.2620688,134055000.0,0.0893601302604812,0.0893601302604812,0.0
provider_eval_traffic_optimization,traffic_optimization,1000.0,9,148455772.94207668,148455772.94207668,136155000.0,0.09034389440032818,0.09034389440032818,0.0
provider_eval_traffic_optimization,traffic_optimization,1000.0,10,150745435.34160072,150745435.34160072,138270000.0,0.09022517785203382,0.09022517785203382,0.0
provider_eval_traffic_optimization,traffic_optimization,1000.0,11,153002887.43122262,153002887.43122262,140310000.0,0.09046317034582438,0.09046317034582438,0.0
provider_eval_traffic_optimization,traffic_optimization,1000.0,12,154803595.74182752,154803595.74182752,142275000.0,0.08805901066123717,0.08805901066123717,0.0
provider_eval_traffic_optimization,traffic_optimization,1000.0,13,156055610.5622803,156055610.5622803,143625000.0,0.0865490726703589,0.0865490726703589,0.0
provider_eval_video_engagement_retargeting,video_engagement_retargeting,existing_vid,1,12344777.369376903,12344777.369376903,11265000.0,0.09585240740141175,0.09585240740141175,0.0
provider_eval_video_engagement_retargeting,video_engagement_retargeting,existing_vid,2,25433579.306314148,25433579.306314148,21255000.0,0.19659276905735817,0.19659276905735817,0.0
provider_eval_video_engagement_retargeting,video_engagement_retargeting,existing_vid,3,38502644.83025981,38502644.83025981,29775000.0,0.2931198935435704,0.2931198935435704,0.0
provider_eval_video_engagement_retargeting,video_engagement_retargeting,existing_vid,4,49927175.39609583,49927175.39609583,35775000.0,0.3955884107923362,0.3955884107923362,0.0
provider_eval_video_engagement_retargeting,video_engagement_retargeting,existing_vid,5,59437586.55396339,59437586.55396339,40695000.0,0.4605623922831648,0.4605623922831648,0.0
provider_eval_video_engagement_retargeting,video_engagement_retargeting,existing_vid,6,67722866.79597855,67722866.79597855,44355000.0,0.5268372629011058,0.5268372629011058,0.0
provider_eval_video_engagement_retargeting,video_engagement_retargeting,existing_vid,7,73392897.35914229,73392897.35914229,46695000.0,0.5717506662199869,0.5717506662199869,0.0
provider_eval_video_engagement_retargeting,video_engagement_retargeting,existing_vid,8,78464918.72900511,78464918.72900511,48525000.0,0.6169998707677509,0.6169998707677509,0.0
provider_eval_video_engagement_retargeting,video_engagement_retargeting,existing_vid,9,82663296.7369689,82663296.7369689,50235000.0,0.6455319346465394,0.6455319346465394,0.0
provider_eval_video_engagement_retargeting,video_engagement_retargeting,existing_vid,10,88788429.48616415,88788429.48616415,52770000.0,0.6825550404806547,0.6825550404806547,0.0
provider_eval_video_engagement_retargeting,video_engagement_retargeting,existing_vid,11,97803747.31760496,97803747.31760496,56505000.0,0.7308865997275455,0.7308865997275455,0.0
provider_eval_video_engagement_retargeting,video_engagement_retargeting,existing_vid,12,108067302.95493072,108067302.95493072,60405000.0,0.7890456577258624,0.7890456577258624,0.0
provider_eval_video_engagement_retargeting,video_engagement_retargeting,existing_vid,13,116100849.38429086,116100849.38429086,63360000.0,0.8323997693227724,0.8323997693227724,0.0
provider_eval_video_engagement_retargeting,video_engagement_retargeting,5.0,1,12229881.341837853,12229881.341837853,11265000.0,0.08565302635045301,0.08565302635045301,0.0
provider_eval_video_engagement_retargeting,video_engagement_retargeting,5.0,2,24444213.11253801,24444213.11253801,21255000.0,0.15004531228125192,0.15004531228125192,0.0
provider_eval_video_engagement_retargeting,video_engagement_retargeting,5.0,3,36041783.60921386,36041783.60921386,29775000.0,0.21047132188795495,0.21047132188795495,0.0
provider_eval_video_engagement_retargeting,video_engagement_retargeting,5.0,4,44492175.583836466,44492175.583836466,35775000.0,0.24366668298634425,0.24366668298634425,0.0
provider_eval_video_engagement_retargeting,video_engagement_retargeting,5.0,5,51415691.12668447,51415691.12668447,40695000.0,0.2634400080276317,0.2634400080276317,0.0
provider_eval_video_engagement_retargeting,video_engagement_retargeting,5.0,6,56961532.862595186,56961532.862595186,44355000.0,0.2842189801058547,0.2842189801058547,0.0
provider_eval_video_engagement_retargeting,video_engagement_retargeting,5.0,7,60751946.4019749,60751946.4019749,46695000.0,0.30103750727004824,0.30103750727004824,0.0
provider_eval_video_engagement_retargeting,video_engagement_retargeting,5.0,8,63855369.34189126,63855369.34189126,48525000.0,0.31592724043052567,0.31592724043052567,0.0
provider_eval_video_engagement_retargeting,video_engagement_retargeting,5.0,9,66409315.24719411,66409315.24719411,50235000.0,0.32197303169491615,0.32197303169491615,0.0
provider_eval_video_engagement_retargeting,video_engagement_retargeting,5.0,10,70253807.46116668,70253807.46116668,52770000.0,0.3313209676173333,0.3313209676173333,0.0
provider_eval_video_engagement_retargeting,video_engagement_retargeting,5.0,11,75032724.4171994,75032724.4171994,56505000.0,0.32789530868417666,0.32789530868417666,0.0
provider_eval_video_engagement_retargeting,video_engagement_retargeting,5.0,12,80097685.7711651,80097685.7711651,60405000.0,0.32601085623979975,0.32601085623979975,0.0
provider_eval_video_engagement_retargeting,video_engagement_retargeting,5.0,13,83799305.13638687,83799305.13638687,63360000.0,0.3225900431879241,0.3225900431879241,0.0
provider_eval_video_engagement_retargeting,video_engagement_retargeting,20.0,1,12307791.855590492,12307791.855590492,11265000.0,0.09256918380741168,0.09256918380741168,0.0
provider_eval_video_engagement_retargeting,video_engagement_retargeting,20.0,2,25014722.693245858,25014722.693245858,21255000.0,0.17688650638653766,0.17688650638653766,0.0
provider_eval_video_engagement_retargeting,video_engagement_retargeting,20.0,3,37174893.632317126,37174893.632317126,29775000.0,0.2485270741332368,0.2485270741332368,0.0
provider_eval_video_engagement_retargeting,video_engagement_retargeting,20.0,4,46455389.10441312,46455389.10441312,35775000.0,0.2985433711925401,0.2985433711925401,0.0
provider_eval_video_engagement_retargeting,video_engagement_retargeting,20.0,5,53867460.33276667,53867460.33276667,40695000.0,0.32368743906540526,0.32368743906540526,0.0
provider_eval_video_engagement_retargeting,video_engagement_retargeting,20.0,6,59894919.63267362,59894919.63267362,44355000.0,0.3503532777065409,0.3503532777065409,0.0
provider_eval_video_engagement_retargeting,video_engagement_retargeting,20.0,7,64049919.129395545,64049919.129395545,46695000.0,0.37166547016587526,0.37166547016587526,0.0
provider_eval_video_engagement_retargeting,video_engagement_retargeting,20.0,8,67408761.44015072,67408761.44015072,48525000.0,0.3891553104616326,0.3891553104616326,0.0
provider_eval_video_engagement_retargeting,video_engagement_retargeting,20.0,9,70084666.9689685,70084666.9689685,50235000.0,0.39513619924292814,0.39513619924292814,0.0
provider_eval_video_engagement_retargeting,video_engagement_retargeting,20.0,10,73929725.46649995,73929725.46649995,52770000.0,0.40098020592192446,0.40098020592192446,0.0
provider_eval_video_engagement_retargeting,video_engagement_retargeting,20.0,11,78736554.21186337,78736554.21186337,56505000.0,0.39344401755355046,0.39344401755355046,0.0
provider_eval_video_engagement_retargeting,video_engagement_retargeting,20.0,12,83924942.36865586,83924942.36865586,60405000.0,0.38937078666759145,0.38937078666759145,0.0
provider_eval_video_engagement_retargeting,video_engagement_retargeting,20.0,13,87602224.706272,87602224.706272,63360000.0,0.3826108697328284,0.3826108697328284,0.0
provider_eval_video_engagement_retargeting,video_engagement_retargeting,50.0,1,12329051.673041403,12329051.673041403,11265000.0,0.0944564290316381,0.0944564290316381,0.0
provider_eval_video_engagement_retargeting,video_engagement_retargeting,50.0,2,25233061.572555333,25233061.572555333,21255000.0,0.1871588601531561,0.1871588601531561,0.0
provider_eval_video_engagement_retargeting,video_engagement_retargeting,50.0,3,37766787.61967936,37766787.61967936,29775000.0,0.2684059653964521,0.2684059653964521,0.0
provider_eval_video_engagement_retargeting,video_engagement_retargeting,50.0,4,47789795.89237131,47789795.89237131,35775000.0,0.33584335128920506,0.33584335128920506,0.0
provider_eval_video_engagement_retargeting,video_engagement_retargeting,50.0,5,55780761.73012139,55780761.73012139,40695000.0,0.3707030772852043,0.3707030772852043,0.0
provider_eval_video_engagement_retargeting,video_engagement_retargeting,50.0,6,62325914.53694026,62325914.53694026,44355000.0,0.4051609635202404,0.4051609635202404,0.0
provider_eval_video_engagement_retargeting,video_engagement_retargeting,50.0,7,66848501.16347286,66848501.16347286,46695000.0,0.4315986971511481,0.4315986971511481,0.0
provider_eval_video_engagement_retargeting,video_engagement_retargeting,50.0,8,70589939.15648404,70589939.15648404,48525000.0,0.45471281105582767,0.45471281105582767,0.0
provider_eval_video_engagement_retargeting,video_engagement_retargeting,50.0,9,73467438.40430889,73467438.40430889,50235000.0,0.46247513495190373,0.46247513495190373,0.0
provider_eval_video_engagement_retargeting,video_engagement_retargeting,50.0,10,77498053.82716401,77498053.82716401,52770000.0,0.46860060312988455,0.46860060312988455,0.0
provider_eval_video_engagement_retargeting,video_engagement_retargeting,50.0,11,82554011.73485598,82554011.73485598,56505000.0,0.46100365870022086,0.46100365870022086,0.0
provider_eval_video_engagement_retargeting,video_engagement_retargeting,50.0,12,88079909.55105771,88079909.55105771,60405000.0,0.4581559399231473,0.4581559399231473,0.0
provider_eval_video_engagement_retargeting,video_engagement_retargeting,50.0,13,91941977.24010047,91941977.24010047,63360000.0,0.451104438764212,0.451104438764212,0.0
provider_eval_video_engagement_retargeting,video_engagement_retargeting,100.0,1,12336753.480904192,12336753.480904192,11265000.0,0.09514012258359447,0.09514012258359447,0.0
provider_eval_video_engagement_retargeting,video_engagement_retargeting,100.0,2,25325681.101898164,25325681.101898164,21255000.0,0.1915164009361639,0.1915164009361639,0.0
provider_eval_video_engagement_retargeting,video_engagement_retargeting,100.0,3,38073872.94821003,38073872.94821003,29775000.0,0.27871949448228484,0.27871949448228484,0.0
provider_eval_video_engagement_retargeting,video_engagement_retargeting,100.0,4,48598770.254978776,48598770.254978776,35775000.0,0.3584561916136625,0.3584561916136625,0.0
provider_eval_video_engagement_retargeting,video_engagement_retargeting,100.0,5,57066219.49795629,57066219.49795629,40695000.0,0.40229068676634205,0.40229068676634205,0.0
provider_eval_video_engagement_retargeting,video_engagement_retargeting,100.0,6,64073372.70162046,64073372.70162046,44355000.0,0.44455805887995625,0.44455805887995625,0.0
provider_eval_video_engagement_retargeting,video_engagement_retargeting,100.0,7,68900149.71525103,68900149.71525103,46695000.0,0.4755359185191354,0.4755359185191354,0.0
provider_eval_video_engagement_retargeting,video_engagement_retargeting,100.0,8,72990310.09605129,72990310.09605129,48525000.0,0.5041794970850343,0.5041794970850343,0.0
provider_eval_video_engagement_retargeting,video_engagement_retargeting,100.0,9,76116214.2504814,76116214.2504814,50235000.0,0.515202831700635,0.515202831700635,0.0
provider_eval_video_engagement_retargeting,video_engagement_retargeting,100.0,10,80453214.0695596,80453214.0695596,52770000.0,0.5246013657297632,0.5246013657297632,0.0
provider_eval_video_engagement_retargeting,video_engagement_retargeting,100.0,11,85934580.65845953,85934580.65845953,56505000.0,0.5208314424999474,0.5208314424999474,0.0
provider_eval_video_engagement_retargeting,video_engagement_retargeting,100.0,12,91927945.87856093,91927945.87856093,60405000.0,0.5218598771386629,0.5218598771386629,0.0
provider_eval_video_engagement_retargeting,video_engagement_retargeting,100.0,13,96155382.80708373,96155382.80708373,63360000.0,0.5176038953138214,0.5176038953138214,0.0
provider_eval_video_engagement_retargeting,video_engagement_retargeting,250.0,1,12341522.065038502,12341522.065038502,11265000.0,0.09556343231589012,0.09556343231589012,0.0
provider_eval_video_engagement_retargeting,video_engagement_retargeting,250.0,2,25388259.66163838,25388259.66163838,21255000.0,0.19446058158731494,0.19446058158731494,0.0
provider_eval_video_engagement_retargeting,video_engagement_retargeting,250.0,3,38311057.0109418,38311057.0109418,29775000.0,0.28668537400308325,0.28668537400308325,0.0
provider_eval_video_engagement_retargeting,video_engagement_retargeting,250.0,4,49298779.48078613,49298779.48078613,35775000.0,0.37802318604573387,0.37802318604573387,0.0
provider_eval_video_engagement_retargeting,video_engagement_retargeting,250.0,5,58271151.23896329,58271151.23896329,40695000.0,0.4318995266977096,0.4318995266977096,0.0
provider_eval_video_engagement_retargeting,video_engagement_retargeting,250.0,6,65840788.6741492,65840788.6741492,44355000.0,0.48440511045314394,0.48440511045314394,0.0
provider_eval_video_engagement_retargeting,video_engagement_retargeting,250.0,7,71030864.99095264,71030864.99095264,46695000.0,0.5211663987782983,0.5211663987782983,0.0
provider_eval_video_engagement_retargeting,video_engagement_retargeting,250.0,8,75543449.18651736,75543449.18651736,48525000.0,0.5567944190936086,0.5567944190936086,0.0
provider_eval_video_engagement_retargeting,video_engagement_retargeting,250.0,9,79061369.98736587,79061369.98736587,50235000.0,0.5738303968819721,0.5738303968819721,0.0
provider_eval_video_engagement_retargeting,video_engagement_retargeting,250.0,10,83976979.44957902,83976979.44957902,52770000.0,0.5913772872764642,0.5913772872764642,0.0
provider_eval_video_engagement_retargeting,video_engagement_retargeting,250.0,11,90382156.83432114,90382156.83432114,56505000.0,0.5995426393119395,0.5995426393119395,0.0
provider_eval_video_engagement_retargeting,video_engagement_retargeting,250.0,12,97313639.26479845,97313639.26479845,60405000.0,0.6110196054101225,0.6110196054101225,0.0
provider_eval_video_engagement_retargeting,video_engagement_retargeting,250.0,13,102336182.00863853,102336182.00863853,63360000.0,0.6151543877626031,0.6151543877626031,0.0
provider_eval_video_engagement_retargeting,video_engagement_retargeting,500.0,1,12343146.846740007,12343146.846740007,11265000.0,0.09570766504571748,0.09570766504571748,0.0
provider_eval_video_engagement_retargeting,video_engagement_retargeting,500.0,2,25410545.434761137,25410545.434761137,21255000.0,0.19550907714707771,0.19550907714707771,0.0
provider_eval_video_engagement_retargeting,video_engagement_retargeting,500.0,3,38402840.17570588,38402840.17570588,29775000.0,0.28976793201363155,0.28976793201363155,0.0
provider_eval_video_engagement_retargeting,video_engagement_retargeting,500.0,4,49591818.695635974,49591818.695635974,35775000.0,0.3862143590673927,0.3862143590673927,0.0
provider_eval_video_engagement_retargeting,video_engagement_retargeting,500.0,5,58804426.080176696,58804426.080176696,40695000.0,0.4450037124997345,0.4450037124997345,0.0
provider_eval_video_engagement_retargeting,video_engagement_retargeting,500.0,6,66676821.13934146,66676821.13934146,44355000.0,0.5032537738550661,0.5032537738550661,0.0
provider_eval_video_engagement_retargeting,video_engagement_retargeting,500.0,7,72066148.5832825,72066148.5832825,46695000.0,0.5433375861073455,0.5433375861073455,0.0
provider_eval_video_engagement_retargeting,video_engagement_retargeting,500.0,8,76810617.51567432,76810617.51567432,48525000.0,0.5829081404569669,0.5829081404569669,0.0
provider_eval_video_engagement_retargeting,video_engagement_retargeting,500.0,9,80588095.35567674,80588095.35567674,50235000.0,0.604222063415482,0.604222063415482,0.0
provider_eval_video_engagement_retargeting,video_engagement_retargeting,500.0,10,85935832.51957859,85935832.51957859,52770000.0,0.6284978684778963,0.6284978684778963,0.0
provider_eval_video_engagement_retargeting,video_engagement_retargeting,500.0,11,93157095.35963762,93157095.35963762,56505000.0,0.6486522495290261,0.6486522495290261,0.0
provider_eval_video_engagement_retargeting,video_engagement_retargeting,500.0,12,100977161.27180362,100977161.27180362,60405000.0,0.6716689226356033,0.6716689226356033,0.0
provider_eval_video_engagement_retargeting,video_engagement_retargeting,500.0,13,106755218.52332638,106755218.52332638,63360000.0,0.6848992822494694,0.6848992822494694,0.0
provider_eval_video_engagement_retargeting,video_engagement_retargeting,1000.0,1,12343959.717648208,12343959.717648208,11265000.0,0.0957798240255844,0.0957798240255844,0.0
provider_eval_video_engagement_retargeting,video_engagement_retargeting,1000.0,2,25421950.08727628,25421950.08727628,21255000.0,0.19604564042701858,0.19604564042701858,0.0
provider_eval_video_engagement_retargeting,video_engagement_retargeting,1000.0,3,38451666.33033046,38451666.33033046,29775000.0,0.29140776928062,0.29140776928062,0.0
provider_eval_video_engagement_retargeting,video_engagement_retargeting,1000.0,4,49753554.13989669,49753554.13989669,35775000.0,0.3907352659649669,0.3907352659649669,0.0
provider_eval_video_engagement_retargeting,video_engagement_retargeting,1000.0,5,59106614.74090256,59106614.74090256,40695000.0,0.4524294075661029,0.4524294075661029,0.0
provider_eval_video_engagement_retargeting,video_engagement_retargeting,1000.0,6,67168382.79115276,67168382.79115276,44355000.0,0.5143362144324825,0.5143362144324825,0.0
provider_eval_video_engagement_retargeting,video_engagement_retargeting,1000.0,7,72684912.31802031,72684912.31802031,46695000.0,0.5565887636367987,0.5565887636367987,0.0
provider_eval_video_engagement_retargeting,video_engagement_retargeting,1000.0,8,77577646.8247924,77577646.8247924,48525000.0,0.5987150298772261,0.5987150298772261,0.0
provider_eval_video_engagement_retargeting,video_engagement_retargeting,1000.0,9,81537839.1376521,81537839.1376521,50235000.0,0.623128080773407,0.623128080773407,0.0
provider_eval_video_engagement_retargeting,video_engagement_retargeting,1000.0,10,87211402.93694362,87211402.93694362,52770000.0,0.652670133351215,0.652670133351215,0.0
provider_eval_video_engagement_retargeting,video_engagement_retargeting,1000.0,11,95130141.09976432,95130141.09976432,56505000.0,0.6835703229760962,0.6835703229760962,0.0
provider_eval_video_engagement_retargeting,video_engagement_retargeting,1000.0,12,103805113.02044693,103805113.02044693,60405000.0,0.7184854402855215,0.7184854402855215,0.0
provider_eval_video_engagement_retargeting,video_engagement_retargeting,1000.0,13,110330201.18088853,110330201.18088853,63360000.0,0.741322619647862,0.741322619647862,0.0
provider_eval_lead_generation,lead_generation,existing_vid,1,6201769.295595023,6201769.295595023,5700000.0,0.08802970098158296,0.08802970098158296,0.0
provider_eval_lead_generation,lead_generation,existing_vid,2,12283925.070236206,12283925.070236206,10905000.0,0.12644888310281577,0.12644888310281577,0.0
provider_eval_lead_generation,lead_generation,existing_vid,3,18568670.189777233,18568670.189777233,15930000.0,0.16564156872424562,0.16564156872424562,0.0
provider_eval_lead_generation,lead_generation,existing_vid,4,24776802.559729375,24776802.559729375,20265000.0,0.22264014605128918,0.22264014605128918,0.0
provider_eval_lead_generation,lead_generation,existing_vid,5,33553691.07499556,33553691.07499556,25560000.0,0.31274221733159463,0.31274221733159463,0.0
provider_eval_lead_generation,lead_generation,existing_vid,6,45375355.7856203,45375355.7856203,31770000.0,0.42824538198364187,0.42824538198364187,0.0
provider_eval_lead_generation,lead_generation,existing_vid,7,53868045.715756044,53868045.715756044,35970000.0,0.497582588706034,0.497582588706034,0.0
provider_eval_lead_generation,lead_generation,existing_vid,8,63421664.70625424,63421664.70625424,39615000.0,0.6009507688061148,0.6009507688061148,0.0
provider_eval_lead_generation,lead_generation,existing_vid,9,72742928.12406802,72742928.12406802,43110000.0,0.6873794508018563,0.6873794508018563,0.0
provider_eval_lead_generation,lead_generation,existing_vid,10,80174660.76929691,80174660.76929691,46020000.0,0.7421699428356565,0.7421699428356565,0.0
provider_eval_lead_generation,lead_generation,existing_vid,11,85645722.9866589,85645722.9866589,48150000.0,0.7787273725162804,0.7787273725162804,0.0
provider_eval_lead_generation,lead_generation,existing_vid,12,89106538.25640649,89106538.25640649,49455000.0,0.8017700587687087,0.8017700587687087,0.0
provider_eval_lead_generation,lead_generation,existing_vid,13,90891018.47431265,90891018.47431265,50145000.0,0.8125639340774284,0.8125639340774284,0.0
provider_eval_lead_generation,lead_generation,5.0,1,6005276.858003616,6005276.858003616,5700000.0,0.05355734350940637,0.05355734350940637,0.0
provider_eval_lead_generation,lead_generation,5.0,2,11865764.183451623,11865764.183451623,10905000.0,0.0881030888080351,0.0881030888080351,0.0
provider_eval_lead_generation,lead_generation,5.0,3,17356920.792425483,17356920.792425483,15930000.0,0.089574437691493,0.089574437691493,0.0
provider_eval_lead_generation,lead_generation,5.0,4,22370169.033159822,22370169.033159822,20265000.0,0.1038820149597741,0.1038820149597741,0.0
provider_eval_lead_generation,lead_generation,5.0,5,28198085.189582705,28198085.189582705,25560000.0,0.10321147064095092,0.10321147064095092,0.0
provider_eval_lead_generation,lead_generation,5.0,6,34636474.47021222,34636474.47021222,31770000.0,0.09022582531357322,0.09022582531357322,0.0
provider_eval_lead_generation,lead_generation,5.0,7,38402190.04065117,38402190.04065117,35970000.0,0.06761718211429447,0.06761718211429447,0.0
provider_eval_lead_generation,lead_generation,5.0,8,41656879.56055692,41656879.56055692,39615000.0,0.05154309126737141,0.05154309126737141,0.0
provider_eval_lead_generation,lead_generation,5.0,9,44180111.04973155,44180111.04973155,43110000.0,0.024822803287672293,0.024822803287672293,0.0
provider_eval_lead_generation,lead_generation,5.0,10,46611212.968711,46611212.968711,46020000.0,0.012846870245784521,0.012846870245784521,0.0
provider_eval_lead_generation,lead_generation,5.0,11,46768186.452320054,46768186.452320054,48150000.0,0.028698100678711234,0.028698100678711234,0.0
provider_eval_lead_generation,lead_generation,5.0,12,47261739.183585,47261739.183585,49455000.0,0.04434861624537452,0.04434861624537452,0.0
provider_eval_lead_generation,lead_generation,5.0,13,46961811.51890035,47261739.183585,50145000.0,0.06347967855418586,0.057498470763086985,0.006346098765422168
provider_eval_lead_generation,lead_generation,20.0,1,6126186.802397877,6126186.802397877,5700000.0,0.0747696144557679,0.0747696144557679,0.0
provider_eval_lead_generation,lead_generation,20.0,2,12124237.25212133,12124237.25212133,10905000.0,0.11180534178095639,0.11180534178095639,0.0
provider_eval_lead_generation,lead_generation,20.0,3,18020807.570099026,18020807.570099026,15930000.0,0.13124969052724583,0.13124969052724583,0.0
provider_eval_lead_generation,lead_generation,20.0,4,23480948.56227985,23480948.56227985,20265000.0,0.15869472303379473,0.15869472303379473,0.0
provider_eval_lead_generation,lead_generation,20.0,5,30220406.692750692,30220406.692750692,25560000.0,0.1823320302328127,0.1823320302328127,0.0
provider_eval_lead_generation,lead_generation,20.0,6,37697463.08674526,37697463.08674526,31770000.0,0.1865742236935871,0.1865742236935871,0.0
provider_eval_lead_generation,lead_generation,20.0,7,42190595.72015828,42190595.72015828,35970000.0,0.1729384409273917,0.1729384409273917,0.0
provider_eval_lead_generation,lead_generation,20.0,8,46260747.16662003,46260747.16662003,39615000.0,0.1677583533161689,0.1677583533161689,0.0
provider_eval_lead_generation,lead_generation,20.0,9,49197901.15414363,49197901.15414363,43110000.0,0.1412178416641993,0.1412178416641993,0.0
provider_eval_lead_generation,lead_generation,20.0,10,51771262.521121085,51771262.521121085,46020000.0,0.12497310997655552,0.12497310997655552,0.0
provider_eval_lead_generation,lead_generation,20.0,11,52787423.36387022,52787423.36387022,48150000.0,0.09631201171070028,0.09631201171070028,0.0
provider_eval_lead_generation,lead_generation,20.0,12,53633360.362935334,53633360.362935334,49455000.0,0.08448812785229673,0.08448812785229673,0.0
provider_eval_lead_generation,lead_generation,20.0,13,53844600.57422134,53844600.57422134,50145000.0,0.07377805512456562,0.07377805512456562,0.0
provider_eval_lead_generation,lead_generation,50.0,1,6167602.153231204,6167602.153231204,5700000.0,0.08203546547915852,0.08203546547915852,0.0
provider_eval_lead_generation,lead_generation,50.0,2,12211765.388954967,12211765.388954967,10905000.0,0.11983176423245917,0.11983176423245917,0.0
provider_eval_lead_generation,lead_generation,50.0,3,18302555.655500382,18302555.655500382,15930000.0,0.14893632489016836,0.14893632489016836,0.0
provider_eval_lead_generation,lead_generation,50.0,4,24072510.848445058,24072510.848445058,20265000.0,0.18788605223020272,0.18788605223020272,0.0
provider_eval_lead_generation,lead_generation,50.0,5,31525769.949284762,31525769.949284762,25560000.0,0.23340258017546017,0.23340258017546017,0.0
provider_eval_lead_generation,lead_generation,50.0,6,40002104.97217724,40002104.97217724,31770000.0,0.2591156742894944,0.2591156742894944,0.0
provider_eval_lead_generation,lead_generation,50.0,7,45281977.38867441,45281977.38867441,35970000.0,0.25888177338544366,0.25888177338544366,0.0
provider_eval_lead_generation,lead_generation,50.0,8,50299007.00710291,50299007.00710291,39615000.0,0.26969599916957987,0.26969599916957987,0.0
provider_eval_lead_generation,lead_generation,50.0,9,54170624.682357684,54170624.682357684,43110000.0,0.2565674943715538,0.2565674943715538,0.0
provider_eval_lead_generation,lead_generation,50.0,10,57205162.33581424,57205162.33581424,46020000.0,0.2430500290268196,0.2430500290268196,0.0
provider_eval_lead_generation,lead_generation,50.0,11,59007185.86209433,59007185.86209433,48150000.0,0.22548672610787804,0.22548672610787804,0.0
provider_eval_lead_generation,lead_generation,50.0,12,60216862.47681981,60216862.47681981,49455000.0,0.21760918970417173,0.21760918970417173,0.0
provider_eval_lead_generation,lead_generation,50.0,13,60684961.85774119,60684961.85774119,50145000.0,0.21018968706234303,0.21018968706234303,0.0
provider_eval_lead_generation,lead_generation,100.0,1,6183909.235778064,6183909.235778064,5700000.0,0.08489635715404624,0.08489635715404624,0.0
provider_eval_lead_generation,lead_generation,100.0,2,12246162.25455612,12246162.25455612,10905000.0,0.1229859930817166,0.1229859930817166,0.0
provider_eval_lead_generation,lead_generation,100.0,3,18425075.79744786,18425075.79744786,15930000.0,0.15662748257676462,0.15662748257676462,0.0
provider_eval_lead_generation,lead_generation,100.0,4,24373581.38612163,24373581.38612163,20265000.0,0.2027427281579882,0.2027427281579882,0.0
provider_eval_lead_generation,lead_generation,100.0,5,32304798.276694298,32304798.276694298,25560000.0,0.2638809967407785,0.2638809967407785,0.0
provider_eval_lead_generation,lead_generation,100.0,6,41646840.4430891,41646840.4430891,31770000.0,0.3108857552121214,0.3108857552121214,0.0
provider_eval_lead_generation,lead_generation,100.0,7,47597360.50052403,47597360.50052403,35970000.0,0.323251612469392,0.323251612469392,0.0
provider_eval_lead_generation,lead_generation,100.0,8,53444275.50553368,53444275.50553368,39615000.0,0.34909189714839534,0.34909189714839534,0.0
provider_eval_lead_generation,lead_generation,100.0,9,58236103.91667883,58236103.91667883,43110000.0,0.3508722782806502,0.3508722782806502,0.0
provider_eval_lead_generation,lead_generation,100.0,10,61815785.41619475,61815785.41619475,46020000.0,0.3432374058277869,0.3432374058277869,0.0
provider_eval_lead_generation,lead_generation,100.0,11,64193397.52515642,64193397.52515642,48150000.0,0.3331962102836225,0.3331962102836225,0.0
provider_eval_lead_generation,lead_generation,100.0,12,65740474.74788712,65740474.74788712,49455000.0,0.3292988524494413,0.3292988524494413,0.0
provider_eval_lead_generation,lead_generation,100.0,13,66454370.82331769,66454370.82331769,50145000.0,0.3252442082623929,0.3252442082623929,0.0
provider_eval_lead_generation,lead_generation,250.0,1,6194435.750490397,6194435.750490397,5700000.0,0.08674311412112232,0.08674311412112232,0.0
provider_eval_lead_generation,lead_generation,250.0,2,12268385.595411181,12268385.595411181,10905000.0,0.12502389687401938,0.12502389687401938,0.0
provider_eval_lead_generation,lead_generation,250.0,3,18508333.312192947,18508333.312192947,15930000.0,0.1618539430127399,0.1618539430127399,0.0
provider_eval_lead_generation,lead_generation,250.0,4,24599700.992854565,24599700.992854565,20265000.0,0.21390086320525858,0.21390086320525858,0.0
provider_eval_lead_generation,lead_generation,250.0,5,32969278.005093247,32969278.005093247,25560000.0,0.28987785622430545,0.28987785622430545,0.0
provider_eval_lead_generation,lead_generation,250.0,6,43385457.02175605,43385457.02175605,31770000.0,0.3656108599860262,0.3656108599860262,0.0
provider_eval_lead_generation,lead_generation,250.0,7,50271553.804184124,50271553.804184124,35970000.0,0.3975967140445962,0.3975967140445962,0.0
provider_eval_lead_generation,lead_generation,250.0,8,57289431.21090469,57289431.21090469,39615000.0,0.4461550223628597,0.4461550223628597,0.0
provider_eval_lead_generation,lead_generation,250.0,9,63329228.31565437,63329228.31565437,43110000.0,0.46901480667256706,0.46901480667256706,0.0
provider_eval_lead_generation,lead_generation,250.0,10,67779648.31318308,67779648.31318308,46020000.0,0.4728302545237524,0.4728302545237524,0.0
provider_eval_lead_generation,lead_generation,250.0,11,70884553.67475954,70884553.67475954,48150000.0,0.47216103166686474,0.47216103166686474,0.0
provider_eval_lead_generation,lead_generation,250.0,12,72892187.46737795,72892187.46737795,49455000.0,0.47390936138667367,0.47390936138667367,0.0
provider_eval_lead_generation,lead_generation,250.0,13,73907249.39535174,73907249.39535174,50145000.0,0.4738707626952186,0.4738707626952186,0.0
provider_eval_lead_generation,lead_generation,500.0,1,6198064.351778001,6198064.351778001,5700000.0,0.08737971083824572,0.08737971083824572,0.0
provider_eval_lead_generation,lead_generation,500.0,2,12276080.674286425,12276080.674286425,10905000.0,0.125729543721818,0.125729543721818,0.0
provider_eval_lead_generation,lead_generation,500.0,3,18537972.543614954,18537972.543614954,15930000.0,0.16371453506685207,0.16371453506685207,0.0
provider_eval_lead_generation,lead_generation,500.0,4,24685226.18312499,24685226.18312499,20265000.0,0.21812120321366835,0.21812120321366835,0.0
provider_eval_lead_generation,lead_generation,500.0,5,33243565.857115865,33243565.857115865,25560000.0,0.30060899284490866,0.30060899284490866,0.0
provider_eval_lead_generation,lead_generation,500.0,6,44250175.46312681,44250175.46312681,31770000.0,0.3928289412378599,0.3928289412378599,0.0
provider_eval_lead_generation,lead_generation,500.0,7,51746340.466935486,51746340.466935486,35970000.0,0.43859717728483416,0.43859717728483416,0.0
provider_eval_lead_generation,lead_generation,500.0,8,59626989.54737684,59626989.54737684,39615000.0,0.5051619221854561,0.5051619221854561,0.0
provider_eval_lead_generation,lead_generation,500.0,9,66614116.679078,66614116.679078,43110000.0,0.5452126346341452,0.5452126346341452,0.0
provider_eval_lead_generation,lead_generation,500.0,10,71788204.6587834,71788204.6587834,46020000.0,0.5599349121856455,0.5599349121856455,0.0
provider_eval_lead_generation,lead_generation,500.0,11,75436029.9902411,75436029.9902411,48150000.0,0.5666880579489324,0.5666880579489324,0.0
provider_eval_lead_generation,lead_generation,500.0,12,77780186.2145652,77780186.2145652,49455000.0,0.5727466629171004,0.5727466629171004,0.0
provider_eval_lead_generation,lead_generation,500.0,13,78984550.70987454,78984550.70987454,50145000.0,0.5751231570420688,0.5751231570420688,0.0
provider_eval_lead_generation,lead_generation,1000.0,1,6199912.509270221,6199912.509270221,5700000.0,0.08770394899477561,0.08770394899477561,0.0
provider_eval_lead_generation,lead_generation,1000.0,2,12279979.890926361,12279979.890926361,10905000.0,0.1260871059996663,0.1260871059996663,0.0
provider_eval_lead_generation,lead_generation,1000.0,3,18553197.95863098,18553197.95863098,15930000.0,0.16467030499880597,0.16467030499880597,0.0
provider_eval_lead_generation,lead_generation,1000.0,4,24730227.735942513,24730227.735942513,20265000.0,0.22034185718936652,0.22034185718936652,0.0
provider_eval_lead_generation,lead_generation,1000.0,5,33393682.53351909,33393682.53351909,25560000.0,0.3064821022503556,0.3064821022503556,0.0
provider_eval_lead_generation,lead_generation,1000.0,6,44773023.09764981,44773023.09764981,31770000.0,0.4092862164825248,0.4092862164825248,0.0
provider_eval_lead_generation,lead_generation,1000.0,7,52700688.339064285,52700688.339064285,35970000.0,0.46512895021029427,0.46512895021029427,0.0
provider_eval_lead_generation,lead_generation,1000.0,8,61263096.28836827,61263096.28836827,39615000.0,0.5464621049695385,0.5464621049695385,0.0
provider_eval_lead_generation,lead_generation,1000.0,9,69108675.78104949,69108675.78104949,43110000.0,0.603077610323579,0.603077610323579,0.0
provider_eval_lead_generation,lead_generation,1000.0,10,75019951.8638575,75019951.8638575,46020000.0,0.6301597536692197,0.6301597536692197,0.0
provider_eval_lead_generation,lead_generation,1000.0,11,79217825.2739438,79217825.2739438,48150000.0,0.6452300160735991,0.6452300160735991,0.0
provider_eval_lead_generation,lead_generation,1000.0,12,81889444.50831747,81889444.50831747,49455000.0,0.6558375191248098,0.6558375191248098,0.0
provider_eval_lead_generation,lead_generation,1000.0,13,83266650.04155408,83266650.04155408,50145000.0,0.6605175000808471,0.6605175000808471,0.0
provider_eval_sales_prospecting,sales_prospecting,existing_vid,1,11438429.532704936,11438429.532704936,10875000.0,0.051809612202752764,0.051809612202752764,0.0
provider_eval_sales_prospecting,sales_prospecting,existing_vid,2,24748059.73568975,24748059.73568975,21900000.0,0.13004838975752292,0.13004838975752292,0.0
provider_eval_sales_prospecting,sales_prospecting,existing_vid,3,32840261.785338562,32840261.785338562,27750000.0,0.18343285712931756,0.18343285712931756,0.0
provider_eval_sales_prospecting,sales_prospecting,existing_vid,4,40811934.675594255,40811934.675594255,33165000.0,0.2305724310446029,0.2305724310446029,0.0
provider_eval_sales_prospecting,sales_prospecting,existing_vid,5,48448146.02541273,48448146.02541273,37725000.0,0.28424509013685173,0.28424509013685173,0.0
provider_eval_sales_prospecting,sales_prospecting,existing_vid,6,54347045.49143898,54347045.49143898,41055000.0,0.32376191673216365,0.32376191673216365,0.0
provider_eval_sales_prospecting,sales_prospecting,existing_vid,7,61714400.413280174,61714400.413280174,45000000.0,0.371431120295115,0.371431120295115,0.0
provider_eval_sales_prospecting,sales_prospecting,existing_vid,8,72011382.10254538,72011382.10254538,50160000.0,0.435633614484557,0.435633614484557,0.0
provider_eval_sales_prospecting,sales_prospecting,existing_vid,9,83286935.49428456,83286935.49428456,55740000.0,0.4942040813470498,0.4942040813470498,0.0
provider_eval_sales_prospecting,sales_prospecting,existing_vid,10,96522225.04683071,96522225.04683071,61725000.0,0.563746051791506,0.563746051791506,0.0
provider_eval_sales_prospecting,sales_prospecting,existing_vid,11,109258873.45310698,109258873.45310698,67095000.0,0.6284205000835679,0.6284205000835679,0.0
provider_eval_sales_prospecting,sales_prospecting,existing_vid,12,118306703.88771328,118306703.88771328,70770000.0,0.6717069929025474,0.6717069929025474,0.0
provider_eval_sales_prospecting,sales_prospecting,existing_vid,13,123048874.02738476,123048874.02738476,72720000.0,0.6920912269992403,0.6920912269992403,0.0
provider_eval_sales_prospecting,sales_prospecting,5.0,1,11327437.115013003,11327437.115013003,10875000.0,0.04160341287475893,0.04160341287475893,0.0
provider_eval_sales_prospecting,sales_prospecting,5.0,2,23181275.964690715,23181275.964690715,21900000.0,0.058505751812361416,0.058505751812361416,0.0
provider_eval_sales_prospecting,sales_prospecting,5.0,3,28522911.40191111,28522911.40191111,27750000.0,0.027852663131931882,0.027852663131931882,0.0
provider_eval_sales_prospecting,sales_prospecting,5.0,4,33692327.42451823,33692327.42451823,33165000.0,0.01590011833312913,0.01590011833312913,0.0
provider_eval_sales_prospecting,sales_prospecting,5.0,5,36519267.78075063,36519267.78075063,37725000.0,0.031961092624237714,0.031961092624237714,0.0
provider_eval_sales_prospecting,sales_prospecting,5.0,6,40053470.59718576,40053470.59718576,41055000.0,0.024394821649354262,0.024394821649354262,0.0
provider_eval_sales_prospecting,sales_prospecting,5.0,7,44368975.824288756,44368975.824288756,45000000.0,0.014022759460249874,0.014022759460249874,0.0
provider_eval_sales_prospecting,sales_prospecting,5.0,8,50152858.86552429,50152858.86552429,50160000.0,0.00014236711474696986,0.00014236711474696986,0.0
provider_eval_sales_prospecting,sales_prospecting,5.0,9,56277256.9559537,56277256.9559537,55740000.0,0.009638624972258742,0.009638624972258742,0.0
provider_eval_sales_prospecting,sales_prospecting,5.0,10,61568278.606023416,61568278.606023416,61725000.0,0.0025390262288632493,0.0025390262288632493,0.0
provider_eval_sales_prospecting,sales_prospecting,5.0,11,64101015.23888117,64101015.23888117,67095000.0,0.04462306820357447,0.04462306820357447,0.0
provider_eval_sales_prospecting,sales_prospecting,5.0,12,66084325.05205342,66084325.05205342,70770000.0,0.06620990459158653,0.06620990459158653,0.0
provider_eval_sales_prospecting,sales_prospecting,5.0,13,64858299.00030051,66084325.05205342,72720000.0,0.10810919966583454,0.09124965549981544,0.01855244872043698
provider_eval_sales_prospecting,sales_prospecting,20.0,1,11401599.562724411,11401599.562724411,10875000.0,0.048422948296497605,0.048422948296497605,0.0
provider_eval_sales_prospecting,sales_prospecting,20.0,2,23914488.413840145,23914488.413840145,21900000.0,0.0919857723214678,0.0919857723214678,0.0
provider_eval_sales_prospecting,sales_prospecting,20.0,3,30061675.862191856,30061675.862191856,27750000.0,0.08330363467358039,0.08330363467358039,0.0
provider_eval_sales_prospecting,sales_prospecting,20.0,4,35772742.1631431,35772742.1631431,33165000.0,0.07862934307683095,0.07862934307683095,0.0
provider_eval_sales_prospecting,sales_prospecting,20.0,5,39311404.80529094,39311404.80529094,37725000.0,0.04205181723766567,0.04205181723766567,0.0
provider_eval_sales_prospecting,sales_prospecting,20.0,6,43215640.10633671,43215640.10633671,41055000.0,0.052627940721878284,0.052627940721878284,0.0
provider_eval_sales_prospecting,sales_prospecting,20.0,7,47842684.13676301,47842684.13676301,45000000.0,0.06317075859473348,0.06317075859473348,0.0
provider_eval_sales_prospecting,sales_prospecting,20.0,8,53853795.516993284,53853795.516993284,50160000.0,0.0736402615030559,0.0736402615030559,0.0
provider_eval_sales_prospecting,sales_prospecting,20.0,9,60082531.94831945,60082531.94831945,55740000.0,0.07790692408179853,0.07790692408179853,0.0
provider_eval_sales_prospecting,sales_prospecting,20.0,10,65977094.26209146,65977094.26209146,61725000.0,0.06888771587025448,0.06888771587025448,0.0
provider_eval_sales_prospecting,sales_prospecting,20.0,11,68903294.03374064,68903294.03374064,67095000.0,0.02695124873300007,0.02695124873300007,0.0
provider_eval_sales_prospecting,sales_prospecting,20.0,12,71067798.0144133,71067798.0144133,70770000.0,0.004207969682256566,0.004207969682256566,0.0
provider_eval_sales_prospecting,sales_prospecting,20.0,13,70284866.89449857,71067798.0144133,72720000.0,0.03348642884352899,0.022720049306747838,0.011016679027482162
provider_eval_sales_prospecting,sales_prospecting,50.0,1,11422709.98290652,11422709.98290652,10875000.0,0.05036413635922026,0.05036413635922026,0.0
provider_eval_sales_prospecting,sales_prospecting,50.0,2,24305585.176182866,24305585.176182866,21900000.0,0.10984407197182038,0.10984407197182038,0.0
provider_eval_sales_prospecting,sales_prospecting,50.0,3,31157569.799586475,31157569.799586475,27750000.0,0.1227953080932063,0.1227953080932063,0.0
provider_eval_sales_prospecting,sales_prospecting,50.0,4,37501811.46596792,37501811.46596792,33165000.0,0.13076470574304006,0.13076470574304006,0.0
provider_eval_sales_prospecting,sales_prospecting,50.0,5,41981542.50035539,41981542.50035539,37725000.0,0.11283081511876455,0.11283081511876455,0.0
provider_eval_sales_prospecting,sales_prospecting,50.0,6,46312937.731788054,46312937.731788054,41055000.0,0.12807058170230312,0.12807058170230312,0.0
provider_eval_sales_prospecting,sales_prospecting,50.0,7,51381354.56325553,51381354.56325553,45000000.0,0.1418078791834563,0.1418078791834563,0.0
provider_eval_sales_prospecting,sales_prospecting,50.0,8,57888848.13504222,57888848.13504222,50160000.0,0.1540838942392787,0.1540838942392787,0.0
provider_eval_sales_prospecting,sales_prospecting,50.0,9,64498255.37373118,64498255.37373118,55740000.0,0.15712693530195876,0.15712693530195876,0.0
provider_eval_sales_prospecting,sales_prospecting,50.0,10,71042605.84290546,71042605.84290546,61725000.0,0.1509535170985089,0.1509535170985089,0.0
provider_eval_sales_prospecting,sales_prospecting,50.0,11,75043850.56245637,75043850.56245637,67095000.0,0.11847157854469587,0.11847157854469587,0.0
provider_eval_sales_prospecting,sales_prospecting,50.0,12,77695780.37370525,77695780.37370525,70770000.0,0.09786322415861598,0.09786322415861598,0.0
provider_eval_sales_prospecting,sales_prospecting,50.0,13,77972676.60854873,77972676.60854873,72720000.0,0.07223152652019707,0.07223152652019707,0.0
provider_eval_sales_prospecting,sales_prospecting,100.0,1,11430416.164626062,11430416.164626062,10875000.0,0.05107275077021259,0.05107275077021259,0.0
provider_eval_sales_prospecting,sales_prospecting,100.0,2,24498616.25836709,24498616.25836709,21900000.0,0.11865827663776674,0.11865827663776674,0.0
provider_eval_sales_prospecting,sales_prospecting,100.0,3,31816083.126911134,31816083.126911134,27750000.0,0.14652551808688768,0.14652551808688768,0.0
provider_eval_sales_prospecting,sales_prospecting,100.0,4,38678434.142446846,38678434.142446846,33165000.0,0.16624254914659567,0.16624254914659567,0.0
provider_eval_sales_prospecting,sales_prospecting,100.0,5,44020952.34992942,44020952.34992942,37725000.0,0.16689071835465666,0.16689071835465666,0.0
provider_eval_sales_prospecting,sales_prospecting,100.0,6,48752136.3868888,48752136.3868888,41055000.0,0.18748353152816472,0.18748353152816472,0.0
provider_eval_sales_prospecting,sales_prospecting,100.0,7,54288372.613574594,54288372.613574594,45000000.0,0.20640828030165764,0.20640828030165764,0.0
provider_eval_sales_prospecting,sales_prospecting,100.0,8,61398280.64222744,61398280.64222744,50160000.0,0.2240486571416954,0.2240486571416954,0.0
provider_eval_sales_prospecting,sales_prospecting,100.0,9,68556415.36763519,68556415.36763519,55740000.0,0.22993210203866507,0.22993210203866507,0.0
provider_eval_sales_prospecting,sales_prospecting,100.0,10,75777322.86146884,75777322.86146884,61725000.0,0.2276601516641367,0.2276601516641367,0.0
provider_eval_sales_prospecting,sales_prospecting,100.0,11,80912958.87110247,80912958.87110247,67095000.0,0.2059461788673145,0.2059461788673145,0.0
provider_eval_sales_prospecting,sales_prospecting,100.0,12,84207973.99158652,84207973.99158652,70770000.0,0.18988235115990562,0.18988235115990562,0.0
provider_eval_sales_prospecting,sales_prospecting,100.0,13,85362116.89391778,85362116.89391778,72720000.0,0.1738464919405636,0.1738464919405636,0.0
provider_eval_sales_prospecting,sales_prospecting,250.0,1,11435196.359879375,11435196.359879375,10875000.0,0.05151230895442524,0.05151230895442524,0.0
provider_eval_sales_prospecting,sales_prospecting,250.0,2,24639843.77232337,24639843.77232337,21900000.0,0.12510702156727715,0.12510702156727715,0.0
provider_eval_sales_prospecting,sales_prospecting,250.0,3,32367703.28812909,32367703.28812909,27750000.0,0.16640372209474202,0.16640372209474202,0.0
provider_eval_sales_prospecting,sales_prospecting,250.0,4,39772738.37240726,39772738.37240726,33165000.0,0.19923830461050077,0.19923830461050077,0.0
provider_eval_sales_prospecting,sales_prospecting,250.0,5,46139483.4616088,46139483.4616088,37725000.0,0.22304793801481237,0.22304793801481237,0.0
provider_eval_sales_prospecting,sales_prospecting,250.0,6,51366910.86696856,51366910.86696856,41055000.0,0.2511730816458058,0.2511730816458058,0.0
provider_eval_sales_prospecting,sales_prospecting,250.0,7,57579816.938707635,57579816.938707635,45000000.0,0.27955148752683634,0.27955148752683634,0.0
provider_eval_sales_prospecting,sales_prospecting,250.0,8,65691267.47403899,65691267.47403899,50160000.0,0.309634519019916,0.309634519019916,0.0
provider_eval_sales_prospecting,sales_prospecting,250.0,9,73899905.91809958,73899905.91809958,55740000.0,0.32579666160924975,0.32579666160924975,0.0
provider_eval_sales_prospecting,sales_prospecting,250.0,10,82359804.06391788,82359804.06391788,61725000.0,0.33430221245715475,0.33430221245715475,0.0
provider_eval_sales_prospecting,sales_prospecting,250.0,11,89183367.07268628,89183367.07268628,67095000.0,0.3292103297218315,0.3292103297218315,0.0
provider_eval_sales_prospecting,sales_prospecting,250.0,12,93635794.31013545,93635794.31013545,70770000.0,0.3231001032942695,0.3231001032942695,0.0
provider_eval_sales_prospecting,sales_prospecting,250.0,13,95758718.32604656,95758718.32604656,72720000.0,0.316814058388979,0.316814058388979,0.0
provider_eval_sales_prospecting,sales_prospecting,500.0,1,11436811.487406552,11436811.487406552,10875000.0,0.05166082642818867,0.05166082642818867,0.0
provider_eval_sales_prospecting,sales_prospecting,500.0,2,24692390.518228203,24692390.518228203,21900000.0,0.1275064163574522,0.1275064163574522,0.0
provider_eval_sales_prospecting,sales_prospecting,500.0,3,32591087.906108916,32591087.906108916,27750000.0,0.17445361823815914,0.17445361823815914,0.0
provider_eval_sales_prospecting,sales_prospecting,500.0,4,40250909.113304496,40250909.113304496,33165000.0,0.21365623739799475,0.21365623739799475,0.0
provider_eval_sales_prospecting,sales_prospecting,500.0,5,47158153.890423626,47158153.890423626,37725000.0,0.2500504676056627,0.2500504676056627,0.0
provider_eval_sales_prospecting,sales_prospecting,500.0,6,52661490.29011117,52661490.29011117,41055000.0,0.28270588941934405,0.28270588941934405,0.0
provider_eval_sales_prospecting,sales_prospecting,500.0,7,59311437.986542225,59311437.986542225,45000000.0,0.31803195525649386,0.31803195525649386,0.0
provider_eval_sales_prospecting,sales_prospecting,500.0,8,68168338.90991984,68168338.90991984,50160000.0,0.3590179208516715,0.3590179208516715,0.0
provider_eval_sales_prospecting,sales_prospecting,500.0,9,77286211.16157544,77286211.16157544,55740000.0,0.38654846002108784,0.38654846002108784,0.0
provider_eval_sales_prospecting,sales_prospecting,500.0,10,86924213.83468042,86924213.83468042,61725000.0,0.40824971785630493,0.40824971785630493,0.0
provider_eval_sales_prospecting,sales_prospecting,500.0,11,95082957.17403406,95082957.17403406,67095000.0,0.4171392380063203,0.4171392380063203,0.0
provider_eval_sales_prospecting,sales_prospecting,500.0,12,100502893.11350945,100502893.11350945,70770000.0,0.4201341403632817,0.4201341403632817,0.0
provider_eval_sales_prospecting,sales_prospecting,500.0,13,103229572.285634,103229572.285634,72720000.0,0.41954857378484595,0.41954857378484595,0.0
provider_eval_sales_prospecting,sales_prospecting,1000.0,1,11437623.550551951,11437623.550551951,10875000.0,0.05173549890132882,0.05173549890132882,0.0
provider_eval_sales_prospecting,sales_prospecting,1000.0,2,24719809.510134995,24719809.510134995,21900000.0,0.1287584251203194,0.1287584251203194,0.0
provider_eval_sales_prospecting,sales_prospecting,1000.0,3,32712184.404623896,32712184.404623896,27750000.0,0.17881745602248272,0.17881745602248272,0.0
provider_eval_sales_prospecting,sales_prospecting,1000.0,4,40519708.54908121,40519708.54908121,33165000.0,0.22176115028135704,0.22176115028135704,0.0
provider_eval_sales_prospecting,sales_prospecting,1000.0,5,47762326.058038816,47762326.058038816,37725000.0,0.2660656344079209,0.2660656344079209,0.0
provider_eval_sales_prospecting,sales_prospecting,1000.0,6,53443798.06615956,53443798.06615956,41055000.0,0.3017610051433336,0.3017610051433336,0.0
provider_eval_sales_prospecting,sales_prospecting,1000.0,7,60402977.30221188,60402977.30221188,45000000.0,0.34228838449359733,0.34228838449359733,0.0
provider_eval_sales_prospecting,sales_prospecting,1000.0,8,69844373.22273886,69844373.22273886,50160000.0,0.3924316830689566,0.3924316830689566,0.0
provider_eval_sales_prospecting,sales_prospecting,1000.0,9,79767894.36207862,79767894.36207862,55740000.0,0.43107094298669935,0.43107094298669935,0.0
provider_eval_sales_prospecting,sales_prospecting,1000.0,10,90596154.96594486,90596154.96594486,61725000.0,0.4677384360622901,0.4677384360622901,0.0
provider_eval_sales_prospecting,sales_prospecting,1000.0,11,100104377.04532364,100104377.04532364,67095000.0,0.491979686196045,0.491979686196045,0.0
provider_eval_sales_prospecting,sales_prospecting,1000.0,12,106492038.42202705,106492038.42202705,70770000.0,0.504762447675951,0.504762447675951,0.0
provider_eval_sales_prospecting,sales_prospecting,1000.0,13,109756943.87012415,109756943.87012415,72720000.0,0.5093089091051175,0.5093089091051175,0.0
provider_eval_website_retargeting,website_retargeting,existing_vid,1,6312610.93855443,6312610.93855443,5310000.0,0.18881561931345206,0.18881561931345206,0.0
provider_eval_website_retargeting,website_retargeting,existing_vid,2,13268995.5858878,13268995.5858878,9330000.0,0.4221860220672884,0.4221860220672884,0.0
provider_eval_website_retargeting,website_retargeting,existing_vid,3,18837567.7415701,18837567.7415701,11745000.0,0.6038797566258067,0.6038797566258067,0.0
provider_eval_website_retargeting,website_retargeting,existing_vid,4,24485033.038716976,24485033.038716976,13635000.0,0.7957486643723488,0.7957486643723488,0.0
provider_eval_website_retargeting,website_retargeting,existing_vid,5,29648708.13835514,29648708.13835514,15180000.0,0.9531428286136455,0.9531428286136455,0.0
provider_eval_website_retargeting,website_retargeting,existing_vid,6,34848782.801310174,34848782.801310174,16395000.0,1.1255738213668907,1.1255738213668907,0.0
provider_eval_website_retargeting,website_retargeting,existing_vid,7,40258883.52637287,40258883.52637287,17610000.0,1.2861376221676815,1.2861376221676815,0.0
provider_eval_website_retargeting,website_retargeting,existing_vid,8,47270006.24599041,47270006.24599041,19350000.0,1.4428943796377474,1.4428943796377474,0.0
provider_eval_website_retargeting,website_retargeting,existing_vid,9,52196219.94428812,52196219.94428812,20115000.0,1.5948903775435306,1.5948903775435306,0.0
provider_eval_website_retargeting,website_retargeting,existing_vid,10,56820558.01266357,56820558.01266357,20700000.0,1.74495449336539,1.74495449336539,0.0
provider_eval_website_retargeting,website_retargeting,existing_vid,11,61268912.1153152,61268912.1153152,21255000.0,1.8825646725624652,1.8825646725624652,0.0
provider_eval_website_retargeting,website_retargeting,existing_vid,12,66541096.41771978,66541096.41771978,21930000.0,2.034249722650241,2.034249722650241,0.0
provider_eval_website_retargeting,website_retargeting,existing_vid,13,71323023.01029754,71323023.01029754,22305000.0,2.197624882775052,2.197624882775052,0.0
provider_eval_website_retargeting,website_retargeting,5.0,1,6038896.169349462,6038896.169349462,5310000.0,0.13726858179839205,0.13726858179839205,0.0
provider_eval_website_retargeting,website_retargeting,5.0,2,11787404.005610645,11787404.005610645,9330000.0,0.2633873532272931,0.2633873532272931,0.0
provider_eval_website_retargeting,website_retargeting,5.0,3,15691358.890799046,15691358.890799046,11745000.0,0.33600331126428656,0.33600331126428656,0.0
provider_eval_website_retargeting,website_retargeting,5.0,4,18931772.663028657,18931772.663028657,13635000.0,0.3884688421729855,0.3884688421729855,0.0
provider_eval_website_retargeting,website_retargeting,5.0,5,21202052.617081583,21202052.617081583,15180000.0,0.3967096585692742,0.3967096585692742,0.0
provider_eval_website_retargeting,website_retargeting,5.0,6,24312531.791096002,24312531.791096002,16395000.0,0.48292356151851185,0.48292356151851185,0.0
provider_eval_website_retargeting,website_retargeting,5.0,7,24894167.29091835,24894167.29091835,17610000.0,0.4136381198704344,0.4136381198704344,0.0
provider_eval_website_retargeting,website_retargeting,5.0,8,24544808.045236737,24894167.29091835,19350000.0,0.2684655320535781,0.2865202734324729,0.014033779141874071
provider_eval_website_retargeting,website_retargeting,5.0,9,25163129.41320628,25163129.41320628,20115000.0,0.2509634309324524,0.2509634309324524,0.0
provider_eval_website_retargeting,website_retargeting,5.0,10,26197835.40297228,26197835.40297228,20700000.0,0.2655959131870667,0.2655959131870667,0.0
provider_eval_website_retargeting,website_retargeting,5.0,11,26851455.088414103,26851455.088414103,21255000.0,0.26330063930435677,0.26330063930435677,0.0
provider_eval_website_retargeting,website_retargeting,5.0,12,26800987.831310004,26851455.088414103,21930000.0,0.2221152681855907,0.2244165566992295,0.0018794980360626514
provider_eval_website_retargeting,website_retargeting,5.0,13,25475984.34492579,26851455.088414103,22305000.0,0.14216473189535042,0.20383120772984098,0.04943860632018533
provider_eval_website_retargeting,website_retargeting,20.0,1,6221129.118257135,6221129.118257135,5310000.0,0.1715874045681987,0.1715874045681987,0.0
provider_eval_website_retargeting,website_retargeting,20.0,2,12542611.394649506,12542611.394649506,9330000.0,0.34433133919072945,0.34433133919072945,0.0
provider_eval_website_retargeting,website_retargeting,20.0,3,17069409.414101094,17069409.414101094,11745000.0,0.4533341348745078,0.4533341348745078,0.0
provider_eval_website_retargeting,website_retargeting,20.0,4,20931338.627106577,20931338.627106577,13635000.0,0.5351183444889313,0.5351183444889313,0.0
provider_eval_website_retargeting,website_retargeting,20.0,5,24019898.13401875,24019898.13401875,15180000.0,0.5823384805018939,0.5823384805018939,0.0
provider_eval_website_retargeting,website_retargeting,20.0,6,27260273.802990556,27260273.802990556,16395000.0,0.6627187437017722,0.6627187437017722,0.0
provider_eval_website_retargeting,website_retargeting,20.0,7,28896658.98115477,28896658.98115477,17610000.0,0.6409232811558643,0.6409232811558643,0.0
provider_eval_website_retargeting,website_retargeting,20.0,8,28985411.094985574,28985411.094985574,19350000.0,0.4979540617563604,0.4979540617563604,0.0
provider_eval_website_retargeting,website_retargeting,20.0,9,29790225.45561406,29790225.45561406,20115000.0,0.4809955483775322,0.4809955483775322,0.0
provider_eval_website_retargeting,website_retargeting,20.0,10,30984337.81014353,30984337.81014353,20700000.0,0.49682791353350386,0.49682791353350386,0.0
provider_eval_website_retargeting,website_retargeting,20.0,11,31970204.240346014,31970204.240346014,21255000.0,0.5041262874780529,0.5041262874780529,0.0
provider_eval_website_retargeting,website_retargeting,20.0,12,32198860.908936054,32198860.908936054,21930000.0,0.46825631139699286,0.46825631139699286,0.0
provider_eval_website_retargeting,website_retargeting,20.0,13,30909616.532554388,32198860.908936054,22305000.0,0.38577074792891225,0.44357143729818665,0.040040061666400915
provider_eval_website_retargeting,website_retargeting,50.0,1,6273670.54366377,6273670.54366377,5310000.0,0.1814822116127627,0.1814822116127627,0.0
provider_eval_website_retargeting,website_retargeting,50.0,2,12897980.733542591,12897980.733542591,9330000.0,0.3824202286755189,0.3824202286755189,0.0
provider_eval_website_retargeting,website_retargeting,50.0,3,17830441.372648448,17830441.372648448,11745000.0,0.5181303850701104,0.5181303850701104,0.0
provider_eval_website_retargeting,website_retargeting,50.0,4,22210866.37153074,22210866.37153074,13635000.0,0.6289597632219099,0.6289597632219099,0.0
provider_eval_website_retargeting,website_retargeting,50.0,5,25869049.395425916,25869049.395425916,15180000.0,0.7041534516090854,0.7041534516090854,0.0
provider_eval_website_retargeting,website_retargeting,50.0,6,29474211.848145545,29474211.848145545,16395000.0,0.7977561359039673,0.7977561359039673,0.0
provider_eval_website_retargeting,website_retargeting,50.0,7,31986418.28816223,31986418.28816223,17610000.0,0.8163780969995589,0.8163780969995589,0.0
provider_eval_website_retargeting,website_retargeting,50.0,8,33272451.59119031,33272451.59119031,19350000.0,0.7195065421803777,0.7195065421803777,0.0
provider_eval_website_retargeting,website_retargeting,50.0,9,34704661.948348254,34704661.948348254,20115000.0,0.7253125502534553,0.7253125502534553,0.0
provider_eval_website_retargeting,website_retargeting,50.0,10,36213667.52291256,36213667.52291256,20700000.0,0.7494525373387712,0.7494525373387712,0.0
provider_eval_website_retargeting,website_retargeting,50.0,11,37540216.64509681,37540216.64509681,21255000.0,0.7661828579203391,0.7661828579203391,0.0
provider_eval_website_retargeting,website_retargeting,50.0,12,38219422.048341215,38219422.048341215,21930000.0,0.7427917030707348,0.7427917030707348,0.0
provider_eval_website_retargeting,website_retargeting,50.0,13,37471528.55250794,38219422.048341215,22305000.0,0.6799609303971279,0.7134912373163512,0.019568414584797144
provider_eval_website_retargeting,website_retargeting,100.0,1,6292808.532887131,6292808.532887131,5310000.0,0.18508635270944085,0.18508635270944085,0.0
provider_eval_website_retargeting,website_retargeting,100.0,2,13064292.892676264,13064292.892676264,9330000.0,0.40024575484204333,0.40024575484204333,0.0
provider_eval_website_retargeting,website_retargeting,100.0,3,18247799.583055615,18247799.583055615,11745000.0,0.5536653540277238,0.5536653540277238,0.0
provider_eval_website_retargeting,website_retargeting,100.0,4,23025226.469971746,23025226.469971746,13635000.0,0.6886854763455627,0.6886854763455627,0.0
provider_eval_website_retargeting,website_retargeting,100.0,5,27081933.916853994,27081933.916853994,15180000.0,0.7840536177110669,0.7840536177110669,0.0
provider_eval_website_retargeting,website_retargeting,100.0,6,31021956.510038435,31021956.510038435,16395000.0,0.8921595919511092,0.8921595919511092,0.0
provider_eval_website_retargeting,website_retargeting,100.0,7,34171673.417619586,34171673.417619586,17610000.0,0.940469813607018,0.940469813607018,0.0
provider_eval_website_retargeting,website_retargeting,100.0,8,36650591.03655025,36650591.03655025,19350000.0,0.8940873920697805,0.8940873920697805,0.0
provider_eval_website_retargeting,website_retargeting,100.0,9,38786579.323150665,38786579.323150665,20115000.0,0.9282415770892699,0.9282415770892699,0.0
provider_eval_website_retargeting,website_retargeting,100.0,10,40740995.60956037,40740995.60956037,20700000.0,0.9681640391091967,0.9681640391091967,0.0
provider_eval_website_retargeting,website_retargeting,100.0,11,42481773.05826843,42481773.05826843,21255000.0,0.9986719858042074,0.9986719858042074,0.0
provider_eval_website_retargeting,website_retargeting,100.0,12,43717092.17333013,43717092.17333013,21930000.0,0.993483455236212,0.993483455236212,0.0
provider_eval_website_retargeting,website_retargeting,100.0,13,43649224.691618085,43717092.17333013,22305000.0,0.956925563399152,0.9599682660089723,0.0015524244257363084
provider_eval_website_retargeting,website_retargeting,250.0,1,6304644.32193765,6304644.32193765,5310000.0,0.18731531486584754,0.18731531486584754,0.0
provider_eval_website_retargeting,website_retargeting,250.0,2,13181744.583058894,13181744.583058894,9330000.0,0.41283436045647304,0.41283436045647304,0.0
provider_eval_website_retargeting,website_retargeting,250.0,3,18575304.97599727,18575304.97599727,11745000.0,0.5815500192419982,0.5815500192419982,0.0
provider_eval_website_retargeting,website_retargeting,250.0,4,23782226.384756386,23782226.384756386,13635000.0,0.7442043553176667,0.7442043553176667,0.0
provider_eval_website_retargeting,website_retargeting,250.0,5,28323869.821459144,28323869.821459144,15180000.0,0.8658675771712216,0.8658675771712216,0.0
provider_eval_website_retargeting,website_retargeting,250.0,6,32734383.96253246,32734383.96253246,16395000.0,0.9966077439788021,0.9966077439788021,0.0
provider_eval_website_retargeting,website_retargeting,250.0,7,36624647.07273781,36624647.07273781,17610000.0,1.079764172216798,1.079764172216798,0.0
provider_eval_website_retargeting,website_retargeting,250.0,8,40579097.79818097,40579097.79818097,19350000.0,1.097110997322014,1.097110997322014,0.0
provider_eval_website_retargeting,website_retargeting,250.0,9,43638316.5892573,43638316.5892573,20115000.0,1.1694415406043897,1.1694415406043897,0.0
provider_eval_website_retargeting,website_retargeting,250.0,10,46320482.49832827,46320482.49832827,20700000.0,1.2377044685182739,1.2377044685182739,0.0
provider_eval_website_retargeting,website_retargeting,250.0,11,48722256.303347304,48722256.303347304,21255000.0,1.29227270305092,1.29227270305092,0.0
provider_eval_website_retargeting,website_retargeting,250.0,12,50924943.13634533,50924943.13634533,21930000.0,1.3221588297467088,1.3221588297467088,0.0
provider_eval_website_retargeting,website_retargeting,250.0,13,51960355.7091576,51960355.7091576,22305000.0,1.3295384760886617,1.3295384760886617,0.0
provider_eval_website_retargeting,website_retargeting,500.0,1,6308630.8729120195,6308630.8729120195,5310000.0,0.18806607776120896,0.18806607776120896,0.0
provider_eval_website_retargeting,website_retargeting,500.0,2,13224396.941770673,13224396.941770673,9330000.0,0.41740588872140116,0.41740588872140116,0.0
provider_eval_website_retargeting,website_retargeting,500.0,3,18701492.98253587,18701492.98253587,11745000.0,0.5922939959587799,0.5922939959587799,0.0
provider_eval_website_retargeting,website_retargeting,500.0,4,24109184.141934663,24109184.141934663,13635000.0,0.7681836554407527,0.7681836554407527,0.0
provider_eval_website_retargeting,website_retargeting,500.0,5,28917554.0416511,28917554.0416511,15180000.0,0.9049772095949341,0.9049772095949341,0.0
provider_eval_website_retargeting,website_retargeting,500.0,6,33639985.928455114,33639985.928455114,16395000.0,1.0518442164352007,1.0518442164352007,0.0
provider_eval_website_retargeting,website_retargeting,500.0,7,38061063.43991786,38061063.43991786,17610000.0,1.1613323929538821,1.1613323929538821,0.0
provider_eval_website_retargeting,website_retargeting,500.0,8,42951460.95735487,42951460.95735487,19350000.0,1.2197137445661432,1.2197137445661432,0.0
provider_eval_website_retargeting,website_retargeting,500.0,9,46570340.830056906,46570340.830056906,20115000.0,1.3152046149667862,1.3152046149667862,0.0
provider_eval_website_retargeting,website_retargeting,500.0,10,49750520.495765164,49750520.495765164,20700000.0,1.4034067872350322,1.4034067872350322,0.0
provider_eval_website_retargeting,website_retargeting,500.0,11,52615634.44162464,52615634.44162464,21255000.0,1.4754473978651914,1.4754473978651914,0.0
provider_eval_website_retargeting,website_retargeting,500.0,12,55540622.877016455,55540622.877016455,21930000.0,1.5326321421348132,1.5326321421348132,0.0
provider_eval_website_retargeting,website_retargeting,500.0,13,57426084.204854876,57426084.204854876,22305000.0,1.5745834658083333,1.5745834658083333,0.0
provider_eval_website_retargeting,website_retargeting,1000.0,1,6310624.130900651,6310624.130900651,5310000.0,0.18844145591349365,0.18844145591349365,0.0
provider_eval_website_retargeting,website_retargeting,1000.0,2,13246466.861843586,13246466.861843586,9330000.0,0.4197713678288945,0.4197713678288945,0.0
provider_eval_website_retargeting,website_retargeting,1000.0,3,18768251.372931033,18768251.372931033,11745000.0,0.5979779798153285,0.5979779798153285,0.0
provider_eval_website_retargeting,website_retargeting,1000.0,4,24290541.09335217,24290541.09335217,13635000.0,0.7814844952953552,0.7814844952953552,0.0
provider_eval_website_retargeting,website_retargeting,1000.0,5,29263791.45583418,29263791.45583418,15180000.0,0.9277859984080488,0.9277859984080488,0.0
provider_eval_website_retargeting,website_retargeting,1000.0,6,34199467.96470347,34199467.96470347,16395000.0,1.08596937875593,1.08596937875593,0.0
provider_eval_website_retargeting,website_retargeting,1000.0,7,39035251.81689218,39035251.81689218,17610000.0,1.216652573361282,1.216652573361282,0.0
provider_eval_website_retargeting,website_retargeting,1000.0,8,44716426.31639889,44716426.31639889,19350000.0,1.3109264246200976,1.3109264246200976,0.0
provider_eval_website_retargeting,website_retargeting,1000.0,9,48797080.81765404,48797080.81765404,20115000.0,1.4259050866345535,1.4259050866345535,0.0
provider_eval_website_retargeting,website_retargeting,1000.0,10,52432051.86293948,52432051.86293948,20700000.0,1.532949365359395,1.532949365359395,0.0
provider_eval_website_retargeting,website_retargeting,1000.0,11,55736599.26828162,55736599.26828162,21255000.0,1.622281781617578,1.622281781617578,0.0
provider_eval_website_retargeting,website_retargeting,1000.0,12,59288913.97415081,59288913.97415081,21930000.0,1.7035528487984863,1.7035528487984863,0.0
provider_eval_website_retargeting,website_retargeting,1000.0,13,61911939.582280934,61911939.582280934,22305000.0,1.7756978068720437,1.7756978068720437,0.0
provider_eval_crm_customer_list,crm_customer_list,existing_vid,1,6596028.077004088,6596028.077004088,5160000.0,0.2783000149232729,0.2783000149232729,0.0
provider_eval_crm_customer_list,crm_customer_list,existing_vid,2,14434209.733259175,14434209.733259175,8295000.0,0.7401096724845299,0.7401096724845299,0.0
provider_eval_crm_customer_list,crm_customer_list,existing_vid,3,22784430.984047312,22784430.984047312,10035000.0,1.2704963611407387,1.2704963611407387,0.0
provider_eval_crm_customer_list,crm_customer_list,existing_vid,4,29128095.8261123,29128095.8261123,10935000.0,1.663749046740951,1.663749046740951,0.0
provider_eval_crm_customer_list,crm_customer_list,existing_vid,5,34514732.472307034,34514732.472307034,11460000.0,2.011756760236216,2.011756760236216,0.0
provider_eval_crm_customer_list,crm_customer_list,existing_vid,6,38638823.06716313,38638823.06716313,12015000.0,2.215882069676499,2.215882069676499,0.0
provider_eval_crm_customer_list,crm_customer_list,existing_vid,7,43289720.026824065,43289720.026824065,12450000.0,2.4770859459296437,2.4770859459296437,0.0
provider_eval_crm_customer_list,crm_customer_list,existing_vid,8,46604927.372780845,46604927.372780845,12780000.0,2.6467079321424762,2.6467079321424762,0.0
provider_eval_crm_customer_list,crm_customer_list,existing_vid,9,50038211.49041875,50038211.49041875,13230000.0,2.782177739260676,2.782177739260676,0.0
provider_eval_crm_customer_list,crm_customer_list,existing_vid,10,53303591.902378365,53303591.902378365,13590000.0,2.9222657764811157,2.9222657764811157,0.0
provider_eval_crm_customer_list,crm_customer_list,existing_vid,11,56351174.180172324,56351174.180172324,13755000.0,3.0967774758395,3.0967774758395,0.0
provider_eval_crm_customer_list,crm_customer_list,existing_vid,12,57925676.623172775,57925676.623172775,13845000.0,3.1838697452634723,3.1838697452634723,0.0
provider_eval_crm_customer_list,crm_customer_list,existing_vid,13,58635009.93307688,58635009.93307688,13905000.0,3.2168291933172872,3.2168291933172872,0.0
provider_eval_crm_customer_list,crm_customer_list,5.0,1,5575409.32365191,5575409.32365191,5160000.0,0.0805056828782771,0.0805056828782771,0.0
provider_eval_crm_customer_list,crm_customer_list,5.0,2,8596079.019060671,8596079.019060671,8295000.0,0.03629644593859811,0.03629644593859811,0.0
provider_eval_crm_customer_list,crm_customer_list,5.0,3,9101960.146629065,9101960.146629065,10035000.0,0.09297856037577824,0.09297856037577824,0.0
provider_eval_crm_customer_list,crm_customer_list,5.0,4,9965170.32078594,9965170.32078594,10935000.0,0.0886904141942442,0.0886904141942442,0.0
provider_eval_crm_customer_list,crm_customer_list,5.0,5,10441696.546819866,10441696.546819866,11460000.0,0.08885719486737646,0.08885719486737646,0.0
provider_eval_crm_customer_list,crm_customer_list,5.0,6,10351209.03288111,10441696.546819866,12015000.0,0.13847615206982014,0.13094493992344022,0.008665978132290558
provider_eval_crm_customer_list,crm_customer_list,5.0,7,10626327.579916447,10626327.579916447,12450000.0,0.14647971245651026,0.14647971245651026,0.0
provider_eval_crm_customer_list,crm_customer_list,5.0,8,10929397.880537957,10929397.880537957,12780000.0,0.14480454768873577,0.14480454768873577,0.0
provider_eval_crm_customer_list,crm_customer_list,5.0,9,11143988.302671254,11143988.302671254,13230000.0,0.15767284182379035,0.15767284182379035,0.0
provider_eval_crm_customer_list,crm_customer_list,5.0,10,11260794.560425282,11260794.560425282,13590000.0,0.17139112873986156,0.17139112873986156,0.0
provider_eval_crm_customer_list,crm_customer_list,5.0,11,12430905.091731519,12430905.091731519,13755000.0,0.09626280685339741,0.09626280685339741,0.0
provider_eval_crm_customer_list,crm_customer_list,5.0,12,12980576.150639445,12980576.150639445,13845000.0,0.06243581432723405,0.06243581432723405,0.0
provider_eval_crm_customer_list,crm_customer_list,5.0,13,13070662.588460356,13070662.588460356,13905000.0,0.06000269050986293,0.06000269050986293,0.0
provider_eval_crm_customer_list,crm_customer_list,20.0,1,6132660.718468875,6132660.718468875,5160000.0,0.188500139238154,0.188500139238154,0.0
provider_eval_crm_customer_list,crm_customer_list,20.0,2,10714455.951189756,10714455.951189756,8295000.0,0.29167642570099533,0.29167642570099533,0.0
provider_eval_crm_customer_list,crm_customer_list,20.0,3,12223913.000355095,12223913.000355095,10035000.0,0.21812785255157893,0.21812785255157893,0.0
provider_eval_crm_customer_list,crm_customer_list,20.0,4,13478614.466071308,13478614.466071308,10935000.0,0.23261220540204003,0.23261220540204003,0.0
provider_eval_crm_customer_list,crm_customer_list,20.0,5,14033030.728424817,14033030.728424817,11460000.0,0.22452275117145004,0.22452275117145004,0.0
provider_eval_crm_customer_list,crm_customer_list,20.0,6,14313344.241256356,14313344.241256356,12015000.0,0.19128957480285944,0.19128957480285944,0.0
provider_eval_crm_customer_list,crm_customer_list,20.0,7,14584413.069725633,14584413.069725633,12450000.0,0.17143880078117532,0.17143880078117532,0.0
provider_eval_crm_customer_list,crm_customer_list,20.0,8,14711039.422385782,14711039.422385782,12780000.0,0.1510985463525651,0.1510985463525651,0.0
provider_eval_crm_customer_list,crm_customer_list,20.0,9,14741350.733152866,14741350.733152866,13230000.0,0.11423663893823631,0.11423663893823631,0.0
provider_eval_crm_customer_list,crm_customer_list,20.0,10,14773366.382245809,14773366.382245809,13590000.0,0.08707626065090573,0.08707626065090573,0.0
provider_eval_crm_customer_list,crm_customer_list,20.0,11,15802696.674742937,15802696.674742937,13755000.0,0.1488692602503044,0.1488692602503044,0.0
provider_eval_crm_customer_list,crm_customer_list,20.0,12,16286713.753145337,16286713.753145337,13845000.0,0.17636069000688603,0.17636069000688603,0.0
provider_eval_crm_customer_list,crm_customer_list,20.0,13,16355141.676962793,16355141.676962793,13905000.0,0.17620580201098834,0.17620580201098834,0.0
provider_eval_crm_customer_list,crm_customer_list,50.0,1,6366763.104379296,6366763.104379296,5160000.0,0.2338688186781582,0.2338688186781582,0.0
provider_eval_crm_customer_list,crm_customer_list,50.0,2,12147181.346977413,12147181.346977413,8295000.0,0.4643979924023403,0.4643979924023403,0.0
provider_eval_crm_customer_list,crm_customer_list,50.0,3,15043759.443935126,15043759.443935126,10035000.0,0.49912899291829854,0.49912899291829854,0.0
provider_eval_crm_customer_list,crm_customer_list,50.0,4,17028792.05760172,17028792.05760172,10935000.0,0.5572740793417211,0.5572740793417211,0.0
provider_eval_crm_customer_list,crm_customer_list,50.0,5,18124787.75990942,18124787.75990942,11460000.0,0.5815696125575411,0.5815696125575411,0.0
provider_eval_crm_customer_list,crm_customer_list,50.0,6,18802678.52357173,18802678.52357173,12015000.0,0.5649337098270271,0.5649337098270271,0.0
provider_eval_crm_customer_list,crm_customer_list,50.0,7,19451778.28497538,19451778.28497538,12450000.0,0.5623918301185044,0.5623918301185044,0.0
provider_eval_crm_customer_list,crm_customer_list,50.0,8,19663406.407274783,19663406.407274783,12780000.0,0.5386077000997482,0.5386077000997482,0.0
provider_eval_crm_customer_list,crm_customer_list,50.0,9,19640832.815629214,19663406.407274783,13230000.0,0.4845678621034931,0.4862741048582602,0.001148000055433791
provider_eval_crm_customer_list,crm_customer_list,50.0,10,19609837.97644937,19663406.407274783,13590000.0,0.4429608518358624,0.44690260539181625,0.0015780817173485376
provider_eval_crm_customer_list,crm_customer_list,50.0,11,20529793.467794597,20529793.467794597,13755000.0,0.49253314923988345,0.49253314923988345,0.0
provider_eval_crm_customer_list,crm_customer_list,50.0,12,20948311.05880049,20948311.05880049,13845000.0,0.5130596647743221,0.5130596647743221,0.0
provider_eval_crm_customer_list,crm_customer_list,50.0,13,21016021.43388918,21016021.43388918,13905000.0,0.5114003188701316,0.5114003188701316,0.0
provider_eval_crm_customer_list,crm_customer_list,100.0,1,6470923.081488013,6470923.081488013,5160000.0,0.25405486075349093,0.25405486075349093,0.0
provider_eval_crm_customer_list,crm_customer_list,100.0,2,12984075.027226925,12984075.027226925,8295000.0,0.5652893342045721,0.5652893342045721,0.0
provider_eval_crm_customer_list,crm_customer_list,100.0,3,17220816.221114755,17220816.221114755,10035000.0,0.7160753583572251,0.7160753583572251,0.0
provider_eval_crm_customer_list,crm_customer_list,100.0,4,20012327.84760025,20012327.84760025,10935000.0,0.8301168584911067,0.8301168584911067,0.0
provider_eval_crm_customer_list,crm_customer_list,100.0,5,21830951.026432037,21830951.026432037,11460000.0,0.904969548554279,0.904969548554279,0.0
provider_eval_crm_customer_list,crm_customer_list,100.0,6,23040802.80883637,23040802.80883637,12015000.0,0.9176698134695274,0.9176698134695274,0.0
provider_eval_crm_customer_list,crm_customer_list,100.0,7,24114428.411897838,24114428.411897838,12450000.0,0.9369018804737219,0.9369018804737219,0.0
provider_eval_crm_customer_list,crm_customer_list,100.0,8,24558239.05584705,24558239.05584705,12780000.0,0.9216149495967957,0.9216149495967957,0.0
provider_eval_crm_customer_list,crm_customer_list,100.0,9,24705748.455339044,24705748.455339044,13230000.0,0.8674035113634954,0.8674035113634954,0.0
provider_eval_crm_customer_list,crm_customer_list,100.0,10,24757123.032272875,24757123.032272875,13590000.0,0.821716190748556,0.821716190748556,0.0
provider_eval_crm_customer_list,crm_customer_list,100.0,11,25670360.516379833,25670360.516379833,13755000.0,0.866256671492536,0.866256671492536,0.0
provider_eval_crm_customer_list,crm_customer_list,100.0,12,26072967.09918642,26072967.09918642,13845000.0,0.883204557543259,0.883204557543259,0.0
provider_eval_crm_customer_list,crm_customer_list,100.0,13,26170117.0053342,26170117.0053342,13905000.0,0.8820652287187486,0.8820652287187486,0.0
provider_eval_crm_customer_list,crm_customer_list,250.0,1,6543317.355130434,6543317.355130434,5160000.0,0.26808475874620813,0.26808475874620813,0.0
provider_eval_crm_customer_list,crm_customer_list,250.0,2,13709203.293624192,13709203.293624192,8295000.0,0.6527068467298605,0.6527068467298605,0.0
provider_eval_crm_customer_list,crm_customer_list,250.0,3,19551548.248608887,19551548.248608887,10035000.0,0.9483356500855892,0.9483356500855892,0.0
provider_eval_crm_customer_list,crm_customer_list,250.0,4,23513632.344261527,23513632.344261527,10935000.0,1.1503093136041633,1.1503093136041633,0.0
provider_eval_crm_customer_list,crm_customer_list,250.0,5,26432761.240689784,26432761.240689784,11460000.0,1.306523668472058,1.306523668472058,0.0
provider_eval_crm_customer_list,crm_customer_list,250.0,6,28505275.258952737,28505275.258952737,12015000.0,1.3724740123972314,1.3724740123972314,0.0
provider_eval_crm_customer_list,crm_customer_list,250.0,7,30408766.128527373,30408766.128527373,12450000.0,1.4424711749821184,1.4424711749821184,0.0
provider_eval_crm_customer_list,crm_customer_list,250.0,8,31398602.95884204,31398602.95884204,12780000.0,1.456854691615183,1.456854691615183,0.0
provider_eval_crm_customer_list,crm_customer_list,250.0,9,32069887.085096627,32069887.085096627,13230000.0,1.4240277464169786,1.4240277464169786,0.0
provider_eval_crm_customer_list,crm_customer_list,250.0,10,32579500.085472286,32579500.085472286,13590000.0,1.3973142079081888,1.3973142079081888,0.0
provider_eval_crm_customer_list,crm_customer_list,250.0,11,33723811.4747569,33723811.4747569,13755000.0,1.4517492893316537,1.4517492893316537,0.0
provider_eval_crm_customer_list,crm_customer_list,250.0,12,34233012.69444978,34233012.69444978,13845000.0,1.4725902993463187,1.4725902993463187,0.0
provider_eval_crm_customer_list,crm_customer_list,250.0,13,34425269.493864,34425269.493864,13905000.0,1.4757475364159656,1.4757475364159656,0.0
provider_eval_crm_customer_list,crm_customer_list,500.0,1,6569269.716170192,6569269.716170192,5160000.0,0.2731142860794945,0.2731142860794945,0.0
provider_eval_crm_customer_list,crm_customer_list,500.0,2,14035238.64730066,14035238.64730066,8295000.0,0.692011892381032,0.692011892381032,0.0
provider_eval_crm_customer_list,crm_customer_list,500.0,3,20775447.95218292,20775447.95218292,10035000.0,1.0702987495947105,1.0702987495947105,0.0
provider_eval_crm_customer_list,crm_customer_list,500.0,4,25476482.992328435,25476482.992328435,10935000.0,1.3298109732353394,1.3298109732353394,0.0
provider_eval_crm_customer_list,crm_customer_list,500.0,5,29086080.258718103,29086080.258718103,11460000.0,1.538052378596693,1.538052378596693,0.0
provider_eval_crm_customer_list,crm_customer_list,500.0,6,31721413.85463929,31721413.85463929,12015000.0,1.6401509658459668,1.6401509658459668,0.0
provider_eval_crm_customer_list,crm_customer_list,500.0,7,34294489.41574937,34294489.41574937,12450000.0,1.7545774631123994,1.7545774631123994,0.0
provider_eval_crm_customer_list,crm_customer_list,500.0,8,35817353.58825901,35817353.58825901,12780000.0,1.8026098269373247,1.8026098269373247,0.0
provider_eval_crm_customer_list,crm_customer_list,500.0,9,37078599.80193129,37078599.80193129,13230000.0,1.8026152533583744,1.8026152533583744,0.0
provider_eval_crm_customer_list,crm_customer_list,500.0,10,38145705.4877443,38145705.4877443,13590000.0,1.8068951793777999,1.8068951793777999,0.0
provider_eval_crm_customer_list,crm_customer_list,500.0,11,39633350.375590056,39633350.375590056,13755000.0,1.8813777081490408,1.8813777081490408,0.0
provider_eval_crm_customer_list,crm_customer_list,500.0,12,40323054.49160883,40323054.49160883,13845000.0,1.9124633074473694,1.9124633074473694,0.0
provider_eval_crm_customer_list,crm_customer_list,500.0,13,40617260.041392714,40617260.041392714,13905000.0,1.9210542999922844,1.9210542999922844,0.0
provider_eval_crm_customer_list,crm_customer_list,1000.0,1,6582560.241341561,6582560.241341561,5160000.0,0.27568996925224054,0.27568996925224054,0.0
provider_eval_crm_customer_list,crm_customer_list,1000.0,2,14224703.770365655,14224703.770365655,8295000.0,0.7148527752098439,0.7148527752098439,0.0
provider_eval_crm_customer_list,crm_customer_list,1000.0,3,21618002.57367766,21618002.57367766,10035000.0,1.154260346156219,1.154260346156219,0.0
provider_eval_crm_customer_list,crm_customer_list,1000.0,4,26895608.020426363,26895608.020426363,10935000.0,1.4595892108300286,1.4595892108300286,0.0
provider_eval_crm_customer_list,crm_customer_list,1000.0,5,31028547.67502615,31028547.67502615,11460000.0,1.707552153143643,1.707552153143643,0.0
provider_eval_crm_customer_list,crm_customer_list,1000.0,6,34066431.56812072,34066431.56812072,12015000.0,1.8353251409172466,1.8353251409172466,0.0
provider_eval_crm_customer_list,crm_customer_list,1000.0,7,37187352.32258299,37187352.32258299,12450000.0,1.9869359295247382,1.9869359295247382,0.0
provider_eval_crm_customer_list,crm_customer_list,1000.0,8,39201136.98711184,39201136.98711184,12780000.0,2.0673816108851204,2.0673816108851204,0.0
provider_eval_crm_customer_list,crm_customer_list,1000.0,9,41051513.348131955,41051513.348131955,13230000.0,2.10291106183915,2.10291106183915,0.0
provider_eval_crm_customer_list,crm_customer_list,1000.0,10,42705704.442438394,42705704.442438394,13590000.0,2.1424359413126117,2.1424359413126117,0.0
provider_eval_crm_customer_list,crm_customer_list,1000.0,11,44566060.856799155,44566060.856799155,13755000.0,2.2399898841729664,2.2399898841729664,0.0
provider_eval_crm_customer_list,crm_customer_list,1000.0,12,45461860.91782054,45461860.91782054,13845000.0,2.283630257697403,2.283630257697403,0.0
provider_eval_crm_customer_list,crm_customer_list,1000.0,13,45857658.29500289,45857658.29500289,13905000.0,2.2979258033083707,2.2979258033083707,0.0
provider_eval_catalog_retargeting,catalog_retargeting,existing_vid,1,3973648.194747805,3973648.194747805,3885000.0,0.022818068146153187,0.022818068146153187,0.0
provider_eval_catalog_retargeting,catalog_retargeting,existing_vid,2,7811870.27270819,7811870.27270819,7290000.0,0.07158714303267348,0.07158714303267348,0.0
provider_eval_catalog_retargeting,catalog_retargeting,existing_vid,3,12714857.749733679,12714857.749733679,11100000.0,0.1454826801561873,0.1454826801561873,0.0
provider_eval_catalog_retargeting,catalog_retargeting,existing_vid,4,19327348.572854076,19327348.572854076,15840000.0,0.2201608947508886,0.2201608947508886,0.0
provider_eval_catalog_retargeting,catalog_retargeting,existing_vid,5,27381094.725550108,27381094.725550108,20610000.0,0.32853443598011195,0.32853443598011195,0.0
provider_eval_catalog_retargeting,catalog_retargeting,existing_vid,6,38108395.09292153,38108395.09292153,26190000.0,0.4550742685346137,0.4550742685346137,0.0
provider_eval_catalog_retargeting,catalog_retargeting,existing_vid,7,46125932.49495257,46125932.49495257,29400000.0,0.5689092685358016,0.5689092685358016,0.0
provider_eval_catalog_retargeting,catalog_retargeting,existing_vid,8,52718154.535881795,52718154.535881795,32250000.0,0.6346714584769548,0.6346714584769548,0.0
provider_eval_catalog_retargeting,catalog_retargeting,existing_vid,9,58075605.77048925,58075605.77048925,34515000.0,0.6826193182815951,0.6826193182815951,0.0
provider_eval_catalog_retargeting,catalog_retargeting,existing_vid,10,62636740.71521273,62636740.71521273,36420000.0,0.719844610522041,0.719844610522041,0.0
provider_eval_catalog_retargeting,catalog_retargeting,existing_vid,11,66999437.13868341,66999437.13868341,37860000.0,0.7696628932562971,0.7696628932562971,0.0
provider_eval_catalog_retargeting,catalog_retargeting,existing_vid,12,71885486.08891533,71885486.08891533,39360000.0,0.8263588945354505,0.8263588945354505,0.0
provider_eval_catalog_retargeting,catalog_retargeting,existing_vid,13,75364718.31201793,75364718.31201793,40410000.0,0.865001690473099,0.865001690473099,0.0
provider_eval_catalog_retargeting,catalog_retargeting,5.0,1,3973647.6834721267,3973647.6834721267,3885000.0,0.022817936543661963,0.022817936543661963,0.0
provider_eval_catalog_retargeting,catalog_retargeting,5.0,2,7743877.960991234,7743877.960991234,7290000.0,0.06226035130195248,0.06226035130195248,0.0
provider_eval_catalog_retargeting,catalog_retargeting,5.0,3,12241397.276735932,12241397.276735932,11100000.0,0.10282858348972357,0.10282858348972357,0.0
provider_eval_catalog_retargeting,catalog_retargeting,5.0,4,18425708.329907328,18425708.329907328,15840000.0,0.16323916224162424,0.16323916224162424,0.0
provider_eval_catalog_retargeting,catalog_retargeting,5.0,5,24978009.86068991,24978009.86068991,20610000.0,0.21193643186268357,0.21193643186268357,0.0
provider_eval_catalog_retargeting,catalog_retargeting,5.0,6,30743599.010517836,30743599.010517836,26190000.0,0.17386785072614874,0.17386785072614874,0.0
provider_eval_catalog_retargeting,catalog_retargeting,5.0,7,34423754.422080904,34423754.422080904,29400000.0,0.17087600075105117,0.17087600075105117,0.0
provider_eval_catalog_retargeting,catalog_retargeting,5.0,8,37814039.68213782,37814039.68213782,32250000.0,0.17252836223683155,0.17252836223683155,0.0
provider_eval_catalog_retargeting,catalog_retargeting,5.0,9,39792065.60757634,39792065.60757634,34515000.0,0.15289194864772826,0.15289194864772826,0.0
provider_eval_catalog_retargeting,catalog_retargeting,5.0,10,41034544.437894255,41034544.437894255,36420000.0,0.1267035814907813,0.1267035814907813,0.0
provider_eval_catalog_retargeting,catalog_retargeting,5.0,11,42215178.74745035,42215178.74745035,37860000.0,0.11503377568542926,0.11503377568542926,0.0
provider_eval_catalog_retargeting,catalog_retargeting,5.0,12,42881676.94740057,42881676.94740057,39360000.0,0.08947349967989253,0.08947349967989253,0.0
provider_eval_catalog_retargeting,catalog_retargeting,5.0,13,43273552.12887433,43273552.12887433,40410000.0,0.0708624629763507,0.0708624629763507,0.0
provider_eval_catalog_retargeting,catalog_retargeting,20.0,1,3973647.6577525437,3973647.6577525437,3885000.0,0.02281792992343467,0.02281792992343467,0.0
provider_eval_catalog_retargeting,catalog_retargeting,20.0,2,7791367.306019634,7791367.306019634,7290000.0,0.068774664748921,0.068774664748921,0.0
provider_eval_catalog_retargeting,catalog_retargeting,20.0,3,12555899.960069835,12555899.960069835,11100000.0,0.13116215856485003,0.13116215856485003,0.0
provider_eval_catalog_retargeting,catalog_retargeting,20.0,4,18994933.712453097,18994933.712453097,15840000.0,0.1991751081094127,0.1991751081094127,0.0
provider_eval_catalog_retargeting,catalog_retargeting,20.0,5,26210181.9474819,26210181.9474819,20610000.0,0.2717215889122708,0.2717215889122708,0.0
provider_eval_catalog_retargeting,catalog_retargeting,20.0,6,33411505.9969306,33411505.9969306,26190000.0,0.2757352423417564,0.2757352423417564,0.0
provider_eval_catalog_retargeting,catalog_retargeting,20.0,7,37941546.09066993,37941546.09066993,29400000.0,0.29052877859421533,0.29052877859421533,0.0
provider_eval_catalog_retargeting,catalog_retargeting,20.0,8,41709938.873558015,41709938.873558015,32250000.0,0.2933314379397834,0.2933314379397834,0.0
provider_eval_catalog_retargeting,catalog_retargeting,20.0,9,43971039.39434996,43971039.39434996,34515000.0,0.2739689814385039,0.2739689814385039,0.0
provider_eval_catalog_retargeting,catalog_retargeting,20.0,10,45394754.887545615,45394754.887545615,36420000.0,0.24642380251360832,0.24642380251360832,0.0
provider_eval_catalog_retargeting,catalog_retargeting,20.0,11,46750871.08066778,46750871.08066778,37860000.0,0.23483547492519224,0.23483547492519224,0.0
provider_eval_catalog_retargeting,catalog_retargeting,20.0,12,47650039.14612621,47650039.14612621,39360000.0,0.2106209132654017,0.2106209132654017,0.0
provider_eval_catalog_retargeting,catalog_retargeting,20.0,13,48010214.42500396,48010214.42500396,40410000.0,0.1880775655779253,0.1880775655779253,0.0
provider_eval_catalog_retargeting,catalog_retargeting,50.0,1,3973647.652612865,3973647.652612865,3885000.0,0.022817928600480045,0.022817928600480045,0.0
provider_eval_catalog_retargeting,catalog_retargeting,50.0,2,7803331.072942078,7803331.072942078,7290000.0,0.07041578504006558,0.07041578504006558,0.0
provider_eval_catalog_retargeting,catalog_retargeting,50.0,3,12646649.811548114,12646649.811548114,11100000.0,0.13933782086019045,0.13933782086019045,0.0
provider_eval_catalog_retargeting,catalog_retargeting,50.0,4,19179520.763776332,19179520.763776332,15840000.0,0.21082833104648563,0.21082833104648563,0.0
provider_eval_catalog_retargeting,catalog_retargeting,50.0,5,26789809.900877416,26789809.900877416,20610000.0,0.2998452159571769,0.2998452159571769,0.0
provider_eval_catalog_retargeting,catalog_retargeting,50.0,6,35244148.0409849,35244148.0409849,26190000.0,0.3457101199306949,0.3457101199306949,0.0
provider_eval_catalog_retargeting,catalog_retargeting,50.0,7,40694340.04724455,40694340.04724455,29400000.0,0.38416122609675335,0.38416122609675335,0.0
provider_eval_catalog_retargeting,catalog_retargeting,50.0,8,44991809.03956205,44991809.03956205,32250000.0,0.3950948539399084,0.3950948539399084,0.0
provider_eval_catalog_retargeting,catalog_retargeting,50.0,9,47722751.96046303,47722751.96046303,34515000.0,0.3826670131960896,0.3826670131960896,0.0
provider_eval_catalog_retargeting,catalog_retargeting,50.0,10,49536182.26430398,49536182.26430398,36420000.0,0.3601368002280061,0.3601368002280061,0.0
provider_eval_catalog_retargeting,catalog_retargeting,50.0,11,51260230.64017703,51260230.64017703,37860000.0,0.3539416439560757,0.3539416439560757,0.0
provider_eval_catalog_retargeting,catalog_retargeting,50.0,12,52590589.56515126,52590589.56515126,39360000.0,0.3361430275698999,0.3361430275698999,0.0
provider_eval_catalog_retargeting,catalog_retargeting,50.0,13,53137600.525962755,53137600.525962755,40410000.0,0.31496165617329264,0.31496165617329264,0.0
provider_eval_catalog_retargeting,catalog_retargeting,100.0,1,3973647.650899917,3973647.650899917,3885000.0,0.022817928159566767,0.022817928159566767,0.0
provider_eval_catalog_retargeting,catalog_retargeting,100.0,2,7807547.736377984,7807547.736377984,7290000.0,0.0709942025209855,0.0709942025209855,0.0
provider_eval_catalog_retargeting,catalog_retargeting,100.0,3,12679942.507445842,12679942.507445842,11100000.0,0.14233716283295875,0.14233716283295875,0.0
provider_eval_catalog_retargeting,catalog_retargeting,100.0,4,19250539.23502344,19250539.23502344,15840000.0,0.21531182039289387,0.21531182039289387,0.0
provider_eval_catalog_retargeting,catalog_retargeting,100.0,5,27055989.867894173,27055989.867894173,20610000.0,0.3127603041190768,0.3127603041190768,0.0
provider_eval_catalog_retargeting,catalog_retargeting,100.0,6,36346205.714561015,36346205.714561015,26190000.0,0.38778945072779747,0.38778945072779747,0.0
provider_eval_catalog_retargeting,catalog_retargeting,100.0,7,42545978.46515584,42545978.46515584,29400000.0,0.4471421246651646,0.4471421246651646,0.0
provider_eval_catalog_retargeting,catalog_retargeting,100.0,8,47383995.30621418,47383995.30621418,32250000.0,0.46927117228571114,0.46927117228571114,0.0
provider_eval_catalog_retargeting,catalog_retargeting,100.0,9,50622963.87539196,50622963.87539196,34515000.0,0.4666945929419661,0.4666945929419661,0.0
provider_eval_catalog_retargeting,catalog_retargeting,100.0,10,52887578.2250537,52887578.2250537,36420000.0,0.4521575569756644,0.4521575569756644,0.0
provider_eval_catalog_retargeting,catalog_retargeting,100.0,11,55014785.76141024,55014785.76141024,37860000.0,0.45311108720048165,0.45311108720048165,0.0
provider_eval_catalog_retargeting,catalog_retargeting,100.0,12,56866077.3553424,56866077.3553424,39360000.0,0.44476822549142286,0.44476822549142286,0.0
provider_eval_catalog_retargeting,catalog_retargeting,100.0,13,57724303.59814757,57724303.59814757,40410000.0,0.4284658153463888,0.4284658153463888,0.0
provider_eval_catalog_retargeting,catalog_retargeting,250.0,1,3973647.649872124,3973647.649872124,3885000.0,0.022817927895012663,0.022817927895012663,0.0
provider_eval_catalog_retargeting,catalog_retargeting,250.0,2,7810128.605194807,7810128.605194807,7290000.0,0.07134823116526846,0.07134823116526846,0.0
provider_eval_catalog_retargeting,catalog_retargeting,250.0,3,12700708.96870187,12700708.96870187,11100000.0,0.1442080151983666,0.1442080151983666,0.0
provider_eval_catalog_retargeting,catalog_retargeting,250.0,4,19295886.403158158,19295886.403158158,15840000.0,0.21817464666402514,0.21817464666402514,0.0
provider_eval_catalog_retargeting,catalog_retargeting,250.0,5,27242649.212047845,27242649.212047845,20610000.0,0.3218170408562758,0.3218170408562758,0.0
provider_eval_catalog_retargeting,catalog_retargeting,250.0,6,37285996.32894841,37285996.32894841,26190000.0,0.4236730175238033,0.4236730175238033,0.0
provider_eval_catalog_retargeting,catalog_retargeting,250.0,7,44328764.604486614,44328764.604486614,29400000.0,0.5077811089961434,0.5077811089961434,0.0
provider_eval_catalog_retargeting,catalog_retargeting,250.0,8,49881687.58957712,49881687.58957712,32250000.0,0.5467189950256472,0.5467189950256472,0.0
provider_eval_catalog_retargeting,catalog_retargeting,250.0,9,53878710.37685487,53878710.37685487,34515000.0,0.5610230443822937,0.5610230443822937,0.0
provider_eval_catalog_retargeting,catalog_retargeting,250.0,10,56871045.33990513,56871045.33990513,36420000.0,0.5615333701236993,0.5615333701236993,0.0
provider_eval_catalog_retargeting,catalog_retargeting,250.0,11,59635316.500134245,59635316.500134245,37860000.0,0.5751536318049193,0.5751536318049193,0.0
provider_eval_catalog_retargeting,catalog_retargeting,250.0,12,62330554.82171227,62330554.82171227,39360000.0,0.583601494454072,0.583601494454072,0.0
provider_eval_catalog_retargeting,catalog_retargeting,250.0,13,63813753.39411275,63813753.39411275,40410000.0,0.5791574707773509,0.5791574707773509,0.0
provider_eval_catalog_retargeting,catalog_retargeting,500.0,1,3973647.6495295763,3973647.6495295763,3885000.0,0.022817927806840745,0.022817927806840745,0.0
provider_eval_catalog_retargeting,catalog_retargeting,500.0,2,7810997.600491524,7810997.600491524,7290000.0,0.07146743490967404,0.07146743490967404,0.0
provider_eval_catalog_retargeting,catalog_retargeting,500.0,3,12707751.871450394,12707751.871450394,11100000.0,0.14484251094147696,0.14484251094147696,0.0
provider_eval_catalog_retargeting,catalog_retargeting,500.0,4,19311492.374088347,19311492.374088347,15840000.0,0.21915987210153706,0.21915987210153706,0.0
provider_eval_catalog_retargeting,catalog_retargeting,500.0,5,27310344.135486394,27310344.135486394,20610000.0,0.3251016077383015,0.3251016077383015,0.0
provider_eval_catalog_retargeting,catalog_retargeting,500.0,6,37672917.03461325,37672917.03461325,26190000.0,0.4384466221692727,0.4384466221692727,0.0
provider_eval_catalog_retargeting,catalog_retargeting,500.0,7,45142476.73884967,45142476.73884967,29400000.0,0.53545839247788,0.53545839247788,0.0
provider_eval_catalog_retargeting,catalog_retargeting,500.0,8,51115686.33660756,51115686.33660756,32250000.0,0.5849825220653507,0.5849825220653507,0.0
provider_eval_catalog_retargeting,catalog_retargeting,500.0,9,55617746.25791134,55617746.25791134,34515000.0,0.6114079750227825,0.6114079750227825,0.0
provider_eval_catalog_retargeting,catalog_retargeting,500.0,10,59143114.16445027,59143114.16445027,36420000.0,0.623918565745477,0.623918565745477,0.0
provider_eval_catalog_retargeting,catalog_retargeting,500.0,11,62401016.74265823,62401016.74265823,37860000.0,0.648204351364454,0.648204351364454,0.0
provider_eval_catalog_retargeting,catalog_retargeting,500.0,12,65737848.730324104,65737848.730324104,39360000.0,0.6701689209940067,0.6701689209940067,0.0
provider_eval_catalog_retargeting,catalog_retargeting,500.0,13,67754858.23149432,67754858.23149432,40410000.0,0.6766854301285405,0.6766854301285405,0.0
provider_eval_catalog_retargeting,catalog_retargeting,1000.0,1,3973647.6493582726,3973647.6493582726,3885000.0,0.022817927762747117,0.022817927762747117,0.0
provider_eval_catalog_retargeting,catalog_retargeting,1000.0,2,7811433.19808507,7811433.19808507,7290000.0,0.07152718766599035,0.07152718766599035,0.0
provider_eval_catalog_retargeting,catalog_retargeting,1000.0,3,12711301.111472368,12711301.111472368,11100000.0,0.14516226229480794,0.14516226229480794,0.0
provider_eval_catalog_retargeting,catalog_retargeting,1000.0,4,19319391.839086413,19319391.839086413,15840000.0,0.21965857569989983,0.21965857569989983,0.0
provider_eval_catalog_retargeting,catalog_retargeting,1000.0,5,27345328.269002736,27345328.269002736,20610000.0,0.3267990426493321,0.3267990426493321,0.0
provider_eval_catalog_retargeting,catalog_retargeting,1000.0,6,37884067.92317051,37884067.92317051,26190000.0,0.4465088935918483,0.4465088935918483,0.0
provider_eval_catalog_retargeting,catalog_retargeting,1000.0,7,45610120.54559085,45610120.54559085,29400000.0,0.5513646444078519,0.5513646444078519,0.0
provider_eval_catalog_retargeting,catalog_retargeting,1000.0,8,51861084.598165095,51861084.598165095,32250000.0,0.6080956464547316,0.6080956464547316,0.0
provider_eval_catalog_retargeting,catalog_retargeting,1000.0,9,56728507.035074696,56728507.035074696,34515000.0,0.6435899474163319,0.6435899474163319,0.0
provider_eval_catalog_retargeting,catalog_retargeting,1000.0,10,60672271.11558299,60672271.11558299,36420000.0,0.6659053024597196,0.6659053024597196,0.0
provider_eval_catalog_retargeting,catalog_retargeting,1000.0,11,64348280.37400222,64348280.37400222,37860000.0,0.6996376221342372,0.6996376221342372,0.0
provider_eval_catalog_retargeting,catalog_retargeting,1000.0,12,68241324.15619059,68241324.15619059,39360000.0,0.733773479578013,0.733773479578013,0.0
provider_eval_catalog_retargeting,catalog_retargeting,1000.0,13,70746217.13729426,70746217.13729426,40410000.0,0.7507106443279946,0.7507106443279946,0.0
provider_eval_lookalike_prospecting,lookalike_prospecting,existing_vid,1,9483348.583729357,9483348.583729357,9210000.0,0.029679542207313413,0.029679542207313413,0.0
provider_eval_lookalike_prospecting,lookalike_prospecting,existing_vid,2,24297226.65372697,24297226.65372697,22590000.0,0.07557444239605883,0.07557444239605883,0.0
provider_eval_lookalike_prospecting,lookalike_prospecting,existing_vid,3,39629010.002988264,39629010.002988264,35430000.0,0.11851566477528264,0.11851566477528264,0.0
provider_eval_lookalike_prospecting,lookalike_prospecting,existing_vid,4,53603256.15958825,53603256.15958825,46095000.0,0.1628865638266243,0.1628865638266243,0.0
provider_eval_lookalike_prospecting,lookalike_prospecting,existing_vid,5,65028569.071502894,65028569.071502894,54450000.0,0.19428042371906143,0.19428042371906143,0.0
provider_eval_lookalike_prospecting,lookalike_prospecting,existing_vid,6,77818569.8762811,77818569.8762811,63615000.0,0.22327391144040082,0.22327391144040082,0.0
provider_eval_lookalike_prospecting,lookalike_prospecting,existing_vid,7,95600280.88447432,95600280.88447432,75105000.0,0.2728883680776822,0.2728883680776822,0.0
provider_eval_lookalike_prospecting,lookalike_prospecting,existing_vid,8,114813148.9558228,114813148.9558228,87780000.0,0.30796478646414666,0.30796478646414666,0.0
provider_eval_lookalike_prospecting,lookalike_prospecting,existing_vid,9,128829683.43155992,128829683.43155992,96615000.0,0.33343356033286675,0.33343356033286675,0.0
provider_eval_lookalike_prospecting,lookalike_prospecting,existing_vid,10,138077308.82728454,138077308.82728454,102645000.0,0.3451927402921189,0.3451927402921189,0.0
provider_eval_lookalike_prospecting,lookalike_prospecting,existing_vid,11,145339218.3337092,145339218.3337092,108075000.0,0.34479961446874124,0.34479961446874124,0.0
provider_eval_lookalike_prospecting,lookalike_prospecting,existing_vid,12,150560460.24926543,150560460.24926543,112155000.0,0.3424319936629257,0.3424319936629257,0.0
provider_eval_lookalike_prospecting,lookalike_prospecting,existing_vid,13,154567035.26017287,154567035.26017287,115365000.0,0.33980873974058745,0.33980873974058745,0.0
provider_eval_lookalike_prospecting,lookalike_prospecting,5.0,1,9435230.042505682,9435230.042505682,9210000.0,0.024454944897468134,0.024454944897468134,0.0
provider_eval_lookalike_prospecting,lookalike_prospecting,5.0,2,23884361.762089312,23884361.762089312,22590000.0,0.05729799743644586,0.05729799743644586,0.0
provider_eval_lookalike_prospecting,lookalike_prospecting,5.0,3,37846772.88703868,37846772.88703868,35430000.0,0.06821261323846113,0.06821261323846113,0.0
provider_eval_lookalike_prospecting,lookalike_prospecting,5.0,4,49113588.31845681,49113588.31845681,46095000.0,0.06548624185826692,0.06548624185826692,0.0
provider_eval_lookalike_prospecting,lookalike_prospecting,5.0,5,58781300.0283868,58781300.0283868,54450000.0,0.07954637334043713,0.07954637334043713,0.0
provider_eval_lookalike_prospecting,lookalike_prospecting,5.0,6,69235880.46336593,69235880.46336593,63615000.0,0.08835778453770222,0.08835778453770222,0.0
provider_eval_lookalike_prospecting,lookalike_prospecting,5.0,7,79905972.49474962,79905972.49474962,75105000.0,0.0639234737334348,0.0639234737334348,0.0
provider_eval_lookalike_prospecting,lookalike_prospecting,5.0,8,91461590.1446466,91461590.1446466,87780000.0,0.04194110440472317,0.04194110440472317,0.0
provider_eval_lookalike_prospecting,lookalike_prospecting,5.0,9,100197096.1385098,100197096.1385098,96615000.0,0.03707598342400036,0.03707598342400036,0.0
provider_eval_lookalike_prospecting,lookalike_prospecting,5.0,10,105416483.3288681,105416483.3288681,102645000.0,0.027000665681407823,0.027000665681407823,0.0
provider_eval_lookalike_prospecting,lookalike_prospecting,5.0,11,107062733.94208625,107062733.94208625,108075000.0,0.009366329474103636,0.009366329474103636,0.0
provider_eval_lookalike_prospecting,lookalike_prospecting,5.0,12,108583447.26335786,108583447.26335786,112155000.0,0.03184479280140999,0.03184479280140999,0.0
provider_eval_lookalike_prospecting,lookalike_prospecting,5.0,13,108819548.44042815,108819548.44042815,115365000.0,0.05673689212128329,0.05673689212128329,0.0
provider_eval_lookalike_prospecting,lookalike_prospecting,20.0,1,9469546.695495486,9469546.695495486,9210000.0,0.028180965851844327,0.028180965851844327,0.0
provider_eval_lookalike_prospecting,lookalike_prospecting,20.0,2,24138658.627108723,24138658.627108723,22590000.0,0.06855505210751318,0.06855505210751318,0.0
provider_eval_lookalike_prospecting,lookalike_prospecting,20.0,3,38700025.600290865,38700025.600290865,35430000.0,0.09229538809739951,0.09229538809739951,0.0
provider_eval_lookalike_prospecting,lookalike_prospecting,20.0,4,50899679.266592726,50899679.266592726,46095000.0,0.1042342828201047,0.1042342828201047,0.0
provider_eval_lookalike_prospecting,lookalike_prospecting,20.0,5,60975970.296715945,60975970.296715945,54450000.0,0.11985253070185391,0.11985253070185391,0.0
provider_eval_lookalike_prospecting,lookalike_prospecting,20.0,6,71802621.16762488,71802621.16762488,63615000.0,0.12870582673307987,0.12870582673307987,0.0
provider_eval_lookalike_prospecting,lookalike_prospecting,20.0,7,83690197.57183234,83690197.57183234,75105000.0,0.11430926798258896,0.11430926798258896,0.0
provider_eval_lookalike_prospecting,lookalike_prospecting,20.0,8,95807124.92523041,95807124.92523041,87780000.0,0.09144594355468687,0.09144594355468687,0.0
provider_eval_lookalike_prospecting,lookalike_prospecting,20.0,9,104651899.336796,104651899.336796,96615000.0,0.08318479880759717,0.08318479880759717,0.0
provider_eval_lookalike_prospecting,lookalike_prospecting,20.0,10,109952364.23350908,109952364.23350908,102645000.0,0.07119064965180066,0.07119064965180066,0.0
provider_eval_lookalike_prospecting,lookalike_prospecting,20.0,11,111975277.11799766,111975277.11799766,108075000.0,0.036088615479969104,0.036088615479969104,0.0
provider_eval_lookalike_prospecting,lookalike_prospecting,20.0,12,113425982.33535838,113425982.33535838,112155000.0,0.011332373370410426,0.011332373370410426,0.0
provider_eval_lookalike_prospecting,lookalike_prospecting,20.0,13,113690683.56423157,113690683.56423157,115365000.0,0.01451320968897348,0.01451320968897348,0.0
provider_eval_lookalike_prospecting,lookalike_prospecting,50.0,1,9477663.95201376,9477663.95201376,9210000.0,0.029062318351114093,0.029062318351114093,0.0
provider_eval_lookalike_prospecting,lookalike_prospecting,50.0,2,24225549.942951202,24225549.942951202,22590000.0,0.07240150256534761,0.07240150256534761,0.0
provider_eval_lookalike_prospecting,lookalike_prospecting,50.0,3,39138536.6103957,39138536.6103957,35430000.0,0.10467221592988145,0.10467221592988145,0.0
provider_eval_lookalike_prospecting,lookalike_prospecting,50.0,4,52021032.365422696,52021032.365422696,46095000.0,0.12856128355402313,0.12856128355402313,0.0
provider_eval_lookalike_prospecting,lookalike_prospecting,50.0,5,62542834.238986835,62542834.238986835,54450000.0,0.14862872798873894,0.14862872798873894,0.0
provider_eval_lookalike_prospecting,lookalike_prospecting,50.0,6,73881757.52061233,73881757.52061233,63615000.0,0.161388941611449,0.161388941611449,0.0
provider_eval_lookalike_prospecting,lookalike_prospecting,50.0,7,87052613.64135204,87052613.64135204,75105000.0,0.1590788048911796,0.1590788048911796,0.0
provider_eval_lookalike_prospecting,lookalike_prospecting,50.0,8,100065319.15162253,100065319.15162253,87780000.0,0.13995578892256247,0.13995578892256247,0.0
provider_eval_lookalike_prospecting,lookalike_prospecting,50.0,9,109382359.98264769,109382359.98264769,96615000.0,0.1321467679205888,0.1321467679205888,0.0
provider_eval_lookalike_prospecting,lookalike_prospecting,50.0,10,114985594.94936797,114985594.94936797,102645000.0,0.12022597252051216,0.12022597252051216,0.0
provider_eval_lookalike_prospecting,lookalike_prospecting,50.0,11,117557703.19432798,117557703.19432798,108075000.0,0.08774187549690475,0.08774187549690475,0.0
provider_eval_lookalike_prospecting,lookalike_prospecting,50.0,12,119207333.07503563,119207333.07503563,112155000.0,0.0628802378408063,0.0628802378408063,0.0
provider_eval_lookalike_prospecting,lookalike_prospecting,50.0,13,119776926.72897953,119776926.72897953,115365000.0,0.03824319966176508,0.03824319966176508,0.0
provider_eval_lookalike_prospecting,lookalike_prospecting,100.0,1,9480485.54530093,9480485.54530093,9210000.0,0.029368680271545138,0.029368680271545138,0.0
provider_eval_lookalike_prospecting,lookalike_prospecting,100.0,2,24259717.035066783,24259717.035066783,22590000.0,0.07391399004279696,0.07391399004279696,0.0
provider_eval_lookalike_prospecting,lookalike_prospecting,100.0,3,39352737.31003621,39352737.31003621,35430000.0,0.11071795963974632,0.11071795963974632,0.0
provider_eval_lookalike_prospecting,lookalike_prospecting,100.0,4,52654052.025250375,52654052.025250375,46095000.0,0.1422942190096621,0.1422942190096621,0.0
provider_eval_lookalike_prospecting,lookalike_prospecting,100.0,5,63494802.04606034,63494802.04606034,54450000.0,0.16611206696162237,0.16611206696162237,0.0
provider_eval_lookalike_prospecting,lookalike_prospecting,100.0,6,75282022.03479038,75282022.03479038,63615000.0,0.18340048785334248,0.18340048785334248,0.0
provider_eval_lookalike_prospecting,lookalike_prospecting,100.0,7,89626700.18994448,89626700.18994448,75105000.0,0.19335197643225452,0.19335197643225452,0.0
provider_eval_lookalike_prospecting,lookalike_prospecting,100.0,8,103642838.43230993,103642838.43230993,87780000.0,0.18071130590464712,0.18071130590464712,0.0
provider_eval_lookalike_prospecting,lookalike_prospecting,100.0,9,113533673.94346838,113533673.94346838,96615000.0,0.17511436053892643,0.17511436053892643,0.0
provider_eval_lookalike_prospecting,lookalike_prospecting,100.0,10,119533448.20968002,119533448.20968002,102645000.0,0.16453259496010542,0.16453259496010542,0.0
provider_eval_lookalike_prospecting,lookalike_prospecting,100.0,11,122632262.2847251,122632262.2847251,108075000.0,0.1346959267612778,0.1346959267612778,0.0
provider_eval_lookalike_prospecting,lookalike_prospecting,100.0,12,124586806.41700082,124586806.41700082,112155000.0,0.1108448701975018,0.1108448701975018,0.0
provider_eval_lookalike_prospecting,lookalike_prospecting,100.0,13,125521262.22840592,125521262.22840592,115365000.0,0.08803590541677218,0.08803590541677218,0.0
provider_eval_lookalike_prospecting,lookalike_prospecting,250.0,1,9482196.437813729,9482196.437813729,9210000.0,0.029554444930915205,0.029554444930915205,0.0
provider_eval_lookalike_prospecting,lookalike_prospecting,250.0,2,24281796.989792407,24281796.989792407,22590000.0,0.07489141167739737,0.07489141167739737,0.0
provider_eval_lookalike_prospecting,lookalike_prospecting,250.0,3,39509128.85415104,39509128.85415104,35430000.0,0.11513205910671861,0.11513205910671861,0.0
provider_eval_lookalike_prospecting,lookalike_prospecting,250.0,4,53168994.75107132,53168994.75107132,46095000.0,0.15346555485565286,0.15346555485565286,0.0
provider_eval_lookalike_prospecting,lookalike_prospecting,250.0,5,64309626.06396517,64309626.06396517,54450000.0,0.18107669538962665,0.18107669538962665,0.0
provider_eval_lookalike_prospecting,lookalike_prospecting,250.0,6,76581189.49167001,76581189.49167001,63615000.0,0.20382283253430813,0.20382283253430813,0.0
provider_eval_lookalike_prospecting,lookalike_prospecting,250.0,7,92403512.95623288,92403512.95623288,75105000.0,0.23032438527705046,0.23032438527705046,0.0
provider_eval_lookalike_prospecting,lookalike_prospecting,250.0,8,108095532.79075535,108095532.79075535,87780000.0,0.23143691946634024,0.23143691946634024,0.0
provider_eval_lookalike_prospecting,lookalike_prospecting,250.0,9,119018377.9115451,119018377.9115451,96615000.0,0.2318830193194131,0.2318830193194131,0.0
provider_eval_lookalike_prospecting,lookalike_prospecting,250.0,10,125749393.84324798,125749393.84324798,102645000.0,0.22509029999754473,0.22509029999754473,0.0
provider_eval_lookalike_prospecting,lookalike_prospecting,250.0,11,129719180.16195005,129719180.16195005,108075000.0,0.20026999918528848,0.20026999918528848,0.0
provider_eval_lookalike_prospecting,lookalike_prospecting,250.0,12,132256328.73510623,132256328.73510623,112155000.0,0.1792281105176428,0.1792281105176428,0.0
provider_eval_lookalike_prospecting,lookalike_prospecting,250.0,13,133754111.49691667,133754111.49691667,115365000.0,0.15939939753752583,0.15939939753752583,0.0
provider_eval_lookalike_prospecting,lookalike_prospecting,500.0,1,9482780.345984608,9482780.345984608,9210000.0,0.029617844298003033,0.029617844298003033,0.0
provider_eval_lookalike_prospecting,lookalike_prospecting,500.0,2,24289433.07863283,24289433.07863283,22590000.0,0.07522944128520724,0.07522944128520724,0.0
provider_eval_lookalike_prospecting,lookalike_prospecting,500.0,3,39567295.4615587,39567295.4615587,35430000.0,0.11677379231043465,0.11677379231043465,0.0
provider_eval_lookalike_prospecting,lookalike_prospecting,500.0,4,53374858.056051075,53374858.056051075,46095000.0,0.15793162069749594,0.15793162069749594,0.0
provider_eval_lookalike_prospecting,lookalike_prospecting,500.0,5,64646582.08448246,64646582.08448246,54450000.0,0.18726505205661087,0.18726505205661087,0.0
provider_eval_lookalike_prospecting,lookalike_prospecting,500.0,6,77149685.25530984,77149685.25530984,63615000.0,0.212759337503888,0.212759337503888,0.0
provider_eval_lookalike_prospecting,lookalike_prospecting,500.0,7,93789653.1330017,93789653.1330017,75105000.0,0.2487804158578217,0.2487804158578217,0.0
provider_eval_lookalike_prospecting,lookalike_prospecting,500.0,8,110715737.56070726,110715737.56070726,87780000.0,0.26128659786633923,0.26128659786633923,0.0
provider_eval_lookalike_prospecting,lookalike_prospecting,500.0,9,122533495.06484729,122533495.06484729,96615000.0,0.26826574615584836,0.26826574615584836,0.0
provider_eval_lookalike_prospecting,lookalike_prospecting,500.0,10,129923009.9608303,129923009.9608303,102645000.0,0.26575098602786595,0.26575098602786595,0.0
provider_eval_lookalike_prospecting,lookalike_prospecting,500.0,11,134678957.01537067,134678957.01537067,108075000.0,0.24616198950146348,0.24616198950146348,0.0
provider_eval_lookalike_prospecting,lookalike_prospecting,500.0,12,137776059.91253507,137776059.91253507,112155000.0,0.22844331427520015,0.22844331427520015,0.0
provider_eval_lookalike_prospecting,lookalike_prospecting,500.0,13,139748832.67540136,139748832.67540136,115365000.0,0.21136248147532927,0.21136248147532927,0.0
provider_eval_lookalike_prospecting,lookalike_prospecting,1000.0,1,9483063.494940162,9483063.494940162,9210000.0,0.029648587941385637,0.029648587941385637,0.0
provider_eval_lookalike_prospecting,lookalike_prospecting,1000.0,2,24293315.454413027,24293315.454413027,22590000.0,0.07540130386954522,0.07540130386954522,0.0
provider_eval_lookalike_prospecting,lookalike_prospecting,1000.0,3,39597707.741557,39597707.741557,35430000.0,0.11763216882746266,0.11763216882746266,0.0
provider_eval_lookalike_prospecting,lookalike_prospecting,1000.0,4,53486002.399421245,53486002.399421245,46095000.0,0.16034282241937833,0.16034282241937833,0.0
provider_eval_lookalike_prospecting,lookalike_prospecting,1000.0,5,64831337.241621554,64831337.241621554,54450000.0,0.190658167890203,0.190658167890203,0.0
provider_eval_lookalike_prospecting,lookalike_prospecting,1000.0,6,77469812.09823182,77469812.09823182,63615000.0,0.21779159157795838,0.21779159157795838,0.0
provider_eval_lookalike_prospecting,lookalike_prospecting,1000.0,7,94629346.68339017,94629346.68339017,75105000.0,0.25996067749670687,0.25996067749670687,0.0
provider_eval_lookalike_prospecting,lookalike_prospecting,1000.0,8,112499939.70304629,112499939.70304629,87780000.0,0.28161243680845627,0.28161243680845627,0.0
provider_eval_lookalike_prospecting,lookalike_prospecting,1000.0,9,125123909.28578758,125123909.28578758,96615000.0,0.29507746504981197,0.29507746504981197,0.0
provider_eval_lookalike_prospecting,lookalike_prospecting,1000.0,10,133145858.80910715,133145858.80910715,102645000.0,0.29714899711731846,0.29714899711731846,0.0
provider_eval_lookalike_prospecting,lookalike_prospecting,1000.0,11,138696532.33954212,138696532.33954212,108075000.0,0.28333594577415794,0.28333594577415794,0.0
provider_eval_lookalike_prospecting,lookalike_prospecting,1000.0,12,142402907.78461373,142402907.78461373,112155000.0,0.2696973633330099,0.2696973633330099,0.0
provider_eval_lookalike_prospecting,lookalike_prospecting,1000.0,13,144895273.40835798,144895273.40835798,115365000.0,0.25597255153953086,0.25597255153953086,0.0
provider_eval_advantage_audience_expansion,advantage_audience_expansion,existing_vid,1,12585995.234530061,12585995.234530061,12240000.0,0.02826758452042986,0.02826758452042986,0.0
provider_eval_advantage_audience_expansion,advantage_audience_expansion,existing_vid,2,23808851.512387317,23808851.512387317,22545000.0,0.056059060207909364,0.056059060207909364,0.0
provider_eval_advantage_audience_expansion,advantage_audience_expansion,existing_vid,3,38790248.10618123,38790248.10618123,35445000.0,0.09437856132546837,0.09437856132546837,0.0
provider_eval_advantage_audience_expansion,advantage_audience_expansion,existing_vid,4,58940921.80167419,58940921.80167419,52065000.0,0.13206418518532964,0.13206418518532964,0.0
provider_eval_advantage_audience_expansion,advantage_audience_expansion,existing_vid,5,75818763.89077461,75818763.89077461,65115000.0,0.16438246012093385,0.16438246012093385,0.0
provider_eval_advantage_audience_expansion,advantage_audience_expansion,existing_vid,6,96872522.23274355,96872522.23274355,80640000.0,0.20129615864017295,0.20129615864017295,0.0
provider_eval_advantage_audience_expansion,advantage_audience_expansion,existing_vid,7,119575384.20496224,119575384.20496224,97035000.0,0.232291278455838,0.232291278455838,0.0
provider_eval_advantage_audience_expansion,advantage_audience_expansion,existing_vid,8,133061777.64733008,133061777.64733008,106770000.0,0.24624686379441862,0.24624686379441862,0.0
provider_eval_advantage_audience_expansion,advantage_audience_expansion,existing_vid,9,144730659.00977656,144730659.00977656,115980000.0,0.24789324892030146,0.24789324892030146,0.0
provider_eval_advantage_audience_expansion,advantage_audience_expansion,existing_vid,10,153793203.42719385,153793203.42719385,122385000.0,0.25663441947292437,0.25663441947292437,0.0
provider_eval_advantage_audience_expansion,advantage_audience_expansion,existing_vid,11,159715670.02221137,159715670.02221137,126885000.0,0.2587435080759063,0.2587435080759063,0.0
provider_eval_advantage_audience_expansion,advantage_audience_expansion,existing_vid,12,163554079.06103212,163554079.06103212,129975000.0,0.2583502909100374,0.2583502909100374,0.0
provider_eval_advantage_audience_expansion,advantage_audience_expansion,existing_vid,13,165829175.05199903,165829175.05199903,131880000.0,0.2574247425841601,0.2574247425841601,0.0
provider_eval_advantage_audience_expansion,advantage_audience_expansion,5.0,1,12548202.023577273,12548202.023577273,12240000.0,0.0251799038870321,0.0251799038870321,0.0
provider_eval_advantage_audience_expansion,advantage_audience_expansion,5.0,2,23426771.63126847,23426771.63126847,22545000.0,0.039111627024549636,0.039111627024549636,0.0
provider_eval_advantage_audience_expansion,advantage_audience_expansion,5.0,3,37853732.951202035,37853732.951202035,35445000.0,0.0679569177938224,0.0679569177938224,0.0
provider_eval_advantage_audience_expansion,advantage_audience_expansion,5.0,4,55389486.49334194,55389486.49334194,52065000.0,0.06385261679327643,0.06385261679327643,0.0
provider_eval_advantage_audience_expansion,advantage_audience_expansion,5.0,5,69275117.47081448,69275117.47081448,65115000.0,0.06388877325983999,0.06388877325983999,0.0
provider_eval_advantage_audience_expansion,advantage_audience_expansion,5.0,6,83868661.2938866,83868661.2938866,80640000.0,0.04003796247379219,0.04003796247379219,0.0
provider_eval_advantage_audience_expansion,advantage_audience_expansion,5.0,7,97475339.21777198,97475339.21777198,97035000.0,0.0045379421628482216,0.0045379421628482216,0.0
provider_eval_advantage_audience_expansion,advantage_audience_expansion,5.0,8,103908933.1193621,103908933.1193621,106770000.0,0.026796542855089436,0.026796542855089436,0.0
provider_eval_advantage_audience_expansion,advantage_audience_expansion,5.0,9,110107927.10996278,110107927.10996278,115980000.0,0.05063004733606849,0.05063004733606849,0.0
provider_eval_advantage_audience_expansion,advantage_audience_expansion,5.0,10,113146064.21215534,113146064.21215534,122385000.0,0.0754907528524301,0.0754907528524301,0.0
provider_eval_advantage_audience_expansion,advantage_audience_expansion,5.0,11,114400525.85725167,114400525.85725167,126885000.0,0.09839204116127459,0.09839204116127459,0.0
provider_eval_advantage_audience_expansion,advantage_audience_expansion,5.0,12,114428459.6186807,114428459.6186807,129975000.0,0.11961177442830774,0.11961177442830774,0.0
provider_eval_advantage_audience_expansion,advantage_audience_expansion,5.0,13,113984110.79996665,114428459.6186807,131880000.0,0.13569828025502997,0.1323289382872255,0.003883201960375874
provider_eval_advantage_audience_expansion,advantage_audience_expansion,20.0,1,12574675.563816965,12574675.563816965,12240000.0,0.027342774821647438,0.027342774821647438,0.0
provider_eval_advantage_audience_expansion,advantage_audience_expansion,20.0,2,23670924.998883218,23670924.998883218,22545000.0,0.0499412286042678,0.0499412286042678,0.0
provider_eval_advantage_audience_expansion,advantage_audience_expansion,20.0,3,38408457.46278244,38408457.46278244,35445000.0,0.08360720730095761,0.08360720730095761,0.0
provider_eval_advantage_audience_expansion,advantage_audience_expansion,20.0,4,57039631.36864136,57039631.36864136,52065000.0,0.09554655466515628,0.09554655466515628,0.0
provider_eval_advantage_audience_expansion,advantage_audience_expansion,20.0,5,71725533.47642985,71725533.47642985,65115000.0,0.10152090112001612,0.10152090112001612,0.0
provider_eval_advantage_audience_expansion,advantage_audience_expansion,20.0,6,87513788.88865805,87513788.88865805,80640000.0,0.08524043760736665,0.08524043760736665,0.0
provider_eval_advantage_audience_expansion,advantage_audience_expansion,20.0,7,101860872.23937903,101860872.23937903,97035000.0,0.04973331518914859,0.04973331518914859,0.0
provider_eval_advantage_audience_expansion,advantage_audience_expansion,20.0,8,108428134.69438864,108428134.69438864,106770000.0,0.015529968103293462,0.015529968103293462,0.0
provider_eval_advantage_audience_expansion,advantage_audience_expansion,20.0,9,114504149.97910121,114504149.97910121,115980000.0,0.01272503897998611,0.01272503897998611,0.0
provider_eval_advantage_audience_expansion,advantage_audience_expansion,20.0,10,117516405.98366442,117516405.98366442,122385000.0,0.03978097002357786,0.03978097002357786,0.0
provider_eval_advantage_audience_expansion,advantage_audience_expansion,20.0,11,118545764.10520297,118545764.10520297,126885000.0,0.06572278752253637,0.06572278752253637,0.0
provider_eval_advantage_audience_expansion,advantage_audience_expansion,20.0,12,118662247.86886424,118662247.86886424,129975000.0,0.08703790829879408,0.08703790829879408,0.0
provider_eval_advantage_audience_expansion,advantage_audience_expansion,20.0,13,118530302.01449189,118662247.86886424,131880000.0,0.10122609937449283,0.10022560002377738,0.0011119446727333876
provider_eval_advantage_audience_expansion,advantage_audience_expansion,50.0,1,12581287.590670347,12581287.590670347,12240000.0,0.027882973093982615,0.027882973093982615,0.0
provider_eval_advantage_audience_expansion,advantage_audience_expansion,50.0,2,23748184.820577353,23748184.820577353,22545000.0,0.05336814462529844,0.05336814462529844,0.0
provider_eval_advantage_audience_expansion,advantage_audience_expansion,50.0,3,38613418.69641915,38613418.69641915,35445000.0,0.08938972200364366,0.08938972200364366,0.0
provider_eval_advantage_audience_expansion,advantage_audience_expansion,50.0,4,57934072.77310294,57934072.77310294,52065000.0,0.1127258767521932,0.1127258767521932,0.0
provider_eval_advantage_audience_expansion,advantage_audience_expansion,50.0,5,73361324.32810825,73361324.32810825,65115000.0,0.12664246837300547,0.12664246837300547,0.0
provider_eval_advantage_audience_expansion,advantage_audience_expansion,50.0,6,90509526.12374145,90509526.12374145,80640000.0,0.12238995689163502,0.12238995689163502,0.0
provider_eval_advantage_audience_expansion,advantage_audience_expansion,50.0,7,106132523.509852,106132523.509852,97035000.0,0.09375507301336639,0.09375507301336639,0.0
provider_eval_advantage_audience_expansion,advantage_audience_expansion,50.0,8,113317448.78527287,113317448.78527287,106770000.0,0.061322925777586086,0.061322925777586086,0.0
provider_eval_advantage_audience_expansion,advantage_audience_expansion,50.0,9,119647914.26616827,119647914.26616827,115980000.0,0.03162540322614474,0.03162540322614474,0.0
provider_eval_advantage_audience_expansion,advantage_audience_expansion,50.0,10,122999691.55052388,122999691.55052388,122385000.0,0.005022605307218018,0.005022605307218018,0.0
provider_eval_advantage_audience_expansion,advantage_audience_expansion,50.0,11,124285453.89010207,124285453.89010207,126885000.0,0.020487418606595944,0.020487418606595944,0.0
provider_eval_advantage_audience_expansion,advantage_audience_expansion,50.0,12,124795285.59501934,124795285.59501934,129975000.0,0.03985162073460788,0.03985162073460788,0.0
provider_eval_advantage_audience_expansion,advantage_audience_expansion,50.0,13,125156630.41877362,125156630.41877362,131880000.0,0.050980964370839994,0.050980964370839994,0.0
provider_eval_advantage_audience_expansion,advantage_audience_expansion,100.0,1,12583608.90585801,12583608.90585801,12240000.0,0.0280726230276152,0.0280726230276152,0.0
provider_eval_advantage_audience_expansion,advantage_audience_expansion,100.0,2,23777488.54152614,23777488.54152614,22545000.0,0.054667932646978876,0.054667932646978876,0.0
provider_eval_advantage_audience_expansion,advantage_audience_expansion,100.0,3,38696751.988155395,38696751.988155395,35445000.0,0.09174078115828452,0.09174078115828452,0.0
provider_eval_advantage_audience_expansion,advantage_audience_expansion,100.0,4,58373889.2105495,58373889.2105495,52065000.0,0.12117332585325082,0.12117332585325082,0.0
provider_eval_advantage_audience_expansion,advantage_audience_expansion,100.0,5,74314571.92945613,74314571.92945613,65115000.0,0.14128191552570268,0.14128191552570268,0.0
provider_eval_advantage_audience_expansion,advantage_audience_expansion,100.0,6,92602863.56329992,92602863.56329992,80640000.0,0.1483490025210804,0.1483490025210804,0.0
provider_eval_advantage_audience_expansion,advantage_audience_expansion,100.0,7,109575335.52335629,109575335.52335629,97035000.0,0.12923517826924602,0.12923517826924602,0.0
provider_eval_advantage_audience_expansion,advantage_audience_expansion,100.0,8,117550250.3944427,117550250.3944427,106770000.0,0.10096703563213175,0.10096703563213175,0.0
provider_eval_advantage_audience_expansion,advantage_audience_expansion,100.0,9,124298537.29832453,124298537.29832453,115980000.0,0.07172389462256014,0.07172389462256014,0.0
provider_eval_advantage_audience_expansion,advantage_audience_expansion,100.0,10,128136369.89652935,128136369.89652935,122385000.0,0.0469940752259619,0.0469940752259619,0.0
provider_eval_advantage_audience_expansion,advantage_audience_expansion,100.0,11,129947340.71393383,129947340.71393383,126885000.0,0.02413477332965934,0.02413477332965934,0.0
provider_eval_advantage_audience_expansion,advantage_audience_expansion,100.0,12,130970424.84513389,130970424.84513389,129975000.0,0.007658586998529607,0.007658586998529607,0.0
provider_eval_advantage_audience_expansion,advantage_audience_expansion,100.0,13,131786265.8363812,131786265.8363812,131880000.0,0.0007107534396330226,0.0007107534396330226,0.0
provider_eval_advantage_audience_expansion,advantage_audience_expansion,250.0,1,12585032.559087664,12585032.559087664,12240000.0,0.02818893456598561,0.02818893456598561,0.0
provider_eval_advantage_audience_expansion,advantage_audience_expansion,250.0,2,23796042.81123054,23796042.81123054,22545000.0,0.05549092087959815,0.05549092087959815,0.0
provider_eval_advantage_audience_expansion,advantage_audience_expansion,250.0,3,38751502.89520562,38751502.89520562,35445000.0,0.0932854533842747,0.0932854533842747,0.0
provider_eval_advantage_audience_expansion,advantage_audience_expansion,250.0,4,58695039.29964037,58695039.29964037,52065000.0,0.12734157878882882,0.12734157878882882,0.0
provider_eval_advantage_audience_expansion,advantage_audience_expansion,250.0,5,75114707.9868955,75114707.9868955,65115000.0,0.15356996063726486,0.15356996063726486,0.0
provider_eval_advantage_audience_expansion,advantage_audience_expansion,250.0,6,94671449.8429696,94671449.8429696,80640000.0,0.17400111412412694,0.17400111412412694,0.0
provider_eval_advantage_audience_expansion,advantage_audience_expansion,250.0,7,113655201.60445768,113655201.60445768,97035000.0,0.17128048234613982,0.17128048234613982,0.0
provider_eval_advantage_audience_expansion,advantage_audience_expansion,250.0,8,123063263.59741351,123063263.59741351,106770000.0,0.1526015135095393,0.1526015135095393,0.0
provider_eval_advantage_audience_expansion,advantage_audience_expansion,250.0,9,130688901.19669561,130688901.19669561,115980000.0,0.12682273837468194,0.12682273837468194,0.0
provider_eval_advantage_audience_expansion,advantage_audience_expansion,250.0,10,135404392.16468918,135404392.16468918,122385000.0,0.10638061988551852,0.10638061988551852,0.0
provider_eval_advantage_audience_expansion,advantage_audience_expansion,250.0,11,138111814.54315072,138111814.54315072,126885000.0,0.08848023441029848,0.08848023441029848,0.0
provider_eval_advantage_audience_expansion,advantage_audience_expansion,250.0,12,139925268.99047697,139925268.99047697,129975000.0,0.0765552528599882,0.0765552528599882,0.0
provider_eval_advantage_audience_expansion,advantage_audience_expansion,250.0,13,141290532.79679817,141290532.79679817,131880000.0,0.07135678493174226,0.07135678493174226,0.0
provider_eval_advantage_audience_expansion,advantage_audience_expansion,500.0,1,12585519.215801895,12585519.215801895,12240000.0,0.028228694101461983,0.028228694101461983,0.0
provider_eval_advantage_audience_expansion,advantage_audience_expansion,500.0,2,23802406.431121707,23802406.431121707,22545000.0,0.05577318390426733,0.05577318390426733,0.0
provider_eval_advantage_audience_expansion,advantage_audience_expansion,500.0,3,38770652.534697354,38770652.534697354,35445000.0,0.09382571687677681,0.09382571687677681,0.0
provider_eval_advantage_audience_expansion,advantage_audience_expansion,500.0,4,58814419.701301515,58814419.701301515,52065000.0,0.12963448960533017,0.12963448960533017,0.0
provider_eval_advantage_audience_expansion,advantage_audience_expansion,500.0,5,75444188.91869763,75444188.91869763,65115000.0,0.1586299457682197,0.1586299457682197,0.0
provider_eval_advantage_audience_expansion,advantage_audience_expansion,500.0,6,95644092.02088967,95644092.02088967,80640000.0,0.18606264906857228,0.18606264906857228,0.0
provider_eval_advantage_audience_expansion,advantage_audience_expansion,500.0,7,115975001.11143208,115975001.11143208,97035000.0,0.19518731500419514,0.19518731500419514,0.0
provider_eval_advantage_audience_expansion,advantage_audience_expansion,500.0,8,126591519.26822603,126591519.26822603,106770000.0,0.1856468977074649,0.1856468977074649,0.0
provider_eval_advantage_audience_expansion,advantage_audience_expansion,500.0,9,135128239.87713993,135128239.87713993,115980000.0,0.16509949885445702,0.16509949885445702,0.0
provider_eval_advantage_audience_expansion,advantage_audience_expansion,500.0,10,140700156.51973832,140700156.51973832,122385000.0,0.14965197139958586,0.14965197139958586,0.0
provider_eval_advantage_audience_expansion,advantage_audience_expansion,500.0,11,144104888.22965693,144104888.22965693,126885000.0,0.13571256042603094,0.13571256042603094,0.0
provider_eval_advantage_audience_expansion,advantage_audience_expansion,500.0,12,146473059.25728115,146473059.25728115,129975000.0,0.12693255824028585,0.12693255824028585,0.0
provider_eval_advantage_audience_expansion,advantage_audience_expansion,500.0,13,148144948.03885132,148144948.03885132,131880000.0,0.12333142279990386,0.12333142279990386,0.0
provider_eval_advantage_audience_expansion,advantage_audience_expansion,1000.0,1,12585757.525132239,12585757.525132239,12240000.0,0.02824816381799337,0.02824816381799337,0.0
provider_eval_advantage_audience_expansion,advantage_audience_expansion,1000.0,2,23805625.260287315,23805625.260287315,22545000.0,0.05591595743124039,0.05591595743124039,0.0
provider_eval_advantage_audience_expansion,advantage_audience_expansion,1000.0,3,38780398.18579984,38780398.18579984,35445000.0,0.09410066824093206,0.09410066824093206,0.0
provider_eval_advantage_audience_expansion,advantage_audience_expansion,1000.0,4,58876721.47899678,58876721.47899678,52065000.0,0.13083110494567912,0.13083110494567912,0.0
provider_eval_advantage_audience_expansion,advantage_audience_expansion,1000.0,5,75625073.35981937,75625073.35981937,65115000.0,0.16140786853750083,0.16140786853750083,0.0
provider_eval_advantage_audience_expansion,advantage_audience_expansion,1000.0,6,96218567.51605564,96218567.51605564,80640000.0,0.19318660114156305,0.19318660114156305,0.0
provider_eval_advantage_audience_expansion,advantage_audience_expansion,1000.0,7,117538926.35769999,117538926.35769999,97035000.0,0.21130444022981387,0.21130444022981387,0.0
provider_eval_advantage_audience_expansion,advantage_audience_expansion,1000.0,8,129216090.8691473,129216090.8691473,106770000.0,0.21022844309400862,0.21022844309400862,0.0
provider_eval_advantage_audience_expansion,advantage_audience_expansion,1000.0,9,138727069.2243405,138727069.2243405,115980000.0,0.19612923973392393,0.19612923973392393,0.0
provider_eval_advantage_audience_expansion,advantage_audience_expansion,1000.0,10,145259353.52798867,145259353.52798867,122385000.0,0.18690487827747412,0.18690487827747412,0.0
provider_eval_advantage_audience_expansion,advantage_audience_expansion,1000.0,11,149342751.53876874,149342751.53876874,126885000.0,0.17699295849602978,0.17699295849602978,0.0
provider_eval_advantage_audience_expansion,advantage_audience_expansion,1000.0,12,152178281.37139213,152178281.37139213,129975000.0,0.17082732349599639,0.17082732349599639,0.0
provider_eval_advantage_audience_expansion,advantage_audience_expansion,1000.0,13,154064740.76075256,154064740.76075256,131880000.0,0.16821914437937943,0.16821914437937943,0.0
provider_eval_app_activity_retargeting,app_activity_retargeting,existing_vid,1,5787141.22632042,5787141.22632042,5220000.0,0.10864774450582766,0.10864774450582766,0.0
provider_eval_app_activity_retargeting,app_activity_retargeting,existing_vid,2,11241259.445513774,11241259.445513774,8715000.0,0.289874864660215,0.289874864660215,0.0
provider_eval_app_activity_retargeting,app_activity_retargeting,existing_vid,3,19134393.18806198,19134393.18806198,12795000.0,0.4954586313452113,0.4954586313452113,0.0
provider_eval_app_activity_retargeting,app_activity_retargeting,existing_vid,4,28852309.891667794,28852309.891667794,16755000.0,0.7220119302696386,0.7220119302696386,0.0
provider_eval_app_activity_retargeting,app_activity_retargeting,existing_vid,5,38676862.023469,38676862.023469,20370000.0,0.8987168396401081,0.8987168396401081,0.0
provider_eval_app_activity_retargeting,app_activity_retargeting,existing_vid,6,47260840.12411875,47260840.12411875,22815000.0,1.0714810486135766,1.0714810486135766,0.0
provider_eval_app_activity_retargeting,app_activity_retargeting,existing_vid,7,53760916.55620235,53760916.55620235,24345000.0,1.2082939641077162,1.2082939641077162,0.0
provider_eval_app_activity_retargeting,app_activity_retargeting,existing_vid,8,59365077.29303917,59365077.29303917,25665000.0,1.3130752890332815,1.3130752890332815,0.0
provider_eval_app_activity_retargeting,app_activity_retargeting,existing_vid,9,63757226.1921064,63757226.1921064,26565000.0,1.4000461581820591,1.4000461581820591,0.0
provider_eval_app_activity_retargeting,app_activity_retargeting,existing_vid,10,68022141.9986317,68022141.9986317,27405000.0,1.4821069877260244,1.4821069877260244,0.0
provider_eval_app_activity_retargeting,app_activity_retargeting,existing_vid,11,72282640.45203647,72282640.45203647,28155000.0,1.5673109732564898,1.5673109732564898,0.0
provider_eval_app_activity_retargeting,app_activity_retargeting,existing_vid,12,77508773.64785072,77508773.64785072,29160000.0,1.6580512224914514,1.6580512224914514,0.0
provider_eval_app_activity_retargeting,app_activity_retargeting,existing_vid,13,82391476.62827344,82391476.62827344,30135000.0,1.7340791978852976,1.7340791978852976,0.0
provider_eval_app_activity_retargeting,app_activity_retargeting,5.0,1,5781763.233913153,5781763.233913153,5220000.0,0.1076174777611405,0.1076174777611405,0.0
provider_eval_app_activity_retargeting,app_activity_retargeting,5.0,2,11071645.283910125,11071645.283910125,8715000.0,0.27041253974872353,0.27041253974872353,0.0
provider_eval_app_activity_retargeting,app_activity_retargeting,5.0,3,18494970.125700623,18494970.125700623,12795000.0,0.44548418332947426,0.44548418332947426,0.0
provider_eval_app_activity_retargeting,app_activity_retargeting,5.0,4,26551484.980053425,26551484.980053425,16755000.0,0.5846902405284049,0.5846902405284049,0.0
provider_eval_app_activity_retargeting,app_activity_retargeting,5.0,5,34296722.627118886,34296722.627118886,20370000.0,0.6836879051113837,0.6836879051113837,0.0
provider_eval_app_activity_retargeting,app_activity_retargeting,5.0,6,39577423.96177316,39577423.96177316,22815000.0,0.7347106711274669,0.7347106711274669,0.0
provider_eval_app_activity_retargeting,app_activity_retargeting,5.0,7,43394183.57974869,43394183.57974869,24345000.0,0.7824680049188207,0.7824680049188207,0.0
provider_eval_app_activity_retargeting,app_activity_retargeting,5.0,8,46259606.50124751,46259606.50124751,25665000.0,0.8024393727351455,0.8024393727351455,0.0
provider_eval_app_activity_retargeting,app_activity_retargeting,5.0,9,48599678.90754135,48599678.90754135,26565000.0,0.8294627859040599,0.8294627859040599,0.0
provider_eval_app_activity_retargeting,app_activity_retargeting,5.0,10,50438888.55951443,50438888.55951443,27405000.0,0.84049949131598,0.84049949131598,0.0
provider_eval_app_activity_retargeting,app_activity_retargeting,5.0,11,52558316.83688183,52558316.83688183,28155000.0,0.866748955314574,0.866748955314574,0.0
provider_eval_app_activity_retargeting,app_activity_retargeting,5.0,12,54729181.14130348,54729181.14130348,29160000.0,0.8768580638307092,0.8768580638307092,0.0
provider_eval_app_activity_retargeting,app_activity_retargeting,5.0,13,56407467.60486603,56407467.60486603,30135000.0,0.871825704491987,0.871825704491987,0.0
provider_eval_app_activity_retargeting,app_activity_retargeting,20.0,1,5785633.084787816,5785633.084787816,5220000.0,0.108358828503413,0.108358828503413,0.0
provider_eval_app_activity_retargeting,app_activity_retargeting,20.0,2,11191248.737483203,11191248.737483203,8715000.0,0.2841364013176367,0.2841364013176367,0.0
provider_eval_app_activity_retargeting,app_activity_retargeting,20.0,3,18917655.949674636,18917655.949674636,12795000.0,0.4785194177158762,0.4785194177158762,0.0
provider_eval_app_activity_retargeting,app_activity_retargeting,20.0,4,27726262.252213657,27726262.252213657,16755000.0,0.6548052672165716,0.6548052672165716,0.0
provider_eval_app_activity_retargeting,app_activity_retargeting,20.0,5,35968130.53604159,35968130.53604159,20370000.0,0.7657403306844176,0.7657403306844176,0.0
provider_eval_app_activity_retargeting,app_activity_retargeting,20.0,6,41751130.822744876,41751130.822744876,22815000.0,0.8299860102013972,0.8299860102013972,0.0
provider_eval_app_activity_retargeting,app_activity_retargeting,20.0,7,45942244.058817804,45942244.058817804,24345000.0,0.8871326374540072,0.8871326374540072,0.0
provider_eval_app_activity_retargeting,app_activity_retargeting,20.0,8,49029997.08306964,49029997.08306964,25665000.0,0.9103836775012522,0.9103836775012522,0.0
provider_eval_app_activity_retargeting,app_activity_retargeting,20.0,9,51526014.18988535,51526014.18988535,26565000.0,0.9396203346465405,0.9396203346465405,0.0
provider_eval_app_activity_retargeting,app_activity_retargeting,20.0,10,53695907.44412853,53695907.44412853,27405000.0,0.959347106153203,0.959347106153203,0.0
provider_eval_app_activity_retargeting,app_activity_retargeting,20.0,11,56039793.18088874,56039793.18088874,28155000.0,0.99040288335602,0.99040288335602,0.0
provider_eval_app_activity_retargeting,app_activity_retargeting,20.0,12,58315407.61055285,58315407.61055285,29160000.0,0.9998425106499604,0.9998425106499604,0.0
provider_eval_app_activity_retargeting,app_activity_retargeting,20.0,13,60083737.87723541,60083737.87723541,30135000.0,0.9938190767292322,0.9938190767292322,0.0
provider_eval_app_activity_retargeting,app_activity_retargeting,50.0,1,5786526.513792932,5786526.513792932,5220000.0,0.10852998348523603,0.10852998348523603,0.0
provider_eval_app_activity_retargeting,app_activity_retargeting,50.0,2,11220532.252075493,11220532.252075493,8715000.0,0.28749652921118685,0.28749652921118685,0.0
provider_eval_app_activity_retargeting,app_activity_retargeting,50.0,3,19040786.18584454,19040786.18584454,12795000.0,0.48814272652165225,0.48814272652165225,0.0
provider_eval_app_activity_retargeting,app_activity_retargeting,50.0,4,28277089.049927294,28277089.049927294,16755000.0,0.6876806356268156,0.6876806356268156,0.0
provider_eval_app_activity_retargeting,app_activity_retargeting,50.0,5,37050716.26179555,37050716.26179555,20370000.0,0.8188864144229528,0.8188864144229528,0.0
provider_eval_app_activity_retargeting,app_activity_retargeting,50.0,6,43486764.782838136,43486764.782838136,22815000.0,0.9060602578495786,0.9060602578495786,0.0
provider_eval_app_activity_retargeting,app_activity_retargeting,50.0,7,48112331.66400853,48112331.66400853,24345000.0,0.9762715820089763,0.9762715820089763,0.0
provider_eval_app_activity_retargeting,app_activity_retargeting,50.0,8,51520395.00159323,51520395.00159323,25665000.0,1.007418468793814,1.007418468793814,0.0
provider_eval_app_activity_retargeting,app_activity_retargeting,50.0,9,54270592.731238276,54270592.731238276,26565000.0,1.0429359206187945,1.0429359206187945,0.0
provider_eval_app_activity_retargeting,app_activity_retargeting,50.0,10,56798590.56522125,56798590.56522125,27405000.0,1.0725630565670954,1.0725630565670954,0.0
provider_eval_app_activity_retargeting,app_activity_retargeting,50.0,11,59404987.50068468,59404987.50068468,28155000.0,1.1099267448298589,1.1099267448298589,0.0
provider_eval_app_activity_retargeting,app_activity_retargeting,50.0,12,61989615.60647398,61989615.60647398,29160000.0,1.1258441566006168,1.1258441566006168,0.0
provider_eval_app_activity_retargeting,app_activity_retargeting,50.0,13,63998000.93713787,63998000.93713787,30135000.0,1.1237100028915836,1.1237100028915836,0.0
provider_eval_app_activity_retargeting,app_activity_retargeting,100.0,1,5786833.1281816065,5786833.1281816065,5220000.0,0.10858872187387099,0.10858872187387099,0.0
provider_eval_app_activity_retargeting,app_activity_retargeting,100.0,2,11230769.128042549,11230769.128042549,8715000.0,0.2886711564018989,0.2886711564018989,0.0
provider_eval_app_activity_retargeting,app_activity_retargeting,100.0,3,19086300.876074493,19086300.876074493,12795000.0,0.4916999512367716,0.4916999512367716,0.0
provider_eval_app_activity_retargeting,app_activity_retargeting,100.0,4,28533547.018269777,28533547.018269777,16755000.0,0.7029869900489273,0.7029869900489273,0.0
provider_eval_app_activity_retargeting,app_activity_retargeting,100.0,5,37686945.69170946,37686945.69170946,20370000.0,0.8501200634123446,0.8501200634123446,0.0
provider_eval_app_activity_retargeting,app_activity_retargeting,100.0,6,44723403.269042194,44723403.269042194,22815000.0,0.9602631281631467,0.9602631281631467,0.0
provider_eval_app_activity_retargeting,app_activity_retargeting,100.0,7,49782704.68008439,49782704.68008439,24345000.0,1.044884151985393,1.044884151985393,0.0
provider_eval_app_activity_retargeting,app_activity_retargeting,100.0,8,53569425.87287776,53569425.87287776,25665000.0,1.0872560246591765,1.0872560246591765,0.0
provider_eval_app_activity_retargeting,app_activity_retargeting,100.0,9,56589752.933953255,56589752.933953255,26565000.0,1.1302372645945136,1.1302372645945136,0.0
provider_eval_app_activity_retargeting,app_activity_retargeting,100.0,10,59437524.59772596,59437524.59772596,27405000.0,1.1688569457298288,1.1688569457298288,0.0
provider_eval_app_activity_retargeting,app_activity_retargeting,100.0,11,62301898.2294016,62301898.2294016,28155000.0,1.2128182642302114,1.2128182642302114,0.0
provider_eval_app_activity_retargeting,app_activity_retargeting,100.0,12,65231291.355638534,65231291.355638534,29160000.0,1.2370127351042022,1.2370127351042022,0.0
provider_eval_app_activity_retargeting,app_activity_retargeting,100.0,13,67544145.85284436,67544145.85284436,30135000.0,1.2413852946024342,1.2413852946024342,0.0
provider_eval_app_activity_retargeting,app_activity_retargeting,250.0,1,5787018.952099353,5787018.952099353,5220000.0,0.10862432032554657,0.10862432032554657,0.0
provider_eval_app_activity_retargeting,app_activity_retargeting,250.0,2,11237043.8902618,11237043.8902618,8715000.0,0.28939115206675836,0.28939115206675836,0.0
provider_eval_app_activity_retargeting,app_activity_retargeting,250.0,3,19114838.313745677,19114838.313745677,12795000.0,0.4939303097886422,0.4939303097886422,0.0
provider_eval_app_activity_retargeting,app_activity_retargeting,250.0,4,28715653.571353048,28715653.571353048,16755000.0,0.713855778654315,0.713855778654315,0.0
provider_eval_app_activity_retargeting,app_activity_retargeting,250.0,5,38218816.40545994,38218816.40545994,20370000.0,0.8762305550053971,0.8762305550053971,0.0
provider_eval_app_activity_retargeting,app_activity_retargeting,250.0,6,45962887.356992215,45962887.356992215,22815000.0,1.0145907235148899,1.0145907235148899,0.0
provider_eval_app_activity_retargeting,app_activity_retargeting,250.0,7,51610933.106968075,51610933.106968075,24345000.0,1.1199808218101488,1.1199808218101488,0.0
provider_eval_app_activity_retargeting,app_activity_retargeting,250.0,8,56029886.09722513,56029886.09722513,25665000.0,1.1831243365371178,1.1831243365371178,0.0
provider_eval_app_activity_retargeting,app_activity_retargeting,250.0,9,59484335.616834685,59484335.616834685,26565000.0,1.2391995338541195,1.2391995338541195,0.0
provider_eval_app_activity_retargeting,app_activity_retargeting,250.0,10,62793129.09638664,62793129.09638664,27405000.0,1.2913019192259312,1.2913019192259312,0.0
provider_eval_app_activity_retargeting,app_activity_retargeting,250.0,11,66066771.718693376,66066771.718693376,28155000.0,1.3465377985684026,1.3465377985684026,0.0
provider_eval_app_activity_retargeting,app_activity_retargeting,250.0,12,69572963.08877099,69572963.08877099,29160000.0,1.385904083977057,1.385904083977057,0.0
provider_eval_app_activity_retargeting,app_activity_retargeting,250.0,13,72448194.42072748,72448194.42072748,30135000.0,1.4041212683168236,1.4041212683168236,0.0
provider_eval_app_activity_retargeting,app_activity_retargeting,500.0,1,5787081.219306588,5787081.219306588,5220000.0,0.10863624890930808,0.10863624890930808,0.0
provider_eval_app_activity_retargeting,app_activity_retargeting,500.0,2,11239141.793645948,11239141.793645948,8715000.0,0.28963187534663776,0.28963187534663776,0.0
provider_eval_app_activity_retargeting,app_activity_retargeting,500.0,3,19124567.7339077,19124567.7339077,12795000.0,0.4946907177731692,0.4946907177731692,0.0
provider_eval_app_activity_retargeting,app_activity_retargeting,500.0,4,28782270.690938115,28782270.690938115,16755000.0,0.7178317332699561,0.7178317332699561,0.0
provider_eval_app_activity_retargeting,app_activity_retargeting,500.0,5,38434928.026931226,38434928.026931226,20370000.0,0.8868398638650578,0.8868398638650578,0.0
provider_eval_app_activity_retargeting,app_activity_retargeting,500.0,6,46543087.457110256,46543087.457110256,22815000.0,1.0400213656414752,1.0400213656414752,0.0
provider_eval_app_activity_retargeting,app_activity_retargeting,500.0,7,52537344.533094466,52537344.533094466,24345000.0,1.158034279445244,1.158034279445244,0.0
provider_eval_app_activity_retargeting,app_activity_retargeting,500.0,8,57400527.627691984,57400527.627691984,25665000.0,1.2365294224699779,1.2365294224699779,0.0
provider_eval_app_activity_retargeting,app_activity_retargeting,500.0,9,61179497.80170196,61179497.80170196,26565000.0,1.3030113985206837,1.3030113985206837,0.0
provider_eval_app_activity_retargeting,app_activity_retargeting,500.0,10,64815715.42674193,64815715.42674193,27405000.0,1.3651054707805848,1.3651054707805848,0.0
provider_eval_app_activity_retargeting,app_activity_retargeting,500.0,11,68408991.12576228,68408991.12576228,28155000.0,1.4297279746319405,1.4297279746319405,0.0
provider_eval_app_activity_retargeting,app_activity_retargeting,500.0,12,72412059.28583117,72412059.28583117,29160000.0,1.4832667793494914,1.4832667793494914,0.0
provider_eval_app_activity_retargeting,app_activity_retargeting,500.0,13,75799989.42871806,75799989.42871806,30135000.0,1.5153472516581403,1.5153472516581403,0.0
provider_eval_app_activity_retargeting,app_activity_retargeting,1000.0,1,5787112.413976818,5787112.413976818,5220000.0,0.10864222489977363,0.10864222489977363,0.0
provider_eval_app_activity_retargeting,app_activity_retargeting,1000.0,2,11240199.013338357,11240199.013338357,8715000.0,0.28975318569573805,0.28975318569573805,0.0
provider_eval_app_activity_retargeting,app_activity_retargeting,1000.0,3,19129463.839294225,19129463.839294225,12795000.0,0.495073375482159,0.495073375482159,0.0
provider_eval_app_activity_retargeting,app_activity_retargeting,1000.0,4,28816844.889134705,28816844.889134705,16755000.0,0.7198952485308687,0.7198952485308687,0.0
provider_eval_app_activity_retargeting,app_activity_retargeting,1000.0,5,38552367.663589954,38552367.663589954,20370000.0,0.8926051872160017,0.8926051872160017,0.0
provider_eval_app_activity_retargeting,app_activity_retargeting,1000.0,6,46881697.52699874,46881697.52699874,22815000.0,1.0548629203155269,1.0548629203155269,0.0
provider_eval_app_activity_retargeting,app_activity_retargeting,1000.0,7,53103111.04254688,53103111.04254688,24345000.0,1.1812738156724947,1.1812738156724947,0.0
provider_eval_app_activity_retargeting,app_activity_retargeting,1000.0,8,58286437.95994054,58286437.95994054,25665000.0,1.2710476508841044,1.2710476508841044,0.0
provider_eval_app_activity_retargeting,app_activity_retargeting,1000.0,9,62318424.63664745,62318424.63664745,26565000.0,1.3458846089458856,1.3458846089458856,0.0
provider_eval_app_activity_retargeting,app_activity_retargeting,1000.0,10,66210237.865722924,66210237.865722924,27405000.0,1.4159911645948886,1.4159911645948886,0.0
provider_eval_app_activity_retargeting,app_activity_retargeting,1000.0,11,70066975.80166829,70066975.80166829,28155000.0,1.4886157272835476,1.4886157272835476,0.0
provider_eval_app_activity_retargeting,app_activity_retargeting,1000.0,12,74523029.11697333,74523029.11697333,29160000.0,1.5556594347384542,1.5556594347384542,0.0
provider_eval_app_activity_retargeting,app_activity_retargeting,1000.0,13,78420135.2412839,78420135.2412839,30135000.0,1.6022941842138343,1.6022941842138343,0.0
provider_eval_unrelated_niche_control,unrelated_niche_control,existing_vid,1,10316772.30714753,10316772.30714753,10020000.0,0.02961799472530248,0.02961799472530248,0.0
provider_eval_unrelated_niche_control,unrelated_niche_control,existing_vid,2,20881859.96985651,20881859.96985651,19950000.0,0.046709772925138435,0.046709772925138435,0.0
provider_eval_unrelated_niche_control,unrelated_niche_control,existing_vid,3,28216440.470392775,28216440.470392775,25440000.0,0.10913681094311221,0.10913681094311221,0.0
provider_eval_unrelated_niche_control,unrelated_niche_control,existing_vid,4,34415366.61372164,34415366.61372164,29595000.0,0.16287773656771884,0.16287773656771884,0.0
provider_eval_unrelated_niche_control,unrelated_niche_control,existing_vid,5,40795671.232308045,40795671.232308045,33795000.0,0.2071510943130062,0.2071510943130062,0.0
provider_eval_unrelated_niche_control,unrelated_niche_control,existing_vid,6,46981608.00291646,46981608.00291646,37905000.0,0.23945674720792673,0.23945674720792673,0.0
provider_eval_unrelated_niche_control,unrelated_niche_control,existing_vid,7,52056126.59442149,52056126.59442149,41310000.0,0.2601337834524689,0.2601337834524689,0.0
provider_eval_unrelated_niche_control,unrelated_niche_control,existing_vid,8,56863564.31520596,56863564.31520596,43845000.0,0.29692243848114863,0.29692243848114863,0.0
provider_eval_unrelated_niche_control,unrelated_niche_control,existing_vid,9,62271881.13689502,62271881.13689502,46845000.0,0.3293175608260225,0.3293175608260225,0.0
provider_eval_unrelated_niche_control,unrelated_niche_control,existing_vid,10,67146495.50006323,67146495.50006323,49470000.0,0.35731747523879576,0.35731747523879576,0.0
provider_eval_unrelated_niche_control,unrelated_niche_control,existing_vid,11,71184963.89415678,71184963.89415678,52005000.0,0.3688099970033032,0.3688099970033032,0.0
provider_eval_unrelated_niche_control,unrelated_niche_control,existing_vid,12,75360862.35052538,75360862.35052538,54705000.0,0.3775863696284687,0.3775863696284687,0.0
provider_eval_unrelated_niche_control,unrelated_niche_control,existing_vid,13,78052606.56158894,78052606.56158894,55980000.0,0.3942945080669693,0.3942945080669693,0.0
provider_eval_unrelated_niche_control,unrelated_niche_control,5.0,1,10286781.102505863,10286781.102505863,10020000.0,0.026624860529527217,0.026624860529527217,0.0
provider_eval_unrelated_niche_control,unrelated_niche_control,5.0,2,20529919.496695906,20529919.496695906,19950000.0,0.0290686464509226,0.0290686464509226,0.0
provider_eval_unrelated_niche_control,unrelated_niche_control,5.0,3,26999217.96511349,26999217.96511349,25440000.0,0.06129001435194539,0.06129001435194539,0.0
provider_eval_unrelated_niche_control,unrelated_niche_control,5.0,4,32357729.708061457,32357729.708061457,29595000.0,0.09335123189935654,0.09335123189935654,0.0
provider_eval_unrelated_niche_control,unrelated_niche_control,5.0,5,37804185.79195812,37804185.79195812,33795000.0,0.11863251344749588,0.11863251344749588,0.0
provider_eval_unrelated_niche_control,unrelated_niche_control,5.0,6,42853966.84409368,42853966.84409368,37905000.0,0.1305623755202132,0.1305623755202132,0.0
provider_eval_unrelated_niche_control,unrelated_niche_control,5.0,7,47312994.88524459,47312994.88524459,41310000.0,0.14531578032545614,0.14531578032545614,0.0
provider_eval_unrelated_niche_control,unrelated_niche_control,5.0,8,50011362.378390744,50011362.378390744,43845000.0,0.14064003599933275,0.14064003599933275,0.0
provider_eval_unrelated_niche_control,unrelated_niche_control,5.0,9,53127523.377287,53127523.377287,46845000.0,0.1341129977006511,0.1341129977006511,0.0
provider_eval_unrelated_niche_control,unrelated_niche_control,5.0,10,55586591.90416925,55586591.90416925,49470000.0,0.12364244803252974,0.12364244803252974,0.0
provider_eval_unrelated_niche_control,unrelated_niche_control,5.0,11,58277176.64630924,58277176.64630924,52005000.0,0.12060718481509936,0.12060718481509936,0.0
provider_eval_unrelated_niche_control,unrelated_niche_control,5.0,12,60604930.13231835,60604930.13231835,54705000.0,0.1078499247293364,0.1078499247293364,0.0
provider_eval_unrelated_niche_control,unrelated_niche_control,5.0,13,61990101.24500641,61990101.24500641,55980000.0,0.10736157993937857,0.10736157993937857,0.0
provider_eval_unrelated_niche_control,unrelated_niche_control,20.0,1,10307292.69759664,10307292.69759664,10020000.0,0.028671925907848242,0.028671925907848242,0.0
provider_eval_unrelated_niche_control,unrelated_niche_control,20.0,2,20736113.392608166,20736113.392608166,19950000.0,0.039404180080609814,0.039404180080609814,0.0
provider_eval_unrelated_niche_control,unrelated_niche_control,20.0,3,27592418.013530374,27592418.013530374,25440000.0,0.08460762631801783,0.08460762631801783,0.0
provider_eval_unrelated_niche_control,unrelated_niche_control,20.0,4,33302111.368033975,33302111.368033975,29595000.0,0.1252614079416785,0.1252614079416785,0.0
provider_eval_unrelated_niche_control,unrelated_niche_control,20.0,5,39053571.499850094,39053571.499850094,33795000.0,0.15560205651280054,0.15560205651280054,0.0
provider_eval_unrelated_niche_control,unrelated_niche_control,20.0,6,44497061.485117584,44497061.485117584,37905000.0,0.17391007743352024,0.17391007743352024,0.0
provider_eval_unrelated_niche_control,unrelated_niche_control,20.0,7,49085258.9665214,49085258.9665214,41310000.0,0.18821735576183485,0.18821735576183485,0.0
provider_eval_unrelated_niche_control,unrelated_niche_control,20.0,8,52150584.546737924,52150584.546737924,43845000.0,0.18943059748518473,0.18943059748518473,0.0
provider_eval_unrelated_niche_control,unrelated_niche_control,20.0,9,55493049.53623839,55493049.53623839,46845000.0,0.184609873758958,0.184609873758958,0.0
provider_eval_unrelated_niche_control,unrelated_niche_control,20.0,10,58096129.80396287,58096129.80396287,49470000.0,0.1743709279151581,0.1743709279151581,0.0
provider_eval_unrelated_niche_control,unrelated_niche_control,20.0,11,60839389.41540682,60839389.41540682,52005000.0,0.16987576993379142,0.16987576993379142,0.0
provider_eval_unrelated_niche_control,unrelated_niche_control,20.0,12,63375585.77220021,63375585.77220021,54705000.0,0.1584971350370206,0.1584971350370206,0.0
provider_eval_unrelated_niche_control,unrelated_niche_control,20.0,13,64845959.77378909,64845959.77378909,55980000.0,0.15837727355821887,0.15837727355821887,0.0
provider_eval_unrelated_niche_control,unrelated_niche_control,50.0,1,10312779.86881271,10312779.86881271,10020000.0,0.029219547785699605,0.029219547785699605,0.0
provider_eval_unrelated_niche_control,unrelated_niche_control,50.0,2,20814064.70631814,20814064.70631814,19950000.0,0.0433115141011599,0.0433115141011599,0.0
provider_eval_unrelated_niche_control,unrelated_niche_control,50.0,3,27893309.342712075,27893309.342712075,25440000.0,0.09643511567264444,0.09643511567264444,0.0
provider_eval_unrelated_niche_control,unrelated_niche_control,50.0,4,33815592.59915486,33815592.59915486,29595000.0,0.14261167761969454,0.14261167761969454,0.0
provider_eval_unrelated_niche_control,unrelated_niche_control,50.0,5,39800057.663359374,39800057.663359374,33795000.0,0.17769071351854931,0.17769071351854931,0.0
provider_eval_unrelated_niche_control,unrelated_niche_control,50.0,6,45530149.76345429,45530149.76345429,37905000.0,0.20116474774975038,0.20116474774975038,0.0
provider_eval_unrelated_niche_control,unrelated_niche_control,50.0,7,50287389.64495619,50287389.64495619,41310000.0,0.21731759004977455,0.21731759004977455,0.0
provider_eval_unrelated_niche_control,unrelated_niche_control,50.0,8,53847719.614631474,53847719.614631474,43845000.0,0.22813820537419258,0.22813820537419258,0.0
provider_eval_unrelated_niche_control,unrelated_niche_control,50.0,9,57602172.250663415,57602172.250663415,46845000.0,0.22963330666375098,0.22963330666375098,0.0
provider_eval_unrelated_niche_control,unrelated_niche_control,50.0,10,60553974.48799145,60553974.48799145,49470000.0,0.22405446711120786,0.22405446711120786,0.0
provider_eval_unrelated_niche_control,unrelated_niche_control,50.0,11,63499765.88225643,63499765.88225643,52005000.0,0.2210319369725302,0.2210319369725302,0.0
provider_eval_unrelated_niche_control,unrelated_niche_control,50.0,12,66344392.22994621,66344392.22994621,54705000.0,0.2127665154912021,0.2127665154912021,0.0
provider_eval_unrelated_niche_control,unrelated_niche_control,50.0,13,68010835.86302283,68010835.86302283,55980000.0,0.2149131093787573,0.2149131093787573,0.0
provider_eval_unrelated_niche_control,unrelated_niche_control,100.0,1,10314744.175268978,10314744.175268978,10020000.0,0.02941558635418941,0.02941558635418941,0.0
provider_eval_unrelated_niche_control,unrelated_niche_control,100.0,2,20845971.170875818,20845971.170875818,19950000.0,0.04491083563287306,0.04491083563287306,0.0
provider_eval_unrelated_niche_control,unrelated_niche_control,100.0,3,28036545.492866576,28036545.492866576,25440000.0,0.1020654674868937,0.1020654674868937,0.0
provider_eval_unrelated_niche_control,unrelated_niche_control,100.0,4,34073409.41325152,34073409.41325152,29595000.0,0.1513231766599601,0.1513231766599601,0.0
provider_eval_unrelated_niche_control,unrelated_niche_control,100.0,5,40206143.59327054,40206143.59327054,33795000.0,0.189706867680738,0.189706867680738,0.0
provider_eval_unrelated_niche_control,unrelated_niche_control,100.0,6,46108936.46108419,46108936.46108419,37905000.0,0.21643415014072515,0.21643415014072515,0.0
provider_eval_unrelated_niche_control,unrelated_niche_control,100.0,7,50983132.85887943,50983132.85887943,41310000.0,0.234159594744116,0.234159594744116,0.0
provider_eval_unrelated_niche_control,unrelated_niche_control,100.0,8,54949066.670051426,54949066.670051426,43845000.0,0.2532573080180505,0.2532573080180505,0.0
provider_eval_unrelated_niche_control,unrelated_niche_control,100.0,9,59127277.23955251,59127277.23955251,46845000.0,0.26218971586193857,0.26218971586193857,0.0
provider_eval_unrelated_niche_control,unrelated_niche_control,100.0,10,62473538.115921736,62473538.115921736,49470000.0,0.26285704701681295,0.26285704701681295,0.0
provider_eval_unrelated_niche_control,unrelated_niche_control,100.0,11,65642270.74598175,65642270.74598175,52005000.0,0.26222999223116533,0.26222999223116533,0.0
provider_eval_unrelated_niche_control,unrelated_niche_control,100.0,12,68813755.25932686,68813755.25932686,54705000.0,0.2579061376350765,0.2579061376350765,0.0
provider_eval_unrelated_niche_control,unrelated_niche_control,100.0,13,70710282.08209191,70710282.08209191,55980000.0,0.26313472815455363,0.26313472815455363,0.0
provider_eval_unrelated_niche_control,unrelated_niche_control,250.0,1,10315954.476921558,10315954.476921558,10020000.0,0.029536374942271296,0.029536374942271296,0.0
provider_eval_unrelated_niche_control,unrelated_niche_control,250.0,2,20866982.883707106,20866982.883707106,19950000.0,0.0459640543211582,0.0459640543211582,0.0
provider_eval_unrelated_niche_control,unrelated_niche_control,250.0,3,28139116.152558118,28139116.152558118,25440000.0,0.10609733304080653,0.10609733304080653,0.0
provider_eval_unrelated_niche_control,unrelated_niche_control,250.0,4,34265521.984567136,34265521.984567136,29595000.0,0.15781456274935413,0.15781456274935413,0.0
provider_eval_unrelated_niche_control,unrelated_niche_control,250.0,5,40528725.95050928,40528725.95050928,33795000.0,0.19925213642578132,0.19925213642578132,0.0
provider_eval_unrelated_niche_control,unrelated_niche_control,250.0,6,46580596.92826727,46580596.92826727,37905000.0,0.22887737576222847,0.22887737576222847,0.0
provider_eval_unrelated_niche_control,unrelated_niche_control,250.0,7,51559718.44648339,51559718.44648339,41310000.0,0.24811712530823987,0.24811712530823987,0.0
provider_eval_unrelated_niche_control,unrelated_niche_control,250.0,8,55941753.40745586,55941753.40745586,43845000.0,0.2758981276646336,0.2758981276646336,0.0
provider_eval_unrelated_niche_control,unrelated_niche_control,250.0,9,60656342.84216766,60656342.84216766,46845000.0,0.2948306722631585,0.2948306722631585,0.0
provider_eval_unrelated_niche_control,unrelated_niche_control,250.0,10,64581448.63316432,64581448.63316432,49470000.0,0.30546692203687725,0.30546692203687725,0.0
provider_eval_unrelated_niche_control,unrelated_niche_control,250.0,11,68067306.0329008,68067306.0329008,52005000.0,0.30886080247862313,0.30886080247862313,0.0
provider_eval_unrelated_niche_control,unrelated_niche_control,250.0,12,71662813.07261531,71662813.07261531,54705000.0,0.3099865290670928,0.3099865290670928,0.0
provider_eval_unrelated_niche_control,unrelated_niche_control,250.0,13,73879209.91882241,73879209.91882241,55980000.0,0.319742942458421,0.319742942458421,0.0
provider_eval_unrelated_niche_control,unrelated_niche_control,500.0,1,10316363.992459565,10316363.992459565,10020000.0,0.029577244756443653,0.029577244756443653,0.0
provider_eval_unrelated_niche_control,unrelated_niche_control,500.0,2,20874328.697758406,20874328.697758406,19950000.0,0.04633226555179982,0.04633226555179982,0.0
provider_eval_unrelated_niche_control,unrelated_niche_control,500.0,3,28176811.252851993,28176811.252851993,25440000.0,0.10757905868128903,0.10757905868128903,0.0
provider_eval_unrelated_niche_control,unrelated_niche_control,500.0,4,34337926.58135575,34337926.58135575,29595000.0,0.16026107725479813,0.16026107725479813,0.0
provider_eval_unrelated_niche_control,unrelated_niche_control,500.0,5,40655849.83758959,40655849.83758959,33795000.0,0.20301375462611604,0.20301375462611604,0.0
provider_eval_unrelated_niche_control,unrelated_niche_control,500.0,6,46770184.226912275,46770184.226912275,37905000.0,0.23387901930912214,0.23387901930912214,0.0
provider_eval_unrelated_niche_control,unrelated_niche_control,500.0,7,51793674.23408984,51793674.23408984,41310000.0,0.253780543066808,0.253780543066808,0.0
provider_eval_unrelated_niche_control,unrelated_niche_control,500.0,8,56367951.16805236,56367951.16805236,43845000.0,0.2856186832718066,0.2856186832718066,0.0
provider_eval_unrelated_niche_control,unrelated_niche_control,500.0,9,61374764.85629338,61374764.85629338,46845000.0,0.3101668237014277,0.3101668237014277,0.0
provider_eval_unrelated_niche_control,unrelated_niche_control,500.0,10,65667010.40015355,65667010.40015355,49470000.0,0.32741076208113096,0.32741076208113096,0.0
provider_eval_unrelated_niche_control,unrelated_niche_control,500.0,11,69358417.63173209,69358417.63173209,52005000.0,0.3336874845059531,0.3336874845059531,0.0
provider_eval_unrelated_niche_control,unrelated_niche_control,500.0,12,73191685.68620673,73191685.68620673,54705000.0,0.3379341136314181,0.3379341136314181,0.0
provider_eval_unrelated_niche_control,unrelated_niche_control,500.0,13,75597222.96779068,75597222.96779068,55980000.0,0.3504327075346673,0.3504327075346673,0.0
provider_eval_unrelated_niche_control,unrelated_niche_control,1000.0,1,10316569.67294848,10316569.67294848,10020000.0,0.029597771751345276,0.029597771751345276,0.0
provider_eval_unrelated_niche_control,unrelated_niche_control,1000.0,2,20878069.39910698,20878069.39910698,19950000.0,0.046519769378795955,0.046519769378795955,0.0
provider_eval_unrelated_niche_control,unrelated_niche_control,1000.0,3,28196368.602540374,28196368.602540374,25440000.0,0.10834782242690148,0.10834782242690148,0.0
provider_eval_unrelated_niche_control,unrelated_niche_control,1000.0,4,34375974.4830274,34375974.4830274,29595000.0,0.16154669650371342,0.16154669650371342,0.0
provider_eval_unrelated_niche_control,unrelated_niche_control,1000.0,5,40724019.58261278,40724019.58261278,33795000.0,0.20503090938342308,0.20503090938342308,0.0
provider_eval_unrelated_niche_control,unrelated_niche_control,1000.0,6,46872887.94003831,46872887.94003831,37905000.0,0.23658852235953853,0.23658852235953853,0.0
provider_eval_unrelated_niche_control,unrelated_niche_control,1000.0,7,51920965.76826662,51920965.76826662,41310000.0,0.2568619164431522,0.2568619164431522,0.0
provider_eval_unrelated_niche_control,unrelated_niche_control,1000.0,8,56605974.56028053,56605974.56028053,43845000.0,0.29104742981595466,0.29104742981595466,0.0
provider_eval_unrelated_niche_control,unrelated_niche_control,1000.0,9,61796361.48733854,61796361.48733854,46845000.0,0.3191666450493872,0.3191666450493872,0.0
provider_eval_unrelated_niche_control,unrelated_niche_control,1000.0,10,66342679.45877074,66342679.45877074,49470000.0,0.3410689197244944,0.3410689197244944,0.0
provider_eval_unrelated_niche_control,unrelated_niche_control,1000.0,11,70181634.90810363,70181634.90810363,52005000.0,0.34951706389969484,0.34951706389969484,0.0
provider_eval_unrelated_niche_control,unrelated_niche_control,1000.0,12,74168652.65370034,74168652.65370034,54705000.0,0.3557929376419036,0.3557929376419036,0.0
provider_eval_unrelated_niche_control,unrelated_niche_control,1000.0,13,76700487.34255604,76700487.34255604,55980000.0,0.3701408957226875,0.3701408957226875,0.0
provider_eval_mixed_funnel_portfolio,mixed_funnel_portfolio,existing_vid,1,21814482.199241277,21814482.199241277,21570000.0,0.011334362505390674,0.011334362505390674,0.0
provider_eval_mixed_funnel_portfolio,mixed_funnel_portfolio,existing_vid,2,50684336.489889376,50684336.489889376,50295000.0,0.007741057558194171,0.007741057558194171,0.0
provider_eval_mixed_funnel_portfolio,mixed_funnel_portfolio,existing_vid,3,79671493.68704097,79671493.68704097,78120000.0,0.019860390259100996,0.019860390259100996,0.0
provider_eval_mixed_funnel_portfolio,mixed_funnel_portfolio,existing_vid,4,102446017.56579898,102446017.56579898,100095000.0,0.023487862188910365,0.023487862188910365,0.0
provider_eval_mixed_funnel_portfolio,mixed_funnel_portfolio,existing_vid,5,117304741.7716178,117304741.7716178,114240000.0,0.026827221390211833,0.026827221390211833,0.0
provider_eval_mixed_funnel_portfolio,mixed_funnel_portfolio,existing_vid,6,129358626.83912234,129358626.83912234,125490000.0,0.030828168293269106,0.030828168293269106,0.0
provider_eval_mixed_funnel_portfolio,mixed_funnel_portfolio,existing_vid,7,137407770.1133509,137407770.1133509,133275000.0,0.031009342437448118,0.031009342437448118,0.0
provider_eval_mixed_funnel_portfolio,mixed_funnel_portfolio,existing_vid,8,146616303.82463324,146616303.82463324,142215000.0,0.03094823910721964,0.03094823910721964,0.0
provider_eval_mixed_funnel_portfolio,mixed_funnel_portfolio,existing_vid,9,154871330.93598387,154871330.93598387,150000000.0,0.03247553957322578,0.03247553957322578,0.0
provider_eval_mixed_funnel_portfolio,mixed_funnel_portfolio,existing_vid,10,159966226.77618653,159966226.77618653,154560000.0,0.03497817531176582,0.03497817531176582,0.0
provider_eval_mixed_funnel_portfolio,mixed_funnel_portfolio,existing_vid,11,162660049.83178058,162660049.83178058,156765000.0,0.03760437490371309,0.03760437490371309,0.0
provider_eval_mixed_funnel_portfolio,mixed_funnel_portfolio,existing_vid,12,164350827.72930643,164350827.72930643,158445000.0,0.0372736768551007,0.0372736768551007,0.0
provider_eval_mixed_funnel_portfolio,mixed_funnel_portfolio,existing_vid,13,165672693.9220723,165672693.9220723,159600000.0,0.03804946066461336,0.03804946066461336,0.0
provider_eval_mixed_funnel_portfolio,mixed_funnel_portfolio,5.0,1,21570775.278158426,21570775.278158426,21570000.0,3.5942427372567676e-05,3.5942427372567676e-05,0.0
provider_eval_mixed_funnel_portfolio,mixed_funnel_portfolio,5.0,2,49601160.161904916,49601160.161904916,50295000.0,0.013795403879015485,0.013795403879015485,0.0
provider_eval_mixed_funnel_portfolio,mixed_funnel_portfolio,5.0,3,77289082.35313654,77289082.35313654,78120000.0,0.010636426611155408,0.010636426611155408,0.0
provider_eval_mixed_funnel_portfolio,mixed_funnel_portfolio,5.0,4,98606413.81119068,98606413.81119068,100095000.0,0.014871733741039216,0.014871733741039216,0.0
provider_eval_mixed_funnel_portfolio,mixed_funnel_portfolio,5.0,5,110653572.59254737,110653572.59254737,114240000.0,0.03139379733414415,0.03139379733414415,0.0
provider_eval_mixed_funnel_portfolio,mixed_funnel_portfolio,5.0,6,120732574.83603853,120732574.83603853,125490000.0,0.03791079101092892,0.03791079101092892,0.0
provider_eval_mixed_funnel_portfolio,mixed_funnel_portfolio,5.0,7,129264057.2286182,129264057.2286182,133275000.0,0.030095237451748604,0.030095237451748604,0.0
provider_eval_mixed_funnel_portfolio,mixed_funnel_portfolio,5.0,8,136504611.54412615,136504611.54412615,142215000.0,0.04015320786044965,0.04015320786044965,0.0
provider_eval_mixed_funnel_portfolio,mixed_funnel_portfolio,5.0,9,140990873.87084478,140990873.87084478,150000000.0,0.06006084086103479,0.06006084086103479,0.0
provider_eval_mixed_funnel_portfolio,mixed_funnel_portfolio,5.0,10,142988549.28888953,142988549.28888953,154560000.0,0.07486704652633587,0.07486704652633587,0.0
provider_eval_mixed_funnel_portfolio,mixed_funnel_portfolio,5.0,11,144656427.16700134,144656427.16700134,156765000.0,0.07724028216118817,0.07724028216118817,0.0
provider_eval_mixed_funnel_portfolio,mixed_funnel_portfolio,5.0,12,146334867.73989248,146334867.73989248,158445000.0,0.07643114178489392,0.07643114178489392,0.0
provider_eval_mixed_funnel_portfolio,mixed_funnel_portfolio,5.0,13,146484992.9016086,146484992.9016086,159600000.0,0.08217422993979583,0.08217422993979583,0.0
provider_eval_mixed_funnel_portfolio,mixed_funnel_portfolio,20.0,1,21724621.80858171,21724621.80858171,21570000.0,0.007168373137770508,0.007168373137770508,0.0
provider_eval_mixed_funnel_portfolio,mixed_funnel_portfolio,20.0,2,50118623.09529938,50118623.09529938,50295000.0,0.003506847692625946,0.003506847692625946,0.0
provider_eval_mixed_funnel_portfolio,mixed_funnel_portfolio,20.0,3,78259875.11931476,78259875.11931476,78120000.0,0.0017905161202606242,0.0017905161202606242,0.0
provider_eval_mixed_funnel_portfolio,mixed_funnel_portfolio,20.0,4,99817031.78398183,99817031.78398183,100095000.0,0.00277704396841171,0.00277704396841171,0.0
provider_eval_mixed_funnel_portfolio,mixed_funnel_portfolio,20.0,5,112200720.02663004,112200720.02663004,114240000.0,0.017850840103028325,0.017850840103028325,0.0
provider_eval_mixed_funnel_portfolio,mixed_funnel_portfolio,20.0,6,122458774.04027572,122458774.04027572,125490000.0,0.024155119608927224,0.024155119608927224,0.0
provider_eval_mixed_funnel_portfolio,mixed_funnel_portfolio,20.0,7,130747444.92793818,130747444.92793818,133275000.0,0.01896496021055578,0.01896496021055578,0.0
provider_eval_mixed_funnel_portfolio,mixed_funnel_portfolio,20.0,8,138245541.11582524,138245541.11582524,142215000.0,0.02791167516910849,0.02791167516910849,0.0
provider_eval_mixed_funnel_portfolio,mixed_funnel_portfolio,20.0,9,143060908.2675848,143060908.2675848,150000000.0,0.046260611549434665,0.046260611549434665,0.0
provider_eval_mixed_funnel_portfolio,mixed_funnel_portfolio,20.0,10,145770454.0146336,145770454.0146336,154560000.0,0.056868180547142884,0.056868180547142884,0.0
provider_eval_mixed_funnel_portfolio,mixed_funnel_portfolio,20.0,11,147538012.8080749,147538012.8080749,156765000.0,0.05885871968822829,0.05885871968822829,0.0
provider_eval_mixed_funnel_portfolio,mixed_funnel_portfolio,20.0,12,149089223.2261909,149089223.2261909,158445000.0,0.059047472459270445,0.059047472459270445,0.0
provider_eval_mixed_funnel_portfolio,mixed_funnel_portfolio,20.0,13,149553460.2107976,149553460.2107976,159600000.0,0.06294824429324807,0.06294824429324807,0.0
provider_eval_mixed_funnel_portfolio,mixed_funnel_portfolio,50.0,1,21774716.31170258,21774716.31170258,21570000.0,0.009490788674203953,0.009490788674203953,0.0
provider_eval_mixed_funnel_portfolio,mixed_funnel_portfolio,50.0,2,50394725.96293382,50394725.96293382,50295000.0,0.001982820617035957,0.001982820617035957,0.0
provider_eval_mixed_funnel_portfolio,mixed_funnel_portfolio,50.0,3,78872571.18799295,78872571.18799295,78120000.0,0.009633527752085834,0.009633527752085834,0.0
provider_eval_mixed_funnel_portfolio,mixed_funnel_portfolio,50.0,4,100780182.8615967,100780182.8615967,100095000.0,0.006845325556688182,0.006845325556688182,0.0
provider_eval_mixed_funnel_portfolio,mixed_funnel_portfolio,50.0,5,113679145.5414361,113679145.5414361,114240000.0,0.004909440288549493,0.004909440288549493,0.0
provider_eval_mixed_funnel_portfolio,mixed_funnel_portfolio,50.0,6,124152796.31850196,124152796.31850196,125490000.0,0.010655858486716359,0.010655858486716359,0.0
provider_eval_mixed_funnel_portfolio,mixed_funnel_portfolio,50.0,7,132308336.36355565,132308336.36355565,133275000.0,0.007253150526688014,0.007253150526688014,0.0
provider_eval_mixed_funnel_portfolio,mixed_funnel_portfolio,50.0,8,140024622.19431606,140024622.19431606,142215000.0,0.015401876072734527,0.015401876072734527,0.0
provider_eval_mixed_funnel_portfolio,mixed_funnel_portfolio,50.0,9,145314506.4626593,145314506.4626593,150000000.0,0.031236623582271337,0.031236623582271337,0.0
provider_eval_mixed_funnel_portfolio,mixed_funnel_portfolio,50.0,10,148631534.83104298,148631534.83104298,154560000.0,0.03835704690060187,0.03835704690060187,0.0
provider_eval_mixed_funnel_portfolio,mixed_funnel_portfolio,50.0,11,150512583.79589105,150512583.79589105,156765000.0,0.039884006022447314,0.039884006022447314,0.0
provider_eval_mixed_funnel_portfolio,mixed_funnel_portfolio,50.0,12,152005910.40799877,152005910.40799877,158445000.0,0.040639272883342674,0.040639272883342674,0.0
provider_eval_mixed_funnel_portfolio,mixed_funnel_portfolio,50.0,13,152678702.3014248,152678702.3014248,159600000.0,0.043366526933428566,0.043366526933428566,0.0
provider_eval_mixed_funnel_portfolio,mixed_funnel_portfolio,100.0,1,21793874.272961915,21793874.272961915,21570000.0,0.010378964903194926,0.010378964903194926,0.0
provider_eval_mixed_funnel_portfolio,mixed_funnel_portfolio,100.0,2,50524628.37991929,50524628.37991929,50295000.0,0.004565630379148832,0.004565630379148832,0.0
provider_eval_mixed_funnel_portfolio,mixed_funnel_portfolio,100.0,3,79204882.0587558,79204882.0587558,78120000.0,0.01388737914433948,0.01388737914433948,0.0
provider_eval_mixed_funnel_portfolio,mixed_funnel_portfolio,100.0,4,101401235.92664954,101401235.92664954,100095000.0,0.013049961802782763,0.013049961802782763,0.0
provider_eval_mixed_funnel_portfolio,mixed_funnel_portfolio,100.0,5,114813186.00161707,114813186.00161707,114240000.0,0.005017384467936572,0.005017384467936572,0.0
provider_eval_mixed_funnel_portfolio,mixed_funnel_portfolio,100.0,6,125562391.5824704,125562391.5824704,125490000.0,0.000576871324172461,0.000576871324172461,0.0
provider_eval_mixed_funnel_portfolio,mixed_funnel_portfolio,100.0,7,133629175.60856977,133629175.60856977,133275000.0,0.0026574797116471283,0.0026574797116471283,0.0
provider_eval_mixed_funnel_portfolio,mixed_funnel_portfolio,100.0,8,141557125.2149963,141557125.2149963,142215000.0,0.004625916991904454,0.004625916991904454,0.0
provider_eval_mixed_funnel_portfolio,mixed_funnel_portfolio,100.0,9,147360328.37751272,147360328.37751272,150000000.0,0.017597810816581846,0.017597810816581846,0.0
provider_eval_mixed_funnel_portfolio,mixed_funnel_portfolio,100.0,10,151122894.28090805,151122894.28090805,154560000.0,0.022238002840915837,0.022238002840915837,0.0
provider_eval_mixed_funnel_portfolio,mixed_funnel_portfolio,100.0,11,153128804.05397317,153128804.05397317,156765000.0,0.02319520266658267,0.02319520266658267,0.0
provider_eval_mixed_funnel_portfolio,mixed_funnel_portfolio,100.0,12,154627331.1263705,154627331.1263705,158445000.0,0.024094599852500932,0.024094599852500932,0.0
provider_eval_mixed_funnel_portfolio,mixed_funnel_portfolio,100.0,13,155455849.57388192,155455849.57388192,159600000.0,0.02596585480023857,0.02596585480023857,0.0
provider_eval_mixed_funnel_portfolio,mixed_funnel_portfolio,250.0,1,21806056.912127912,21806056.912127912,21570000.0,0.010943760413904128,0.010943760413904128,0.0
provider_eval_mixed_funnel_portfolio,mixed_funnel_portfolio,250.0,2,50616221.61711137,50616221.61711137,50295000.0,0.0063867505141936565,0.0063867505141936565,0.0
provider_eval_mixed_funnel_portfolio,mixed_funnel_portfolio,250.0,3,79463429.02728516,79463429.02728516,78120000.0,0.017196992156748064,0.017196992156748064,0.0
provider_eval_mixed_funnel_portfolio,mixed_funnel_portfolio,250.0,4,101950520.45041649,101950520.45041649,100095000.0,0.018537593790064342,0.018537593790064342,0.0
provider_eval_mixed_funnel_portfolio,mixed_funnel_portfolio,250.0,5,116000381.17544556,116000381.17544556,114240000.0,0.015409499084782534,0.015409499084782534,0.0
provider_eval_mixed_funnel_portfolio,mixed_funnel_portfolio,250.0,6,127208287.12273449,127208287.12273449,125490000.0,0.01369262190401217,0.01369262190401217,0.0
provider_eval_mixed_funnel_portfolio,mixed_funnel_portfolio,250.0,7,135213495.01245058,135213495.01245058,133275000.0,0.014545076064157388,0.014545076064157388,0.0
provider_eval_mixed_funnel_portfolio,mixed_funnel_portfolio,250.0,8,143497150.66606432,143497150.66606432,142215000.0,0.009015579693171058,0.009015579693171058,0.0
provider_eval_mixed_funnel_portfolio,mixed_funnel_portfolio,250.0,9,150072262.7039841,150072262.7039841,150000000.0,0.000481751359894077,0.000481751359894077,0.0
provider_eval_mixed_funnel_portfolio,mixed_funnel_portfolio,250.0,10,154323076.97563398,154323076.97563398,154560000.0,0.0015328870624095573,0.0015328870624095573,0.0
provider_eval_mixed_funnel_portfolio,mixed_funnel_portfolio,250.0,11,156527698.95278916,156527698.95278916,156765000.0,0.0015137374236012017,0.0015137374236012017,0.0
provider_eval_mixed_funnel_portfolio,mixed_funnel_portfolio,250.0,12,158079377.75237644,158079377.75237644,158445000.0,0.0023075657018117503,0.0023075657018117503,0.0
provider_eval_mixed_funnel_portfolio,mixed_funnel_portfolio,250.0,13,159093885.86502704,159093885.86502704,159600000.0,0.0031711411965724295,0.0031711411965724295,0.0
provider_eval_mixed_funnel_portfolio,mixed_funnel_portfolio,500.0,1,21810236.127875566,21810236.127875566,21570000.0,0.01113751172348477,0.01113751172348477,0.0
provider_eval_mixed_funnel_portfolio,mixed_funnel_portfolio,500.0,2,50649533.02000183,50649533.02000183,50295000.0,0.007049070881833755,0.007049070881833755,0.0
provider_eval_mixed_funnel_portfolio,mixed_funnel_portfolio,500.0,3,79563229.75256859,79563229.75256859,78120000.0,0.018474523202362873,0.018474523202362873,0.0
provider_eval_mixed_funnel_portfolio,mixed_funnel_portfolio,500.0,4,102181595.83203435,102181595.83203435,100095000.0,0.02084615447359358,0.02084615447359358,0.0
provider_eval_mixed_funnel_portfolio,mixed_funnel_portfolio,500.0,5,116573953.88273466,116573953.88273466,114240000.0,0.020430268581360787,0.020430268581360787,0.0
provider_eval_mixed_funnel_portfolio,mixed_funnel_portfolio,500.0,6,128096042.27320054,128096042.27320054,125490000.0,0.020766931812897776,0.020766931812897776,0.0
provider_eval_mixed_funnel_portfolio,mixed_funnel_portfolio,500.0,7,136097419.8877843,136097419.8877843,133275000.0,0.02117741427712851,0.02117741427712851,0.0
provider_eval_mixed_funnel_portfolio,mixed_funnel_portfolio,500.0,8,144668566.33200482,144668566.33200482,142215000.0,0.01725251437615452,0.01725251437615452,0.0
provider_eval_mixed_funnel_portfolio,mixed_funnel_portfolio,500.0,9,151786803.98410285,151786803.98410285,150000000.0,0.011912026560685634,0.011912026560685634,0.0
provider_eval_mixed_funnel_portfolio,mixed_funnel_portfolio,500.0,10,156316950.8682664,156316950.8682664,154560000.0,0.011367435741889257,0.011367435741889257,0.0
provider_eval_mixed_funnel_portfolio,mixed_funnel_portfolio,500.0,11,158669567.81678045,158669567.81678045,156765000.0,0.012149190296178662,0.012149190296178662,0.0
provider_eval_mixed_funnel_portfolio,mixed_funnel_portfolio,500.0,12,160267794.99866155,160267794.99866155,158445000.0,0.011504275923263895,0.011504275923263895,0.0
provider_eval_mixed_funnel_portfolio,mixed_funnel_portfolio,500.0,13,161393826.9446881,161393826.9446881,159600000.0,0.011239517197293932,0.011239517197293932,0.0
provider_eval_mixed_funnel_portfolio,mixed_funnel_portfolio,1000.0,1,21812356.048075378,21812356.048075378,21570000.0,0.011235792678506164,0.011235792678506164,0.0
provider_eval_mixed_funnel_portfolio,mixed_funnel_portfolio,1000.0,2,50666753.14799915,50666753.14799915,50295000.0,0.007391453385011483,0.007391453385011483,0.0
provider_eval_mixed_funnel_portfolio,mixed_funnel_portfolio,1000.0,3,79616340.68905799,79616340.68905799,78120000.0,0.01915438670069113,0.01915438670069113,0.0
provider_eval_mixed_funnel_portfolio,mixed_funnel_portfolio,1000.0,4,102309229.51869866,102309229.51869866,100095000.0,0.022121279971014162,0.022121279971014162,0.0
provider_eval_mixed_funnel_portfolio,mixed_funnel_portfolio,1000.0,5,116915379.0507007,116915379.0507007,114240000.0,0.02341893426733801,0.02341893426733801,0.0
provider_eval_mixed_funnel_portfolio,mixed_funnel_portfolio,1000.0,6,128664153.01320589,128664153.01320589,125490000.0,0.02529407134597088,0.02529407134597088,0.0
provider_eval_mixed_funnel_portfolio,mixed_funnel_portfolio,1000.0,7,136678087.46546304,136678087.46546304,133275000.0,0.025534327259148695,0.025534327259148695,0.0
provider_eval_mixed_funnel_portfolio,mixed_funnel_portfolio,1000.0,8,145492406.69279242,145492406.69279242,142215000.0,0.02304543608474785,0.02304543608474785,0.0
provider_eval_mixed_funnel_portfolio,mixed_funnel_portfolio,1000.0,9,153043971.28375015,153043971.28375015,150000000.0,0.020293141891667643,0.020293141891667643,0.0
provider_eval_mixed_funnel_portfolio,mixed_funnel_portfolio,1000.0,10,157783716.41040766,157783716.41040766,154560000.0,0.020857378431726595,0.020857378431726595,0.0
provider_eval_mixed_funnel_portfolio,mixed_funnel_portfolio,1000.0,11,160260074.7528686,160260074.7528686,156765000.0,0.0222949941177469,0.0222949941177469,0.0
provider_eval_mixed_funnel_portfolio,mixed_funnel_portfolio,1000.0,12,161894890.9531904,161894890.9531904,158445000.0,0.02177342897024448,0.02177342897024448,0.0
provider_eval_mixed_funnel_portfolio,mixed_funnel_portfolio,1000.0,13,163100698.30078024,163100698.30078024,159600000.0,0.021934199879575417,0.021934199879575417,0.0
provider_eval_linkage_shift_-1.0,linkage_shift_-1.0,existing_vid,1,12323781.952579983,12323781.952579983,11085000.0,0.11175299527108548,0.11175299527108548,0.0
provider_eval_linkage_shift_-1.0,linkage_shift_-1.0,existing_vid,2,24508278.0882137,24508278.0882137,19380000.0,0.2646170324155676,0.2646170324155676,0.0
provider_eval_linkage_shift_-1.0,linkage_shift_-1.0,existing_vid,3,39231992.161027074,39231992.161027074,26730000.0,0.4677138855603095,0.4677138855603095,0.0
provider_eval_linkage_shift_-1.0,linkage_shift_-1.0,existing_vid,4,53320839.905452795,53320839.905452795,31770000.0,0.6783393108420773,0.6783393108420773,0.0
provider_eval_linkage_shift_-1.0,linkage_shift_-1.0,existing_vid,5,65543419.623250216,65543419.623250216,35415000.0,0.8507248234716989,0.8507248234716989,0.0
provider_eval_linkage_shift_-1.0,linkage_shift_-1.0,existing_vid,6,74805138.20896885,74805138.20896885,37800000.0,0.9789719102901812,0.9789719102901812,0.0
provider_eval_linkage_shift_-1.0,linkage_shift_-1.0,existing_vid,7,80925807.27034599,80925807.27034599,39315000.0,1.0583951995509597,1.0583951995509597,0.0
provider_eval_linkage_shift_-1.0,linkage_shift_-1.0,existing_vid,8,87303732.67387785,87303732.67387785,41160000.0,1.1210819405704044,1.1210819405704044,0.0
provider_eval_linkage_shift_-1.0,linkage_shift_-1.0,existing_vid,9,96187359.57712254,96187359.57712254,43845000.0,1.1938045290711037,1.1938045290711037,0.0
provider_eval_linkage_shift_-1.0,linkage_shift_-1.0,existing_vid,10,103571452.77338713,103571452.77338713,45765000.0,1.2631148863408093,1.2631148863408093,0.0
provider_eval_linkage_shift_-1.0,linkage_shift_-1.0,existing_vid,11,110410253.76448083,110410253.76448083,47085000.0,1.34491353434174,1.34491353434174,0.0
provider_eval_linkage_shift_-1.0,linkage_shift_-1.0,existing_vid,12,115671901.4073872,115671901.4073872,48420000.0,1.388928157938604,1.388928157938604,0.0
provider_eval_linkage_shift_-1.0,linkage_shift_-1.0,existing_vid,13,119882152.249273,119882152.249273,49305000.0,1.431440061845107,1.431440061845107,0.0
provider_eval_linkage_shift_-1.0,linkage_shift_-1.0,5.0,1,12313181.01721397,12313181.01721397,11085000.0,0.11079666370897343,0.11079666370897343,0.0
provider_eval_linkage_shift_-1.0,linkage_shift_-1.0,5.0,2,24462155.575376987,24462155.575376987,19380000.0,0.2622371297924142,0.2622371297924142,0.0
provider_eval_linkage_shift_-1.0,linkage_shift_-1.0,5.0,3,38949708.336092055,38949708.336092055,26730000.0,0.457153323460234,0.457153323460234,0.0
provider_eval_linkage_shift_-1.0,linkage_shift_-1.0,5.0,4,52926897.65488359,52926897.65488359,31770000.0,0.6659394918125148,0.6659394918125148,0.0
provider_eval_linkage_shift_-1.0,linkage_shift_-1.0,5.0,5,65351697.23752555,65351697.23752555,35415000.0,0.8453112307645222,0.8453112307645222,0.0
provider_eval_linkage_shift_-1.0,linkage_shift_-1.0,5.0,6,74588945.38677971,74588945.38677971,37800000.0,0.9732525234597807,0.9732525234597807,0.0
provider_eval_linkage_shift_-1.0,linkage_shift_-1.0,5.0,7,81009093.63207623,81009093.63207623,39315000.0,1.0605136368326653,1.0605136368326653,0.0
provider_eval_linkage_shift_-1.0,linkage_shift_-1.0,5.0,8,87488116.44476427,87488116.44476427,41160000.0,1.1255616240224555,1.1255616240224555,0.0
provider_eval_linkage_shift_-1.0,linkage_shift_-1.0,5.0,9,95687422.57856567,95687422.57856567,43845000.0,1.1824021571117727,1.1824021571117727,0.0
provider_eval_linkage_shift_-1.0,linkage_shift_-1.0,5.0,10,102557154.6114918,102557154.6114918,45765000.0,1.2409517013327171,1.2409517013327171,0.0
provider_eval_linkage_shift_-1.0,linkage_shift_-1.0,5.0,11,108941751.27303715,108941751.27303715,47085000.0,1.31372520490681,1.31372520490681,0.0
provider_eval_linkage_shift_-1.0,linkage_shift_-1.0,5.0,12,113782754.61369509,113782754.61369509,48420000.0,1.3499123216376514,1.3499123216376514,0.0
provider_eval_linkage_shift_-1.0,linkage_shift_-1.0,5.0,13,117135208.51963311,117135208.51963311,49305000.0,1.375726772530841,1.375726772530841,0.0
provider_eval_linkage_shift_-1.0,linkage_shift_-1.0,20.0,1,12320620.784159929,12320620.784159929,11085000.0,0.11146781995127908,0.11146781995127908,0.0
provider_eval_linkage_shift_-1.0,linkage_shift_-1.0,20.0,2,24491989.73573196,24491989.73573196,19380000.0,0.26377656015128786,0.26377656015128786,0.0
provider_eval_linkage_shift_-1.0,linkage_shift_-1.0,20.0,3,39075831.06484723,39075831.06484723,26730000.0,0.46187171959772655,0.46187171959772655,0.0
provider_eval_linkage_shift_-1.0,linkage_shift_-1.0,20.0,4,53028499.68069826,53028499.68069826,31770000.0,0.6691375410984659,0.6691375410984659,0.0
provider_eval_linkage_shift_-1.0,linkage_shift_-1.0,20.0,5,65188160.13485764,65188160.13485764,35415000.0,0.8406934952663458,0.8406934952663458,0.0
provider_eval_linkage_shift_-1.0,linkage_shift_-1.0,20.0,6,74261180.49118267,74261180.49118267,37800000.0,0.964581494475732,0.964581494475732,0.0
provider_eval_linkage_shift_-1.0,linkage_shift_-1.0,20.0,7,80529773.65610905,80529773.65610905,39315000.0,1.0483218531377094,1.0483218531377094,0.0
provider_eval_linkage_shift_-1.0,linkage_shift_-1.0,20.0,8,86910934.49030116,86910934.49030116,41160000.0,1.111538738831418,1.111538738831418,0.0
provider_eval_linkage_shift_-1.0,linkage_shift_-1.0,20.0,9,95123970.3028622,95123970.3028622,43845000.0,1.1695511529903568,1.1695511529903568,0.0
provider_eval_linkage_shift_-1.0,linkage_shift_-1.0,20.0,10,101947351.59458277,101947351.59458277,45765000.0,1.2276270423813562,1.2276270423813562,0.0
provider_eval_linkage_shift_-1.0,linkage_shift_-1.0,20.0,11,108254585.73047185,108254585.73047185,47085000.0,1.2991310551231146,1.2991310551231146,0.0
provider_eval_linkage_shift_-1.0,linkage_shift_-1.0,20.0,12,112900346.10646653,112900346.10646653,48420000.0,1.3316882715090155,1.3316882715090155,0.0
provider_eval_linkage_shift_-1.0,linkage_shift_-1.0,20.0,13,116467032.63914925,116467032.63914925,49305000.0,1.3621748836659415,1.3621748836659415,0.0
provider_eval_linkage_shift_-1.0,linkage_shift_-1.0,50.0,1,12322466.125668108,12322466.125668108,11085000.0,0.11163429189608556,0.11163429189608556,0.0
provider_eval_linkage_shift_-1.0,linkage_shift_-1.0,50.0,2,24500934.038484067,24500934.038484067,19380000.0,0.264238082481118,0.264238082481118,0.0
provider_eval_linkage_shift_-1.0,linkage_shift_-1.0,50.0,3,39147527.69276047,39147527.69276047,26730000.0,0.4645539727931338,0.4645539727931338,0.0
provider_eval_linkage_shift_-1.0,linkage_shift_-1.0,50.0,4,53134362.69857137,53134362.69857137,31770000.0,0.672469710373666,0.672469710373666,0.0
provider_eval_linkage_shift_-1.0,linkage_shift_-1.0,50.0,5,65249329.78307794,65249329.78307794,35415000.0,0.8424207195560621,0.8424207195560621,0.0
provider_eval_linkage_shift_-1.0,linkage_shift_-1.0,50.0,6,74317945.29468882,74317945.29468882,37800000.0,0.9660832088542016,0.9660832088542016,0.0
provider_eval_linkage_shift_-1.0,linkage_shift_-1.0,50.0,7,80506826.1055298,80506826.1055298,39315000.0,1.047738168778578,1.047738168778578,0.0
provider_eval_linkage_shift_-1.0,linkage_shift_-1.0,50.0,8,86860303.74755886,86860303.74755886,41160000.0,1.1103086430407887,1.1103086430407887,0.0
provider_eval_linkage_shift_-1.0,linkage_shift_-1.0,50.0,9,95155798.01203,95155798.01203,43845000.0,1.1702770672147338,1.1702770672147338,0.0
provider_eval_linkage_shift_-1.0,linkage_shift_-1.0,50.0,10,101994254.31558321,101994254.31558321,45765000.0,1.2286519024491034,1.2286519024491034,0.0
provider_eval_linkage_shift_-1.0,linkage_shift_-1.0,50.0,11,108297173.57716125,108297173.57716125,47085000.0,1.3000355437434694,1.3000355437434694,0.0
provider_eval_linkage_shift_-1.0,linkage_shift_-1.0,50.0,12,112874769.8500705,112874769.8500705,48420000.0,1.3311600547309068,1.3311600547309068,0.0
provider_eval_linkage_shift_-1.0,linkage_shift_-1.0,50.0,13,116561738.89650694,116561738.89650694,49305000.0,1.3640957082751635,1.3640957082751635,0.0
provider_eval_linkage_shift_-1.0,linkage_shift_-1.0,100.0,1,12323112.64299348,12323112.64299348,11085000.0,0.1116926155158755,0.1116926155158755,0.0
provider_eval_linkage_shift_-1.0,linkage_shift_-1.0,100.0,2,24504431.51448697,24504431.51448697,19380000.0,0.2644185507991212,0.2644185507991212,0.0
provider_eval_linkage_shift_-1.0,linkage_shift_-1.0,100.0,3,39183946.77134612,39183946.77134612,26730000.0,0.4659164523511456,0.4659164523511456,0.0
provider_eval_linkage_shift_-1.0,linkage_shift_-1.0,100.0,4,53204203.752731144,53204203.752731144,31770000.0,0.6746680438379334,0.6746680438379334,0.0
provider_eval_linkage_shift_-1.0,linkage_shift_-1.0,100.0,5,65336195.65324888,65336195.65324888,35415000.0,0.8448735183749506,0.8448735183749506,0.0
provider_eval_linkage_shift_-1.0,linkage_shift_-1.0,100.0,6,74443741.64191364,74443741.64191364,37800000.0,0.9694111545479799,0.9694111545479799,0.0
provider_eval_linkage_shift_-1.0,linkage_shift_-1.0,100.0,7,80597578.55868708,80597578.55868708,39315000.0,1.0500465104587835,1.0500465104587835,0.0
provider_eval_linkage_shift_-1.0,linkage_shift_-1.0,100.0,8,86947844.96472733,86947844.96472733,41160000.0,1.1124354947698574,1.1124354947698574,0.0
provider_eval_linkage_shift_-1.0,linkage_shift_-1.0,100.0,9,95361141.83587354,95361141.83587354,43845000.0,1.1749604706551156,1.1749604706551156,0.0
provider_eval_linkage_shift_-1.0,linkage_shift_-1.0,100.0,10,102268448.02649045,102268448.02649045,45765000.0,1.2346432432315186,1.2346432432315186,0.0
provider_eval_linkage_shift_-1.0,linkage_shift_-1.0,100.0,11,108632689.26690936,108632689.26690936,47085000.0,1.3071612884551207,1.3071612884551207,0.0
provider_eval_linkage_shift_-1.0,linkage_shift_-1.0,100.0,12,113232327.55889064,113232327.55889064,48420000.0,1.3385445592501164,1.3385445592501164,0.0
provider_eval_linkage_shift_-1.0,linkage_shift_-1.0,100.0,13,117003371.31885827,117003371.31885827,49305000.0,1.3730528611471102,1.3730528611471102,0.0
provider_eval_linkage_shift_-1.0,linkage_shift_-1.0,250.0,1,12323513.396950245,12323513.396950245,11085000.0,0.11172876833110013,0.11172876833110013,0.0
provider_eval_linkage_shift_-1.0,linkage_shift_-1.0,250.0,2,24506698.348699123,24506698.348699123,19380000.0,0.26453551850872664,0.26453551850872664,0.0
provider_eval_linkage_shift_-1.0,linkage_shift_-1.0,250.0,3,39211022.819003105,39211022.819003105,26730000.0,0.46692939839143677,0.46692939839143677,0.0
provider_eval_linkage_shift_-1.0,linkage_shift_-1.0,250.0,4,53265796.560357675,53265796.560357675,31770000.0,0.6766067535523348,0.6766067535523348,0.0
provider_eval_linkage_shift_-1.0,linkage_shift_-1.0,250.0,5,65436341.73858076,65436341.73858076,35415000.0,0.8477013056213685,0.8477013056213685,0.0
provider_eval_linkage_shift_-1.0,linkage_shift_-1.0,250.0,6,74608688.4318618,74608688.4318618,37800000.0,0.9737748262397302,0.9737748262397302,0.0
provider_eval_linkage_shift_-1.0,linkage_shift_-1.0,250.0,7,80741160.46919575,80741160.46919575,39315000.0,1.053698600259335,1.053698600259335,0.0
provider_eval_linkage_shift_-1.0,linkage_shift_-1.0,250.0,8,87099699.31493577,87099699.31493577,41160000.0,1.1161248618789061,1.1161248618789061,0.0
provider_eval_linkage_shift_-1.0,linkage_shift_-1.0,250.0,9,95696765.0231342,95696765.0231342,43845000.0,1.1826152360162892,1.1826152360162892,0.0
provider_eval_linkage_shift_-1.0,linkage_shift_-1.0,250.0,10,102755406.8437897,102755406.8437897,45765000.0,1.245283663144099,1.245283663144099,0.0
provider_eval_linkage_shift_-1.0,linkage_shift_-1.0,250.0,11,109267296.3320545,109267296.3320545,47085000.0,1.3206391915058828,1.3206391915058828,0.0
provider_eval_linkage_shift_-1.0,linkage_shift_-1.0,250.0,12,114012116.9869509,114012116.9869509,48420000.0,1.3546492562360781,1.3546492562360781,0.0
provider_eval_linkage_shift_-1.0,linkage_shift_-1.0,250.0,13,117901183.62560198,117901183.62560198,49305000.0,1.3912622173329678,1.3912622173329678,0.0
provider_eval_linkage_shift_-1.0,linkage_shift_-1.0,500.0,1,12323652.797699958,12323652.797699958,11085000.0,0.11174134395128174,0.11174134395128174,0.0
provider_eval_linkage_shift_-1.0,linkage_shift_-1.0,500.0,2,24507496.361139923,24507496.361139923,19380000.0,0.2645766956212551,0.2645766956212551,0.0
provider_eval_linkage_shift_-1.0,linkage_shift_-1.0,500.0,3,39221180.3368274,39221180.3368274,26730000.0,0.4673094027993789,0.4673094027993789,0.0
provider_eval_linkage_shift_-1.0,linkage_shift_-1.0,500.0,4,53291532.118445516,53291532.118445516,31770000.0,0.6774168120379451,0.6774168120379451,0.0
provider_eval_linkage_shift_-1.0,linkage_shift_-1.0,500.0,5,65484377.05488898,65484377.05488898,35415000.0,0.849057660733841,0.849057660733841,0.0
provider_eval_linkage_shift_-1.0,linkage_shift_-1.0,500.0,6,74694271.98250827,74694271.98250827,37800000.0,0.9760389413361976,0.9760389413361976,0.0
provider_eval_linkage_shift_-1.0,linkage_shift_-1.0,500.0,7,80820278.9221501,80820278.9221501,39315000.0,1.0557110243456722,1.0557110243456722,0.0
provider_eval_linkage_shift_-1.0,linkage_shift_-1.0,500.0,8,87186179.65106732,87186179.65106732,41160000.0,1.1182259390443954,1.1182259390443954,0.0
provider_eval_linkage_shift_-1.0,linkage_shift_-1.0,500.0,9,95897583.69926453,95897583.69926453,43845000.0,1.1871954316173914,1.1871954316173914,0.0
provider_eval_linkage_shift_-1.0,linkage_shift_-1.0,500.0,10,103072469.06519029,103072469.06519029,45765000.0,1.2522117134314494,1.2522117134314494,0.0
provider_eval_linkage_shift_-1.0,linkage_shift_-1.0,500.0,11,109699831.30017726,109699831.30017726,47085000.0,1.3298254497223587,1.3298254497223587,0.0
provider_eval_linkage_shift_-1.0,linkage_shift_-1.0,500.0,12,114599563.31216708,114599563.31216708,48420000.0,1.3667815636548344,1.3667815636548344,0.0
provider_eval_linkage_shift_-1.0,linkage_shift_-1.0,500.0,13,118582878.42642526,118582878.42642526,49305000.0,1.405088295840691,1.405088295840691,0.0
provider_eval_linkage_shift_-1.0,linkage_shift_-1.0,1000.0,1,12323714.760622472,12323714.760622472,11085000.0,0.11174693375033573,0.11174693375033573,0.0
provider_eval_linkage_shift_-1.0,linkage_shift_-1.0,1000.0,2,24507874.503472388,24507874.503472388,19380000.0,0.26459620760951436,0.26459620760951436,0.0
provider_eval_linkage_shift_-1.0,linkage_shift_-1.0,1000.0,3,39226501.55785814,39226501.55785814,26730000.0,0.46750847578967974,0.46750847578967974,0.0
provider_eval_linkage_shift_-1.0,linkage_shift_-1.0,1000.0,4,53305699.28119101,53305699.28119101,31770000.0,0.6778627409880708,0.6778627409880708,0.0
provider_eval_linkage_shift_-1.0,linkage_shift_-1.0,1000.0,5,65512322.16983485,65512322.16983485,35415000.0,0.849846736406462,0.849846736406462,0.0
provider_eval_linkage_shift_-1.0,linkage_shift_-1.0,1000.0,6,74745979.32968566,74745979.32968566,37800000.0,0.9774068605736946,0.9774068605736946,0.0
provider_eval_linkage_shift_-1.0,linkage_shift_-1.0,1000.0,7,80869092.53565387,80869092.53565387,39315000.0,1.0569526271309646,1.0569526271309646,0.0
provider_eval_linkage_shift_-1.0,linkage_shift_-1.0,1000.0,8,87240269.4757683,87240269.4757683,41160000.0,1.119540074727121,1.119540074727121,0.0
provider_eval_linkage_shift_-1.0,linkage_shift_-1.0,1000.0,9,96028317.42035489,96028317.42035489,43845000.0,1.1901771563543138,1.1901771563543138,0.0
provider_eval_linkage_shift_-1.0,linkage_shift_-1.0,1000.0,10,103290942.72280067,103290942.72280067,45765000.0,1.2569855287403184,1.2569855287403184,0.0
provider_eval_linkage_shift_-1.0,linkage_shift_-1.0,1000.0,11,110006309.780864,110006309.780864,47085000.0,1.3363344967795263,1.3363344967795263,0.0
provider_eval_linkage_shift_-1.0,linkage_shift_-1.0,1000.0,12,115044426.44750765,115044426.44750765,48420000.0,1.3759691542236194,1.3759691542236194,0.0
provider_eval_linkage_shift_-1.0,linkage_shift_-1.0,1000.0,13,119111246.01705925,119111246.01705925,49305000.0,1.4158046043415324,1.4158046043415324,0.0
provider_eval_linkage_shift_0.0,linkage_shift_0.0,existing_vid,1,17411642.740146022,17411642.740146022,17100000.0,0.018224721645966217,0.018224721645966217,0.0
provider_eval_linkage_shift_0.0,linkage_shift_0.0,existing_vid,2,32690821.27655801,32690821.27655801,31200000.0,0.0477827332230132,0.0477827332230132,0.0
provider_eval_linkage_shift_0.0,linkage_shift_0.0,existing_vid,3,44434120.25328204,44434120.25328204,41850000.0,0.06174719840578352,0.06174719840578352,0.0
provider_eval_linkage_shift_0.0,linkage_shift_0.0,existing_vid,4,54839203.655199155,54839203.655199155,51420000.0,0.0664955981174476,0.0664955981174476,0.0
provider_eval_linkage_shift_0.0,linkage_shift_0.0,existing_vid,5,65899388.6429022,65899388.6429022,61050000.0,0.07943306540380349,0.07943306540380349,0.0
provider_eval_linkage_shift_0.0,linkage_shift_0.0,existing_vid,6,77719534.76561019,77719534.76561019,70695000.0,0.09936395453158198,0.09936395453158198,0.0
provider_eval_linkage_shift_0.0,linkage_shift_0.0,existing_vid,7,87574082.3126112,87574082.3126112,78765000.0,0.11184005983128556,0.11184005983128556,0.0
provider_eval_linkage_shift_0.0,linkage_shift_0.0,existing_vid,8,96053317.03074706,96053317.03074706,85920000.0,0.11793897847703742,0.11793897847703742,0.0
provider_eval_linkage_shift_0.0,linkage_shift_0.0,existing_vid,9,102606802.59252669,102606802.59252669,90900000.0,0.12878770728852243,0.12878770728852243,0.0
provider_eval_linkage_shift_0.0,linkage_shift_0.0,existing_vid,10,107697431.36797005,107697431.36797005,94710000.0,0.13712840637704624,0.13712840637704624,0.0
provider_eval_linkage_shift_0.0,linkage_shift_0.0,existing_vid,11,112965604.02410497,112965604.02410497,98955000.0,0.14158560986412982,0.14158560986412982,0.0
provider_eval_linkage_shift_0.0,linkage_shift_0.0,existing_vid,12,117285371.69682041,117285371.69682041,102495000.0,0.1443033484250003,0.1443033484250003,0.0
provider_eval_linkage_shift_0.0,linkage_shift_0.0,existing_vid,13,119882152.249273,119882152.249273,104460000.0,0.14763691603745935,0.14763691603745935,0.0
provider_eval_linkage_shift_0.0,linkage_shift_0.0,5.0,1,17379287.467826903,17379287.467826903,17100000.0,0.016332600457713616,0.016332600457713616,0.0
provider_eval_linkage_shift_0.0,linkage_shift_0.0,5.0,2,32505182.020468652,32505182.020468652,31200000.0,0.041832757066302954,0.041832757066302954,0.0
provider_eval_linkage_shift_0.0,linkage_shift_0.0,5.0,3,44026659.24004021,44026659.24004021,41850000.0,0.05201097347766339,0.05201097347766339,0.0
provider_eval_linkage_shift_0.0,linkage_shift_0.0,5.0,4,53829146.81414601,53829146.81414601,51420000.0,0.0468523301078571,0.0468523301078571,0.0
provider_eval_linkage_shift_0.0,linkage_shift_0.0,5.0,5,64050443.846653506,64050443.846653506,61050000.0,0.04914731935550379,0.04914731935550379,0.0
provider_eval_linkage_shift_0.0,linkage_shift_0.0,5.0,6,74369007.01222727,74369007.01222727,70695000.0,0.05196982830790391,0.05196982830790391,0.0
provider_eval_linkage_shift_0.0,linkage_shift_0.0,5.0,7,83129733.12233588,83129733.12233588,78765000.0,0.055414627338740315,0.055414627338740315,0.0
provider_eval_linkage_shift_0.0,linkage_shift_0.0,5.0,8,90685184.35519426,90685184.35519426,85920000.0,0.05546071176902067,0.05546071176902067,0.0
provider_eval_linkage_shift_0.0,linkage_shift_0.0,5.0,9,96292951.96749696,96292951.96749696,90900000.0,0.05932840448291487,0.05932840448291487,0.0
provider_eval_linkage_shift_0.0,linkage_shift_0.0,5.0,10,100579876.0144807,100579876.0144807,94710000.0,0.061977362627818555,0.061977362627818555,0.0
provider_eval_linkage_shift_0.0,linkage_shift_0.0,5.0,11,105089001.63959669,105089001.63959669,98955000.0,0.06198778878880992,0.06198778878880992,0.0
provider_eval_linkage_shift_0.0,linkage_shift_0.0,5.0,12,108745837.67907347,108745837.67907347,102495000.0,0.06098675719862889,0.06098675719862889,0.0
provider_eval_linkage_shift_0.0,linkage_shift_0.0,5.0,13,110699168.61816803,110699168.61816803,104460000.0,0.0597278251787098,0.0597278251787098,0.0
provider_eval_linkage_shift_0.0,linkage_shift_0.0,20.0,1,17401350.191435665,17401350.191435665,17100000.0,0.017622818212611982,0.017622818212611982,0.0
provider_eval_linkage_shift_0.0,linkage_shift_0.0,20.0,2,32616990.67526886,32616990.67526886,31200000.0,0.045416367797078805,0.045416367797078805,0.0
provider_eval_linkage_shift_0.0,linkage_shift_0.0,20.0,3,44260166.16625288,44260166.16625288,41850000.0,0.05759058939672357,0.05759058939672357,0.0
provider_eval_linkage_shift_0.0,linkage_shift_0.0,20.0,4,54344552.583364755,54344552.583364755,51420000.0,0.05687577952868057,0.05687577952868057,0.0
provider_eval_linkage_shift_0.0,linkage_shift_0.0,20.0,5,64826437.70345539,64826437.70345539,61050000.0,0.061858111440710704,0.061858111440710704,0.0
provider_eval_linkage_shift_0.0,linkage_shift_0.0,20.0,6,75548772.06614596,75548772.06614596,70695000.0,0.06865792582425853,0.06865792582425853,0.0
provider_eval_linkage_shift_0.0,linkage_shift_0.0,20.0,7,84529845.72531024,84529845.72531024,78765000.0,0.07319044912474114,0.07319044912474114,0.0
provider_eval_linkage_shift_0.0,linkage_shift_0.0,20.0,8,92229810.79975688,92229810.79975688,85920000.0,0.07343820763217976,0.07343820763217976,0.0
provider_eval_linkage_shift_0.0,linkage_shift_0.0,20.0,9,97950058.50082938,97950058.50082938,90900000.0,0.07755839934905813,0.07755839934905813,0.0
provider_eval_linkage_shift_0.0,linkage_shift_0.0,20.0,10,102313306.72803509,102313306.72803509,94710000.0,0.0802798725375894,0.0802798725375894,0.0
provider_eval_linkage_shift_0.0,linkage_shift_0.0,20.0,11,106775741.01721781,106775741.01721781,98955000.0,0.07903330824332085,0.07903330824332085,0.0
provider_eval_linkage_shift_0.0,linkage_shift_0.0,20.0,12,110426190.94512077,110426190.94512077,102495000.0,0.07738124733031627,0.07738124733031627,0.0
provider_eval_linkage_shift_0.0,linkage_shift_0.0,20.0,13,112445488.7346499,112445488.7346499,104460000.0,0.07644542154556669,0.07644542154556669,0.0
provider_eval_linkage_shift_0.0,linkage_shift_0.0,50.0,1,17407278.072877288,17407278.072877288,17100000.0,0.017969477946040226,0.017969477946040226,0.0
provider_eval_linkage_shift_0.0,linkage_shift_0.0,50.0,2,32656986.397762656,32656986.397762656,31200000.0,0.04669828197957231,0.04669828197957231,0.0
provider_eval_linkage_shift_0.0,linkage_shift_0.0,50.0,3,44352618.6583536,44352618.6583536,41850000.0,0.05979972899291749,0.05979972899291749,0.0
provider_eval_linkage_shift_0.0,linkage_shift_0.0,50.0,4,54589162.23334214,54589162.23334214,51420000.0,0.061632871126840544,0.061632871126840544,0.0
provider_eval_linkage_shift_0.0,linkage_shift_0.0,50.0,5,65298239.50770643,65298239.50770643,61050000.0,0.0695862327224641,0.0695862327224641,0.0
provider_eval_linkage_shift_0.0,linkage_shift_0.0,50.0,6,76395089.55623195,76395089.55623195,70695000.0,0.08062931687151773,0.08062931687151773,0.0
provider_eval_linkage_shift_0.0,linkage_shift_0.0,50.0,7,85581144.65068845,85581144.65068845,78765000.0,0.08653773440853747,0.08653773440853747,0.0
provider_eval_linkage_shift_0.0,linkage_shift_0.0,50.0,8,93447745.60577518,93447745.60577518,85920000.0,0.08761342651041873,0.08761342651041873,0.0
provider_eval_linkage_shift_0.0,linkage_shift_0.0,50.0,9,99322406.52945316,99322406.52945316,90900000.0,0.09265573739772451,0.09265573739772451,0.0
provider_eval_linkage_shift_0.0,linkage_shift_0.0,50.0,10,103820160.36304894,103820160.36304894,94710000.0,0.09619005768185979,0.09619005768185979,0.0
provider_eval_linkage_shift_0.0,linkage_shift_0.0,50.0,11,108366071.78169066,108366071.78169066,98955000.0,0.09510456047385839,0.09510456047385839,0.0
provider_eval_linkage_shift_0.0,linkage_shift_0.0,50.0,12,112081743.3020908,112081743.3020908,102495000.0,0.09353376556993799,0.09353376556993799,0.0
provider_eval_linkage_shift_0.0,linkage_shift_0.0,50.0,13,114188929.99175017,114188929.99175017,104460000.0,0.09313545846975077,0.09313545846975077,0.0
provider_eval_linkage_shift_0.0,linkage_shift_0.0,100.0,1,17409420.372140408,17409420.372140408,17100000.0,0.018094758604702197,0.018094758604702197,0.0
provider_eval_linkage_shift_0.0,linkage_shift_0.0,100.0,2,32673027.15687722,32673027.15687722,31200000.0,0.04721240887426986,0.04721240887426986,0.0
provider_eval_linkage_shift_0.0,linkage_shift_0.0,100.0,3,44390928.87223974,44390928.87223974,41850000.0,0.06071514629007739,0.06071514629007739,0.0
provider_eval_linkage_shift_0.0,linkage_shift_0.0,100.0,4,54701515.69057664,54701515.69057664,51420000.0,0.06381788585329916,0.06381788585329916,0.0
provider_eval_linkage_shift_0.0,linkage_shift_0.0,100.0,5,65549263.94557685,65549263.94557685,61050000.0,0.07369801712656587,0.07369801712656587,0.0
provider_eval_linkage_shift_0.0,linkage_shift_0.0,100.0,6,76904330.20744954,76904330.20744954,70695000.0,0.08783266436734621,0.08783266436734621,0.0
provider_eval_linkage_shift_0.0,linkage_shift_0.0,100.0,7,86272309.27332512,86272309.27332512,78765000.0,0.09531275659652276,0.09531275659652276,0.0
provider_eval_linkage_shift_0.0,linkage_shift_0.0,100.0,8,94291703.02856468,94291703.02856468,85920000.0,0.09743602221327603,0.09743602221327603,0.0
provider_eval_linkage_shift_0.0,linkage_shift_0.0,100.0,9,100318928.87434794,100318928.87434794,90900000.0,0.10361857947577492,0.10361857947577492,0.0
provider_eval_linkage_shift_0.0,linkage_shift_0.0,100.0,10,104952300.92393634,104952300.92393634,94710000.0,0.10814381716752547,0.10814381716752547,0.0
provider_eval_linkage_shift_0.0,linkage_shift_0.0,100.0,11,109630879.02968921,109630879.02968921,98955000.0,0.10788620109837005,0.10788620109837005,0.0
provider_eval_linkage_shift_0.0,linkage_shift_0.0,100.0,12,113446778.89000389,113446778.89000389,102495000.0,0.10685183560177462,0.10685183560177462,0.0
provider_eval_linkage_shift_0.0,linkage_shift_0.0,100.0,13,115648387.17693904,115648387.17693904,104460000.0,0.10710690385735248,0.10710690385735248,0.0
provider_eval_linkage_shift_0.0,linkage_shift_0.0,250.0,1,17410737.80561778,17410737.80561778,17100000.0,0.01817180149811576,0.01817180149811576,0.0
provider_eval_linkage_shift_0.0,linkage_shift_0.0,250.0,2,32683465.79552567,32683465.79552567,31200000.0,0.04754698062582276,0.04754698062582276,0.0
provider_eval_linkage_shift_0.0,linkage_shift_0.0,250.0,3,44416196.45943096,44416196.45943096,41850000.0,0.061318911814359923,0.061318911814359923,0.0
provider_eval_linkage_shift_0.0,linkage_shift_0.0,250.0,4,54780457.68032314,54780457.68032314,51420000.0,0.06535312486042666,0.06535312486042666,0.0
provider_eval_linkage_shift_0.0,linkage_shift_0.0,250.0,5,65743253.95161061,65743253.95161061,61050000.0,0.07687557660295839,0.07687557660295839,0.0
provider_eval_linkage_shift_0.0,linkage_shift_0.0,250.0,6,77337536.26036486,77337536.26036486,70695000.0,0.09396048179312343,0.09396048179312343,0.0
provider_eval_linkage_shift_0.0,linkage_shift_0.0,250.0,7,86923089.75909588,86923089.75909588,78765000.0,0.10357506200845397,0.10357506200845397,0.0
provider_eval_linkage_shift_0.0,linkage_shift_0.0,250.0,8,95134432.52261713,95134432.52261713,85920000.0,0.1072443263805532,0.1072443263805532,0.0
provider_eval_linkage_shift_0.0,linkage_shift_0.0,250.0,9,101368965.04703616,101368965.04703616,90900000.0,0.11517013253065078,0.11517013253065078,0.0
provider_eval_linkage_shift_0.0,linkage_shift_0.0,250.0,10,106183867.29374166,106183867.29374166,94710000.0,0.12114736874397274,0.12114736874397274,0.0
provider_eval_linkage_shift_0.0,linkage_shift_0.0,250.0,11,111076826.4999087,111076826.4999087,98955000.0,0.12249837299690466,0.12249837299690466,0.0
provider_eval_linkage_shift_0.0,linkage_shift_0.0,250.0,12,115063514.16702923,115063514.16702923,102495000.0,0.12262563214819486,0.12262563214819486,0.0
provider_eval_linkage_shift_0.0,linkage_shift_0.0,250.0,13,117406160.5480421,117406160.5480421,104460000.0,0.12393414271531786,0.12393414271531786,0.0
provider_eval_linkage_shift_0.0,linkage_shift_0.0,500.0,1,17411195.967194885,17411195.967194885,17100000.0,0.018198594572800292,0.018198594572800292,0.0
provider_eval_linkage_shift_0.0,linkage_shift_0.0,500.0,2,32687095.818689138,32687095.818689138,31200000.0,0.047663327522087746,0.047663327522087746,0.0
provider_eval_linkage_shift_0.0,linkage_shift_0.0,500.0,3,44425066.91549954,44425066.91549954,41850000.0,0.06153087014335814,0.06153087014335814,0.0
provider_eval_linkage_shift_0.0,linkage_shift_0.0,500.0,4,54809132.54482816,54809132.54482816,51420000.0,0.06591078461353873,0.06591078461353873,0.0
provider_eval_linkage_shift_0.0,linkage_shift_0.0,500.0,5,65818123.464946434,65818123.464946434,61050000.0,0.07810194045776304,0.07810194045776304,0.0
provider_eval_linkage_shift_0.0,linkage_shift_0.0,500.0,6,77516466.5499446,77516466.5499446,70695000.0,0.09649149939804222,0.09649149939804222,0.0
provider_eval_linkage_shift_0.0,linkage_shift_0.0,500.0,7,87216826.87136361,87216826.87136361,78765000.0,0.10730434674491983,0.10730434674491983,0.0
provider_eval_linkage_shift_0.0,linkage_shift_0.0,500.0,8,95537041.74558958,95537041.74558958,85920000.0,0.11193018791421769,0.11193018791421769,0.0
provider_eval_linkage_shift_0.0,linkage_shift_0.0,500.0,9,101896752.03895779,101896752.03895779,90900000.0,0.12097637006554224,0.12097637006554224,0.0
provider_eval_linkage_shift_0.0,linkage_shift_0.0,500.0,10,106820042.10520701,106820042.10520701,94710000.0,0.12786445048259965,0.12786445048259965,0.0
provider_eval_linkage_shift_0.0,linkage_shift_0.0,500.0,11,111854712.19739103,111854712.19739103,98955000.0,0.1303593774684557,0.1303593774684557,0.0
provider_eval_linkage_shift_0.0,linkage_shift_0.0,500.0,12,115961592.10157463,115961592.10157463,102495000.0,0.13138779551758262,0.13138779551758262,0.0
provider_eval_linkage_shift_0.0,linkage_shift_0.0,500.0,13,118397921.01901683,118397921.01901683,104460000.0,0.13342830766816802,0.13342830766816802,0.0
provider_eval_linkage_shift_0.0,linkage_shift_0.0,1000.0,1,17411428.25317332,17411428.25317332,17100000.0,0.018212178548147457,0.018212178548147457,0.0
provider_eval_linkage_shift_0.0,linkage_shift_0.0,1000.0,2,32688959.12695852,32688959.12695852,31200000.0,0.04772304894097818,0.04772304894097818,0.0
provider_eval_linkage_shift_0.0,linkage_shift_0.0,1000.0,3,44429588.03368741,44429588.03368741,41850000.0,0.06163890164127629,0.06163890164127629,0.0
provider_eval_linkage_shift_0.0,linkage_shift_0.0,1000.0,4,54824014.51109721,54824014.51109721,51420000.0,0.06620020441651513,0.06620020441651513,0.0
provider_eval_linkage_shift_0.0,linkage_shift_0.0,1000.0,5,65857898.94447851,65857898.94447851,61050000.0,0.07875346346402148,0.07875346346402148,0.0
provider_eval_linkage_shift_0.0,linkage_shift_0.0,1000.0,6,77614628.63372916,77614628.63372916,70695000.0,0.09788002876765202,0.09788002876765202,0.0
provider_eval_linkage_shift_0.0,linkage_shift_0.0,1000.0,7,87385936.26660414,87385936.26660414,78765000.0,0.10945135868220834,0.10945135868220834,0.0
provider_eval_linkage_shift_0.0,linkage_shift_0.0,1000.0,8,95777338.2717976,95777338.2717976,85920000.0,0.11472693519317502,0.11472693519317502,0.0
provider_eval_linkage_shift_0.0,linkage_shift_0.0,1000.0,9,102221986.37512548,102221986.37512548,90900000.0,0.124554305556936,0.124554305556936,0.0
provider_eval_linkage_shift_0.0,linkage_shift_0.0,1000.0,10,107218686.59128541,107218686.59128541,94710000.0,0.13207355708251936,0.13207355708251936,0.0
provider_eval_linkage_shift_0.0,linkage_shift_0.0,1000.0,11,112353653.64017147,112353653.64017147,98955000.0,0.13540148188743842,0.13540148188743842,0.0
provider_eval_linkage_shift_0.0,linkage_shift_0.0,1000.0,12,116549740.42695272,116549740.42695272,102495000.0,0.1371261078779718,0.1371261078779718,0.0
provider_eval_linkage_shift_0.0,linkage_shift_0.0,1000.0,13,119053899.00828457,119053899.00828457,104460000.0,0.1397080127157244,0.1397080127157244,0.0
provider_eval_linkage_shift_1.0,linkage_shift_1.0,existing_vid,1,13805683.458426027,13805683.458426027,11880000.0,0.162094567207578,0.162094567207578,0.0
provider_eval_linkage_shift_1.0,linkage_shift_1.0,existing_vid,2,32010504.073356327,32010504.073356327,23145000.0,0.38304186966326753,0.38304186966326753,0.0
provider_eval_linkage_shift_1.0,linkage_shift_1.0,existing_vid,3,46846944.81113471,46846944.81113471,29445000.0,0.5909982955046599,0.5909982955046599,0.0
provider_eval_linkage_shift_1.0,linkage_shift_1.0,existing_vid,4,60309970.3330286,60309970.3330286,34470000.0,0.7496365051647403,0.7496365051647403,0.0
provider_eval_linkage_shift_1.0,linkage_shift_1.0,existing_vid,5,71723652.14493679,71723652.14493679,38220000.0,0.8766000037921713,0.8766000037921713,0.0
provider_eval_linkage_shift_1.0,linkage_shift_1.0,existing_vid,6,80175983.39609157,80175983.39609157,40605000.0,0.9745347468560908,0.9745347468560908,0.0
provider_eval_linkage_shift_1.0,linkage_shift_1.0,existing_vid,7,87995913.28421263,87995913.28421263,42480000.0,1.071466885221578,1.071466885221578,0.0
provider_eval_linkage_shift_1.0,linkage_shift_1.0,existing_vid,8,96996921.71034467,96996921.71034467,44640000.0,1.1728701099987606,1.1728701099987606,0.0
provider_eval_linkage_shift_1.0,linkage_shift_1.0,existing_vid,9,105483101.81638415,105483101.81638415,46350000.0,1.2757950769446418,1.2757950769446418,0.0
provider_eval_linkage_shift_1.0,linkage_shift_1.0,existing_vid,10,110879419.58221027,110879419.58221027,47370000.0,1.3407097230781142,1.3407097230781142,0.0
provider_eval_linkage_shift_1.0,linkage_shift_1.0,existing_vid,11,114907689.83854243,114907689.83854243,48075000.0,1.390175555663909,1.390175555663909,0.0
provider_eval_linkage_shift_1.0,linkage_shift_1.0,existing_vid,12,118066355.52810071,118066355.52810071,48390000.0,1.4398916207501697,1.4398916207501697,0.0
provider_eval_linkage_shift_1.0,linkage_shift_1.0,existing_vid,13,119882152.249273,119882152.249273,48750000.0,1.459121071779959,1.459121071779959,0.0
provider_eval_linkage_shift_1.0,linkage_shift_1.0,5.0,1,12603413.92865777,12603413.92865777,11880000.0,0.060893428338196144,0.060893428338196144,0.0
provider_eval_linkage_shift_1.0,linkage_shift_1.0,5.0,2,22877517.62234947,22877517.62234947,23145000.0,0.011556810440722797,0.011556810440722797,0.0
provider_eval_linkage_shift_1.0,linkage_shift_1.0,5.0,3,26014150.623794466,26014150.623794466,29445000.0,0.11651721433878531,0.11651721433878531,0.0
provider_eval_linkage_shift_1.0,linkage_shift_1.0,5.0,4,29263992.344902903,29263992.344902903,34470000.0,0.15103010313597612,0.15103010313597612,0.0
provider_eval_linkage_shift_1.0,linkage_shift_1.0,5.0,5,29865763.951449692,29865763.951449692,38220000.0,0.21858283748169302,0.21858283748169302,0.0
provider_eval_linkage_shift_1.0,linkage_shift_1.0,5.0,6,29899164.544615924,29899164.544615924,40605000.0,0.26365805825351746,0.26365805825351746,0.0
provider_eval_linkage_shift_1.0,linkage_shift_1.0,5.0,7,29019776.926064968,29899164.544615924,42480000.0,0.3168602418534612,0.29615902672749705,0.029411778955854187
provider_eval_linkage_shift_1.0,linkage_shift_1.0,5.0,8,31218209.30853361,31218209.30853361,44640000.0,0.30066735419951596,0.30066735419951596,0.0
provider_eval_linkage_shift_1.0,linkage_shift_1.0,5.0,9,31785534.439590454,31785534.439590454,46350000.0,0.31422795168089634,0.31422795168089634,0.0
provider_eval_linkage_shift_1.0,linkage_shift_1.0,5.0,10,32524511.08635792,32524511.08635792,47370000.0,0.3133943194773502,0.3133943194773502,0.0
provider_eval_linkage_shift_1.0,linkage_shift_1.0,5.0,11,33185765.83171752,33185765.83171752,48075000.0,0.3097084590386371,0.3097084590386371,0.0
provider_eval_linkage_shift_1.0,linkage_shift_1.0,5.0,12,33616071.73862976,33616071.73862976,48390000.0,0.30530953216305523,0.30530953216305523,0.0
provider_eval_linkage_shift_1.0,linkage_shift_1.0,5.0,13,33917522.39933127,33917522.39933127,48750000.0,0.30425595078294826,0.30425595078294826,0.0
provider_eval_linkage_shift_1.0,linkage_shift_1.0,20.0,1,13207813.148063183,13207813.148063183,11880000.0,0.11176878350700192,0.11176878350700192,0.0
provider_eval_linkage_shift_1.0,linkage_shift_1.0,20.0,2,25259806.999335855,25259806.999335855,23145000.0,0.0913720889754096,0.0913720889754096,0.0
provider_eval_linkage_shift_1.0,linkage_shift_1.0,20.0,3,29799149.069326103,29799149.069326103,29445000.0,0.012027477307729758,0.012027477307729758,0.0
provider_eval_linkage_shift_1.0,linkage_shift_1.0,20.0,4,32994925.028964847,32994925.028964847,34470000.0,0.042793007572821375,0.042793007572821375,0.0
provider_eval_linkage_shift_1.0,linkage_shift_1.0,20.0,5,33477873.833894104,33477873.833894104,38220000.0,0.12407446797765297,0.12407446797765297,0.0
provider_eval_linkage_shift_1.0,linkage_shift_1.0,20.0,6,33412194.325452983,33477873.833894104,40605000.0,0.17714088596347782,0.17552336328299215,0.001961878127834519
provider_eval_linkage_shift_1.0,linkage_shift_1.0,20.0,7,34124553.853313625,34124553.853313625,42480000.0,0.19669129347190148,0.19669129347190148,0.0
provider_eval_linkage_shift_1.0,linkage_shift_1.0,20.0,8,35437669.729230225,35437669.729230225,44640000.0,0.20614539137029067,0.20614539137029067,0.0
provider_eval_linkage_shift_1.0,linkage_shift_1.0,20.0,9,35892326.10804033,35892326.10804033,46350000.0,0.22562403218898958,0.22562403218898958,0.0
provider_eval_linkage_shift_1.0,linkage_shift_1.0,20.0,10,36468496.23888695,36468496.23888695,47370000.0,0.23013518600618635,0.23013518600618635,0.0
provider_eval_linkage_shift_1.0,linkage_shift_1.0,20.0,11,37153343.71079907,37153343.71079907,48075000.0,0.22717953799689924,0.22717953799689924,0.0
provider_eval_linkage_shift_1.0,linkage_shift_1.0,20.0,12,37549227.34821844,37549227.34821844,48390000.0,0.22402919305190244,0.22402919305190244,0.0
provider_eval_linkage_shift_1.0,linkage_shift_1.0,20.0,13,37827730.43825805,37827730.43825805,48750000.0,0.22404655511265534,0.22404655511265534,0.0
provider_eval_linkage_shift_1.0,linkage_shift_1.0,50.0,1,13503805.046345472,13503805.046345472,11880000.0,0.1366839264600566,0.1366839264600566,0.0
provider_eval_linkage_shift_1.0,linkage_shift_1.0,50.0,2,27283413.164602786,27283413.164602786,23145000.0,0.1788037660230195,0.1788037660230195,0.0
provider_eval_linkage_shift_1.0,linkage_shift_1.0,50.0,3,33683412.47333932,33683412.47333932,29445000.0,0.14394336808759786,0.14394336808759786,0.0
provider_eval_linkage_shift_1.0,linkage_shift_1.0,50.0,4,37471286.383078665,37471286.383078665,34470000.0,0.08706952083198911,0.08706952083198911,0.0
provider_eval_linkage_shift_1.0,linkage_shift_1.0,50.0,5,38241553.05873844,38241553.05873844,38220000.0,0.0005639209507702845,0.0005639209507702845,0.0
provider_eval_linkage_shift_1.0,linkage_shift_1.0,50.0,6,38675618.53357619,38675618.53357619,40605000.0,0.04751585928885136,0.04751585928885136,0.0
provider_eval_linkage_shift_1.0,linkage_shift_1.0,50.0,7,39378058.10134512,39378058.10134512,42480000.0,0.07302123113594346,0.07302123113594346,0.0
provider_eval_linkage_shift_1.0,linkage_shift_1.0,50.0,8,40997710.517427295,40997710.517427295,44640000.0,0.0815925063300337,0.0815925063300337,0.0
provider_eval_linkage_shift_1.0,linkage_shift_1.0,50.0,9,42034318.38556895,42034318.38556895,46350000.0,0.09311071444295692,0.09311071444295692,0.0
provider_eval_linkage_shift_1.0,linkage_shift_1.0,50.0,10,42529540.67850983,42529540.67850983,47370000.0,0.10218406842917814,0.10218406842917814,0.0
provider_eval_linkage_shift_1.0,linkage_shift_1.0,50.0,11,43248695.524371356,43248695.524371356,48075000.0,0.10039114873902535,0.10039114873902535,0.0
provider_eval_linkage_shift_1.0,linkage_shift_1.0,50.0,12,43642975.4053663,43642975.4053663,48390000.0,0.0980992889984232,0.0980992889984232,0.0
provider_eval_linkage_shift_1.0,linkage_shift_1.0,50.0,13,43903526.48632023,43903526.48632023,48750000.0,0.09941484130625175,0.09941484130625175,0.0
provider_eval_linkage_shift_1.0,linkage_shift_1.0,100.0,1,13640281.469188362,13640281.469188362,11880000.0,0.14817184084077123,0.14817184084077123,0.0
provider_eval_linkage_shift_1.0,linkage_shift_1.0,100.0,2,28753320.15551889,28753320.15551889,23145000.0,0.2423123852028036,0.2423123852028036,0.0
provider_eval_linkage_shift_1.0,linkage_shift_1.0,100.0,3,36877578.16197029,36877578.16197029,29445000.0,0.2524224201721952,0.2524224201721952,0.0
provider_eval_linkage_shift_1.0,linkage_shift_1.0,100.0,4,41672020.05700955,41672020.05700955,34470000.0,0.20893588793181167,0.20893588793181167,0.0
provider_eval_linkage_shift_1.0,linkage_shift_1.0,100.0,5,43203665.57580197,43203665.57580197,38220000.0,0.13039418042391335,0.13039418042391335,0.0
provider_eval_linkage_shift_1.0,linkage_shift_1.0,100.0,6,44311193.21420488,44311193.21420488,40605000.0,0.09127430646976673,0.09127430646976673,0.0
provider_eval_linkage_shift_1.0,linkage_shift_1.0,100.0,7,45744555.98263371,45744555.98263371,42480000.0,0.07684924629552048,0.07684924629552048,0.0
provider_eval_linkage_shift_1.0,linkage_shift_1.0,100.0,8,48034771.95608546,48034771.95608546,44640000.0,0.07604775887288213,0.07604775887288213,0.0
provider_eval_linkage_shift_1.0,linkage_shift_1.0,100.0,9,49114263.51970601,49114263.51970601,46350000.0,0.05963891088901857,0.05963891088901857,0.0
provider_eval_linkage_shift_1.0,linkage_shift_1.0,100.0,10,49724367.27120291,49724367.27120291,47370000.0,0.04970165233698347,0.04970165233698347,0.0
provider_eval_linkage_shift_1.0,linkage_shift_1.0,100.0,11,50528927.740574166,50528927.740574166,48075000.0,0.051043738753492794,0.051043738753492794,0.0
provider_eval_linkage_shift_1.0,linkage_shift_1.0,100.0,12,50993705.176419556,50993705.176419556,48390000.0,0.05380667857862278,0.05380667857862278,0.0
provider_eval_linkage_shift_1.0,linkage_shift_1.0,100.0,13,51267707.79855788,51267707.79855788,48750000.0,0.05164528817554621,0.05164528817554621,0.0
provider_eval_linkage_shift_1.0,linkage_shift_1.0,250.0,1,13735496.24471879,13735496.24471879,11880000.0,0.15618655258575673,0.15618655258575673,0.0
provider_eval_linkage_shift_1.0,linkage_shift_1.0,250.0,2,30286873.112137556,30286873.112137556,23145000.0,0.30857088408457795,0.30857088408457795,0.0
provider_eval_linkage_shift_1.0,linkage_shift_1.0,250.0,3,40677980.409288764,40677980.409288764,29445000.0,0.38149024993339326,0.38149024993339326,0.0
provider_eval_linkage_shift_1.0,linkage_shift_1.0,250.0,4,47463294.70145626,47463294.70145626,34470000.0,0.37694501599815095,0.37694501599815095,0.0
provider_eval_linkage_shift_1.0,linkage_shift_1.0,250.0,5,50891964.05557127,50891964.05557127,38220000.0,0.3315532196643452,0.3315532196643452,0.0
provider_eval_linkage_shift_1.0,linkage_shift_1.0,250.0,6,53240657.44077662,53240657.44077662,40605000.0,0.31118476642720394,0.31118476642720394,0.0
provider_eval_linkage_shift_1.0,linkage_shift_1.0,250.0,7,56034229.381513625,56034229.381513625,42480000.0,0.3190731963633151,0.3190731963633151,0.0
provider_eval_linkage_shift_1.0,linkage_shift_1.0,250.0,8,59530092.96612805,59530092.96612805,44640000.0,0.333559430244804,0.333559430244804,0.0
provider_eval_linkage_shift_1.0,linkage_shift_1.0,250.0,9,61233943.26858422,61233943.26858422,46350000.0,0.3211206746188613,0.3211206746188613,0.0
provider_eval_linkage_shift_1.0,linkage_shift_1.0,250.0,10,62349519.53054842,62349519.53054842,47370000.0,0.3162237604084531,0.3162237604084531,0.0
provider_eval_linkage_shift_1.0,linkage_shift_1.0,250.0,11,63453193.7458867,63453193.7458867,48075000.0,0.3198792250834467,0.3198792250834467,0.0
provider_eval_linkage_shift_1.0,linkage_shift_1.0,250.0,12,64214137.91772801,64214137.91772801,48390000.0,0.3270125628792727,0.3270125628792727,0.0
provider_eval_linkage_shift_1.0,linkage_shift_1.0,250.0,13,64614908.455091834,64614908.455091834,48750000.0,0.3254340195916274,0.3254340195916274,0.0
provider_eval_linkage_shift_1.0,linkage_shift_1.0,500.0,1,13769884.177524686,13769884.177524686,11880000.0,0.15908115972430015,0.15908115972430015,0.0
provider_eval_linkage_shift_1.0,linkage_shift_1.0,500.0,2,31041435.944980264,31041435.944980264,23145000.0,0.3411724322739366,0.3411724322739366,0.0
provider_eval_linkage_shift_1.0,linkage_shift_1.0,500.0,3,42948194.70616031,42948194.70616031,29445000.0,0.4585904128429379,0.4585904128429379,0.0
provider_eval_linkage_shift_1.0,linkage_shift_1.0,500.0,4,51412256.77611612,51412256.77611612,34470000.0,0.4915073042099251,0.4915073042099251,0.0
provider_eval_linkage_shift_1.0,linkage_shift_1.0,500.0,5,56661929.58885369,56661929.58885369,38220000.0,0.48252039740590497,0.48252039740590497,0.0
provider_eval_linkage_shift_1.0,linkage_shift_1.0,500.0,6,60203148.49265109,60203148.49265109,40605000.0,0.48265357696468636,0.48265357696468636,0.0
provider_eval_linkage_shift_1.0,linkage_shift_1.0,500.0,7,64053771.65531957,64053771.65531957,42480000.0,0.5078571481949051,0.5078571481949051,0.0
provider_eval_linkage_shift_1.0,linkage_shift_1.0,500.0,8,68625801.70850436,68625801.70850436,44640000.0,0.5373163465166748,0.5373163465166748,0.0
provider_eval_linkage_shift_1.0,linkage_shift_1.0,500.0,9,71283399.83233565,71283399.83233565,46350000.0,0.5379374289608555,0.5379374289608555,0.0
provider_eval_linkage_shift_1.0,linkage_shift_1.0,500.0,10,73027810.45392703,73027810.45392703,47370000.0,0.5416468324662661,0.5416468324662661,0.0
provider_eval_linkage_shift_1.0,linkage_shift_1.0,500.0,11,74531803.41630976,74531803.41630976,48075000.0,0.550323524000203,0.550323524000203,0.0
provider_eval_linkage_shift_1.0,linkage_shift_1.0,500.0,12,75676822.84301151,75676822.84301151,48390000.0,0.5638938384585971,0.5638938384585971,0.0
provider_eval_linkage_shift_1.0,linkage_shift_1.0,500.0,13,76275932.77107432,76275932.77107432,48750000.0,0.5646345183810118,0.5646345183810118,0.0
provider_eval_linkage_shift_1.0,linkage_shift_1.0,1000.0,1,13787591.819591343,13787591.819591343,11880000.0,0.1605717019858033,0.1605717019858033,0.0
provider_eval_linkage_shift_1.0,linkage_shift_1.0,1000.0,2,31494113.194530755,31494113.194530755,23145000.0,0.3607307493856451,0.3607307493856451,0.0
provider_eval_linkage_shift_1.0,linkage_shift_1.0,1000.0,3,44588409.57917005,44588409.57917005,29445000.0,0.514294772598745,0.514294772598745,0.0
provider_eval_linkage_shift_1.0,linkage_shift_1.0,1000.0,4,54647054.68791762,54647054.68791762,34470000.0,0.5853511658809869,0.5853511658809869,0.0
provider_eval_linkage_shift_1.0,linkage_shift_1.0,1000.0,5,61650199.55648759,61650199.55648759,38220000.0,0.6130350485737203,0.6130350485737203,0.0
provider_eval_linkage_shift_1.0,linkage_shift_1.0,1000.0,6,66453991.81898829,66453991.81898829,40605000.0,0.6365962767882846,0.6365962767882846,0.0
provider_eval_linkage_shift_1.0,linkage_shift_1.0,1000.0,7,71322380.45629832,71322380.45629832,42480000.0,0.6789637583874369,0.6789637583874369,0.0
provider_eval_linkage_shift_1.0,linkage_shift_1.0,1000.0,8,76946600.97047743,76946600.97047743,44640000.0,0.723714179446179,0.723714179446179,0.0
provider_eval_linkage_shift_1.0,linkage_shift_1.0,1000.0,9,80800890.59974127,80800890.59974127,46350000.0,0.7432770355931233,0.7432770355931233,0.0
provider_eval_linkage_shift_1.0,linkage_shift_1.0,1000.0,10,83282418.74864528,83282418.74864528,47370000.0,0.7581257916116799,0.7581257916116799,0.0
provider_eval_linkage_shift_1.0,linkage_shift_1.0,1000.0,11,85272987.1961703,85272987.1961703,48075000.0,0.773749083643688,0.773749083643688,0.0
provider_eval_linkage_shift_1.0,linkage_shift_1.0,1000.0,12,86840253.22283751,86840253.22283751,48390000.0,0.7945908911518393,0.7945908911518393,0.0
provider_eval_linkage_shift_1.0,linkage_shift_1.0,1000.0,13,87684601.17999934,87684601.17999934,48750000.0,0.7986584857435761,0.7986584857435761,0.0
provider_eval_staggered_retargeting,staggered_retargeting,existing_vid,1,12552343.75000002,12552343.75000002,10470000.0,0.19888670009551293,0.19888670009551293,0.0
provider_eval_staggered_retargeting,staggered_retargeting,existing_vid,2,21124968.749999996,21124968.749999996,14760000.0,0.431230945121951,0.431230945121951,0.0
provider_eval_staggered_retargeting,staggered_retargeting,existing_vid,3,29483170.874999993,29483170.874999993,15765000.0,0.870166246431969,0.870166246431969,0.0
provider_eval_staggered_retargeting,staggered_retargeting,existing_vid,4,36677890.75007811,36677890.75007811,15990000.0,1.2938017980036343,1.2938017980036343,0.0
provider_eval_staggered_retargeting,staggered_retargeting,existing_vid,5,47199201.15797406,47199201.15797406,16185000.0,1.9162311497049154,1.9162311497049154,0.0
provider_eval_staggered_retargeting,staggered_retargeting,existing_vid,6,53835732.550102025,53835732.550102025,16200000.0,2.3231933672902483,2.3231933672902483,0.0
provider_eval_staggered_retargeting,staggered_retargeting,existing_vid,7,60542784.32780331,60542784.32780331,16200000.0,2.7372089091236607,2.7372089091236607,0.0
provider_eval_staggered_retargeting,staggered_retargeting,existing_vid,8,66496456.55258487,66496456.55258487,16200000.0,3.1047195402830168,3.1047195402830168,0.0
provider_eval_staggered_retargeting,staggered_retargeting,existing_vid,9,78448333.31098105,78448333.31098105,22740000.0,2.4497947806060267,2.4497947806060267,0.0
provider_eval_staggered_retargeting,staggered_retargeting,existing_vid,10,87406138.17662084,87406138.17662084,29070000.0,2.0067470992989627,2.0067470992989627,0.0
provider_eval_staggered_retargeting,staggered_retargeting,existing_vid,11,95497824.95170136,95497824.95170136,34875000.0,1.7382888875039817,1.7382888875039817,0.0
provider_eval_staggered_retargeting,staggered_retargeting,existing_vid,12,102718876.85544048,102718876.85544048,40950000.0,1.5083974812073377,1.5083974812073377,0.0
provider_eval_staggered_retargeting,staggered_retargeting,existing_vid,13,111241472.02807517,111241472.02807517,46095000.0,1.4133088627416244,1.4133088627416244,0.0
provider_eval_staggered_retargeting,staggered_retargeting,5.0,1,10616626.36200744,10616626.36200744,10470000.0,0.014004428080939746,0.014004428080939746,0.0
provider_eval_staggered_retargeting,staggered_retargeting,5.0,2,14581125.923291028,14581125.923291028,14760000.0,0.012118839885431738,0.012118839885431738,0.0
provider_eval_staggered_retargeting,staggered_retargeting,5.0,3,15758335.904529184,15758335.904529184,15765000.0,0.0004227145874288549,0.0004227145874288549,0.0
provider_eval_staggered_retargeting,staggered_retargeting,5.0,4,17114232.446086973,17114232.446086973,15990000.0,0.07030847067460744,0.07030847067460744,0.0
provider_eval_staggered_retargeting,staggered_retargeting,5.0,5,18699822.37594706,18699822.37594706,16185000.0,0.155379819335623,0.155379819335623,0.0
provider_eval_staggered_retargeting,staggered_retargeting,5.0,6,18596986.445149124,18699822.37594706,16200000.0,0.14796212624377306,0.15431002320660853,0.005499299871971451
provider_eval_staggered_retargeting,staggered_retargeting,5.0,7,18420173.485031545,18699822.37594706,16200000.0,0.13704774598960157,0.15431002320660853,0.009507613539380665
provider_eval_staggered_retargeting,staggered_retargeting,5.0,8,19842010.74407214,19842010.74407214,16200000.0,0.2248154780291444,0.2248154780291444,0.0
provider_eval_staggered_retargeting,staggered_retargeting,5.0,9,22133061.853967547,22133061.853967547,22740000.0,0.02669033183959774,0.02669033183959774,0.0
provider_eval_staggered_retargeting,staggered_retargeting,5.0,10,25206115.175703138,25206115.175703138,29070000.0,0.13291657462321507,0.13291657462321507,0.0
provider_eval_staggered_retargeting,staggered_retargeting,5.0,11,26161829.91790971,26161829.91790971,34875000.0,0.2498400023538434,0.2498400023538434,0.0
provider_eval_staggered_retargeting,staggered_retargeting,5.0,12,28069919.985175937,28069919.985175937,40950000.0,0.3145318684938721,0.3145318684938721,0.0
provider_eval_staggered_retargeting,staggered_retargeting,5.0,13,17641390.11594993,28069919.985175937,46095000.0,0.6172819152630452,0.3910419788442144,0.37151975761717315
provider_eval_staggered_retargeting,staggered_retargeting,20.0,1,10885522.714574695,10885522.714574695,10470000.0,0.03968698324495651,0.03968698324495651,0.0
provider_eval_staggered_retargeting,staggered_retargeting,20.0,2,14923117.162467599,14923117.162467599,14760000.0,0.011051298270162529,0.011051298270162529,0.0
provider_eval_staggered_retargeting,staggered_retargeting,20.0,3,16511095.03998229,16511095.03998229,15765000.0,0.047326041229450624,0.047326041229450624,0.0
provider_eval_staggered_retargeting,staggered_retargeting,20.0,4,18301268.028678596,18301268.028678596,15990000.0,0.14454459216251384,0.14454459216251384,0.0
provider_eval_staggered_retargeting,staggered_retargeting,20.0,5,20397485.246591896,20397485.246591896,16185000.0,0.2602709451091687,0.2602709451091687,0.0
provider_eval_staggered_retargeting,staggered_retargeting,20.0,6,20443464.974494845,20443464.974494845,16200000.0,0.26194228237622497,0.26194228237622497,0.0
provider_eval_staggered_retargeting,staggered_retargeting,20.0,7,20944065.977439612,20944065.977439612,16200000.0,0.29284357885429707,0.29284357885429707,0.0
provider_eval_staggered_retargeting,staggered_retargeting,20.0,8,23197520.023281127,23197520.023281127,16200000.0,0.4319456804494523,0.4319456804494523,0.0
provider_eval_staggered_retargeting,staggered_retargeting,20.0,9,26745753.293622464,26745753.293622464,22740000.0,0.17615449840028424,0.17615449840028424,0.0
provider_eval_staggered_retargeting,staggered_retargeting,20.0,10,28708062.22330898,28708062.22330898,29070000.0,0.012450559913691763,0.012450559913691763,0.0
provider_eval_staggered_retargeting,staggered_retargeting,20.0,11,32215503.6413233,32215503.6413233,34875000.0,0.07625796010542514,0.07625796010542514,0.0
provider_eval_staggered_retargeting,staggered_retargeting,20.0,12,34215340.5981783,34215340.5981783,40950000.0,0.16446054705303303,0.16446054705303303,0.0
provider_eval_staggered_retargeting,staggered_retargeting,20.0,13,39842872.84708497,39842872.84708497,46095000.0,0.13563569048519428,0.13563569048519428,0.0
provider_eval_staggered_retargeting,staggered_retargeting,50.0,1,11247937.604101956,11247937.604101956,10470000.0,0.07430158587411231,0.07430158587411231,0.0
provider_eval_staggered_retargeting,staggered_retargeting,50.0,2,15510060.199488401,15510060.199488401,14760000.0,0.050817086686206055,0.050817086686206055,0.0
provider_eval_staggered_retargeting,staggered_retargeting,50.0,3,17716846.690041482,17716846.690041482,15765000.0,0.1238088607701543,0.1238088607701543,0.0
provider_eval_staggered_retargeting,staggered_retargeting,50.0,4,20156523.036349624,20156523.036349624,15990000.0,0.2605705463633286,0.2605705463633286,0.0
provider_eval_staggered_retargeting,staggered_retargeting,50.0,5,23019653.27130595,23019653.27130595,16185000.0,0.42228318018572436,0.42228318018572436,0.0
provider_eval_staggered_retargeting,staggered_retargeting,50.0,6,23442426.726260692,23442426.726260692,16200000.0,0.44706337816424024,0.44706337816424024,0.0
provider_eval_staggered_retargeting,staggered_retargeting,50.0,7,24935958.53082964,24935958.53082964,16200000.0,0.5392566994339283,0.5392566994339283,0.0
provider_eval_staggered_retargeting,staggered_retargeting,50.0,8,28140052.18551451,28140052.18551451,16200000.0,0.7370402583650932,0.7370402583650932,0.0
provider_eval_staggered_retargeting,staggered_retargeting,50.0,9,33596247.956359625,33596247.956359625,22740000.0,0.4774075618451902,0.4774075618451902,0.0
provider_eval_staggered_retargeting,staggered_retargeting,50.0,10,37005747.353155166,37005747.353155166,29070000.0,0.27298752504833734,0.27298752504833734,0.0
provider_eval_staggered_retargeting,staggered_retargeting,50.0,11,41345357.03080264,41345357.03080264,34875000.0,0.1855299507040183,0.1855299507040183,0.0
provider_eval_staggered_retargeting,staggered_retargeting,50.0,12,46346664.581960544,46346664.581960544,40950000.0,0.13178668087815737,0.13178668087815737,0.0
provider_eval_staggered_retargeting,staggered_retargeting,50.0,13,52066866.49495199,52066866.49495199,46095000.0,0.1295556241447444,0.1295556241447444,0.0
provider_eval_staggered_retargeting,staggered_retargeting,100.0,1,11594910.374109626,11594910.374109626,10470000.0,0.10744129647656407,0.10744129647656407,0.0
provider_eval_staggered_retargeting,staggered_retargeting,100.0,2,16275054.655489266,16275054.655489266,14760000.0,0.10264597936919145,0.10264597936919145,0.0
provider_eval_staggered_retargeting,staggered_retargeting,100.0,3,19189395.606869817,19189395.606869817,15765000.0,0.21721507179637278,0.21721507179637278,0.0
provider_eval_staggered_retargeting,staggered_retargeting,100.0,4,22358406.80330649,22358406.80330649,15990000.0,0.39827434667332645,0.39827434667332645,0.0
provider_eval_staggered_retargeting,staggered_retargeting,100.0,5,26107056.53626725,26107056.53626725,16185000.0,0.6130402555617702,0.6130402555617702,0.0
provider_eval_staggered_retargeting,staggered_retargeting,100.0,6,27113213.378206432,27113213.378206432,16200000.0,0.6736551468028662,0.6736551468028662,0.0
provider_eval_staggered_retargeting,staggered_retargeting,100.0,7,29554815.04577151,29554815.04577151,16200000.0,0.8243712991216982,0.8243712991216982,0.0
provider_eval_staggered_retargeting,staggered_retargeting,100.0,8,33546366.614992768,33546366.614992768,16200000.0,1.0707633712958498,1.0707633712958498,0.0
provider_eval_staggered_retargeting,staggered_retargeting,100.0,9,40799950.1492852,40799950.1492852,22740000.0,0.7941930584558134,0.7941930584558134,0.0
provider_eval_staggered_retargeting,staggered_retargeting,100.0,10,45819730.32572095,45819730.32572095,29070000.0,0.576186113715891,0.576186113715891,0.0
provider_eval_staggered_retargeting,staggered_retargeting,100.0,11,52044332.32513957,52044332.32513957,34875000.0,0.49231060430507717,0.49231060430507717,0.0
provider_eval_staggered_retargeting,staggered_retargeting,100.0,12,58722962.37280731,58722962.37280731,40950000.0,0.43401617516012964,0.43401617516012964,0.0
provider_eval_staggered_retargeting,staggered_retargeting,100.0,13,66180466.30194937,66180466.30194937,46095000.0,0.4357406725664251,0.4357406725664251,0.0
provider_eval_staggered_retargeting,staggered_retargeting,250.0,1,12019875.657438636,12019875.657438636,10470000.0,0.14803014875249626,0.14803014875249626,0.0
provider_eval_staggered_retargeting,staggered_retargeting,250.0,2,17682245.88533473,17682245.88533473,14760000.0,0.1979841385728137,0.1979841385728137,0.0
provider_eval_staggered_retargeting,staggered_retargeting,250.0,3,21828018.117510825,21828018.117510825,15765000.0,0.38458725769177454,0.38458725769177454,0.0
provider_eval_staggered_retargeting,staggered_retargeting,250.0,4,26131913.957324594,26131913.957324594,15990000.0,0.6342660386069164,0.6342660386069164,0.0
provider_eval_staggered_retargeting,staggered_retargeting,250.0,5,31404600.290914506,31404600.290914506,16185000.0,0.9403521959168678,0.9403521959168678,0.0
provider_eval_staggered_retargeting,staggered_retargeting,250.0,6,33582603.73356235,33582603.73356235,16200000.0,1.0730002304668118,1.0730002304668118,0.0
provider_eval_staggered_retargeting,staggered_retargeting,250.0,7,37232881.035283595,37232881.035283595,16200000.0,1.2983259898323207,1.2983259898323207,0.0
provider_eval_staggered_retargeting,staggered_retargeting,250.0,8,42046230.770632416,42046230.770632416,16200000.0,1.5954463438661985,1.5954463438661985,0.0
provider_eval_staggered_retargeting,staggered_retargeting,250.0,9,51133955.79133032,51133955.79133032,22740000.0,1.2486348193197152,1.2486348193197152,0.0
provider_eval_staggered_retargeting,staggered_retargeting,250.0,10,57695063.29507145,57695063.29507145,29070000.0,0.9846942997960596,0.9846942997960596,0.0
provider_eval_staggered_retargeting,staggered_retargeting,250.0,11,65179625.552168235,65179625.552168235,34875000.0,0.8689498366213114,0.8689498366213114,0.0
provider_eval_staggered_retargeting,staggered_retargeting,250.0,12,72603737.1038475,72603737.1038475,40950000.0,0.7729850330609891,0.7729850330609891,0.0
provider_eval_staggered_retargeting,staggered_retargeting,250.0,13,81376681.08995035,81376681.08995035,46095000.0,0.7654123243291105,0.7654123243291105,0.0
provider_eval_staggered_retargeting,staggered_retargeting,500.0,1,12246300.9977054,12246300.9977054,10470000.0,0.16965625575027699,0.16965625575027699,0.0
provider_eval_staggered_retargeting,staggered_retargeting,500.0,2,18804428.025266558,18804428.025266558,14760000.0,0.2740127388391977,0.2740127388391977,0.0
provider_eval_staggered_retargeting,staggered_retargeting,500.0,3,24030752.13608685,24030752.13608685,15765000.0,0.524310316275728,0.524310316275728,0.0
provider_eval_staggered_retargeting,staggered_retargeting,500.0,4,29153977.223844856,29153977.223844856,15990000.0,0.8232631159377646,0.8232631159377646,0.0
provider_eval_staggered_retargeting,staggered_retargeting,500.0,5,35678836.72660273,35678836.72660273,16185000.0,1.2044384755392483,1.2044384755392483,0.0
provider_eval_staggered_retargeting,staggered_retargeting,500.0,6,38857546.147648096,38857546.147648096,16200000.0,1.398613959731364,1.398613959731364,0.0
provider_eval_staggered_retargeting,staggered_retargeting,500.0,7,43263869.846423,43263869.846423,16200000.0,1.6706092497791976,1.6706092497791976,0.0
provider_eval_staggered_retargeting,staggered_retargeting,500.0,8,48433156.09625682,48433156.09625682,16200000.0,1.9897009935961,1.9897009935961,0.0
provider_eval_staggered_retargeting,staggered_retargeting,500.0,9,58337541.24797872,58337541.24797872,22740000.0,1.5654151824089146,1.5654151824089146,0.0
provider_eval_staggered_retargeting,staggered_retargeting,500.0,10,65561212.541338295,65561212.541338295,29070000.0,1.2552876691206845,1.2552876691206845,0.0
provider_eval_staggered_retargeting,staggered_retargeting,500.0,11,73305237.85890713,73305237.85890713,34875000.0,1.101942304198054,1.101942304198054,0.0
provider_eval_staggered_retargeting,staggered_retargeting,500.0,12,80748891.89684439,80748891.89684439,40950000.0,0.971889912010852,0.971889912010852,0.0
provider_eval_staggered_retargeting,staggered_retargeting,500.0,13,89580958.91318147,89580958.91318147,46095000.0,0.9433986096796066,0.9433986096796066,0.0
provider_eval_staggered_retargeting,staggered_retargeting,1000.0,1,12386965.822322577,12386965.822322577,10470000.0,0.1830912915303321,0.1830912915303321,0.0
provider_eval_staggered_retargeting,staggered_retargeting,1000.0,2,19720234.545368582,19720234.545368582,14760000.0,0.33605925104123185,0.33605925104123185,0.0
provider_eval_staggered_retargeting,staggered_retargeting,1000.0,3,25988203.709551185,25988203.709551185,15765000.0,0.6484747040628726,0.6484747040628726,0.0
provider_eval_staggered_retargeting,staggered_retargeting,1000.0,4,31796050.78061086,31796050.78061086,15990000.0,0.9884959837780399,0.9884959837780399,0.0
provider_eval_staggered_retargeting,staggered_retargeting,1000.0,5,39482527.81571549,39482527.81571549,16185000.0,1.439451826735588,1.439451826735588,0.0
provider_eval_staggered_retargeting,staggered_retargeting,1000.0,6,43579208.60794467,43579208.60794467,16200000.0,1.6900746054286833,1.6900746054286833,0.0
provider_eval_staggered_retargeting,staggered_retargeting,1000.0,7,48592931.4427906,48592931.4427906,16200000.0,1.9995636693080616,1.9995636693080616,0.0
provider_eval_staggered_retargeting,staggered_retargeting,1000.0,8,53967499.479473844,53967499.479473844,16200000.0,2.331327128362583,2.331327128362583,0.0
provider_eval_staggered_retargeting,staggered_retargeting,1000.0,9,64397427.35927072,64397427.35927072,22740000.0,1.8319009392819139,1.8319009392819139,0.0
provider_eval_staggered_retargeting,staggered_retargeting,1000.0,10,72066367.65362696,72066367.65362696,29070000.0,1.4790632147790492,1.4790632147790492,0.0
provider_eval_staggered_retargeting,staggered_retargeting,1000.0,11,79921996.28505477,79921996.28505477,34875000.0,1.2916701443743304,1.2916701443743304,0.0
provider_eval_staggered_retargeting,staggered_retargeting,1000.0,12,87329077.94035782,87329077.94035782,40950000.0,1.132578215881754,1.132578215881754,0.0
provider_eval_staggered_retargeting,staggered_retargeting,1000.0,13,96111531.69359712,96111531.69359712,46095000.0,1.0850749906410049,1.0850749906410049,0.0
provider_eval_synchronized_retargeting,synchronized_retargeting,existing_vid,1,0.0,0.0,0.0,0.0,0.0,0.0
provider_eval_synchronized_retargeting,synchronized_retargeting,existing_vid,2,0.0,0.0,0.0,0.0,0.0,0.0
provider_eval_synchronized_retargeting,synchronized_retargeting,existing_vid,3,0.0,0.0,0.0,0.0,0.0,0.0
provider_eval_synchronized_retargeting,synchronized_retargeting,existing_vid,4,0.0,0.0,0.0,0.0,0.0,0.0
provider_eval_synchronized_retargeting,synchronized_retargeting,existing_vid,5,40690601.77006294,40690601.77006294,15285000.0,1.6621263833865187,1.6621263833865187,0.0
provider_eval_synchronized_retargeting,synchronized_retargeting,existing_vid,6,71962840.26788242,71962840.26788242,16185000.0,3.446267548216399,3.446267548216399,0.0
provider_eval_synchronized_retargeting,synchronized_retargeting,existing_vid,7,96332900.21429855,96332900.21429855,16200000.0,4.946475321870281,4.946475321870281,0.0
provider_eval_synchronized_retargeting,synchronized_retargeting,existing_vid,8,96332900.21429855,96332900.21429855,16200000.0,4.946475321870281,4.946475321870281,0.0
provider_eval_synchronized_retargeting,synchronized_retargeting,existing_vid,9,99295640.1528023,99295640.1528023,22170000.0,3.4788290551557197,3.4788290551557197,0.0
provider_eval_synchronized_retargeting,synchronized_retargeting,existing_vid,10,102508593.29023732,102508593.29023732,28560000.0,2.589236459742203,2.589236459742203,0.0
provider_eval_synchronized_retargeting,synchronized_retargeting,existing_vid,11,105402349.75748953,105402349.75748953,34335000.0,2.0698223316583526,2.0698223316583526,0.0
provider_eval_synchronized_retargeting,synchronized_retargeting,existing_vid,12,108323108.08408645,108323108.08408645,40170000.0,1.6966170795142257,1.6966170795142257,0.0
provider_eval_synchronized_retargeting,synchronized_retargeting,existing_vid,13,111241472.02807517,111241472.02807517,45810000.0,1.4283228995432258,1.4283228995432258,0.0
provider_eval_synchronized_retargeting,synchronized_retargeting,5.0,1,0.0,0.0,0.0,0.0,0.0,0.0
provider_eval_synchronized_retargeting,synchronized_retargeting,5.0,2,0.0,0.0,0.0,0.0,0.0,0.0
provider_eval_synchronized_retargeting,synchronized_retargeting,5.0,3,0.0,0.0,0.0,0.0,0.0,0.0
provider_eval_synchronized_retargeting,synchronized_retargeting,5.0,4,0.0,0.0,0.0,0.0,0.0,0.0
provider_eval_synchronized_retargeting,synchronized_retargeting,5.0,5,28305512.71954426,28305512.71954426,15285000.0,0.8518490493650155,0.8518490493650155,0.0
provider_eval_synchronized_retargeting,synchronized_retargeting,5.0,6,32713377.916273862,32713377.916273862,16185000.0,1.0212158119415422,1.0212158119415422,0.0
provider_eval_synchronized_retargeting,synchronized_retargeting,5.0,7,26309695.689030766,32713377.916273862,16200000.0,0.6240552894463436,1.0193443158193742,0.19575117689260293
provider_eval_synchronized_retargeting,synchronized_retargeting,5.0,8,14247775.87104392,32713377.916273862,16200000.0,0.12050766228123948,1.0193443158193742,0.4584591156261755
provider_eval_synchronized_retargeting,synchronized_retargeting,5.0,9,14827139.177221447,32713377.916273862,22170000.0,0.3312070736481079,0.47556959478005695,0.0
provider_eval_synchronized_retargeting,synchronized_retargeting,5.0,10,24727021.422968447,32713377.916273862,28560000.0,0.13420793336945214,0.14542639762863663,0.0
provider_eval_synchronized_retargeting,synchronized_retargeting,5.0,11,29035435.26856965,32713377.916273862,34335000.0,0.1543487616551726,0.04722941848627167,0.0
provider_eval_synchronized_retargeting,synchronized_retargeting,5.0,12,29504232.830047905,32713377.916273862,40170000.0,0.2655157373650011,0.18562663887792227,0.0
provider_eval_synchronized_retargeting,synchronized_retargeting,5.0,13,29038623.55371797,32713377.916273862,45810000.0,0.3661073225558181,0.28589002583990697,0.015781100935989955
provider_eval_synchronized_retargeting,synchronized_retargeting,20.0,1,0.0,0.0,0.0,0.0,0.0,0.0
provider_eval_synchronized_retargeting,synchronized_retargeting,20.0,2,0.0,0.0,0.0,0.0,0.0,0.0
provider_eval_synchronized_retargeting,synchronized_retargeting,20.0,3,0.0,0.0,0.0,0.0,0.0,0.0
provider_eval_synchronized_retargeting,synchronized_retargeting,20.0,4,0.0,0.0,0.0,0.0,0.0,0.0
provider_eval_synchronized_retargeting,synchronized_retargeting,20.0,5,32900072.820931613,32900072.820931613,15285000.0,1.152441793976553,1.152441793976553,0.0
provider_eval_synchronized_retargeting,synchronized_retargeting,20.0,6,41661637.91618085,41661637.91618085,16185000.0,1.574089460375709,1.574089460375709,0.0
provider_eval_synchronized_retargeting,synchronized_retargeting,20.0,7,26830414.35790789,41661637.91618085,16200000.0,0.6561984171548081,1.5717060442086943,0.3559923301170235
provider_eval_synchronized_retargeting,synchronized_retargeting,20.0,8,27747535.43809858,41661637.91618085,16200000.0,0.712810829512258,1.5717060442086943,0.0
provider_eval_synchronized_retargeting,synchronized_retargeting,20.0,9,29376507.73710677,41661637.91618085,22170000.0,0.3250567314888034,0.8791898022634573,0.0
provider_eval_synchronized_retargeting,synchronized_retargeting,20.0,10,33360200.255904436,41661637.91618085,28560000.0,0.1680742386521161,0.458740823395688,0.0
provider_eval_synchronized_retargeting,synchronized_retargeting,20.0,11,33396124.97803554,41661637.91618085,34335000.0,0.027344547020954145,0.2133868622740891,0.0
provider_eval_synchronized_retargeting,synchronized_retargeting,20.0,12,37761129.1903702,41661637.91618085,40170000.0,0.05996691086954936,0.037133132093125444,0.0
provider_eval_synchronized_retargeting,synchronized_retargeting,20.0,13,40166377.43296158,41661637.91618085,45810000.0,0.12319630139791349,0.09055581933680748,0.0
provider_eval_synchronized_retargeting,synchronized_retargeting,50.0,1,0.0,0.0,0.0,0.0,0.0,0.0
provider_eval_synchronized_retargeting,synchronized_retargeting,50.0,2,0.0,0.0,0.0,0.0,0.0,0.0
provider_eval_synchronized_retargeting,synchronized_retargeting,50.0,3,0.0,0.0,0.0,0.0,0.0,0.0
provider_eval_synchronized_retargeting,synchronized_retargeting,50.0,4,0.0,0.0,0.0,0.0,0.0,0.0
provider_eval_synchronized_retargeting,synchronized_retargeting,50.0,5,35569053.43325138,35569053.43325138,15285000.0,1.3270561618090533,1.3270561618090533,0.0
provider_eval_synchronized_retargeting,synchronized_retargeting,50.0,6,49227307.157441095,49227307.157441095,16185000.0,2.0415389037652822,2.0415389037652822,0.0
provider_eval_synchronized_retargeting,synchronized_retargeting,50.0,7,38132592.46127719,49227307.157441095,16200000.0,1.3538637321776041,2.038722664039574,0.225377241551732
provider_eval_synchronized_retargeting,synchronized_retargeting,50.0,8,38089543.09554502,49227307.157441095,16200000.0,1.3512063639225322,2.038722664039574,0.0011289388670827686
provider_eval_synchronized_retargeting,synchronized_retargeting,50.0,9,40733613.60321832,49227307.157441095,22170000.0,0.8373303384401587,1.2204468722346005,0.0
provider_eval_synchronized_retargeting,synchronized_retargeting,50.0,10,43652517.19014016,49227307.157441095,28560000.0,0.5284494814474845,0.7236452085938758,0.0
provider_eval_synchronized_retargeting,synchronized_retargeting,50.0,11,47112783.01738419,49227307.157441095,34335000.0,0.372150371847508,0.4337354640291567,0.0
provider_eval_synchronized_retargeting,synchronized_retargeting,50.0,12,50469525.16450098,50469525.16450098,40170000.0,0.2563984357605422,0.2563984357605422,0.0
provider_eval_synchronized_retargeting,synchronized_retargeting,50.0,13,54372854.65997787,54372854.65997787,45810000.0,0.1869210796764433,0.1869210796764433,0.0
provider_eval_synchronized_retargeting,synchronized_retargeting,100.0,1,0.0,0.0,0.0,0.0,0.0,0.0
provider_eval_synchronized_retargeting,synchronized_retargeting,100.0,2,0.0,0.0,0.0,0.0,0.0,0.0
provider_eval_synchronized_retargeting,synchronized_retargeting,100.0,3,0.0,0.0,0.0,0.0,0.0,0.0
provider_eval_synchronized_retargeting,synchronized_retargeting,100.0,4,0.0,0.0,0.0,0.0,0.0,0.0
provider_eval_synchronized_retargeting,synchronized_retargeting,100.0,5,37150952.19578847,37150952.19578847,15285000.0,1.430549702047005,1.430549702047005,0.0
provider_eval_synchronized_retargeting,synchronized_retargeting,100.0,6,54518723.879430786,54518723.879430786,16185000.0,2.368472281707185,2.368472281707185,0.0
provider_eval_synchronized_retargeting,synchronized_retargeting,100.0,7,50122092.403732434,54518723.879430786,16200000.0,2.0939563212180516,2.3653533258907893,0.08064443117600455
provider_eval_synchronized_retargeting,synchronized_retargeting,100.0,8,50119947.609668046,54518723.879430786,16200000.0,2.093823926522719,2.3653533258907893,4.279139121151221e-05
provider_eval_synchronized_retargeting,synchronized_retargeting,100.0,9,53395339.8415958,54518723.879430786,22170000.0,1.408450150726017,1.459121510123175,0.0
provider_eval_synchronized_retargeting,synchronized_retargeting,100.0,10,56823351.06613217,56823351.06613217,28560000.0,0.9896131325676532,0.9896131325676532,0.0
provider_eval_synchronized_retargeting,synchronized_retargeting,100.0,11,60482800.13751821,60482800.13751821,34335000.0,0.7615494433527948,0.7615494433527948,0.0
provider_eval_synchronized_retargeting,synchronized_retargeting,100.0,12,63898903.329031706,63898903.329031706,40170000.0,0.5907120569836123,0.5907120569836123,0.0
provider_eval_synchronized_retargeting,synchronized_retargeting,100.0,13,67562129.14218237,67562129.14218237,45810000.0,0.4748336420472029,0.4748336420472029,0.0
provider_eval_synchronized_retargeting,synchronized_retargeting,250.0,1,0.0,0.0,0.0,0.0,0.0,0.0
provider_eval_synchronized_retargeting,synchronized_retargeting,250.0,2,0.0,0.0,0.0,0.0,0.0,0.0
provider_eval_synchronized_retargeting,synchronized_retargeting,250.0,3,0.0,0.0,0.0,0.0,0.0,0.0
provider_eval_synchronized_retargeting,synchronized_retargeting,250.0,4,0.0,0.0,0.0,0.0,0.0,0.0
provider_eval_synchronized_retargeting,synchronized_retargeting,250.0,5,38840424.61303091,38840424.61303091,15285000.0,1.5410810999693105,1.5410810999693105,0.0
provider_eval_synchronized_retargeting,synchronized_retargeting,250.0,6,60287586.81280023,60287586.81280023,16185000.0,2.7249049621748673,2.7249049621748673,0.0
provider_eval_synchronized_retargeting,synchronized_retargeting,250.0,7,65840475.0302486,65840475.0302486,16200000.0,3.0642268537190493,3.0642268537190493,0.0
provider_eval_synchronized_retargeting,synchronized_retargeting,250.0,8,65838770.741300195,65840475.0302486,16200000.0,3.064121650697543,3.0642268537190493,2.588512533694236e-05
provider_eval_synchronized_retargeting,synchronized_retargeting,250.0,9,68915845.53706792,68915845.53706792,22170000.0,2.108518066624624,2.108518066624624,0.0
provider_eval_synchronized_retargeting,synchronized_retargeting,250.0,10,72166716.26185514,72166716.26185514,28560000.0,1.526845807487925,1.526845807487925,0.0
provider_eval_synchronized_retargeting,synchronized_retargeting,250.0,11,75355767.73617436,75355767.73617436,34335000.0,1.1947216466047579,1.1947216466047579,0.0
provider_eval_synchronized_retargeting,synchronized_retargeting,250.0,12,78455517.59796037,78455517.59796037,40170000.0,0.9530873188439225,0.9530873188439225,0.0
provider_eval_synchronized_retargeting,synchronized_retargeting,250.0,13,81652991.96959239,81652991.96959239,45810000.0,0.7824272422962758,0.7824272422962758,0.0
provider_eval_synchronized_retargeting,synchronized_retargeting,500.0,1,0.0,0.0,0.0,0.0,0.0,0.0
provider_eval_synchronized_retargeting,synchronized_retargeting,500.0,2,0.0,0.0,0.0,0.0,0.0,0.0
provider_eval_synchronized_retargeting,synchronized_retargeting,500.0,3,0.0,0.0,0.0,0.0,0.0,0.0
provider_eval_synchronized_retargeting,synchronized_retargeting,500.0,4,0.0,0.0,0.0,0.0,0.0,0.0
provider_eval_synchronized_retargeting,synchronized_retargeting,500.0,5,39671321.52028793,39671321.52028793,15285000.0,1.595441381765648,1.595441381765648,0.0
provider_eval_synchronized_retargeting,synchronized_retargeting,500.0,6,63797204.925884604,63797204.925884604,16185000.0,2.9417488369406612,2.9417488369406612,0.0
provider_eval_synchronized_retargeting,synchronized_retargeting,500.0,7,74408827.84791546,74408827.84791546,16200000.0,3.5931375214762626,3.5931375214762626,0.0
provider_eval_synchronized_retargeting,synchronized_retargeting,500.0,8,74407589.71520591,74408827.84791546,16200000.0,3.593061093531229,3.5931375214762626,1.663959432445976e-05
provider_eval_synchronized_retargeting,synchronized_retargeting,500.0,9,77396387.65955468,77396387.65955468,22170000.0,2.4910413919510455,2.4910413919510455,0.0
provider_eval_synchronized_retargeting,synchronized_retargeting,500.0,10,80598356.63571146,80598356.63571146,28560000.0,1.8220713107742108,1.8220713107742108,0.0
provider_eval_synchronized_retargeting,synchronized_retargeting,500.0,11,83641423.28683627,83641423.28683627,34335000.0,1.4360397054561314,1.4360397054561314,0.0
provider_eval_synchronized_retargeting,synchronized_retargeting,500.0,12,86661625.33077568,86661625.33077568,40170000.0,1.1573718031061906,1.1573718031061906,0.0
provider_eval_synchronized_retargeting,synchronized_retargeting,500.0,13,89742094.94422305,89742094.94422305,45810000.0,0.9590066567173772,0.9590066567173772,0.0
provider_eval_synchronized_retargeting,synchronized_retargeting,1000.0,1,0.0,0.0,0.0,0.0,0.0,0.0
provider_eval_synchronized_retargeting,synchronized_retargeting,1000.0,2,0.0,0.0,0.0,0.0,0.0,0.0
provider_eval_synchronized_retargeting,synchronized_retargeting,1000.0,3,0.0,0.0,0.0,0.0,0.0,0.0
provider_eval_synchronized_retargeting,synchronized_retargeting,1000.0,4,0.0,0.0,0.0,0.0,0.0,0.0
provider_eval_synchronized_retargeting,synchronized_retargeting,1000.0,5,40155106.49226686,40155106.49226686,15285000.0,1.6270923449307728,1.6270923449307728,0.0
provider_eval_synchronized_retargeting,synchronized_retargeting,1000.0,6,66744027.70195109,66744027.70195109,16185000.0,3.123820061906153,3.123820061906153,0.0
provider_eval_synchronized_retargeting,synchronized_retargeting,1000.0,7,80909270.53263271,80909270.53263271,16200000.0,3.9943994155946116,3.9943994155946116,0.0
provider_eval_synchronized_retargeting,synchronized_retargeting,1000.0,8,80908389.80423248,80909270.53263271,16200000.0,3.99434504964398,3.9943994155946116,1.0885383027587527e-05
provider_eval_synchronized_retargeting,synchronized_retargeting,1000.0,9,83902240.94526954,83902240.94526954,22170000.0,2.78449440438744,2.78449440438744,0.0
provider_eval_synchronized_retargeting,synchronized_retargeting,1000.0,10,87136550.18913333,87136550.18913333,28560000.0,2.0509996564822597,2.0509996564822597,0.0
provider_eval_synchronized_retargeting,synchronized_retargeting,1000.0,11,90156899.62407,90156899.62407,34335000.0,1.625801649164701,1.625801649164701,0.0
provider_eval_synchronized_retargeting,synchronized_retargeting,1000.0,12,93185597.0645031,93185597.0645031,40170000.0,1.3197808579662211,1.3197808579662211,0.0
provider_eval_synchronized_retargeting,synchronized_retargeting,1000.0,13,96258147.13452837,96258147.13452837,45810000.0,1.1012474816530968,1.1012474816530968,0.0
provider_eval_shared_seed_then_expansion,shared_seed_then_expansion,existing_vid,1,39291749.70735892,39291749.70735892,15555000.0,1.5259884093448357,1.5259884093448357,0.0
provider_eval_shared_seed_then_expansion,shared_seed_then_expansion,existing_vid,2,70476252.5350792,70476252.5350792,16200000.0,3.350385958955506,3.350385958955506,0.0
provider_eval_shared_seed_then_expansion,shared_seed_then_expansion,existing_vid,3,96332900.21429855,96332900.21429855,16200000.0,4.946475321870281,4.946475321870281,0.0
provider_eval_shared_seed_then_expansion,shared_seed_then_expansion,existing_vid,4,96332900.21429855,96332900.21429855,16200000.0,4.946475321870281,4.946475321870281,0.0
provider_eval_shared_seed_then_expansion,shared_seed_then_expansion,existing_vid,5,96332900.21429855,96332900.21429855,16200000.0,4.946475321870281,4.946475321870281,0.0
provider_eval_shared_seed_then_expansion,shared_seed_then_expansion,existing_vid,6,96332900.21429855,96332900.21429855,16200000.0,4.946475321870281,4.946475321870281,0.0
provider_eval_shared_seed_then_expansion,shared_seed_then_expansion,existing_vid,7,96332900.21429855,96332900.21429855,16200000.0,4.946475321870281,4.946475321870281,0.0
provider_eval_shared_seed_then_expansion,shared_seed_then_expansion,existing_vid,8,96332900.21429855,96332900.21429855,16200000.0,4.946475321870281,4.946475321870281,0.0
provider_eval_shared_seed_then_expansion,shared_seed_then_expansion,existing_vid,9,112138711.1355464,112138711.1355464,47385000.0,1.3665445000642904,1.3665445000642904,0.0
provider_eval_shared_seed_then_expansion,shared_seed_then_expansion,existing_vid,10,125996242.57652496,125996242.57652496,75300000.0,0.6732568735262279,0.6732568735262279,0.0
provider_eval_shared_seed_then_expansion,shared_seed_then_expansion,existing_vid,11,137129562.85373873,137129562.85373873,97485000.0,0.406673466212635,0.406673466212635,0.0
provider_eval_shared_seed_then_expansion,shared_seed_then_expansion,existing_vid,12,145874662.67243743,145874662.67243743,114795000.0,0.270740560759941,0.270740560759941,0.0
provider_eval_shared_seed_then_expansion,shared_seed_then_expansion,existing_vid,13,153307624.2357486,153307624.2357486,129570000.0,0.18320308895383644,0.18320308895383644,0.0
provider_eval_shared_seed_then_expansion,shared_seed_then_expansion,5.0,1,29073151.533124268,29073151.533124268,15555000.0,0.8690550648103034,0.8690550648103034,0.0
provider_eval_shared_seed_then_expansion,shared_seed_then_expansion,5.0,2,34149425.35515788,34149425.35515788,16200000.0,1.1079892194541903,1.1079892194541903,0.0
provider_eval_shared_seed_then_expansion,shared_seed_then_expansion,5.0,3,26297089.017134517,34149425.35515788,16200000.0,0.6232770998231184,1.1079892194541903,0.2299405116296447
provider_eval_shared_seed_then_expansion,shared_seed_then_expansion,5.0,4,24988116.79428038,34149425.35515788,16200000.0,0.5424763453259493,1.1079892194541903,0.04977631638244234
provider_eval_shared_seed_then_expansion,shared_seed_then_expansion,5.0,5,20669356.724823564,34149425.35515788,16200000.0,0.2758862175817015,1.1079892194541903,0.17283255497050312
provider_eval_shared_seed_then_expansion,shared_seed_then_expansion,5.0,6,20423083.2275742,34149425.35515788,16200000.0,0.26068414985025923,1.1079892194541903,0.011914908650910957
provider_eval_shared_seed_then_expansion,shared_seed_then_expansion,5.0,7,23096381.765722126,34149425.35515788,16200000.0,0.42570257813099543,1.1079892194541903,0.0
provider_eval_shared_seed_then_expansion,shared_seed_then_expansion,5.0,8,18172362.27380976,34149425.35515788,16200000.0,0.12175075764257783,1.1079892194541903,0.21319441035652675
provider_eval_shared_seed_then_expansion,shared_seed_then_expansion,5.0,9,34063660.83952221,34149425.35515788,47385000.0,0.281129875709144,0.2793199249729264,0.0
provider_eval_shared_seed_then_expansion,shared_seed_then_expansion,5.0,10,52217523.059382856,52217523.059382856,75300000.0,0.3065401984145703,0.3065401984145703,0.0
provider_eval_shared_seed_then_expansion,shared_seed_then_expansion,5.0,11,69129476.79432845,69129476.79432845,97485000.0,0.2908706283599687,0.2908706283599687,0.0
provider_eval_shared_seed_then_expansion,shared_seed_then_expansion,5.0,12,84161401.40916923,84161401.40916923,114795000.0,0.2668548158964308,0.2668548158964308,0.0
provider_eval_shared_seed_then_expansion,shared_seed_then_expansion,5.0,13,98487092.36306095,98487092.36306095,129570000.0,0.23989278102137107,0.23989278102137107,0.0
provider_eval_shared_seed_then_expansion,shared_seed_then_expansion,20.0,1,32932209.307862014,32932209.307862014,15555000.0,1.1171462107272268,1.1171462107272268,0.0
provider_eval_shared_seed_then_expansion,shared_seed_then_expansion,20.0,2,42234034.47028375,42234034.47028375,16200000.0,1.6070391648323301,1.6070391648323301,0.0
provider_eval_shared_seed_then_expansion,shared_seed_then_expansion,20.0,3,30502240.312730968,42234034.47028375,16200000.0,0.882854340292035,1.6070391648323301,0.2777805697394924
provider_eval_shared_seed_then_expansion,shared_seed_then_expansion,20.0,4,28369938.035205215,42234034.47028375,16200000.0,0.7512307429139021,1.6070391648323301,0.06990641525553047
provider_eval_shared_seed_then_expansion,shared_seed_then_expansion,20.0,5,31466707.74222812,42234034.47028375,16200000.0,0.9423893668042049,1.6070391648323301,0.0
provider_eval_shared_seed_then_expansion,shared_seed_then_expansion,20.0,6,28029693.291565508,42234034.47028375,16200000.0,0.7302279809608339,1.6070391648323301,0.10922701157103136
provider_eval_shared_seed_then_expansion,shared_seed_then_expansion,20.0,7,30594946.233674586,42234034.47028375,16200000.0,0.8885769280046041,1.6070391648323301,0.0
provider_eval_shared_seed_then_expansion,shared_seed_then_expansion,20.0,8,29021773.544003487,42234034.47028375,16200000.0,0.7914675027162646,1.6070391648323301,0.05141936441579928
provider_eval_shared_seed_then_expansion,shared_seed_then_expansion,20.0,9,47117948.06863308,47117948.06863308,47385000.0,0.0056357904688597756,0.0056357904688597756,0.0
provider_eval_shared_seed_then_expansion,shared_seed_then_expansion,20.0,10,62550422.30961013,62550422.30961013,75300000.0,0.16931710080199033,0.16931710080199033,0.0
provider_eval_shared_seed_then_expansion,shared_seed_then_expansion,20.0,11,80697018.34181188,80697018.34181188,97485000.0,0.1722109212513527,0.1722109212513527,0.0
provider_eval_shared_seed_then_expansion,shared_seed_then_expansion,20.0,12,94898945.81887755,94898945.81887755,114795000.0,0.17331812518944598,0.17331812518944598,0.0
provider_eval_shared_seed_then_expansion,shared_seed_then_expansion,20.0,13,108083530.41867833,108083530.41867833,129570000.0,0.16582904670310775,0.16582904670310775,0.0
provider_eval_shared_seed_then_expansion,shared_seed_then_expansion,50.0,1,35111880.323283404,35111880.323283404,15555000.0,1.2572729233869113,1.2572729233869113,0.0
provider_eval_shared_seed_then_expansion,shared_seed_then_expansion,50.0,2,49110395.61947006,49110395.61947006,16200000.0,2.0315059024364235,2.0315059024364235,0.0
provider_eval_shared_seed_then_expansion,shared_seed_then_expansion,50.0,3,40343357.312143594,49110395.61947006,16200000.0,1.4903306982804687,2.0315059024364235,0.17851695545801569
provider_eval_shared_seed_then_expansion,shared_seed_then_expansion,50.0,4,40760478.72665709,49110395.61947006,16200000.0,1.516078933744265,2.0315059024364235,0.0
provider_eval_shared_seed_then_expansion,shared_seed_then_expansion,50.0,5,39431152.86126509,49110395.61947006,16200000.0,1.4340217815595737,2.0315059024364235,0.03261310727743315
provider_eval_shared_seed_then_expansion,shared_seed_then_expansion,50.0,6,40192036.14609015,49110395.61947006,16200000.0,1.4809898855611203,2.0315059024364235,0.0
provider_eval_shared_seed_then_expansion,shared_seed_then_expansion,50.0,7,40619414.93045357,49110395.61947006,16200000.0,1.5073712920033067,2.0315059024364235,0.0
provider_eval_shared_seed_then_expansion,shared_seed_then_expansion,50.0,8,40131559.09655064,49110395.61947006,16200000.0,1.477256734354978,2.0315059024364235,0.012010410163174591
provider_eval_shared_seed_then_expansion,shared_seed_then_expansion,50.0,9,58116796.85847086,58116796.85847086,47385000.0,0.22648088759039478,0.22648088759039478,0.0
provider_eval_shared_seed_then_expansion,shared_seed_then_expansion,50.0,10,76713157.93764363,76713157.93764363,75300000.0,0.01876703768451039,0.01876703768451039,0.0
provider_eval_shared_seed_then_expansion,shared_seed_then_expansion,50.0,11,93090629.65312606,93090629.65312606,97485000.0,0.045077400080770776,0.045077400080770776,0.0
provider_eval_shared_seed_then_expansion,shared_seed_then_expansion,50.0,12,105675717.45391998,105675717.45391998,114795000.0,0.07943971903027156,0.07943971903027156,0.0
provider_eval_shared_seed_then_expansion,shared_seed_then_expansion,50.0,13,117363244.92508852,117363244.92508852,129570000.0,0.09420973276924809,0.09420973276924809,0.0
provider_eval_shared_seed_then_expansion,shared_seed_then_expansion,100.0,1,36464316.36370376,36464316.36370376,15555000.0,1.3442183454647225,1.3442183454647225,0.0
provider_eval_shared_seed_then_expansion,shared_seed_then_expansion,100.0,2,54051298.12117477,54051298.12117477,16200000.0,2.3364998840231337,2.3364998840231337,0.0
provider_eval_shared_seed_then_expansion,shared_seed_then_expansion,100.0,3,51546888.748503685,54051298.12117477,16200000.0,2.181906712870598,2.3364998840231337,0.04633393571892721
provider_eval_shared_seed_then_expansion,shared_seed_then_expansion,100.0,4,51539895.645637035,54051298.12117477,16200000.0,2.181475039854138,2.3364998840231337,0.0001356648875700112
provider_eval_shared_seed_then_expansion,shared_seed_then_expansion,100.0,5,51542773.75144856,54051298.12117477,16200000.0,2.1816527007067013,2.3364998840231337,0.0
provider_eval_shared_seed_then_expansion,shared_seed_then_expansion,100.0,6,51537227.79427454,54051298.12117477,16200000.0,2.181310357671268,2.3364998840231337,0.0001075991214745629
provider_eval_shared_seed_then_expansion,shared_seed_then_expansion,100.0,7,51542754.56389202,54051298.12117477,16200000.0,2.181651516289631,2.3364998840231337,0.0
provider_eval_shared_seed_then_expansion,shared_seed_then_expansion,100.0,8,51540803.739764586,54051298.12117477,16200000.0,2.181531095047197,2.3364998840231337,3.784865872888995e-05
provider_eval_shared_seed_then_expansion,shared_seed_then_expansion,100.0,9,70706842.11358668,70706842.11358668,47385000.0,0.4921777379674302,0.4921777379674302,0.0
provider_eval_shared_seed_then_expansion,shared_seed_then_expansion,100.0,10,87702450.93079793,87702450.93079793,75300000.0,0.1647071836759354,0.1647071836759354,0.0
provider_eval_shared_seed_then_expansion,shared_seed_then_expansion,100.0,11,102177602.9732364,102177602.9732364,97485000.0,0.048136666905025355,0.048136666905025355,0.0
provider_eval_shared_seed_then_expansion,shared_seed_then_expansion,100.0,12,113716261.13563451,113716261.13563451,114795000.0,0.00939708928407586,0.00939708928407586,0.0
provider_eval_shared_seed_then_expansion,shared_seed_then_expansion,100.0,13,124448216.19652238,124448216.19652238,129570000.0,0.03952908700685047,0.03952908700685047,0.0
provider_eval_shared_seed_then_expansion,shared_seed_then_expansion,250.0,1,37859387.86710051,37859387.86710051,15555000.0,1.4339047166249121,1.4339047166249121,0.0
provider_eval_shared_seed_then_expansion,shared_seed_then_expansion,250.0,2,59526338.94125113,59526338.94125113,16200000.0,2.6744653667438967,2.6744653667438967,0.0
provider_eval_shared_seed_then_expansion,shared_seed_then_expansion,250.0,3,66752241.720822245,66752241.720822245,16200000.0,3.1205087481989042,3.1205087481989042,0.0
provider_eval_shared_seed_then_expansion,shared_seed_then_expansion,250.0,4,66750057.47954191,66752241.720822245,16200000.0,3.1203739184902415,3.1205087481989042,3.272161689291807e-05
provider_eval_shared_seed_then_expansion,shared_seed_then_expansion,250.0,5,66751704.62092775,66752241.720822245,16200000.0,3.120475593884429,3.1205087481989042,0.0
provider_eval_shared_seed_then_expansion,shared_seed_then_expansion,250.0,6,66749499.38928111,66752241.720822245,16200000.0,3.1203394684741426,3.1205087481989042,3.303633456501593e-05
provider_eval_shared_seed_then_expansion,shared_seed_then_expansion,250.0,7,66752753.39661433,66752753.39661433,16200000.0,3.120540333124341,3.120540333124341,0.0
provider_eval_shared_seed_then_expansion,shared_seed_then_expansion,250.0,8,66750968.53491378,66752753.39661433,16200000.0,3.120430156476159,3.120540333124341,2.6738398189283518e-05
provider_eval_shared_seed_then_expansion,shared_seed_then_expansion,250.0,9,83918899.17879692,83918899.17879692,47385000.0,0.7710013544116686,0.7710013544116686,0.0
provider_eval_shared_seed_then_expansion,shared_seed_then_expansion,250.0,10,99447749.09699705,99447749.09699705,75300000.0,0.3206872390039449,0.3206872390039449,0.0
provider_eval_shared_seed_then_expansion,shared_seed_then_expansion,250.0,11,112672720.21617922,112672720.21617922,97485000.0,0.155795457928699,0.155795457928699,0.0
provider_eval_shared_seed_then_expansion,shared_seed_then_expansion,250.0,12,123410975.13433784,123410975.13433784,114795000.0,0.07505531716832478,0.07505531716832478,0.0
provider_eval_shared_seed_then_expansion,shared_seed_then_expansion,250.0,13,133261121.4953813,133261121.4953813,129570000.0,0.02848747005773941,0.02848747005773941,0.0
provider_eval_shared_seed_then_expansion,shared_seed_then_expansion,500.0,1,38511949.66402975,38511949.66402975,15555000.0,1.475856616138203,1.475856616138203,0.0
provider_eval_shared_seed_then_expansion,shared_seed_then_expansion,500.0,2,62871741.09136589,62871741.09136589,16200000.0,2.8809716723065364,2.8809716723065364,0.0
provider_eval_shared_seed_then_expansion,shared_seed_then_expansion,500.0,3,75076495.43413322,75076495.43413322,16200000.0,3.6343515700082234,3.6343515700082234,0.0
provider_eval_shared_seed_then_expansion,shared_seed_then_expansion,500.0,4,75075580.38110939,75076495.43413322,16200000.0,3.6342950852536657,3.6343515700082234,1.2188275685202417e-05
provider_eval_shared_seed_then_expansion,shared_seed_then_expansion,500.0,5,75076598.96458894,75076598.96458894,16200000.0,3.6343579607770953,3.6343579607770953,0.0
provider_eval_shared_seed_then_expansion,shared_seed_then_expansion,500.0,6,75075591.51921816,75076598.96458894,16200000.0,3.6342957727912446,3.6343579607770953,1.3418899959141981e-05
provider_eval_shared_seed_then_expansion,shared_seed_then_expansion,500.0,7,75077430.2786936,75077430.2786936,16200000.0,3.634409276462568,3.634409276462568,0.0
provider_eval_shared_seed_then_expansion,shared_seed_then_expansion,500.0,8,75076335.01936378,75077430.2786936,16200000.0,3.6343416678619613,3.634409276462568,1.4588396616132797e-05
provider_eval_shared_seed_then_expansion,shared_seed_then_expansion,500.0,9,91606611.81640923,91606611.81640923,47385000.0,0.9332407263144292,0.9332407263144292,0.0
provider_eval_shared_seed_then_expansion,shared_seed_then_expansion,500.0,10,106747238.18269654,106747238.18269654,75300000.0,0.4176260050822913,0.4176260050822913,0.0
provider_eval_shared_seed_then_expansion,shared_seed_then_expansion,500.0,11,119562656.53326617,119562656.53326617,97485000.0,0.22647234480449477,0.22647234480449477,0.0
provider_eval_shared_seed_then_expansion,shared_seed_then_expansion,500.0,12,129916980.7878741,129916980.7878741,114795000.0,0.1317303087057285,0.1317303087057285,0.0
provider_eval_shared_seed_then_expansion,shared_seed_then_expansion,500.0,13,139236893.23087448,139236893.23087448,129570000.0,0.07460749580052851,0.07460749580052851,0.0
provider_eval_shared_seed_then_expansion,shared_seed_then_expansion,1000.0,1,38884562.01605642,38884562.01605642,15555000.0,1.4998111228580147,1.4998111228580147,0.0
provider_eval_shared_seed_then_expansion,shared_seed_then_expansion,1000.0,2,65653854.11184658,65653854.11184658,16200000.0,3.052707043941147,3.052707043941147,0.0
provider_eval_shared_seed_then_expansion,shared_seed_then_expansion,1000.0,3,81418557.53238715,81418557.53238715,16200000.0,4.025836884715257,4.025836884715257,0.0
provider_eval_shared_seed_then_expansion,shared_seed_then_expansion,1000.0,4,81418135.94729578,81418557.53238715,16200000.0,4.025810860944184,4.025836884715257,5.177997549264654e-06
provider_eval_shared_seed_then_expansion,shared_seed_then_expansion,1000.0,5,81418761.37633188,81418761.37633188,16200000.0,4.025849467674807,4.025849467674807,0.0
provider_eval_shared_seed_then_expansion,shared_seed_then_expansion,1000.0,6,81418224.86866358,81418761.37633188,16200000.0,4.025816349917505,4.025849467674807,6.589484527056731e-06
provider_eval_shared_seed_then_expansion,shared_seed_then_expansion,1000.0,7,81419321.69820224,81419321.69820224,16200000.0,4.025884055444583,4.025884055444583,0.0
provider_eval_shared_seed_then_expansion,shared_seed_then_expansion,1000.0,8,81418653.0114841,81419321.69820224,16200000.0,4.025842778486673,4.025884055444583,8.212875079145212e-06
provider_eval_shared_seed_then_expansion,shared_seed_then_expansion,1000.0,9,97870873.17046551,97870873.17046551,47385000.0,1.0654399740522427,1.0654399740522427,0.0
provider_eval_shared_seed_then_expansion,shared_seed_then_expansion,1000.0,10,112906941.40871102,112906941.40871102,75300000.0,0.4994281727584464,0.4994281727584464,0.0
provider_eval_shared_seed_then_expansion,shared_seed_then_expansion,1000.0,11,125430725.92023158,125430725.92023158,97485000.0,0.28666693255610176,0.28666693255610176,0.0
provider_eval_shared_seed_then_expansion,shared_seed_then_expansion,1000.0,12,135422636.8395814,135422636.8395814,114795000.0,0.1796910739978344,0.1796910739978344,0.0
provider_eval_shared_seed_then_expansion,shared_seed_then_expansion,1000.0,13,144232269.17261535,144232269.17261535,129570000.0,0.11316098767164737,0.11316098767164737,0.0
