campaign_id,scenario,objective,split,direction,true_overlap_rate,reference_overlap_rate,fixed_overlap_rate,calibrated_overlap_rate,true_union,fixed_union,calibrated_union,true_incremental_unique_reach,fixed_incremental_unique_reach,calibrated_incremental_unique_reach,fixed_overlap_error_points,calibrated_overlap_error_points,fixed_union_error_percent,calibrated_union_error_percent,fixed_incremental_error_percent,calibrated_incremental_error_percent
reach_large_large-train-01,reach_large_large,reach,train,large_large,0.6156041666666666,0.6641488151835773,0.2942990451388889,0.5945302010648605,66451,81873.64583333333,67462.5503488867,18451,33873.64583333333,19462.550348886693,-32.130512152777776,-2.1073965601806077,23.20905002683681,1.522250002086795,83.58704586923922,5.482360570628652
traffic_large_large-train-01,traffic_large_large,traffic,train,large_large,0.1020625,0.14960301051430763,0.2942990451388889,0.12247122413810685,91101,81873.64583333333,90121.38124137087,43101,33873.64583333333,42121.38124137087,19.22365451388889,2.0408724138106846,-10.128707880996556,-1.0753106537020827,-21.408677679558878,-2.2728446175938544
conversion_large_large-train-01,conversion_large_large,conversion,train,large_large,0.7347083333333333,0.7563980566766761,0.2942990451388889,0.6791622827305379,60734,81873.64583333333,63400.21042893418,12734,33873.64583333333,15400.21042893418,-44.04092881944444,-5.554605060279538,34.80693817850517,4.389979960045741,166.00946939950785,20.937729141936394
reach_large_large-train-02,reach_large_large,reach,train,large_large,0.10929166666666666,0.11830149846084283,0.2942990451388889,0.09375432542446052,90754,81873.64583333333,91499.7923796259,42754,33873.64583333333,43499.7923796259,18.500737847222222,-1.553734124220614,-9.785082934820142,0.8217735632874565,-20.770814816547393,1.7443803611963753
traffic_large_large-train-02,traffic_large_large,traffic,train,large_large,0.12183333333333334,0.1789357954898793,0.2942990451388889,0.1493819565555658,90152,81873.64583333333,88829.66608533284,42152,33873.64583333333,40829.666085332836,17.246571180555552,2.7548623222232465,-9.182662799124447,-1.4667826722281971,-19.63929153223257,-3.1370609097247204
conversion_large_large-train-02,conversion_large_large,conversion,train,large_large,0.7046458333333333,0.7378202399808574,0.2942990451388889,0.6621184645449094,62177,81873.64583333333,64218.31370184435,14177,33873.64583333333,16218.313701844349,-41.034678819444444,-4.25273687884239,31.67834703078844,3.283068822626296,138.93380710540544,14.398770556848055
reach_large_large-train-03,reach_large_large,reach,train,large_large,0.4074375,0.47949686544354536,0.2942990451388889,0.4251252429623702,76443,81873.64583333333,75593.98833780622,28443,33873.64583333333,27593.98833780623,-11.313845486111113,1.768774296237019,7.104176750432777,-1.110646706949986,19.093083828475645,-2.9849582048088124
traffic_large_large-train-03,traffic_large_large,traffic,train,large_large,0.10002083333333334,0.14738761844410508,0.2942990451388889,0.12043876035225659,91199,81873.64583333333,90218.93950309168,43199,33873.64583333333,42218.939503091686,19.427821180555554,2.0417927018923256,-10.22528116170865,-1.0746395211661548,-21.586967676720924,-2.2687110741181837
conversion_large_large-train-03,conversion_large_large,conversion,train,large_large,0.6622291666666666,0.698597313701075,0.2942990451388889,0.6261342347957064,64213,81873.64583333333,65945.55672980609,16213,33873.64583333333,17945.556729806092,-36.79301215277778,-3.6094931870960245,27.503224944066353,2.69814014265973,108.92892020806346,10.686219267292248
reach_large_large-train-04,reach_large_large,reach,train,large_large,0.19414583333333332,0.2261745607978102,0.2942990451388889,0.19272014534301132,86681,81873.64583333333,86749.43302353546,38681,33873.64583333333,38749.43302353546,10.015321180555556,-0.1425687990322,-5.546029887364788,0.07894812419729505,-12.428205492791477,0.1769163763487431
traffic_large_large-train-04,traffic_large_large,traffic,train,large_large,0.1079375,0.15727374636252994,0.2942990451388889,0.12950857568956817,90819,81873.64583333333,89783.58836690073,42819,33873.64583333333,41783.58836690072,18.636154513888886,2.157107568956816,-9.84965058706512,-1.1400826182839154,-20.89108612220433,-2.4181125974433697
conversion_large_large-train-04,conversion_large_large,conversion,train,large_large,0.6753125,0.7008733512005163,0.2942990451388889,0.6282223364256939,63585,81873.64583333333,65845.32785156669,15585,33873.64583333333,17845.327851566693,-38.10134548611111,-4.709016357430606,28.762516054625035,3.5548130086760867,117.34774355683881,14.50322650989216
reach_large_large-train-05,reach_large_large,reach,train,large_large,0.19945833333333332,0.24183388346331136,0.2942990451388889,0.2070864539782431,86426,81873.64583333333,86059.85020904434,38426,33873.64583333333,38059.85020904433,9.484071180555556,0.762812064490978,-5.2673433534661696,-0.4236569909004973,-11.847067523725269,-0.9528699082799954
traffic_large_large-train-05,traffic_large_large,traffic,train,large_large,0.12264583333333333,0.1825179859981335,0.2942990451388889,0.15266836015877874,90113,81873.64583333333,88671.91871237863,42113,33873.64583333333,40671.918712378625,17.165321180555555,3.0022526825445413,-9.143357969068472,-1.5991935543388578,-19.56487110076858,-3.421939276758661
conversion_large_large-train-05,conversion_large_large,conversion,train,large_large,0.6102291666666667,0.6503813418779852,0.2942990451388889,0.5818995289176423,66709,81873.64583333333,68068.82261195316,18709,33873.64583333333,20068.82261195317,-31.59301215277778,-2.8329637749024417,22.7325335911696,2.038439508841627,81.05535214780762,7.268280570597938
reach_large_large-train-06,reach_large_large,reach,train,large_large,0.23620833333333333,0.25821859278366605,0.2942990451388889,0.22211825299170573,84662,81873.64583333333,85338.32385639813,36662,33873.64583333333,37338.32385639812,5.809071180555556,-1.4090080341627593,-3.2935132251383994,0.7988517356052639,-7.605570254396027,1.8447543952815484
traffic_large_large-train-06,traffic_large_large,traffic,train,large_large,0.051270833333333335,0.07375150542876248,0.2942990451388889,0.052882892906736895,93539,81873.64583333333,93461.62114047664,45539,33873.64583333333,45461.62114047663,24.302821180555554,0.16120595734035598,-12.471112762234654,-0.08272363348267957,-25.616184296244256,-0.16991778370928418
conversion_large_large-train-06,conversion_large_large,conversion,train,large_large,0.8185416666666666,0.8294008294008296,0.2942990451388889,0.7461371057535937,56710,81873.64583333333,60185.4189238275,8710,33873.64583333333,12185.418923827501,-52.42426215277778,-7.240456091307291,44.37250191030388,6.1284057905616285,288.90523344814386,39.90148018171643
reach_large_large-train-07,reach_large_large,reach,train,large_large,0.6052083333333333,0.6504945323795318,0.2942990451388889,0.5820033731077474,66950,81873.64583333333,68063.83809082813,18950,33873.64583333333,20063.838090828125,-31.090928819444446,-2.3204960225585936,22.290733134179728,1.6636864687500001,78.7527484608619,5.87777356637533
traffic_large_large-train-07,traffic_large_large,traffic,train,large_large,0.05308333333333334,0.07785861659074006,0.2942990451388889,0.056650873668904006,93452,81873.64583333333,93280.7580638926,45452,33873.64583333333,45280.75806389261,24.121571180555552,0.3567540335570669,-12.389626938606634,-0.18324052573235344,-25.473805699785867,-0.37675335762428863
conversion_large_large-train-07,conversion_large_large,conversion,train,large_large,0.578375,0.6058461663640445,0.2942990451388889,0.5410416904131048,68238,81873.64583333333,70029.99886017098,20238,33873.64583333333,22029.99886017097,-28.40759548611111,-3.733330958689518,19.982481657336567,2.6261010876212336,67.37644941858547,8.854624272017839
reach_large_large-train-08,reach_large_large,reach,train,large_large,0.310625,0.3736613635717607,0.2942990451388889,0.32802873905007623,81090,81873.64583333333,80254.62052559634,33090,33873.64583333333,32254.62052559634,-1.6325954861111103,1.740373905007625,0.9663902248530379,-1.0301880310810911,2.3682255464893576,-2.5245677679167735
traffic_large_large-train-08,traffic_large_large,traffic,train,large_large,0.13420833333333335,0.19247344735594873,0.2942990451388889,0.16180178396819994,89558,81873.64583333333,88233.5143695264,41558,33873.64583333333,40233.5143695264,16.009071180555555,2.7593450634866596,-8.58031015282462,-1.478913810573709,-18.4906736769495,-3.1870774110245974
conversion_large_large-train-08,conversion_large_large,conversion,train,large_large,0.80275,0.820517479753913,0.2942990451388889,0.7379872677645317,57468,81873.64583333333,60576.61114730248,9468,33873.64583333333,12576.611147302478,-50.84509548611111,-6.4762732235468246,42.468235945801716,5.409290644014894,257.7698123503732,32.832817356384425
reach_large_large-train-09,reach_large_large,reach,train,large_large,0.43864583333333335,0.5117257425821667,0.2942990451388889,0.4546929328191257,74945,81873.64583333333,74174.73922468197,26945,33873.64583333333,26174.739224681965,-14.434678819444446,1.604709948579236,9.244974092111987,-1.027768063670738,25.714031669450094,-2.8586408436371666
traffic_large_large-train-09,traffic_large_large,traffic,train,large_large,0.13604166666666667,0.19886043956327845,0.2942990451388889,0.16766139253884832,89470,81873.64583333333,87952.25315813528,41470,33873.64583333333,39952.25315813528,15.825737847222221,3.1619725872181648,-8.490392496553786,-1.696375144590051,-18.317709589261327,-3.659866992680778
conversion_large_large-train-09,conversion_large_large,conversion,train,large_large,0.704125,0.7256733710968137,0.2942990451388889,0.6509745810534275,62202,81873.64583333333,64753.22010943548,14202,33873.64583333333,16753.22010943548,-40.98259548611111,-5.315041894657247,31.625423351875064,4.101508166032414,138.51320823358208,17.963808684942112
reach_large_large-train-10,reach_large_large,reach,train,large_large,0.38554166666666667,0.45686456569709266,0.2942990451388889,0.404361726542919,77494,81873.64583333333,76590.63712593989,29494,33873.64583333333,28590.637125939887,-9.12426215277778,1.8820059876252349,5.651593456697716,-1.1657197641883403,14.849277254130767,-3.062869987319836
traffic_large_large-train-10,traffic_large_large,traffic,train,large_large,0.10145833333333333,0.15133337773732597,0.2942990451388889,0.12405871231426766,91130,81873.64583333333,90045.18180891515,43130,33873.64583333333,42045.18180891515,19.284071180555557,2.2600378980934326,-10.157307326529871,-1.1904073204047523,-21.461521369503064,-2.5152288223622783
conversion_large_large-train-10,conversion_large_large,conversion,train,large_large,0.7653541666666667,0.7872215911426949,0.2942990451388889,0.7074406711913044,59263,81873.64583333333,62042.84778281739,11263,33873.64583333333,14042.847782817389,-47.10551215277778,-5.791349547536228,38.15305643206272,4.690697033254126,200.7515389623842,24.68123752834404
reach_large_large-train-11,reach_large_large,reach,train,large_large,0.16010416666666666,0.18674968688596133,0.2942990451388889,0.15655064308410943,88315,81873.64583333333,88485.56913196275,40315,33873.64583333333,40485.569131962744,13.419487847222221,-0.35535235825572276,-7.293612825303371,0.1931372156063537,-15.977562115010969,0.4230909883734193
traffic_large_large-train-11,traffic_large_large,traffic,train,large_large,0.09275,0.13548579649044967,0.2942990451388889,0.10951968989434427,91548,81873.64583333333,90743.05488507147,43548,33873.64583333333,42743.05488507148,20.154904513888887,1.6769689894344268,-10.567521045426085,-0.8792601858353328,-22.21538111202965,-1.848408916433644
conversion_large_large-train-11,conversion_large_large,conversion,train,large_large,0.7166458333333333,0.7473086579158432,0.2942990451388889,0.6708234094155061,61601,81873.64583333333,63800.4763480557,13601,33873.64583333333,15800.476348055707,-42.23467881944444,-4.582242391782721,32.90960509299091,3.5705205241078897,149.0526125529985,16.171431130473543
reach_large_large-train-12,reach_large_large,reach,train,large_large,0.10820833333333334,0.1503401974703048,0.2942990451388889,0.12314754044871296,90806,81873.64583333333,90088.91805846177,42806,33873.64583333333,42088.91805846178,18.609071180555553,1.4939207115379618,-9.836744451541387,-0.7896856392069119,-20.867061081779827,-1.6751902572962227
traffic_large_large-train-12,traffic_large_large,traffic,train,large_large,0.10927083333333333,0.16211008379986036,0.2942990451388889,0.13394556940717547,90755,81873.64583333333,89570.61266845558,42755,33873.64583333333,41570.61266845558,18.502821180555557,2.4674736073842145,-9.786076983820916,-1.3050381042856278,-20.772667914084135,-2.7701726851699724
conversion_large_large-train-12,conversion_large_large,conversion,train,large_large,0.7583958333333334,0.7843367591061856,0.2942990451388889,0.7047940441128164,59597,81873.64583333333,62169.885882584815,11597,33873.64583333333,14169.885882584811,-46.40967881944445,-5.360178922051695,37.37880402257384,4.317139927487649,192.08972866545943,22.185788415838676
reach_large_large-train-13,reach_large_large,reach,train,large_large,0.16339583333333332,0.19949845270053965,0.2942990451388889,0.16824672396339455,88157,81873.64583333333,87924.15724975706,40157,33873.64583333333,39924.15724975706,13.090321180555556,0.4850890630061222,-7.127459154311821,-0.26412281525340064,-15.646971055274728,-0.5798310387801389
traffic_large_large-train-13,traffic_large_large,traffic,train,large_large,0.09904166666666667,0.1468367400528827,0.2942990451388889,0.11993336882557096,91246,81873.64583333333,90243.19829637259,43246,33873.64583333333,42243.1982963726,19.52573784722222,2.0891702158904293,-10.271523317917138,-1.0990089468331876,-21.67218740846939,-2.3188311141548423
conversion_large_large-train-13,conversion_large_large,conversion,train,large_large,0.5801666666666667,0.6094031581925149,0.2942990451388889,0.5443049760297543,68152,81873.64583333333,69873.3611505718,20152,33873.64583333333,21873.361150571796,-28.586762152777784,-3.586169063691247,20.133885774934452,2.525767623212525,68.09073954611615,8.541887408553972
reach_large_large-train-14,reach_large_large,reach,train,large_large,0.12952083333333334,0.1541867765919365,0.2942990451388889,0.12667650169637562,89783,81873.64583333333,89919.52791857396,41783,33873.64583333333,41919.52791857397,16.477821180555555,-0.28443316369577143,-8.809411766889804,0.15206433130321295,-18.92959856081821,0.326754705439942
traffic_large_large-train-14,traffic_large_large,traffic,train,large_large,0.013791666666666667,0.018715376553376257,0.2942990451388889,0.0023911806914892475,95338,81873.64583333333,95885.22332680851,47338,33873.64583333333,47885.22332680852,28.050737847222223,-1.140048597517742,-14.12275710279917,0.5739823856264145,-28.44301442111342,1.1559916490103475
conversion_large_large-train-14,conversion_large_large,conversion,train,large_large,0.7171666666666666,0.7233252530691731,0.2942990451388889,0.6488203506938122,61576,81873.64583333333,64856.62316669701,13576,33873.64583333333,16856.623166697016,-42.286762152777776,-6.834631597285446,32.96356670347754,5.327762710629162,149.51123919662146,24.164873060526045
reach_large_large-train-15,reach_large_large,reach,train,large_large,0.06177083333333333,0.08954176694117967,0.2942990451388889,0.06736932856963898,93035,81873.64583333333,92766.27222865733,45035,33873.64583333333,44766.27222865733,23.252821180555554,0.5598495236305651,-11.99694111535086,-0.2888458874000901,-24.78373302246402,-0.5967087184249285
traffic_large_large-train-15,traffic_large_large,traffic,train,large_large,0.1213125,0.17713895319739467,0.2942990451388889,0.14773348225727814,90177,81873.64583333333,88908.79285165065,42177,33873.64583333333,40908.79285165065,17.298654513888888,2.642098225727814,-9.20784032144191,-1.4063532257109341,-19.686924548134463,-3.006869024229673
conversion_large_large-train-15,conversion_large_large,conversion,train,large_large,0.7022708333333333,0.7300533598679824,0.2942990451388889,0.6549929075065944,62291,81873.64583333333,64560.34043968347,14291,33873.64583333333,16560.340439683467,-40.79717881944444,-4.727792582673884,31.43735986472095,3.643127321255826,137.0278205397336,15.879507659950086
reach_large_large-train-16,reach_large_large,reach,train,large_large,0.12516666666666668,0.1513461692918657,0.2942990451388889,0.12407044765074215,89992,81873.64583333333,90044.61851276437,41992,33873.64583333333,42044.61851276438,16.91323784722222,-0.10962190159245211,-9.021195402554307,0.058470211534769057,-19.333097177240123,0.1253060410658617
traffic_large_large-train-16,traffic_large_large,traffic,train,large_large,0.10402083333333334,0.15317498290796913,0.2942990451388889,0.12574825335195158,91007,81873.64583333333,89964.08383910633,43007,33873.64583333333,41964.08383910632,19.027821180555556,2.1727420018618244,-10.035880939561432,-1.145973563455196,-21.236901357143424,-2.4249916545996637
conversion_large_large-train-16,conversion_large_large,conversion,train,large_large,0.6049583333333334,0.6455057948391923,0.2942990451388889,0.5774265631948526,66962,81873.64583333333,68283.52496664708,18962,33873.64583333333,20283.524966647074,-31.065928819444448,-2.753177013848074,22.26881788676164,1.9735446471835925,78.63962574271346,6.9693332277559
reach_large_large-train-17,reach_large_large,reach,train,large_large,0.20616666666666666,0.23560365452343848,0.2942990451388889,0.20137066449422186,86104,81873.64583333333,86334.20810427735,38104,33873.64583333333,38334.20810427735,8.813237847222222,-0.4796002172444802,-4.913075079748527,0.2673605224813595,-11.102126198474364,0.6041573175450078
traffic_large_large-train-17,traffic_large_large,traffic,train,large_large,0.06085416666666667,0.09190974574707227,0.2942990451388889,0.06954177977291409,93079,81873.64583333333,92661.99457090012,45079,33873.64583333333,44661.994570900126,23.344487847222222,0.8687613106247425,-12.038541633093041,-0.44801236487272256,-24.857148931135722,-0.9250547463339341
conversion_large_large-train-17,conversion_large_large,conversion,train,large_large,0.793875,0.8086939881391401,0.2942990451388889,0.7271400597905803,57894,81873.64583333333,61097.27713005215,9894,33873.64583333333,13097.277130052147,-49.95759548611111,-6.673494020941972,41.419915420135645,5.5330036446819175,242.3655329829526,32.375956438772455
reach_large_large-train-18,reach_large_large,reach,train,large_large,0.17547916666666666,0.2134970906135027,0.2942990451388889,0.18108947310563833,87577,81873.64583333333,87307.70529092936,39577,33873.64583333333,39307.70529092936,11.881987847222222,0.5610306438971674,-6.5123881460505295,-0.30749478638300454,-14.410779408915966,-0.680432344722027
traffic_large_large-train-18,traffic_large_large,traffic,train,large_large,0.05689583333333333,0.08711279379045542,0.2942990451388889,0.06514091941712352,93269,81873.64583333333,92873.23586797807,45269,33873.64583333333,44873.235867978074,23.740321180555554,0.8245086083790188,-12.217729542148701,-0.4243254800865522,-25.17253344820224,-0.8742497780422063
conversion_large_large-train-18,conversion_large_large,conversion,train,large_large,0.5413958333333333,0.5800411680811494,0.2942990451388889,0.517367449988873,70013,81873.64583333333,71166.3624005341,22013,33873.64583333333,23166.362400534097,-24.70967881944444,-2.4028383344460336,16.94063364422797,1.6473546349022283,53.88018822211115,5.239460321328747
reach_large_large-train-19,reach_large_large,reach,train,large_large,0.21141666666666667,0.18200682984803476,0.2942990451388889,0.15219941094750197,85852,81873.64583333333,88694.4282745199,37852,33873.64583333333,40694.4282745199,8.288237847222222,-5.92172557191647,-4.633967952600605,3.310846892931908,-10.510287875585627,7.509321236711142
traffic_large_large-train-19,traffic_large_large,traffic,train,large_large,0.06733333333333333,0.10164062385691232,0.2942990451388889,0.07846916451387526,92768,81873.64583333333,92233.48010333399,44768,33873.64583333333,44233.48010333398,22.696571180555555,1.1135831180541929,-11.743655319363004,-0.5761899541501488,-24.33513707707888,-1.1939776104941415
conversion_large_large-train-19,conversion_large_large,conversion,train,large_large,0.6636666666666666,0.6859577994493264,0.2942990451388889,0.6145383844119554,64144,81873.64583333333,66502.15754822614,16144,33873.64583333333,18502.15754822614,-36.936762152777774,-4.912828225471122,27.6403807578781,3.676349382991612,109.82188945325402,14.60702148306578
reach_large_large-train-20,reach_large_large,reach,train,large_large,0.29510416666666667,0.34692417886390375,0.2942990451388889,0.30349928424827244,81835,81873.64583333333,81432.03435608292,33835,33873.64583333333,33432.03435608292,-0.08051215277777857,0.8395117581605771,0.04722408912241521,-0.4924123466940544,0.11421851140336481,-1.1909727912430308
traffic_large_large-train-20,traffic_large_large,traffic,train,large_large,0.06472916666666667,0.09408286108616702,0.2942990451388889,0.07153545768148487,92893,81873.64583333333,92566.29803128872,44893,33873.64583333333,44566.29803128873,22.956987847222223,0.6806291014818194,-11.862416077278882,-0.35169708020117446,-24.545818204768388,-0.7277347664697609
conversion_large_large-train-20,conversion_large_large,conversion,train,large_large,0.6768541666666666,0.688425975162383,0.2942990451388889,0.6168027591117546,63511,81873.64583333333,66393.46756263578,15511,33873.64583333333,18393.46756263578,-38.255512152777776,-6.005140755491201,28.912544021245655,4.538532793745617,118.38466787011365,18.583376717399126
reach_large_large-train-21,reach_large_large,reach,train,large_large,0.30010416666666667,0.35038287634588117,0.2942990451388889,0.3066723918317476,81595,81873.64583333333,81279.72519207612,33595,33873.64583333333,33279.72519207612,-0.580512152777779,0.6568225165080932,0.341498662091217,-0.3863898620306157,0.8294265019596025,-0.9384575321443098
traffic_large_large-train-21,traffic_large_large,traffic,train,large_large,0.050416666666666665,0.07573451780221861,0.2942990451388889,0.0547021649399595,93580,81873.64583333333,93374.29608288195,45580,33873.64583333333,45374.29608288194,24.38823784722222,0.42854982732928315,-12.509461601481805,-0.21981611147472893,-25.68309382770222,-0.4513030213208833
reach_large_large-train-22,reach_large_large,reach,train,large_large,0.2325625,0.26881205786835316,0.2942990451388889,0.23183699959231396,84837,81873.64583333333,84871.82401956893,36837,33873.64583333333,36871.82401956893,6.173654513888888,-0.07255004076860416,-3.4929973557135114,0.041048150652343476,-8.044504619449661,0.09453543874074608
traffic_large_large-train-22,traffic_large_large,traffic,train,large_large,0.13652083333333334,0.1960081918163905,0.2942990451388889,0.16504465921575184,89447,81873.64583333333,88077.8563576439,41447,33873.64583333333,40077.85635764391,15.777821180555554,2.8523825882418503,-8.466862126920603,-1.5306758665534845,-18.272381997892904,-3.303360055869154
reach_large_large-train-23,reach_large_large,reach,train,large_large,0.22022916666666667,0.26766458845317037,0.2942990451388889,0.23078427846764346,85429,81873.64583333333,84922.35463355311,37429,33873.64583333333,36922.354633553114,7.406987847222221,1.055511180097679,-4.161764935404455,-0.5930601627630973,-9.498929083509235,-1.353617159012761
traffic_large_large-train-23,traffic_large_large,traffic,train,large_large,0.043083333333333335,0.06573460926197114,0.2942990451388889,0.04552796401939321,93932,81873.64583333333,93814.65772706912,45932,33873.64583333333,45814.65772706913,25.121571180555556,0.24446306860598788,-12.83732292154609,-0.12492257476778992,-26.252621629074877,-0.255469548312447
reach_large_large-train-24,reach_large_large,reach,train,large_large,0.1414375,0.16743552638331458,0.2942990451388889,0.13883128211693788,89211,81873.64583333333,89336.09845838699,41211,33873.64583333333,41336.09845838699,15.286154513888889,-0.26062178830621174,-8.224719111619276,0.1402276158623788,-17.80435846416411,0.30355598841810866
traffic_large_large-train-24,traffic_large_large,traffic,train,large_large,0.08002083333333333,0.12221062149533049,0.2942990451388889,0.09734066623920523,92159,81873.64583333333,91327.64802051814,44159,33873.64583333333,43327.64802051815,21.427821180555558,1.73198329058719,-11.160444630113902,-0.9020844187565584,-23.29163741630624,-1.882633165338548
reach_large_large-train-25,reach_large_large,reach,train,large_large,0.29152083333333334,0.3413129489299306,0.2942990451388889,0.2983513820831101,82007,81873.64583333333,81679.13366001072,34007,33873.64583333333,33679.13366001072,0.27782118055555416,0.6830548749776733,-0.1626131509098876,-0.39980287047359736,-0.3921374030836931,-0.9641142705598348
traffic_large_large-train-25,traffic_large_large,traffic,train,large_large,0.1555,0.21286570994173337,0.2942990451388889,0.18051022649384577,88536,81873.64583333333,87335.50912829541,40536,33873.64583333333,39335.5091282954,13.879904513888889,2.5010226493845766,-7.525022777928382,-1.3559352937839872,-16.435647736991,-2.9615425096324213
reach_large_large-train-26,reach_large_large,reach,train,large_large,0.32216666666666666,0.3977362180257368,0.2942990451388889,0.35011569624625677,80536,81873.64583333333,79194.44658017968,32536,33873.64583333333,31194.446580179672,-2.7867621527777775,2.7949029579590112,1.6609290669183079,-1.665781041795376,4.111279300876962,-4.123289340485393
traffic_large_large-train-26,traffic_large_large,traffic,train,large_large,0.042854166666666665,0.0645686517276042,0.2942990451388889,0.044458281367589086,93943,81873.64583333333,93866.00249435572,45943,33873.64583333333,45866.00249435572,25.14448784722222,0.1604114700922421,-12.847528998080403,-0.08196194037264952,-26.270278751206217,-0.1675935521064757
reach_large_large-train-27,reach_large_large,reach,train,large_large,0.43975,0.5002691543065954,0.2942990451388889,0.44418233241900495,74892,81873.64583333333,74679.24804388775,26892,33873.64583333333,26679.24804388776,-14.545095486111109,0.44323324190049807,9.322285201801698,-0.2840783476369255,25.96179470970299,-0.7911347468103488
traffic_large_large-train-27,traffic_large_large,traffic,train,large_large,0.14435416666666667,0.21004800795052778,0.2942990451388889,0.17792518643097333,89071,81873.64583333333,87459.59105131328,41071,33873.64583333333,39459.591051313284,14.99448784722222,3.3571019764306653,-8.080468577501849,-1.809128615022528,-17.524175614586138,-3.9234714243303452
reach_large_large-train-28,reach_large_large,reach,train,large_large,0.6588958333333333,0.7019419205208849,0.2942990451388889,0.6292026723560835,64373,81873.64583333333,65798.27172690799,16373,33873.64583333333,17798.27172690799,-36.45967881944445,-2.9693160977249833,27.186313879007237,2.2140831201093434,106.88722795659517,8.705012684956888
traffic_large_large-train-28,traffic_large_large,traffic,train,large_large,0.057645833333333334,0.08489017984129299,0.2942990451388889,0.0631018300738159,93233,81873.64583333333,92971.11215645683,45233,33873.64583333333,44971.11215645684,23.665321180555555,0.5455996740482562,-12.183834228938972,-0.2808960813694388,-25.11297983035985,-0.5789751808263028
reach_large_large-train-29,reach_large_large,reach,train,large_large,0.28683333333333333,0.34693499833687785,0.2942990451388889,0.30350921034094813,82232,81873.64583333333,81431.55790363449,34232,33873.64583333333,33431.557903634486,0.7465711805555553,1.6675877007614803,-0.4357843256477667,-0.9733949026723342,-1.0468397016437003,-2.3382860959497367
traffic_large_large-train-29,traffic_large_large,traffic,train,large_large,0.0284375,0.04232981829640126,0.2942990451388889,0.02405574215278411,94635,81873.64583333333,94845.32437666637,46635,33873.64583333333,46845.324376666365,26.58615451388889,-0.43817578472158913,-13.484814462584321,0.2222479808383425,-27.36432757942891,0.45100112933711894
reach_large_large-train-30,reach_large_large,reach,train,large_large,0.2925833333333333,0.3110670711830495,0.2942990451388889,0.27060295234978127,81956,81873.64583333333,83011.0582872105,33956,33873.64583333333,35011.0582872105,0.17157118055555753,-2.198038098355204,-0.10048582979485518,1.2873472194964377,-0.2425320021989384,3.1071336058737793
traffic_large_large-train-30,traffic_large_large,traffic,train,large_large,0.09170833333333334,0.13813807347360985,0.2942990451388889,0.11195296434306265,91598,81873.64583333333,90626.25771153299,43598,33873.64583333333,42626.25771153299,20.259071180555555,2.0244631009729313,-10.61633896664411,-1.060877189968131,-22.304587748673498,-2.2288689583627885
reach_large_large-train-31,reach_large_large,reach,train,large_large,0.3117083333333333,0.37282742536614155,0.2942990451388889,0.327263660387317,81038,81873.64583333333,80291.34430140878,33038,33873.64583333333,32291.344301408782,-1.7409288194444428,1.5555327053983714,1.0311777602277061,-0.9213649134865342,2.529347519018489,-2.2599906126013
traffic_large_large-train-31,traffic_large_large,traffic,train,large_large,0.1058125,0.15704828801937562,0.2942990451388889,0.12930173378386564,90921,81873.64583333333,89793.51677837445,42921,33873.64583333333,41793.51677837445,18.84865451388889,2.348923378386564,-9.950786030363362,-1.2400690947366895,-21.079085218579884,-2.6268801323956867
reach_large_large-train-32,reach_large_large,reach,train,large_large,0.4973125,0.5525610668991191,0.2942990451388889,0.4921564224532954,72129,81873.64583333333,72376.49172224183,24129,33873.64583333333,24376.491722241823,-20.30134548611111,-0.5156077546704607,13.51002486286144,0.34312373974660654,40.385618273999455,1.02570235916044
traffic_large_large-train-32,traffic_large_large,traffic,train,large_large,0.0846875,0.12570614539200575,0.2942990451388889,0.1005475594244449,91935,81873.64583333333,91173.71714762665,43935,33873.64583333333,43173.717147626645,20.96115451388889,1.5860059424444906,-10.943986693497223,-0.828066408194211,-22.900544364781318,-1.732748042274622
reach_large_large-train-33,reach_large_large,reach,train,large_large,0.23539583333333333,0.27684758051443625,0.2942990451388889,0.23920901694229488,84701,81873.64583333333,84517.96718676985,36701,33873.64583333333,36517.96718676984,5.890321180555555,0.38131836089615456,-3.338041069959825,-0.21609285986015642,-7.7037523954842415,-0.4987134226047202
reach_large_large-train-34,reach_large_large,reach,train,large_large,0.2926458333333333,0.3491144192060617,0.2942990451388889,0.305508673122422,81953,81873.64583333333,81335.58369012375,33953,33873.64583333333,33335.58369012374,0.16532118055555545,1.2862839789088698,-0.09682887345999722,-0.7533785338868022,-0.2337176881768077,-1.8184440546527798
reach_large_large-train-35,reach_large_large,reach,train,large_large,0.45727083333333335,0.5151250046229316,0.2942990451388889,0.45781151263594266,74051,81873.64583333333,74025.04739347476,26051,33873.64583333333,26025.047393474753,-16.297178819444447,0.054067930260931485,10.563862518174403,-0.03504693592962016,30.028197893874815,-0.09962230442304197
reach_large_large-train-36,reach_large_large,reach,train,large_large,0.16858333333333334,0.2100091583681407,0.2942990451388889,0.1778895447175452,87908,81873.64583333333,87461.30185355783,39908,33873.64583333333,39461.30185355783,12.571571180555555,0.9306211384211865,-6.864397059046585,-0.5081427702167831,-15.120662941431974,-1.1193198016492174
reach_large_large-train-37,reach_large_large,reach,train,large_large,0.22022916666666667,0.24964137125261296,0.2942990451388889,0.21424926565553348,85429,81873.64583333333,85716.03524853439,37429,33873.64583333333,37716.03524853439,7.406987847222221,-0.5979901011133187,-4.161764935404455,0.33599275250136384,-9.498929083509235,0.766879287542788
reach_large_large-train-38,reach_large_large,reach,train,large_large,0.2190625,0.2803694802467185,0.2942990451388889,0.24244010807037897,85485,81873.64583333333,84362.87481262181,37485,33873.64583333333,36362.87481262181,7.523654513888889,2.3377608070378972,-4.224547191515087,-1.3126574105143447,-9.63413143034993,-2.993531245506703
reach_large_large-train-39,reach_large_large,reach,train,large_large,0.3832083333333333,0.4451763496862249,0.2942990451388889,0.39363862426102286,77606,81873.64583333333,77105.3460354709,29606,33873.64583333333,29105.346035470906,-8.890928819444444,1.0430290927689545,5.499118410088561,-0.6451227540771397,14.41480049089147,-1.6910557472441197
reach_large_large-train-40,reach_large_large,reach,train,large_large,0.27539583333333334,0.26251882904243085,0.2942990451388889,0.22606341221841564,82781,81873.64583333333,85148.95621351605,34781,33873.64583333333,37148.95621351605,1.8903211805555542,-4.93324211149177,-1.0960898837494975,2.8605068959254565,-2.6087638844963386,6.808188992599558
reach_large_large-train-41,reach_large_large,reach,train,large_large,0.11583333333333333,0.1416254272435672,0.2942990451388889,0.11515236202134294,90440,81873.64583333333,90472.68662297554,42440,33873.64583333333,42472.68662297554,17.846571180555554,-0.06809713119903943,-9.471864403656205,0.03614177684159625,-20.18462338988377,0.07701843302436298
reach_large_large-train-42,reach_large_large,reach,train,large_large,0.17604166666666668,0.18777566957542655,0.2942990451388889,0.1574919088263203,87550,81873.64583333333,88440.38837633663,39550,33873.64583333333,40440.388376336625,11.82573784722222,-1.8549757840346377,-6.483557015039032,1.0170055697734233,-14.352349346818388,2.2512980438347023
reach_large_large-train-43,reach_large_large,reach,train,large_large,0.388625,0.4469344548517305,0.2942990451388889,0.39525156001567674,77346,81873.64583333333,77027.92511924752,29346,33873.64583333333,29027.925119247517,-9.432595486111111,0.6626560015676741,5.853755634852906,-0.4112363674300929,15.428493945796117,-1.0838781460931073
reach_large_large-train-44,reach_large_large,reach,train,large_large,0.5586666666666666,0.6158386717842268,0.2942990451388889,0.5502090995004615,69184,81873.64583333333,69589.96322397784,21184,33873.64583333333,21589.963223977848,-26.436762152777778,-0.845756716620516,18.34187938444341,0.5867877312353201,59.90202904707953,1.9163671826748845
reach_large_large-train-45,reach_large_large,reach,train,large_large,0.4925625,0.5652019093261564,0.2942990451388889,0.5037534913428864,72357,81873.64583333333,71819.83241554146,24357,33873.64583333333,23819.832415541452,-19.826345486111112,1.119099134288637,13.15234992237562,-0.7423850967543439,39.071502374402954,-2.2053930470031116
reach_large_large-train-46,reach_large_large,reach,train,large_large,0.3340625,0.3805258233110412,0.2942990451388889,0.3343263899341651,79965,81873.64583333333,79952.33328316007,31965,33873.64583333333,31952.333283160075,-3.9763454861111103,0.026388993416509576,2.3868515392150673,-0.015840326192620515,5.971049064080489,-0.039626831972236376
reach_large_large-train-47,reach_large_large,reach,train,large_large,0.49416666666666664,0.5510974343026087,0.2942990451388889,0.4908136442208513,72280,81873.64583333333,72440.94507739914,24280,33873.64583333333,24440.945077399138,-19.986762152777775,-0.3353022445815368,13.272891302342734,0.2226688951288616,39.51254461834155,0.6628709942303852
reach_large_large-train-48,reach_large_large,reach,train,large_large,0.181,0.22363999342533708,0.2942990451388889,0.19039486104384065,87312,81873.64583333333,86861.04666989564,39312,33873.64583333333,38861.04666989565,11.329904513888888,0.9394861043840658,-6.228644592572238,-0.516484939188606,-13.833827245285592,-1.1471136805666169
reach_medium_large-train-01,reach_medium_large,reach,train,medium_large,0.22416666666666665,0.29664582564938247,0.2942990451388889,0.2573724909392406,57310,56468.411458333336,56911.530108729115,9310,8468.411458333332,8911.530108729114,7.013237847222223,3.320582427257393,-1.4684846303728218,-0.695288590596553,-9.039619137128549,-4.2800203144026465
reach_large_medium-train-01,reach_large_medium,reach,train,large_medium,0.17291666666666666,0.2171454538501504,0.2942990451388889,0.1844365854546664,57925,56468.411458333336,57786.760974544006,9925,8468.411458333332,9786.760974544004,12.138237847222221,1.151991878799974,-2.514611207020568,-0.23865174873714998,-14.675955079764917,-1.3928365285238886
reach_medium_large-train-02,reach_medium_large,reach,train,medium_large,0.2813333333333333,0.3384937352601537,0.2942990451388889,0.29576495516325946,56624,56468.411458333336,56450.82053804088,8624,8468.411458333332,8450.820538040885,1.2965711805555558,1.4431621829926133,-0.2747749040453946,-0.30584109557628647,-1.804134295763774,-2.008110644238342
reach_large_medium-train-02,reach_large_medium,reach,train,large_medium,0.118,0.15383645629670112,0.2942990451388889,0.1263551078794116,58584,56468.411458333336,58483.73870544706,10584,8468.411458333332,10483.73870544706,17.62990451388889,0.83551078794116,-3.6112053490145164,-0.17114108724726879,-19.988553870622336,-0.9472911427904379
reach_medium_large-train-03,reach_medium_large,reach,train,medium_large,0.43716666666666665,0.49491000957433673,0.2942990451388889,0.4392657003979966,54754,56468.411458333336,54728.81159522404,6754,8468.411458333332,6728.8115952240405,-14.286762152777776,0.2099033731329969,3.1311163720154433,-0.04600285782949099,25.38364611094658,-0.3729405504287755
reach_large_medium-train-03,reach_large_medium,reach,train,large_medium,0.19441666666666665,0.24891599555000013,0.2942990451388889,0.21358378532520017,57667,56468.411458333336,57436.9945760976,9667,8468.411458333332,9436.994576097599,9.988237847222223,1.9167118658533515,-2.0784652256345297,-0.398851030749654,-12.398764266749435,-2.379284409872775
reach_medium_large-train-04,reach_medium_large,reach,train,medium_large,0.4880833333333333,0.541835428812572,0.2942990451388889,0.482316416576119,54143,56468.411458333336,54212.20300108657,6143,8468.411458333332,6212.203001086572,-19.378428819444444,-0.5766916757214302,4.294943867782235,0.12781523204582498,37.854655027402444,1.1265342843329307
reach_large_medium-train-04,reach_large_medium,reach,train,large_medium,0.2793333333333333,0.33032500102260326,0.2942990451388889,0.28827072570502266,56648,56468.411458333336,56540.75129153973,8648,8468.411458333332,8540.751291539727,1.496571180555556,0.8937392371689334,-0.3170253877747921,-0.18932479250859513,-2.0766482616404702,-1.2401562032871485
reach_medium_large-train-05,reach_medium_large,reach,train,medium_large,0.4180833333333333,0.4917727567622071,0.2942990451388889,0.4363874953102953,54983,56468.411458333336,54763.35005627645,6983,8468.411458333332,6763.350056276457,-12.378428819444443,1.8304161976961997,2.7015831408496003,-0.39948701184647445,21.271823834073206,-3.145495399162873
reach_large_medium-train-05,reach_large_medium,reach,train,large_medium,0.38166666666666665,0.4415784171685894,0.2942990451388889,0.3903377784900265,55420,56468.411458333336,55315.94665811968,7420,8468.411458333332,7315.946658119682,-8.736762152777777,0.8671111823359834,1.8917565108865675,-0.18775413547512995,14.129534478885878,-1.4023361439395947
reach_medium_large-train-06,reach_medium_large,reach,train,medium_large,0.40941666666666665,0.47480589581493077,0.2942990451388889,0.420821613812966,55087,56468.411458333336,54950.14063424441,7087,8468.411458333332,6950.140634244408,-11.511762152777777,1.140494714629936,2.5076904865636824,-0.24844222004391284,19.49218933728421,-1.9311325773330335
reach_large_medium-train-06,reach_large_medium,reach,train,large_medium,0.14491666666666667,0.1814559985994847,0.2942990451388889,0.15169406267084667,58261,56468.411458333336,58179.67124794984,10261,8468.411458333332,10179.67124794984,14.938237847222222,0.6777396004180009,-3.0768241905677285,-0.13959381412979815,-17.46992049182992,-0.7926006437010027
reach_medium_large-train-07,reach_medium_large,reach,train,medium_large,0.45575,0.512754331839776,0.2942990451388889,0.4556365899011944,54531,56468.411458333336,54532.36092118567,6531,8468.411458333332,6532.360921185667,-16.14509548611111,-0.011341009880561082,3.5528625155110594,0.0024956835298589677,29.66485160516509,0.020837868407095294
reach_large_medium-train-07,reach_large_medium,reach,train,large_medium,0.3621666666666667,0.4256373310441272,0.2942990451388889,0.3757129720321218,55654,56468.411458333336,55491.444335614535,7654,8468.411458333332,7491.444335614539,-6.786762152777781,1.3546305365455091,1.4633475731004704,-0.29208262548148417,10.640337840780404,-2.1238001618168365
reach_medium_large-train-08,reach_medium_large,reach,train,medium_large,0.57825,0.6287842747064035,0.2942990451388889,0.5620857643487362,53061,56468.411458333336,53254.97082781517,5061,8468.411458333332,5254.970827815165,-28.395095486111117,-1.6164235651263792,6.421687224766469,0.36556195287530685,67.32684169795164,3.83265812715204
reach_large_medium-train-08,reach_large_medium,reach,train,large_medium,0.39558333333333334,0.4506184196918956,0.2942990451388889,0.39863133428980624,55253,56468.411458333336,55216.42398852232,7253,8468.411458333332,7216.423988522325,-10.128428819444446,0.3048000956472896,2.1997203017634077,-0.066197331326224,16.757361896226833,-0.5042880391241543
reach_medium_large-train-09,reach_medium_large,reach,train,medium_large,0.2653333333333333,0.31019050489115957,0.2942990451388889,0.26979876546650855,56816,56468.411458333336,56762.4148144019,8816,8468.411458333332,8762.414814401896,2.896571180555557,0.446543213317524,-0.6117793256594344,-0.09431354829291365,-3.942701243950407,-0.6078174409948235
reach_large_medium-train-09,reach_large_medium,reach,train,large_medium,0.13975,0.161283824905328,0.2942990451388889,0.13318753596313587,58323,56468.411458333336,58401.74956844237,10323,8468.411458333332,10401.74956844237,15.454904513888886,-0.6562464036864141,-3.1798579319765174,0.13502317857855428,-17.965596645032143,0.7628554532826719
reach_medium_large-train-10,reach_medium_large,reach,train,medium_large,0.49075,0.543917242167487,0.2942990451388889,0.48422633144386407,54111,56468.411458333336,54189.28402267363,6111,8468.411458333332,6189.284022673632,-19.645095486111114,-0.6523668556135953,4.356621497169403,0.14467302891025818,38.57652525500461,1.2810345716516385
reach_large_medium-train-10,reach_large_medium,reach,train,large_medium,0.33125,0.38168113826584077,0.2942990451388889,0.33538630878034326,56025,56468.411458333336,55975.36429463588,8025,8468.411458333332,7975.364294635881,-3.6950954861111107,0.41363087803432674,0.7914528484307644,-0.08859563652676238,5.525376427829684,-0.618513462481229
reach_medium_large-train-11,reach_medium_large,reach,train,medium_large,0.24983333333333332,0.29088969434509493,0.2942990451388889,0.25209165212975004,57002,56468.411458333336,56974.900174443,9002,8468.411458333332,8974.900174442999,4.446571180555556,0.22583187964167195,-0.9360874033659595,-0.04754188547244161,-5.927444364215373,-0.30104227457233024
reach_large_medium-train-11,reach_large_medium,reach,train,large_medium,0.09066666666666667,0.12537212628092975,0.2942990451388889,0.1002411207781326,58912,56468.411458333336,58797.10655066241,10912,8468.411458333332,10797.106550662409,20.36323784722222,0.957445411146593,-4.147862136180514,-0.19502554545354556,-22.39359000794234,-1.0529091764808554
reach_medium_large-train-12,reach_medium_large,reach,train,medium_large,0.3874166666666667,0.4413614529619031,0.2942990451388889,0.3901387293470568,55351,56468.411458333336,55318.33524783532,7351,8468.411458333332,7318.335247835318,-9.311762152777781,0.27220626803901027,2.0187737499473104,-0.05901384286585785,15.20080884686889,-0.4443579399358167
reach_large_medium-train-12,reach_large_medium,reach,train,large_medium,0.028166666666666666,0.034855701860185634,0.2942990451388889,0.017198774850175957,59662,56468.411458333336,59793.61470179789,11662,8468.411458333332,11793.61470179789,26.61323784722222,-1.096789181649071,-5.352801685606691,0.22060055277712345,-27.38456989938834,1.1285774463890346
reach_medium_large-train-13,reach_medium_large,reach,train,medium_large,0.68325,0.7303889056220879,0.2942990451388889,0.6553007467387051,51801,56468.411458333336,52136.39103913554,3801,8468.411458333332,4136.391039135539,-38.89509548611112,-2.7949253261294937,9.010272887267304,0.6474605492858023,122.79430303428919,8.823757935689011
reach_large_medium-train-13,reach_large_medium,reach,train,large_medium,0.7165,0.7392242365885106,0.2942990451388889,0.6634065310225739,51402,56468.411458333336,52039.12162772912,3402,8468.411458333332,4039.1216277291137,-42.22009548611111,-5.309346897742618,9.856448111616933,1.239488011612616,148.92449906917494,18.727855018492466
reach_medium_large-train-14,reach_medium_large,reach,train,medium_large,0.49433333333333335,0.559664547480383,0.2942990451388889,0.498673357865811,54068,56468.411458333336,54015.91970561027,6068,8468.411458333332,6015.919705610268,-20.003428819444448,0.4340024532477671,4.4396157770461935,-0.09632369310817639,39.5585276587563,-0.8582777585651359
reach_large_medium-train-14,reach_large_medium,reach,train,large_medium,0.1035,0.1323109957927837,0.2942990451388889,0.10660703730698162,58758,56468.411458333336,58720.71555231622,10758,8468.411458333332,10720.71555231622,19.07990451388889,0.31070373069816276,-3.896641379329903,-0.06345424909591567,-21.282659803557056,-0.34657415582617535
reach_medium_large-train-15,reach_medium_large,reach,train,medium_large,0.3445,0.40610868686786644,0.2942990451388889,0.35779683763367365,55866,56468.411458333336,55706.43794839592,7866,8468.411458333332,7706.4379483959165,-5.020095486111109,1.3296837633673675,1.0783150007756699,-0.2856156725093615,7.658421794219834,-2.0285030714986467
reach_large_medium-train-15,reach_large_medium,reach,train,large_medium,0.22066666666666668,0.26838899905099584,0.2942990451388889,0.23144887338335596,57352,56468.411458333336,57222.613519399725,9352,8468.411458333332,9222.613519399729,7.36323784722222,1.078220671668928,-1.5406412011205612,-0.22560064269820548,-9.448123841602522,-1.383516687342506
reach_medium_large-train-16,reach_medium_large,reach,train,medium_large,0.19808333333333333,0.23327502750744467,0.2942990451388889,0.19923431574385048,57623,56468.411458333336,57609.18821107379,9623,8468.411458333332,9609.188211073793,9.621571180555556,0.11509824105171429,-2.0036939098392383,-0.0239692291727377,-11.998218244483715,-0.14352892992005242
reach_large_medium-train-16,reach_large_medium,reach,train,large_medium,0.028166666666666666,0.028685795100107624,0.2942990451388889,0.011538326652045239,59662,56468.411458333336,59861.54008017546,11662,8468.411458333332,11861.540080175457,26.61323784722222,-1.6628340014621428,-5.352801685606691,0.3344508735467443,-27.38456989938834,1.7110279555432752
reach_medium_large-train-17,reach_medium_large,reach,train,medium_large,0.4146666666666667,0.48611585339636154,0.2942990451388889,0.43119769103782435,55024,56468.411458333336,54825.62770754611,7024,8468.411458333332,6825.627707546108,-12.03676215277778,1.6531024371157665,2.62505717202191,-0.3605195777367854,20.563944452353816,-2.8242068971226146
reach_large_medium-train-17,reach_large_medium,reach,train,large_medium,0.2828333333333333,0.3390190498474592,0.2942990451388889,0.29624689372810215,56606,56468.411458333336,56445.03727526277,8606,8468.411458333332,8445.037275262774,1.1465711805555556,1.341356039476882,-0.24306352977893553,-0.2843562956881362,-1.5987513556433637,-1.8703546913458795
reach_medium_large-train-18,reach_medium_large,reach,train,medium_large,0.6104166666666667,0.6625386310762111,0.2942990451388889,0.5930529723021549,52675,56468.411458333336,52883.36433237414,4675,8468.411458333332,4883.364332374141,-31.611762152777782,-1.7363694364511795,7.201540499920903,0.39556588965190637,81.142491087344,4.45699106682654
reach_large_medium-train-18,reach_large_medium,reach,train,large_medium,0.49066666666666664,0.5354024169268906,0.2942990451388889,0.47641458824177996,54112,56468.411458333336,54283.02494109864,6112,8468.411458333332,6283.024941098641,-19.636762152777777,-1.4252078424886683,4.354692967055987,0.3160573275773275,38.553852394197186,2.7981829368233107
reach_medium_large-train-19,reach_medium_large,reach,train,medium_large,0.24275,0.29939185060812024,0.2942990451388889,0.25989177245096196,57087,56468.411458333336,56881.29873058846,9087,8468.411458333332,8881.298730588456,5.154904513888889,1.714177245096196,-1.0835891563169622,-0.36032944350121765,-6.807401140823901,-2.263687349087089
reach_large_medium-train-19,reach_large_medium,reach,train,large_medium,0.07991666666666666,0.10120044238269058,0.2942990451388889,0.078065329491808,59041,56468.411458333336,59063.21604609831,11041,8468.411458333332,11063.216046098303,21.438237847222222,-0.18513371748586638,-4.357291613737342,0.037628167033598406,-23.300321906228312,0.20121407570241098
reach_medium_large-train-20,reach_medium_large,reach,train,medium_large,0.40825,0.49387695671727444,0.2942990451388889,0.4383179482826538,55101,56468.411458333336,54740.18462060815,7101,8468.411458333332,6740.184620608155,-11.395095486111112,3.00679482826538,2.4816454480559984,-0.6548254648587981,19.256604116791042,-5.081191091280742
reach_large_medium-train-20,reach_large_medium,reach,train,large_medium,0.07541666666666667,0.08993250818196122,0.2942990451388889,0.06772780571335021,59095,56468.411458333336,59187.266331439794,11095,8468.411458333332,11187.266331439798,21.888237847222218,-0.7688860953316459,-4.444688284400819,0.15613221328334742,-23.673623629262444,0.8316028070283713
reach_medium_large-train-21,reach_medium_large,reach,train,medium_large,0.5165,0.6084129625026936,0.2942990451388889,0.543396542300332,53802,56468.411458333336,53479.24149239602,5802,8468.411458333332,5479.241492396017,-22.22009548611111,2.6896542300332005,4.95597089017757,-0.5999005754506954,45.956764190509,-5.562883619510224
reach_large_medium-train-21,reach_large_medium,reach,train,large_medium,0.09958333333333333,0.1325319097197364,0.2942990451388889,0.10680971003582293,58805,56468.411458333336,58718.28347957013,10805,8468.411458333332,10718.283479570124,19.471571180555554,0.7226376702489601,-3.973452158263182,-0.14746453605964224,-21.62506748418943,-0.8025591895407335
reach_medium_large-train-22,reach_medium_large,reach,train,medium_large,0.5281666666666667,0.5766851982596162,0.2942990451388889,0.5142885876870643,53662,56468.411458333336,53828.53694775523,5662,8468.411458333332,5828.5369477552285,-23.38676215277778,-1.387807897960236,5.229792885716775,0.31034428041301176,49.56572692217117,2.9413095682661345
reach_large_medium-train-22,reach_large_medium,reach,train,large_medium,0.4180833333333333,0.4727004845590038,0.2942990451388889,0.41889004955869763,54983,56468.411458333336,54973.31940529563,6983,8468.411458333332,6973.319405295629,-12.378428819444443,0.08067162253643234,2.7015831408496003,-0.017606523296961895,21.271823834073206,-0.13863088506904322
reach_medium_large-train-23,reach_medium_large,reach,train,medium_large,0.5503333333333333,0.6026526412961056,0.2942990451388889,0.5381118595551306,53396,56468.411458333336,53542.65768533843,5396,8468.411458333332,5542.657685338432,-25.603428819444446,-1.2221473778202707,5.754010522011641,0.2746604339996108,56.93868529157398,2.717896318354933
reach_large_medium-train-23,reach_large_medium,reach,train,large_medium,0.55425,0.5748504367465614,0.2942990451388889,0.5126053252157788,53349,56468.411458333336,53848.736097410656,5349,8468.411458333332,5848.736097410654,-25.995095486111115,-4.164467478422118,5.847178875580304,0.936730018202133,58.31765672711408,9.342607915697403
reach_medium_large-train-24,reach_medium_large,reach,train,medium_large,0.4221666666666667,0.47141673177541515,0.2942990451388889,0.4177122981901149,54934,56468.411458333336,54987.45242171862,6934,8468.411458333332,6987.452421718621,-12.786762152777781,-0.44543684765517844,2.793190844164517,0.09730298488844615,22.128806725314853,0.7708742676466805
reach_large_medium-train-24,reach_large_medium,reach,train,large_medium,0.06641666666666667,0.08362185509446554,0.2942990451388889,0.061938232825592104,59203,56468.411458333336,59256.7412060929,11203,8468.411458333332,11256.741206092895,22.78823784722222,-0.4478433841074561,-4.619003330349246,0.09077446428879991,-24.409430881609104,0.479703705194096
reach_medium_large-train-25,reach_medium_large,reach,train,medium_large,0.2445,0.3045966328851726,0.2942990451388889,0.2646667879588837,57066,56468.411458333336,56823.9985444934,9066,8468.411458333332,8823.998544493395,4.979904513888888,2.0166787958883714,-1.0471884163366352,-0.4240729252209738,-6.591534763585571,-2.669329974703337
reach_large_medium-train-25,reach_large_medium,reach,train,large_medium,0.022583333333333334,0.02986797187073857,0.2942990451388889,0.012622889293167794,59729,56468.411458333336,59848.525328481985,11729,8468.411458333332,11848.525328481986,27.171571180555553,-0.996044404016554,-5.458970586593889,0.20011272327007754,-27.799373703356366,1.0190581335321547
reach_medium_large-train-26,reach_medium_large,reach,train,medium_large,0.33408333333333334,0.4101857113866135,0.2942990451388889,0.3615372160523882,55991,56468.411458333336,55661.55340737134,7991,8468.411458333332,7661.553407371342,-3.978428819444446,2.745388271905486,0.8526574955498843,-0.5883920498448992,5.974364389104394,-4.122720468385164
reach_large_medium-train-26,reach_large_medium,reach,train,large_medium,0.13675,0.16605440210830485,0.2942990451388889,0.13756419936870934,58359,56468.411458333336,58349.229607575486,10359,8468.411458333332,10349.229607575488,15.754904513888887,0.08141993687093285,-3.239583511826221,-0.016741877730108955,-18.250685796569822,-0.09431791123189946
reach_medium_large-train-27,reach_medium_large,reach,train,medium_large,0.4656666666666667,0.5337930244827046,0.2942990451388889,0.47493808577342456,54412,56468.411458333336,54300.74297071891,6412,8468.411458333332,6300.742970718905,-17.13676215277778,0.9271419106757883,3.7793344452204214,-0.204471493937169,32.07129535766269,-1.735137699330866
reach_large_medium-train-27,reach_large_medium,reach,train,large_medium,0.3485,0.387576761585937,0.2942990451388889,0.34079512153826474,55818,56468.411458333336,55910.45854154082,7818,8468.411458333332,7910.458541540823,-5.4200954861111095,-0.7704878461735232,1.1652360499002754,0.16564287781866405,8.319409802165927,1.1826367554466974
reach_medium_large-train-28,reach_medium_large,reach,train,medium_large,0.36133333333333334,0.4131624382514656,0.2942990451388889,0.36426815006382307,55664,56468.411458333336,55628.78219923412,7664,8468.411458333332,7628.782199234123,-6.703428819444445,0.2934816730489731,1.445119751245573,-0.06326854118618924,10.49597414318022,-0.45952245258189905
reach_large_medium-train-28,reach_large_medium,reach,train,large_medium,0.03225,0.035153948907250654,0.2942990451388889,0.017472395186074796,59613,56468.411458333336,59790.3312577671,11613,8468.411458333332,11790.331257767102,26.204904513888888,-1.4777604813925205,-5.275004682983013,0.29747078282774264,-27.078175679554533,1.5270064390519436
reach_medium_large-train-29,reach_medium_large,reach,train,medium_large,0.498,0.5648163610109723,0.2942990451388889,0.5033997783370275,54024,56468.411458333336,53959.20265995567,6024,8468.411458333332,5959.202659955669,-20.37009548611111,0.5399778337027539,4.5246769182832365,-0.11994176670429764,40.57787945440458,-1.075653055184772
reach_large_medium-train-29,reach_large_medium,reach,train,large_medium,0.17533333333333334,0.23212638583180062,0.2942990451388889,0.1981805191540435,57896,56468.411458333336,57621.833770151476,9896,8468.411458333332,9621.833770151477,11.896571180555554,2.284718582071016,-2.465780954930676,-0.4735495195670243,-14.425914931959054,-2.7704752409915376
reach_medium_large-train-30,reach_medium_large,reach,train,medium_large,0.3491666666666667,0.3839317116207084,0.2942990451388889,0.3374510488788079,55810,56468.411458333336,55950.587413454305,7810,8468.411458333332,7950.5874134543055,-5.48676215277778,-1.171561778785879,1.1797374275816803,0.25190362561244334,8.430364383269298,1.8000949225903398
reach_large_medium-train-30,reach_large_medium,reach,train,large_medium,0.1045,0.12909946991594237,0.2942990451388889,0.1036606919942063,58746,56468.411458333336,58756.07169606953,10746,8468.411458333332,10756.071696069524,18.97990451388889,-0.08393080057936958,-3.8770104205676374,0.01714447974249841,-21.19475657609034,0.09372507044039156
reach_medium_large-train-31,reach_medium_large,reach,train,medium_large,0.32425,0.3852290446455065,0.2942990451388889,0.33864125914747994,56109,56468.411458333336,55936.30489023024,8109,8468.411458333332,7936.304890230242,-2.99509548611111,1.4391259147479962,0.640559372530852,-0.3077850429873285,4.432253771529561,-2.129672089897131
reach_large_medium-train-31,reach_large_medium,reach,train,large_medium,0.24041666666666667,0.2957280571981135,0.2942990451388889,0.25653050402139926,57115,56468.411458333336,56921.633951743206,9115,8468.411458333332,8921.63395174321,5.388237847222221,1.6113837354732596,-1.132081837812596,-0.33855563031916985,-7.09367571768149,-2.121404808083272
reach_medium_large-train-32,reach_medium_large,reach,train,medium_large,0.5010833333333333,0.5582841448056485,0.2942990451388889,0.4974069371342282,53987,56468.411458333336,54031.11675438926,5987,8468.411458333332,6031.116754389262,-20.678428819444445,-0.36763961991051475,4.596312924099016,0.0817173660126676,41.44665873280996,0.7368758040631633
reach_large_medium-train-32,reach_large_medium,reach,train,large_medium,0.49833333333333335,0.5637489929999404,0.2942990451388889,0.5024205445220401,54020,56468.411458333336,53970.95346573552,6020,8468.411458333332,5970.953465735519,-20.403428819444446,0.4087211188706752,4.532416620387515,-0.09079328816083308,40.67128668327794,-0.8147264827986898
reach_large_large-evaluation-01,reach_large_large,reach,evaluation,large_large,0.39975,0.4736477472696097,0.2942990451388889,0.4197590953501348,76812,81873.64583333333,75851.56342319353,28812,33873.64583333333,27851.56342319353,-10.545095486111112,2.000909535013479,6.589655045218623,-1.2503730885883384,17.56783921051412,-3.3334602832377858
traffic_large_large-evaluation-01,traffic_large_large,traffic,evaluation,large_large,0.0831875,0.11675408603847211,0.2942990451388889,0.0923346851934852,92007,81873.64583333333,91567.93511071271,44007,33873.64583333333,43567.93511071271,21.111154513888888,0.9147185193485202,-11.01367740135715,-0.4772081355628214,-23.026687042212995,-0.9977160208314412
conversion_large_large-evaluation-01,conversion_large_large,conversion,evaluation,large_large,0.7481666666666666,0.7646641330167123,0.2942990451388889,0.6867458166061742,60088,81873.64583333333,63036.20080290364,12088,33873.64583333333,15036.200802903639,-45.38676215277778,-6.142085006049247,36.25623391248391,4.906471846131735,180.2253957092433,24.389483809593305
reach_large_large-evaluation-02,reach_large_large,reach,evaluation,large_large,0.6212291666666667,0.6747825456189226,0.2942990451388889,0.6042858882450339,66181,81873.64583333333,66994.27736423837,18181,33873.64583333333,18994.277364238373,-32.69301215277778,-1.694327842163279,23.711708546763163,1.2288683523040889,86.31343618796176,4.473226798516983
traffic_large_large-evaluation-02,traffic_large_large,traffic,evaluation,large_large,0.14829166666666665,0.20386073934820018,0.2942990451388889,0.17224880998424835,88882,81873.64583333333,87732.05712075607,40882,33873.64583333333,39732.05712075608,14.600737847222224,2.3957143317581697,-7.88500952573825,-1.2937860075650058,-17.1428848066794,-2.81283420391351
conversion_large_large-evaluation-02,conversion_large_large,conversion,evaluation,large_large,0.814,0.8273739671794501,0.2942990451388889,0.7442776046209183,56928,81873.64583333333,60274.67497819592,8928,33873.64583333333,12274.674978195922,-51.97009548611111,-6.972239537908164,43.819642062488285,5.8787854451165025,279.4091155167264,37.485158805957916
reach_large_large-evaluation-03,reach_large_large,reach,evaluation,large_large,0.1354375,0.13334313081601926,0.2942990451388889,0.10755394737542931,89499,81873.64583333333,90837.41052597939,41499,33873.64583333333,42837.410525979394,15.88615451388889,-2.7883552624570678,-8.520043985593887,1.4954474641944455,-18.37479015558609,3.225163319548409
traffic_large_large-evaluation-03,traffic_large_large,traffic,evaluation,large_large,0.038,0.058103275265093235,0.2942990451388889,0.03852676084863166,94176,81873.64583333333,94150.71547926568,46176,33873.64583333333,46150.71547926568,25.62990451388889,0.05267608486316591,-13.063152147751733,-0.026848157422612783,-26.642312384499895,-0.05475684497210632
conversion_large_large-evaluation-03,conversion_large_large,conversion,evaluation,large_large,0.7128333333333333,0.7357513957834961,0.2942990451388889,0.6602204479517026,61784,81873.64583333333,64309.41849831827,13784,33873.64583333333,16309.418498318273,-41.853428819444446,-5.2612885381630665,32.51593589494583,4.087495950923008,145.74612473399105,18.321376221113415
reach_large_large-evaluation-04,reach_large_large,reach,evaluation,large_large,0.29333333333333333,0.35526769167760186,0.2942990451388889,0.31115386055045646,81920,81873.64583333333,81064.61469357809,33920,33873.64583333333,33064.61469357809,0.09657118055555469,1.7820527217123128,-0.056584676106776755,-1.0441715166283139,-0.13665733097485708,-2.521772719404208
traffic_large_large-evaluation-04,traffic_large_large,traffic,evaluation,large_large,0.09316666666666666,0.13494529374018982,0.2942990451388889,0.10902381727620533,91528,81873.64583333333,90766.85677074215,43528,33873.64583333333,42766.856770742146,20.11323784722222,1.585715060953867,-10.547978942691495,-0.8315960463004259,-22.179641073944754,-1.7486289957219578
conversion_large_large-evaluation-04,conversion_large_large,conversion,evaluation,large_large,0.655375,0.6829408301721069,0.2942990451388889,0.6117705308651966,64542,81873.64583333333,66635.01451847056,16542,33873.64583333333,18635.01451847056,-36.107595486111116,-4.3604469134803425,26.85328287523369,3.2428721119124937,104.7735813887881,12.652729527690495
reach_large_large-evaluation-05,reach_large_large,reach,evaluation,large_large,0.1658125,0.16479115461802776,0.2942990451388889,0.13640526014025953,88041,81873.64583333333,89452.54751326755,40041,33873.64583333333,41452.54751326754,12.848654513888889,-2.9407239859740475,-7.0050932709381675,1.6032842803552314,-15.402597753968863,3.5252553963875575
traffic_large_large-evaluation-05,traffic_large_large,traffic,evaluation,large_large,0.039625,0.05924248641779638,0.2942990451388889,0.0395719056080846,94098,81873.64583333333,94100.54853081194,46098,33873.64583333333,46100.54853081194,25.467404513888887,-0.00530943919153995,-12.991088191743366,0.00270837936187665,-26.51818770156335,0.005528506251765131
conversion_large_large-evaluation-05,conversion_large_large,conversion,evaluation,large_large,0.6501041666666667,0.6797282865624206,0.2942990451388889,0.6088232518553214,64795,81873.64583333333,66776.48391094457,16795,33873.64583333333,18776.483910944575,-35.580512152777786,-4.128091481134533,26.357968721866392,3.0580815046601972,101.68887069564352,11.798058415865286
reach_large_large-evaluation-06,reach_large_large,reach,evaluation,large_large,0.26708333333333334,0.32832473742629853,0.2942990451388889,0.28643562690859503,83180,81873.64583333333,82251.08990838744,35180,33873.64583333333,34251.08990838744,2.7215711805555545,1.9352293575261692,-1.5705147471347338,-1.1167469242757404,-3.713343282167912,-2.6404493792284276
traffic_large_large-evaluation-06,traffic_large_large,traffic,evaluation,large_large,0.042104166666666665,0.06383480573632332,0.2942990451388889,0.043785030153173865,93979,81873.64583333333,93898.31855264766,45979,33873.64583333333,45898.31855264765,25.219487847222222,0.16808634865072003,-12.880913998517405,-0.08585050633901288,-26.32800662621343,-0.17547455871669282
conversion_large_large-evaluation-06,conversion_large_large,conversion,evaluation,large_large,0.745625,0.7668615208943032,0.2942990451388889,0.6887617628329119,60210,81873.64583333333,62939.43538402023,12210,33873.64583333333,14939.43538402023,-45.13259548611111,-5.686323716708808,35.98014587831478,4.53319279857205,177.42543680043678,22.354098149223827
reach_large_large-evaluation-07,reach_large_large,reach,evaluation,large_large,0.10814583333333333,0.1487508457952006,0.2942990451388889,0.12168942395273111,90809,81873.64583333333,90158.90765026891,42809,33873.64583333333,42158.907650268906,18.615321180555554,1.3543590619397778,-9.839723118486793,-0.7158897793512613,-20.87260661698865,-1.51858802992617
traffic_large_large-evaluation-07,traffic_large_large,traffic,evaluation,large_large,0.029770833333333333,0.04737700571772375,0.2942990451388889,0.02868617565131104,94571,81873.64583333333,94623.06356873707,46571,33873.64583333333,46623.06356873707,26.452821180555553,-0.10846576820222921,-13.426266156291751,0.055052361439624005,-27.2645083134712,0.11179396778481633
conversion_large_large-evaluation-07,conversion_large_large,conversion,evaluation,large_large,0.7044375,0.7331622838433131,0.2942990451388889,0.6578451229125308,62187,81873.64583333333,64423.434100198516,14187,33873.64583333333,16423.43410019852,-41.013845486111116,-4.659237708746922,31.65717245297784,3.5963048550316237,138.7653896759944,15.763967718323249
reach_large_large-evaluation-08,reach_large_large,reach,evaluation,large_large,0.231375,0.28672187225851115,0.2942990451388889,0.24826797343612997,84894,81873.64583333333,84083.13727506576,36894,33873.64583333333,36083.13727506576,6.292404513888888,1.689297343612997,-3.557794622313322,-0.955147271814544,-8.186572794130948,-2.197817327842573
traffic_large_large-evaluation-08,traffic_large_large,traffic,evaluation,large_large,0.12841666666666668,0.18214231130803177,0.2942990451388889,0.15232370549779928,89836,81873.64583333333,88688.46213610563,41836,33873.64583333333,40688.462136105634,16.58823784722222,2.39070388311326,-8.863210925093139,-1.2773697224880514,-19.032302721738866,-2.7429435507562046
conversion_large_large-evaluation-08,conversion_large_large,conversion,evaluation,large_large,0.7674583333333334,0.789197501925596,0.2942990451388889,0.7092534280230784,59162,81873.64583333333,61955.835454892236,11162,33873.64583333333,13955.835454892234,-47.315928819444444,-5.820490531025491,38.388908139233514,4.7223478835945984,203.4729065878277,25.029882233401132
reach_large_large-evaluation-09,reach_large_large,reach,evaluation,large_large,0.11964583333333334,0.15979465080101107,0.2942990451388889,0.13182132522393547,90257,81873.64583333333,89672.5763892511,42257,33873.64583333333,41672.576389251095,17.465321180555556,1.217549189060213,-9.288314664421232,-0.6475105651073022,-19.83897145246154,-1.3830220099602553
traffic_large_large-evaluation-09,traffic_large_large,traffic,evaluation,large_large,0.135,0.1919123398322787,0.2942990451388889,0.16128700794405212,89520,81873.64583333333,88258.2236186855,41520,33873.64583333333,40258.22361868549,15.929904513888888,2.6287007944052116,-8.541503760798339,-1.4094910425765184,-18.41607458253052,-3.0389604559597942
conversion_large_large-evaluation-09,conversion_large_large,conversion,evaluation,large_large,0.7515625,0.7696262747699425,0.2942990451388889,0.6912982267864515,59925,81873.64583333333,62817.68511425033,11925,33873.64583333333,14817.68511425033,-45.726345486111114,-6.026427321354855,36.626859963843685,4.8271758268674665,184.05573025856043,24.257317519918903
reach_large_large-evaluation-10,reach_large_large,reach,evaluation,large_large,0.2775,0.3055973990511422,0.2942990451388889,0.26558491934420164,82680,81873.64583333333,83251.92387147833,34680,33873.64583333333,35251.92387147832,1.6799045138888857,-1.1915080655798382,-0.975271125624905,0.6917318232684178,-2.325127354863528,1.6491461115291826
traffic_large_large-evaluation-10,traffic_large_large,traffic,evaluation,large_large,0.042583333333333334,0.06764790671630623,0.2942990451388889,0.047283277600135565,93956,81873.64583333333,93730.40267519349,45956,33873.64583333333,45730.402675193494,25.171571180555553,0.46999442668022307,-12.859587643861671,-0.2401095457517486,-26.291135361360155,-0.49089852207873974
conversion_large_large-evaluation-10,conversion_large_large,conversion,evaluation,large_large,0.620375,0.650113426899964,0.2942990451388889,0.5816537360858275,66222,81873.64583333333,68080.62066788028,18222,33873.64583333333,20080.62066788028,-32.607595486111116,-3.872126391417252,23.63511496682874,2.8066513664345454,85.89422584421759,10.199871956318082
reach_large_large-evaluation-11,reach_large_large,reach,evaluation,large_large,0.5111458333333333,0.5560330482363028,0.2942990451388889,0.49534171702389873,71465,81873.64583333333,72223.59758285286,23465,33873.64583333333,24223.59758285286,-21.684678819444443,-1.5804116309434568,14.564676181813933,1.0614952534147637,44.35817529654092,3.2328897628504616
traffic_large_large-evaluation-11,traffic_large_large,traffic,evaluation,large_large,0.15708333333333332,0.21677506205846275,0.2942990451388889,0.18409677747516393,88460,81873.64583333333,87163.35468119213,40460,33873.64583333333,39163.35468119213,13.721571180555555,2.70134441418306,-7.445573328811522,-1.4657984612343138,-16.278680589883024,-3.204758573425276
conversion_large_large-evaluation-11,conversion_large_large,conversion,evaluation,large_large,0.8217708333333333,0.8305884487625063,0.2942990451388889,0.7472266615827621,56555,81873.64583333333,60133.12024402742,8555,33873.64583333333,12133.120244027421,-52.74717881944444,-7.454417175057126,44.76818288981227,6.32679735483586,295.9514416520553,41.82490057308499
reach_large_large-evaluation-12,reach_large_large,reach,evaluation,large_large,0.32916666666666666,0.3907462836764022,0.2942990451388889,0.3437029313810317,80200,81873.64583333333,79502.25929371048,32200,33873.64583333333,31502.25929371048,-3.486762152777778,1.4536264714365033,2.086840191188689,-0.8700008806602516,5.197657867494809,-2.166896603383608
traffic_large_large-evaluation-12,traffic_large_large,traffic,evaluation,large_large,0.13183333333333333,0.1915687547490162,0.2942990451388889,0.16097179320238994,89672,81873.64583333333,88273.35392628529,41672,33873.64583333333,40273.35392628528,16.246571180555556,2.913845986905661,-8.69653199066227,-1.55973556262235,-18.713654652204532,-3.3563209678314476
conversion_large_large-evaluation-12,conversion_large_large,conversion,evaluation,large_large,0.7309583333333334,0.753878523243542,0.2942990451388889,0.6768507909955259,60914,81873.64583333333,63511.16203221476,12914,33873.64583333333,15511.162032214756,-43.66592881944445,-5.410754233780746,34.40858560155847,4.263653728559539,162.3017332610603,20.11121288690379
reach_large_large-evaluation-13,reach_large_large,reach,evaluation,large_large,0.1105,0.143610348013054,0.2942990451388889,0.11697338487144054,90696,81873.64583333333,90385.27752617086,42696,33873.64583333333,42385.27752617086,18.37990451388889,0.6473384871440544,-9.72739058686896,-0.3425977703858391,-20.66318663731186,-0.7277554661540675
traffic_large_large-evaluation-13,traffic_large_large,traffic,evaluation,large_large,0.12204166666666667,0.17649512532950262,0.2942990451388889,0.14714281623323117,90142,81873.64583333333,88937.14482080491,42142,33873.64583333333,40937.144820804904,17.225737847222224,2.5101149566564493,-9.17258787986363,-1.3366190889874738,-19.620222501700614,-2.8590365412061503
conversion_large_large-evaluation-13,conversion_large_large,conversion,evaluation,large_large,0.599,0.6359714384020321,0.2942990451388889,0.5686794730339022,67248,81873.64583333333,68703.3852943727,19248,33873.64583333333,20703.385294372692,-30.47009548611111,-3.032052696609777,21.748819047902284,2.1642060646750774,75.98527552646159,7.561228669849816
reach_large_large-evaluation-14,reach_large_large,reach,evaluation,large_large,0.4422083333333333,0.5105924290489271,0.2942990451388889,0.4536531987037494,74774,81873.64583333333,74224.64646222003,26774,33873.64583333333,26224.64646222003,-14.790928819444444,1.1444865370416113,9.494805458225223,-0.7346852352154102,26.516941186723418,-2.0518172024350894
traffic_large_large-evaluation-14,traffic_large_large,traffic,evaluation,large_large,0.0553125,0.08228752583561459,0.2942990451388889,0.06071408115804239,93345,81873.64583333333,93085.72410441397,45345,33873.64583333333,45085.72410441396,23.89865451388889,0.5401581158042388,-12.289200457085727,-0.2777608823033195,-25.29794721946559,-0.5717849720719834
conversion_large_large-evaluation-14,conversion_large_large,conversion,evaluation,large_large,0.7372291666666667,0.7648680073646119,0.2942990451388889,0.6869328567398566,60613,81873.64583333333,63027.222876486885,12613,33873.64583333333,15027.222876486883,-44.293012152777784,-5.029630992681011,35.07604941734171,3.983011691364699,168.56137186500698,19.140750626233913
reach_large_large-evaluation-15,reach_large_large,reach,evaluation,large_large,0.09327083333333333,0.11418230502291403,0.2942990451388889,0.08997526003819836,91523,81873.64583333333,91681.18751816648,43523,33873.64583333333,43681.18751816648,20.102821180555555,-0.3295573295134968,-10.543092082500216,0.17283908762440042,-22.17070093207424,0.3634572942271443
traffic_large_large-evaluation-15,traffic_large_large,traffic,evaluation,large_large,0.14064583333333333,0.2050593118630895,0.2942990451388889,0.1733484145481508,89249,81873.64583333333,87679.27610168877,41249,33873.64583333333,39679.27610168877,15.365321180555554,3.270258121481748,-8.263794739063375,-1.7588139904214422,-17.880079921129415,-3.8054835227792987
conversion_large_large-evaluation-15,conversion_large_large,conversion,evaluation,large_large,0.7977916666666667,0.8193815703070064,0.2942990451388889,0.7369451520840185,57706,81873.64583333333,60626.632699967115,9706,33873.64583333333,12626.632699967115,-50.349262152777776,-6.084651458264823,41.8806464376899,5.061228814970912,248.9969692286558,30.091002472358486
reach_large_large-evaluation-16,reach_large_large,reach,evaluation,large_large,0.6585,0.7111772808089718,0.2942990451388889,0.6376754549336161,64392,81873.64583333333,65391.57816318642,16392,33873.64583333333,17391.578163186427,-36.42009548611111,-2.082454506638387,27.148785304592696,1.552332841325666,106.64742455669429,6.097963416217829
traffic_large_large-evaluation-16,traffic_large_large,traffic,evaluation,large_large,0.10554166666666667,0.15107971374685267,0.2942990451388889,0.12382599374433792,90934,81873.64583333333,90056.35230027178,42934,33873.64583333333,42056.352300271785,18.875737847222222,1.8284327077671247,-9.96365954061921,-0.9651480191437913,-21.102981708358577,-2.0441787388275383
conversion_large_large-evaluation-16,conversion_large_large,conversion,evaluation,large_large,0.7559583333333333,0.7791147235396878,0.2942990451388889,0.7000031999457349,59714,81873.64583333333,62399.84640260472,11714,33873.64583333333,14399.846402604724,-46.16592881944444,-5.595513338759838,37.109632302865876,4.497850424698935,189.1723222924136,22.928516327511733
reach_large_large-evaluation-17,reach_large_large,reach,evaluation,large_large,0.3100833333333333,0.3599037481907949,0.2942990451388889,0.31540711084369166,81116,81873.64583333333,80860.4586795028,33116,33873.64583333333,32860.4586795028,-1.578428819444444,0.5323777510358341,0.9340276065552153,-0.315031954851323,2.2878543101018494,-0.7716551530897428
traffic_large_large-evaluation-17,traffic_large_large,traffic,evaluation,large_large,0.078,0.1122510766602943,0.2942990451388889,0.08820349613147255,92256,81873.64583333333,91766.23218568932,44256,33873.64583333333,43766.23218568932,21.62990451388889,1.0203496131472547,-11.253852504624819,-0.530879091127596,-23.45976628404436,-1.1066698624156777
conversion_large_large-evaluation-17,conversion_large_large,conversion,evaluation,large_large,0.8101875,0.8218749801678319,0.2942990451388889,0.739232677309721,57111,81873.64583333333,60516.831489133394,9111,33873.64583333333,12516.831489133394,-51.58884548611111,-7.095482269027897,43.35880274086136,5.9635297738323505,271.7884516884352,37.38153319211276
reach_large_large-evaluation-18,reach_large_large,reach,evaluation,large_large,0.23541666666666666,0.2992507232803526,0.2942990451388889,0.2597622982207616,84700,81873.64583333333,83531.40968540344,36700,33873.64583333333,35531.40968540344,5.888237847222221,2.4345631554094913,-3.3368998425816665,-1.3796815992875522,-7.7012375113533285,-3.1841697945410266
traffic_large_large-evaluation-18,traffic_large_large,traffic,evaluation,large_large,0.06739583333333334,0.10333546301020599,0.2942990451388889,0.08002405822693054,92765,81873.64583333333,92158.84520510734,44765,33873.64583333333,44158.84520510734,22.690321180555557,1.2628224893597204,-11.740801128299113,-0.6534304909099984,-24.330066272013116,-1.354081972283391
conversion_large_large-evaluation-18,conversion_large_large,conversion,evaluation,large_large,0.6945,0.7225606006083116,0.2942990451388889,0.6481188367467481,62664,81873.64583333333,64890.29583615609,14664,33873.64583333333,16890.295836156092,-40.02009548611111,-4.638116325325193,30.654994627430945,3.552750919437139,130.99867589561734,15.18205016473058
reach_large_large-evaluation-19,reach_large_large,reach,evaluation,large_large,0.20220833333333332,0.2511248528425575,0.2942990451388889,0.21561025391990968,86294,81873.64583333333,85650.70781184433,38294,33873.64583333333,37650.70781184434,9.209071180555556,1.3401920586576355,-5.122435124883157,-0.7454657196973933,-11.543203025713353,-1.679877234437931
traffic_large_large-evaluation-19,traffic_large_large,traffic,evaluation,large_large,0.07508333333333334,0.11282897920129821,0.2942990451388889,0.08873368038289214,92396,81873.64583333333,91740.78334162118,44396,33873.64583333333,43740.78334162117,21.921571180555553,1.3650347049558809,-11.38832218566461,-0.7091396363249711,-23.70113110790763,-1.4758461536598513
conversion_large_large-evaluation-19,conversion_large_large,conversion,evaluation,large_large,0.7255208333333333,0.755719600294638,0.2942990451388889,0.678539847521295,61175,81873.64583333333,63430.087318977836,13175,33873.64583333333,15430.087318977838,-43.12217881944444,-4.6980985812038245,33.835138264541605,3.6862890379694906,157.10547122074632,17.116412288256832
reach_large_large-evaluation-20,reach_large_large,reach,evaluation,large_large,0.15089583333333334,0.18080529606292636,0.2942990451388889,0.1510970896299552,88757,81873.64583333333,88747.33969776215,40757,33873.64583333333,40747.33969776215,14.340321180555554,0.020125629662184896,-7.755280334696613,-0.010883989136468021,-16.88876552902979,-0.02370219161824385
traffic_large_large-evaluation-20,traffic_large_large,traffic,evaluation,large_large,0.0304375,0.045249961199537836,0.2942990451388889,0.02673476442606959,94539,81873.64583333333,94716.73130754866,46539,33873.64583333333,46716.73130754866,26.386154513888886,-0.3702735573930409,-13.396962276591324,0.18799787130037335,-27.214495727597654,0.3818975645129031
conversion_large_large-evaluation-20,conversion_large_large,conversion,evaluation,large_large,0.6040416666666667,0.6561031192783682,0.2942990451388889,0.5871488504771942,67006,81873.64583333333,67816.85517709468,19006,33873.64583333333,19816.855177094676,-30.974262152777783,-1.689281618947247,22.188529136694218,1.2101232383587734,78.22606457609875,4.2663115705286545
reach_large_large-evaluation-21,reach_large_large,reach,evaluation,large_large,0.3093125,0.365931477909992,0.2942990451388889,0.320937121774913,81153,81873.64583333333,80595.01815480417,33153,33873.64583333333,32595.018154804173,-1.5013454861111108,1.1624621774913024,0.8880088639154787,-0.6875677364925846,2.1736972018620593,-1.6830508406353186
traffic_large_large-evaluation-21,traffic_large_large,traffic,evaluation,large_large,0.060395833333333336,0.09006295876063085,0.2942990451388889,0.06784748478982403,93101,81873.64583333333,92743.32073008845,45101,33873.64583333333,44743.320730088446,23.390321180555553,0.7451651456490689,-12.059327146503982,-0.3841841332655361,-24.893803167705087,-0.7930628365480898
reach_large_large-evaluation-22,reach_large_large,reach,evaluation,large_large,0.2684375,0.3097162311415604,0.2942990451388889,0.26936365321996536,83115,81873.64583333333,83070.54464544167,35115,33873.64583333333,35070.54464544166,2.5861545138888884,0.09261532199653644,-1.4935380697427318,-0.0534865602578753,-3.53511082633254,-0.1265993295125739
traffic_large_large-evaluation-22,traffic_large_large,traffic,evaluation,large_large,0.057729166666666665,0.08485148924701925,0.2942990451388889,0.06306633422061136,93229,81873.64583333333,92972.81595741065,45229,33873.64583333333,44972.815957410654,23.656987847222222,0.5337167553944699,-12.180066467157936,-0.27479007882670203,-25.106356909652373,-0.5664154471452963
reach_large_large-evaluation-23,reach_large_large,reach,evaluation,large_large,0.4939791666666667,0.5572303087864933,0.2942990451388889,0.49644011795401793,72289,81873.64583333333,72170.87433820714,24289,33873.64583333333,24170.87433820714,-19.96801215277778,0.2460951287351243,13.258788796820163,-0.16340751952974772,39.46084990462072,-0.48633398572546965
traffic_large_large-evaluation-23,traffic_large_large,traffic,evaluation,large_large,0.10308333333333333,0.14988846367920539,0.2942990451388889,0.12273310700209938,91052,81873.64583333333,90108.81086389923,43052,33873.64583333333,42108.81086389923,19.121571180555556,1.9649773668766053,-10.080343283691377,-1.0358796469059142,-21.31922829756265,-2.1908137510470427
reach_large_large-evaluation-24,reach_large_large,reach,evaluation,large_large,0.22747916666666668,0.27046241226212525,0.2942990451388889,0.23335108171993207,85081,81873.64583333333,84799.14807744326,37081,33873.64583333333,36799.148077443264,6.681987847222221,0.5871915053265397,-3.769765478387268,-0.331274811716768,-8.649589187634291,-0.7600979546310405
traffic_large_large-evaluation-24,traffic_large_large,traffic,evaluation,large_large,0.11345833333333333,0.1692340991993878,0.2942990451388889,0.1404813440468559,90554,81873.64583333333,89256.89548575092,42554,33873.64583333333,41256.895485750916,18.084071180555554,2.702301071352256,-9.585831842510185,-1.4324099589737356,-20.398444721216975,-3.0481376938691636
reach_large_large-evaluation-25,reach_large_large,reach,evaluation,large_large,0.16375,0.19396023073955868,0.2942990451388889,0.16316580139212924,88140,81873.64583333333,88168.04153317779,40140,33873.64583333333,40168.0415331778,13.054904513888888,-0.05841986078707617,-7.109546365630442,0.03181476421351404,-15.611246055472526,0.06985932530592565
traffic_large_large-evaluation-25,traffic_large_large,traffic,evaluation,large_large,0.09595833333333334,0.13904584872423523,0.2942990451388889,0.1127857832139989,91394,81873.64583333333,90586.28240572805,43394,33873.64583333333,42586.28240572805,19.834071180555554,1.6827449880665561,-10.416826232210727,-0.8837752962688445,-21.939333010708097,-1.8613577781996307
reach_large_large-evaluation-26,reach_large_large,reach,evaluation,large_large,0.11010416666666667,0.14009208530777073,0.2942990451388889,0.11374563045551817,90715,81873.64583333333,90540.20973813513,42715,33873.64583333333,42540.20973813513,18.41948784722222,0.36414637888514956,-9.746297929412636,-0.1926806612631493,-20.698476335401317,-0.4092011280928788
traffic_large_large-evaluation-26,traffic_large_large,traffic,evaluation,large_large,0.09010416666666667,0.1350127435715246,0.2942990451388889,0.10908569767263426,91675,81873.64583333333,90763.88651171356,43675,33873.64583333333,42763.88651171356,20.41948784722222,1.8981531005967598,-10.691414416871199,-0.9938516370727489,-22.441566494943725,-2.086121324067413
reach_large_large-evaluation-27,reach_large_large,reach,evaluation,large_large,0.17452083333333332,0.23101630127978495,0.2942990451388889,0.19716209596766937,87623,81873.64583333333,86536.21939355187,39623,33873.64583333333,38536.219393551866,11.977821180555557,2.2641262634336052,-6.5614669283939975,-1.2402914833412761,-14.510143519336426,-2.7428024290137896
traffic_large_large-evaluation-27,traffic_large_large,traffic,evaluation,large_large,0.08483333333333333,0.1217743882611269,0.2942990451388889,0.09694045344498772,91928,81873.64583333333,91346.85823464059,43928,33873.64583333333,43346.85823464059,20.946571180555555,1.2107120111654393,-10.937205385374067,-0.6321705741008298,-22.888258438050155,-1.3229415529034119
reach_large_large-evaluation-28,reach_large_large,reach,evaluation,large_large,0.16460416666666666,0.21313779333757576,0.2942990451388889,0.180759843550898,88099,81873.64583333333,87323.5275095569,40099,33873.64583333333,39323.527509556894,12.969487847222222,1.6155676884231336,-7.06631649243087,-0.8802284820975333,-15.5249611378505,-1.9338948363877053
traffic_large_large-evaluation-28,traffic_large_large,traffic,evaluation,large_large,0.043541666666666666,0.07053364600866838,0.2942990451388889,0.049930737020984245,93910,81873.64583333333,93603.32462299276,45910,33873.64583333333,45603.32462299275,25.075737847222225,0.6389070354317579,-12.816903595641223,-0.32656306783861055,-26.217282001016493,-0.6679925441238215
reach_large_large-evaluation-29,reach_large_large,reach,evaluation,large_large,0.1928125,0.23819317117607006,0.2942990451388889,0.2037463608281212,86745,81873.64583333333,86220.17468025019,38745,33873.64583333333,38220.17468025019,10.14865451388889,1.09338608281212,-5.615717524545128,-0.6050208308834082,-12.572858863509282,-1.3545627042194153
traffic_large_large-evaluation-29,traffic_large_large,traffic,evaluation,large_large,0.12952083333333334,0.18214965113238799,0.2942990451388889,0.15233043926172268,89783,81873.64583333333,88688.13891543732,41783,33873.64583333333,40688.13891543732,16.477821180555555,2.2809605928389347,-8.809411766889804,-1.2194525517778227,-18.92959856081821,-2.6203505841195764
reach_large_large-evaluation-30,reach_large_large,reach,evaluation,large_large,0.48385416666666664,0.5325538286004392,0.2942990451388889,0.47380121217522264,72775,81873.64583333333,73257.54181558931,24775,33873.64583333333,25257.541815589313,-18.955512152777775,-1.0052954491444,12.50243329898087,0.6630598633999493,36.725109317188,1.9476965311374896
traffic_large_large-evaluation-30,traffic_large_large,traffic,evaluation,large_large,0.0463125,0.07003051363223199,0.2942990451388889,0.049469149048205124,93777,81873.64583333333,93625.48084568615,45777,33873.64583333333,45625.48084568616,24.798654513888888,0.31566490482051246,-12.693255453540496,-0.16157389798548671,-26.00291449126564,-0.3309940675750761
reach_large_large-evaluation-31,reach_large_large,reach,evaluation,large_large,0.3456458333333333,0.39478558605465836,0.2942990451388889,0.34740870243362637,79409,81873.64583333333,79324.38228318593,31409,33873.64583333333,31324.382283185936,-5.134678819444444,0.1762869100293052,3.1037361424187795,-0.10655935323964685,7.84694142867754,-0.2694059562993534
traffic_large_large-evaluation-31,traffic_large_large,traffic,evaluation,large_large,0.07747916666666667,0.11780343711161681,0.2942990451388889,0.09329738975648144,92281,81873.64583333333,91521.7252916889,44281,33873.64583333333,43521.72529168889,21.681987847222224,1.5818223089814774,-11.277894871822664,-0.8227855228173758,-23.502979080568803,-1.7146738066238565
reach_large_large-evaluation-32,reach_large_large,reach,evaluation,large_large,0.0855,0.10799822734285744,0.2942990451388889,0.08430181103445131,91896,81873.64583333333,91953.51307034634,43896,33873.64583333333,43953.51307034634,20.879904513888885,-0.11981889655486994,-10.906191963378898,0.06258495510831424,-22.832044301682778,0.1310212100107902
traffic_large_large-evaluation-32,traffic_large_large,traffic,evaluation,large_large,0.141875,0.20447718517334215,0.2942990451388889,0.17281435494235822,89190,81873.64583333333,87704.91096276681,41190,33873.64583333333,39704.91096276681,15.242404513888888,3.093935494235822,-8.203110401016563,-1.6650846924915264,-17.762452456097773,-3.6054601535158834
reach_large_large-evaluation-33,reach_large_large,reach,evaluation,large_large,0.6617916666666667,0.7202589171385445,0.2942990451388889,0.6460072067731136,64234,81873.64583333333,64991.654074890546,16234,33873.64583333333,16991.654074890546,-36.74926215277778,-1.5784459893553038,27.461540357650666,1.1795218651968526,108.65865364872076,4.667081895346472
reach_large_large-evaluation-34,reach_large_large,reach,evaluation,large_large,0.3666041666666667,0.4188119579110576,0.2942990451388889,0.3694511803138681,78403,81873.64583333333,78266.34334493433,30403,33873.64583333333,30266.343344934336,-7.230512152777779,0.2847013647201413,4.426674787104229,-0.17430028833803765,11.415471609161361,-0.4494841136258408
reach_large_large-evaluation-35,reach_large_large,reach,evaluation,large_large,0.5774791666666667,0.6268811278443249,0.2942990451388889,0.5603397632104475,68281,81873.64583333333,69103.69136589851,20281,33873.64583333333,21103.691365898518,-28.318012152777776,-1.7139403456219116,19.906922618786087,1.20486133170064,67.02157602353596,4.056463517077647
reach_large_large-evaluation-36,reach_large_large,reach,evaluation,large_large,0.5203958333333333,0.5745570707118456,0.2942990451388889,0.5123361828596342,71021,81873.64583333333,71407.86322273756,23021,33873.64583333333,23407.863222737556,-22.60967881944444,-0.8059650473699054,15.280896964747509,0.5447166651237856,47.14237362987415,1.6804796609076778
reach_large_large-evaluation-37,reach_large_large,reach,evaluation,large_large,0.19470833333333334,0.23486989539873043,0.2942990451388889,0.20069749297367476,86654,81873.64583333333,86366.52033726362,38654,33873.64583333333,38366.52033726361,9.959071180555554,0.5989159640341413,-5.516599541471451,-0.3317557905421366,-12.367036184267272,-0.7437255206094849
reach_large_large-evaluation-38,reach_large_large,reach,evaluation,large_large,0.1411875,0.17789318538619092,0.2942990451388889,0.1484254363499507,89223,81873.64583333333,88875.57905520237,41223,33873.64583333333,40875.57905520237,15.311154513888889,0.7237936349950708,-8.23706237928188,-0.3893849621707764,-17.828285584908116,-0.8427842340383568
reach_large_large-evaluation-39,reach_large_large,reach,evaluation,large_large,0.0726875,0.08691042784070643,0.2942990451388889,0.06495526313086789,92511,81873.64583333333,92882.14736971834,44511,33873.64583333333,44882.14736971835,22.161154513888885,-0.7732236869132116,-11.498474956131348,0.40119269029449384,-23.89825923180039,0.8338329170729628
reach_large_large-evaluation-40,reach_large_large,reach,evaluation,large_large,0.3922291666666667,0.4545258575456773,0.2942990451388889,0.4022161290717726,77173,81873.64583333333,76693.62580455492,29173,33873.64583333333,28693.625804554915,-9.79301215277778,0.9986962405105937,6.091049762654463,-0.621168278342272,16.113001176887288,-1.6432118583796154
reach_large_large-evaluation-41,reach_large_large,reach,evaluation,large_large,0.16408333333333333,0.14307264690850602,0.2942990451388889,0.11648008256287648,88124,81873.64583333333,90408.95603698192,40124,33873.64583333333,42408.95603698193,13.021571180555554,-4.760325077045685,-7.092680957136163,2.5928873371407595,-15.57759487256174,5.694736409585111
reach_large_large-evaluation-42,reach_large_large,reach,evaluation,large_large,0.3565625,0.4067193182009401,0.2942990451388889,0.35835704821114683,78885,81873.64583333333,78798.86168586495,30885,33873.64583333333,30798.861685864948,-6.2263454861111125,0.17945482111468292,3.7886110582916,-0.10919479512588261,9.676690410663197,-0.2789001590903432
reach_large_large-evaluation-43,reach_large_large,reach,evaluation,large_large,0.2533125,0.3147127280760436,0.2942990451388889,0.2739475818220572,83841,81873.64583333333,82850.51607254126,35841,33873.64583333333,34850.51607254126,4.098654513888889,2.06350818220572,-2.3465299396079145,-1.1813837233080986,-5.489116282097798,-2.7635499217620687
reach_large_large-evaluation-44,reach_large_large,reach,evaluation,large_large,0.3960625,0.4578905345917229,0.2942990451388889,0.40530297962935535,76989,81873.64583333333,76545.45697779095,28989,33873.64583333333,28545.456977790942,-10.17634548611111,0.9240479629355369,6.344602259197195,-0.5761122007157526,16.8499977002771,-1.5300390569148923
reach_large_large-evaluation-45,reach_large_large,reach,evaluation,large_large,0.2756458333333333,0.3316939256221452,0.2942990451388889,0.28952661612349573,82769,81873.64583333333,82102.7224260722,34769,33873.64583333333,34102.72242607221,1.865321180555557,1.3880782790162416,-1.0817506151659093,-0.8049844433638202,-2.575150756900318,-1.9162977765474793
reach_large_large-evaluation-46,reach_large_large,reach,evaluation,large_large,0.1790625,0.2274589350958182,0.2942990451388889,0.19389846690662482,87405,81873.64583333333,86692.873588482,39405,33873.64583333333,38692.873588482005,11.523654513888888,1.483596690662481,-6.328418473390163,-0.8147433344980204,-14.037188597047766,-1.807198100540527
reach_large_large-evaluation-47,reach_large_large,reach,evaluation,large_large,0.3626666666666667,0.4260543783170373,0.2942990451388889,0.37609558307897806,78592,81873.64583333333,77947.41201220905,30592,33873.64583333333,29947.412012209054,-6.836762152777781,1.3428916412311365,4.175546917413132,-0.8201699763219494,10.727137269002773,-2.107047554232958
reach_large_large-evaluation-48,reach_large_large,reach,evaluation,large_large,0.36685416666666665,0.43264118969183113,0.2942990451388889,0.3821385114452744,78391,81873.64583333333,77657.35145062683,30391,33873.64583333333,29657.351450626826,-7.255512152777777,1.528434477860774,4.442660296887817,-0.9358836465578629,11.459464424774863,-2.4140322772306746
reach_medium_large-evaluation-01,reach_medium_large,reach,evaluation,medium_large,0.217,0.2520332090816672,0.2942990451388889,0.21644360580622968,57396,56468.411458333336,57402.67673032524,9396,8468.411458333332,9402.676730325244,7.729904513888888,-0.055639419377032096,-1.6161205339512583,0.011632745008784246,-9.872164130126308,0.07105928400642428
reach_large_medium-evaluation-01,reach_large_medium,reach,evaluation,large_medium,0.03908333333333333,0.0421502689966942,0.2942990451388889,0.023891018511159823,59531,56468.411458333336,59713.30777786608,11531,8468.411458333332,11713.307777866083,25.521571180555558,-1.519231482217351,-5.1445272911032305,0.30624007301419576,-26.559609241754124,1.5810231364676324
reach_medium_large-evaluation-02,reach_medium_large,reach,evaluation,medium_large,0.5473333333333333,0.6034144025643762,0.2942990451388889,0.5388107210397625,53432,56468.411458333336,53534.27134752285,5432,8468.411458333332,5534.27134752285,-25.303428819444445,-0.8522612293570875,5.682758381369472,0.1914046779511379,55.89859091188019,1.8827567658845765
reach_large_medium-evaluation-02,reach_large_medium,reach,evaluation,large_medium,0.45958333333333334,0.5055907819848477,0.2942990451388889,0.44906454522607586,54485,56468.411458333336,54611.22545728709,6485,8468.411458333332,6611.22545728709,-16.528428819444446,-1.0518788107257482,3.6402889939127023,0.23167010606054494,30.584602287329716,1.9464218548510368
reach_medium_large-evaluation-03,reach_medium_large,reach,evaluation,medium_large,0.4435,0.49709963595320333,0.2942990451388889,0.4412745260047354,54678,56468.411458333336,54704.70568794318,6678,8468.411458333332,6704.705687943176,-14.920095486111112,-0.22254739952646263,3.2744640592803975,0.048841742461641975,26.81059386542875,0.3999054798319211
reach_large_medium-evaluation-03,reach_large_medium,reach,evaluation,large_medium,0.10783333333333334,0.14604268054226618,0.2942990451388889,0.1192048760134655,58706,56468.411458333336,58569.54148783841,10706,8468.411458333332,10569.541487838414,18.646571180555554,1.1371542680132158,-3.8115159296607914,-0.23244389357406256,-20.900322638395927,-1.2745984696580004
reach_medium_large-evaluation-04,reach_medium_large,reach,evaluation,medium_large,0.4683333333333333,0.5237643958950561,0.2942990451388889,0.46573753626334424,54380,56468.411458333336,54411.14956483987,6380,8468.411458333332,6411.1495648398695,-17.403428819444443,-0.2595797069989081,3.840403564423199,0.05728128878240242,32.733721917450346,0.4882376934148829
reach_large_medium-evaluation-04,reach_large_medium,reach,evaluation,large_medium,0.2708333333333333,0.32302026047914517,0.2942990451388889,0.28156914867073585,56750,56468.411458333336,56621.17021595117,8750,8468.411458333332,8621.17021595117,2.3465711805555567,1.0735815337402532,-0.49619126284874754,-0.22701283532833538,-3.218154761904776,-1.4723403891294895
reach_medium_large-evaluation-05,reach_medium_large,reach,evaluation,medium_large,0.08466666666666667,0.118271235915251,0.2942990451388889,0.09372656170317153,58984,56468.411458333336,58875.28125956194,10984,8468.411458333332,10875.281259561942,20.96323784722222,0.9059895036504867,-4.264865966476781,-0.18431903641336667,-22.90229917759166,-0.989791883085018
reach_large_medium-evaluation-05,reach_large_medium,reach,evaluation,large_medium,0.04675,0.06002159627519437,0.2942990451388889,0.040286683182518934,59439,56468.411458333336,59516.55980180977,11439,8468.411458333332,11516.559801809773,24.75490451388889,-0.6463316817481066,-4.997709486476327,0.13048638404040022,-25.968953069907055,0.6780295638584971
reach_medium_large-evaluation-06,reach_medium_large,reach,evaluation,medium_large,0.3405,0.4132768034247295,0.2942990451388889,0.36437307193121976,55914,56468.411458333336,55627.52313682536,7914,8468.411458333332,7627.5231368253635,-4.620095486111114,2.3873071931219734,0.9915431883487781,-0.512352654388241,7.005451836408038,-3.61987443991201
reach_large_medium-evaluation-06,reach_large_medium,reach,evaluation,large_medium,0.30025,0.3494158913395871,0.2942990451388889,0.30578525224449926,56397,56468.411458333336,56330.57697306601,8397,8468.411458333332,8330.576973066009,-0.5950954861111135,0.5535252244499245,0.12662279612982208,-0.11777758911642393,0.8504401373506266,-0.791032832368601
reach_medium_large-evaluation-07,reach_medium_large,reach,evaluation,medium_large,0.3885,0.4406003545351015,0.2942990451388889,0.3894404759720682,55338,56468.411458333336,55326.714288335184,7338,8468.411458333332,7326.714288335182,-9.420095486111112,0.09404759720681999,2.0427399948197182,-0.02039414446639851,15.404898587262634,-0.15379819657697377
reach_large_medium-evaluation-07,reach_large_medium,reach,evaluation,large_medium,0.22475,0.26619250581805826,0.2942990451388889,0.22943374792910504,57303,56468.411458333336,57246.79502485074,9303,8468.411458333332,9246.795024850739,6.954904513888888,0.4683747929105031,-1.4564482516912975,-0.09808382658719361,-8.971176412626765,-0.6041596812776672
reach_medium_large-evaluation-08,reach_medium_large,reach,evaluation,medium_large,0.67825,0.7420233361466645,0.2942990451388889,0.6659745046835146,51861,56468.411458333336,52008.30594379782,3861,8468.411458333332,4008.305943797825,-38.39509548611112,-1.2275495316485419,8.884154679495838,0.28403992170961356,119.3320761029094,3.8152277595914263
reach_large_medium-evaluation-08,reach_large_medium,reach,evaluation,large_medium,0.6641666666666667,0.7026956592315239,0.2942990451388889,0.629894173717839,52030,56468.411458333336,52441.26991538593,4030,8468.411458333332,4441.269915385932,-36.98676215277778,-3.4272492948827726,8.530485216862072,0.7904476559406659,110.13427936310997,10.205208818509481
reach_medium_large-evaluation-09,reach_medium_large,reach,evaluation,medium_large,0.208,0.23695824236361174,0.2942990451388889,0.2026134019612985,57504,56468.411458333336,57568.63917646442,9504,8468.411458333332,9568.639176464418,8.629904513888889,-0.5386598038701479,-1.8008982708449226,0.11240813937190687,-10.896344083193055,0.6801260149875599
reach_large_medium-evaluation-09,reach_large_medium,reach,evaluation,large_medium,0.10116666666666667,0.1160749414471219,0.2942990451388889,0.0917116186014173,58786,56468.411458333336,58899.46057678299,10786,8468.411458333332,10899.460576782993,19.31323784722222,-0.945504806524937,-3.9424157821023105,0.19300611843464868,-21.487006690772002,1.0519245019747132
reach_medium_large-evaluation-10,reach_medium_large,reach,evaluation,medium_large,0.514,0.5701825569314347,0.2942990451388889,0.5083228793189318,53832,56468.411458333336,53900.12544817282,5832,8468.411458333332,5900.125448172818,-21.970095486111113,-0.5677120681068182,4.897480045945415,0.1265519545489995,45.20595779035206,1.1681318273802868
reach_large_medium-evaluation-10,reach_large_medium,reach,evaluation,large_medium,0.31016666666666665,0.3671290447343162,0.2942990451388889,0.3220358036896461,56278,56468.411458333336,56135.570355724245,8278,8468.411458333332,8135.570355724247,-1.5867621527777764,1.1869137022979481,0.33834084070744475,-0.25308227775641456,2.3002109003784987,-1.7205803850658754
reach_medium_large-evaluation-11,reach_medium_large,reach,evaluation,medium_large,0.6395833333333333,0.678248505801071,0.2942990451388889,0.6074656588365083,52325,56468.411458333336,52710.4120939619,4325,8468.411458333332,4710.412093961901,-34.52842881944444,-3.211767449682501,7.918607660455492,0.7365735192774056,95.80142100192676,8.911262288136431
reach_large_medium-evaluation-11,reach_large_medium,reach,evaluation,large_medium,0.6076666666666667,0.6442630836248638,0.2942990451388889,0.5762864645308894,52708,56468.411458333336,53084.56242562933,4708,8468.411458333332,5084.562425629328,-31.33676215277778,-3.13802021357773,7.134422589233771,0.7144312545141732,79.87280072925515,7.99835228609447
reach_medium_large-evaluation-12,reach_medium_large,reach,evaluation,medium_large,0.43133333333333335,0.49732406190355777,0.2942990451388889,0.4414804207638778,54824,56468.411458333336,54702.23495083347,6824,8468.411458333332,6702.234950833466,-13.703428819444447,1.0147087430544433,2.999437214237078,-0.222101724001411,24.09747154650252,-1.7843647298730008
reach_large_medium-evaluation-12,reach_large_medium,reach,evaluation,large_medium,0.20475,0.24605203548752658,0.2942990451388889,0.2109563067901855,57543,56468.411458333336,57468.524318517775,9543,8468.411458333332,9468.524318517773,8.95490451388889,0.6206306790185523,-1.8674531075311753,-0.12942613607602124,-11.2604898005519,-0.7804221050217617
reach_medium_large-evaluation-13,reach_medium_large,reach,evaluation,medium_large,0.27458333333333335,0.32380159519827934,0.2942990451388889,0.28228596739669726,56705,56468.411458333336,56612.568391239634,8705,8468.411458333332,8612.568391239633,1.9715711805555536,0.7702634063363911,-0.41722694941656685,-0.16300433605566642,-2.717846544131739,-1.061822042049023
reach_large_medium-evaluation-13,reach_large_medium,reach,evaluation,large_medium,0.1045,0.13337329132344644,0.2942990451388889,0.10758161748399978,58746,56468.411458333336,58709.020590192005,10746,8468.411458333332,10709.020590192004,18.97990451388889,0.30816174839997795,-3.8770104205676374,-0.06294796208762243,-21.19475657609034,-0.34412255544385345
reach_medium_large-evaluation-14,reach_medium_large,reach,evaluation,medium_large,0.36533333333333334,0.42756780267008726,0.2942990451388889,0.377484041687082,55616,56468.411458333336,55470.19149975502,7616,8468.411458333332,7470.191499755017,-7.103428819444446,1.2150708353748652,1.532673076692563,-0.26217005941632027,11.192377341561608,-1.914502366662072
reach_large_medium-evaluation-14,reach_large_medium,reach,evaluation,large_medium,0.04033333333333333,0.04673261612397929,0.2942990451388889,0.0280949942839675,59516,56468.411458333336,59662.86006859239,11516,8468.411458333332,11662.86006859239,25.396571180555554,-1.2238339049365832,-5.1206205754194905,0.2467572897916332,-26.46395051811973,1.2752697863180813
reach_medium_large-evaluation-15,reach_medium_large,reach,evaluation,medium_large,0.552,0.6225829608212975,0.2942990451388889,0.5563965023595407,53376,56468.411458333336,53323.24197168551,5376,8468.411458333332,5323.241971685511,-25.770095486111117,0.43965023595406993,5.793636575114913,-0.09884222930622855,57.522534567212276,-0.9813621338260586
reach_large_medium-evaluation-15,reach_large_medium,reach,evaluation,large_medium,0.48983333333333334,0.554127544152258,0.2942990451388889,0.4935935533030379,54122,56468.411458333336,54076.87736036355,6122,8468.411458333332,6076.877360363545,-19.553428819444445,0.3760219969704548,4.33541158555363,-0.08337208461707053,38.32753117173035,-0.7370571649208518
reach_medium_large-evaluation-16,reach_medium_large,reach,evaluation,medium_large,0.8341666666666666,0.849509654381555,0.2942990451388889,0.7645855145472518,49990,56468.411458333336,50824.97382543298,1990,8468.411458333332,2824.9738254329786,-53.98676215277778,-6.958115211941484,12.959414799626597,1.6702817072073988,325.5483144891122,41.95848369009943
reach_large_medium-evaluation-16,reach_large_medium,reach,evaluation,large_medium,0.8596666666666667,0.8906159020591937,0.2942990451388889,0.8022975569891804,49684,56468.411458333336,50372.429316129834,1684,8468.411458333332,2372.4293161298356,-56.53676215277778,-5.736910967748631,13.65512329589674,1.3856157236330282,402.87478968725253,40.88060072029902
reach_medium_large-evaluation-17,reach_medium_large,reach,evaluation,medium_large,0.16533333333333333,0.19786028783648085,0.2942990451388889,0.16674382485752776,58016,56468.411458333336,57999.074101709666,10016,8468.411458333332,9999.074101709668,12.896571180555554,0.14104915241944238,-2.667520238669788,-0.029174535111579327,-15.451163554978715,-0.16898860114149403
reach_large_medium-evaluation-17,reach_large_medium,reach,evaluation,large_medium,0.041,0.05089618148494008,0.2942990451388889,0.0319147677362574,59508,56468.411458333336,59617.02278716491,11508,8468.411458333332,11617.022787164911,25.32990451388889,-0.9085232263742603,-5.107865399049983,0.1832069422008995,-26.41283056714171,0.947365199556059
reach_medium_large-evaluation-18,reach_medium_large,reach,evaluation,medium_large,0.2530833333333333,0.3098239482835945,0.2942990451388889,0.26946247599415707,56963,56468.411458333336,56766.45028807012,8963,8468.411458333332,8766.450288070115,4.121571180555556,1.6379142660823742,-0.8682628050957012,-0.34504803456608957,-5.518113819777618,-2.19290094756092
reach_large_medium-evaluation-18,reach_large_medium,reach,evaluation,large_medium,0.18241666666666667,0.21679869729364237,0.2942990451388889,0.1841184611131162,57811,56468.411458333336,57790.578466642604,9811,8468.411458333332,9790.578466642606,11.18823784722222,0.17017944464495227,-2.3223755715463565,-0.03532464990641171,-13.684522899466598,-0.20814935641008925
reach_medium_large-evaluation-19,reach_medium_large,reach,evaluation,medium_large,0.41383333333333333,0.47465166736408565,0.2942990451388889,0.42068012023929724,55034,56468.411458333336,54951.83855712843,7034,8468.411458333332,6951.838557128433,-11.953428819444445,0.6846786905963909,2.6064095983089284,-0.14929215189077535,20.392542768457947,-1.1680614568036192
reach_large_medium-evaluation-19,reach_large_medium,reach,evaluation,large_medium,0.35233333333333333,0.43402045953711565,0.2942990451388889,0.38340389288685356,55772,56468.411458333336,55399.15328535776,7772,8468.411458333332,7399.153285357758,-5.803428819444445,3.1070559553520227,1.2486757841449756,-0.6685195342505932,8.960517991936852,-4.797307187882677
reach_medium_large-evaluation-20,reach_medium_large,reach,evaluation,medium_large,0.40858333333333335,0.4685397737855652,0.2942990451388889,0.4150728949863073,55097,56468.411458333336,55019.125260164314,7097,8468.411458333332,7019.125260164313,-11.428428819444447,0.648956165297393,2.489085537022589,-0.14134116165251528,19.32381933680896,-1.0972909656994116
reach_large_medium-evaluation-20,reach_large_medium,reach,evaluation,large_medium,0.11266666666666666,0.14850528285267958,0.2942990451388889,0.1214641375149336,58648,56468.411458333336,58542.430349820796,10648,8468.411458333332,10542.430349820797,18.16323784722222,0.8797470848266931,-3.716390229277493,-0.18000554184150264,-20.46946414037066,-0.9914505088204607
reach_medium_large-evaluation-21,reach_medium_large,reach,evaluation,medium_large,0.47983333333333333,0.539090446157366,0.2942990451388889,0.4797980913033455,54242,56468.411458333336,54242.42290435985,6242,8468.411458333332,6242.422904359854,-18.553428819444445,-0.003524202998783643,4.104589540085793,0.0007796621803278253,35.66823867884223,0.006775141939351626
reach_large_medium-evaluation-21,reach_large_medium,reach,evaluation,large_medium,0.2365,0.27561185566435475,0.2942990451388889,0.23807532776788332,57162,56468.411458333336,57143.0960667854,9162,8468.411458333332,9143.0960667854,5.779904513888889,0.15753277678833277,-1.2133734678049477,-0.03307080440607136,-7.570274412428159,-0.20632976658590185
reach_medium_large-evaluation-22,reach_medium_large,reach,evaluation,medium_large,0.5251666666666667,0.5714356864758218,0.2942990451388889,0.5094725360556343,53698,56468.411458333336,53886.32956733239,5698,8468.411458333332,5886.329567332389,-23.08676215277778,-1.569413061103242,5.15924514569134,0.35071989149016397,48.62076971451969,3.3051872118706416
reach_large_medium-evaluation-22,reach_large_medium,reach,evaluation,large_medium,0.4068333333333333,0.49112271573672506,0.2942990451388889,0.4357911291585069,55118,56468.411458333336,54770.50645009792,7118,8468.411458333332,6770.506450097918,-11.253428819444444,2.895779582517355,2.450037117336144,-0.6304538443014612,18.97178221878803,-4.881898706126471
reach_medium_large-evaluation-23,reach_medium_large,reach,evaluation,medium_large,0.07966666666666666,0.09737080501066882,0.2942990451388889,0.07455191108778653,59044,56468.411458333336,59105.37706694656,11044,8468.411458333332,11105.377066946561,21.46323784722222,-0.5114755578880137,-4.3621511782173705,0.10395140394715696,-23.321156661233864,0.5557503345396702
reach_large_medium-evaluation-23,reach_large_medium,reach,evaluation,large_medium,0.010083333333333333,0.008031000061788508,0.2942990451388889,0.0,59879,56468.411458333336,60000.0,11879,8468.411458333332,12000.0,28.421571180555556,-1.0083333333333333,-5.695800767659219,0.20207418293558677,-28.711074515251013,1.0186042596178129
reach_medium_large-evaluation-24,reach_medium_large,reach,evaluation,medium_large,0.5204166666666666,0.5891614326913949,0.2942990451388889,0.5257346405133028,53755,56468.411458333336,53691.184313840364,5755,8468.411458333332,5691.1843138403665,-22.611762152777775,0.5317973846636126,5.047737807335757,-0.11871581463982186,47.14876556617432,-1.1088737820961514
reach_large_medium-evaluation-24,reach_large_medium,reach,evaluation,large_medium,0.18508333333333332,0.2115258757488545,0.2942990451388889,0.17928102444302269,57779,56468.411458333336,57848.62770668373,9779,8468.411458333332,9848.627706683727,10.921571180555556,-0.5802308890310637,-2.2682783393043566,0.12050694315188619,-13.402071189964904,0.7120125440610134
reach_medium_large-evaluation-25,reach_medium_large,reach,evaluation,medium_large,0.20783333333333334,0.25778896680822116,0.2942990451388889,0.2217241018848669,57506,56468.411458333336,57339.3107773816,9506,8468.411458333332,9339.310777381597,8.646571180555554,1.3890768551533568,-1.8043135353992006,-0.2898640535220656,-10.915090907497031,-1.7535159122491344
reach_large_medium-evaluation-25,reach_large_medium,reach,evaluation,large_medium,0.19541666666666666,0.2193533496208908,0.2942990451388889,0.18646217192187417,57655,56468.411458333336,57762.45393693751,9655,8468.411458333332,9762.453936937509,9.888237847222223,-0.8954494744792485,-2.058084366779402,0.18637401255313932,-12.289886500949434,1.1129356492750786
reach_medium_large-evaluation-26,reach_medium_large,reach,evaluation,medium_large,0.4678333333333333,0.5332299899210932,0.2942990451388889,0.4744215418297818,54386,56468.411458333336,54306.941498042615,6386,8468.411458333332,6306.941498042618,-17.353428819444446,0.6588208496448478,3.8289476305176624,-0.14536553884710143,32.60901124856455,-1.2379972119853093
reach_large_medium-evaluation-26,reach_large_medium,reach,evaluation,large_medium,0.16075,0.18556460491384996,0.2942990451388889,0.1554634151284004,58071,56468.411458333336,58134.4390184592,10071,8468.411458333332,10134.439018459194,13.354904513888888,-0.5286584871599609,-2.7597054324304113,0.10924388844551935,-15.91290379968889,0.6299177684360431
reach_medium_large-evaluation-27,reach_medium_large,reach,evaluation,medium_large,0.5075,0.546870712194059,0.2942990451388889,0.48693592896944016,53910,56468.411458333336,54156.76885236672,5910,8468.411458333332,6156.768852366718,-21.320095486111107,-2.0564071030559794,4.74570851109875,0.4577422600013293,43.28953398195147,4.175445894529923
reach_large_medium-evaluation-27,reach_large_medium,reach,evaluation,large_medium,0.23091666666666666,0.26493342438369094,0.2942990451388889,0.22827863075900795,57229,56468.411458333336,57260.656430891904,9229,8468.411458333332,9260.656430891906,6.3382378472222225,-0.2638035907658709,-1.329026440557522,0.05531536614636664,-8.241288781738735,0.3430104116578826
reach_medium_large-evaluation-28,reach_medium_large,reach,evaluation,medium_large,0.34058333333333335,0.4134904020854728,0.2942990451388889,0.364569033426481,55913,56468.411458333336,55625.171598882225,7913,8468.411458333332,7625.171598882227,-4.628428819444447,2.3985700093147653,0.9933494148647645,-0.5147790337091102,7.0189745776991295,-3.637411868037065
reach_large_medium-evaluation-28,reach_large_medium,reach,evaluation,large_medium,0.029416666666666667,0.034715738216301105,0.2942990451388889,0.017070368216714926,59647,56468.411458333336,59795.15558139942,11647,8468.411458333332,11795.15558139942,26.488237847222223,-1.234629844995174,-5.32899985190649,0.2483873143652154,-27.291049554964093,1.2720492950924704
reach_medium_large-evaluation-29,reach_medium_large,reach,evaluation,medium_large,0.7065,0.7571770906384284,0.2942990451388889,0.679876990676145,51522,56468.411458333336,51841.47611188626,3522,8468.411458333332,3841.4761118862593,-41.22009548611111,-2.6623009323854974,9.600581224201964,0.6200770775324306,140.44325548930527,9.07087200131344
reach_large_medium-evaluation-29,reach_large_medium,reach,evaluation,large_medium,0.70225,0.7583670862041957,0.2942990451388889,0.6809687265026272,51573,56468.411458333336,51828.375281968474,3573,8468.411458333332,3828.3752819684737,-40.795095486111116,-2.1281273497372855,9.492198356375111,0.495172439005825,137.0112358895419,7.1473630553729
reach_medium_large-evaluation-30,reach_medium_large,reach,evaluation,medium_large,0.4305,0.5041182463145911,0.2942990451388889,0.44771359906019215,54834,56468.411458333336,54627.436811277694,6834,8468.411458333332,6627.436811277695,-13.620095486111111,1.7213599060192153,2.9806533507191446,-0.37670640245523984,23.91588320651642,-3.0225810465657785
reach_large_medium-evaluation-30,reach_large_medium,reach,evaluation,large_medium,0.028833333333333332,0.037004122679767916,0.2942990451388889,0.01916979730317614,59654,56468.411458333336,59769.962432361885,11654,8468.411458333332,11769.962432361886,26.546571180555556,-0.9663536030157193,-5.340108863892889,0.19439171281369994,-27.334722341399246,0.9950440394876127
reach_medium_large-evaluation-31,reach_medium_large,reach,evaluation,medium_large,0.7149166666666666,0.7627206763858233,0.2942990451388889,0.6849628341378424,51421,56468.411458333336,51780.44599034589,3421,8468.411458333332,3780.445990345891,-42.061762152777774,-2.995383252882422,9.815856281156213,0.6990256711185934,147.54198942804246,10.507044441563608
reach_large_medium-evaluation-31,reach_large_medium,reach,evaluation,large_medium,0.72,0.7622618646150681,0.2942990451388889,0.6845419071510916,51360,56468.411458333336,51785.4971141869,3360,8468.411458333332,3785.4971141869005,-42.57009548611111,-3.545809284890833,9.94628399208204,0.8284601132922561,152.03605530753964,12.663604588895849
reach_medium_large-evaluation-32,reach_medium_large,reach,evaluation,medium_large,0.44633333333333336,0.5386885603152243,0.2942990451388889,0.4794293897849166,54644,56468.411458333336,54246.847322581,6644,8468.411458333332,6246.847322581,-15.203428819444447,3.3096056451583253,3.3387223818412557,-0.7268001563190813,27.45953429159139,-5.977614049051771
reach_large_medium-evaluation-32,reach_large_medium,reach,evaluation,large_medium,0.24558333333333332,0.2826355767532238,0.2942990451388889,0.24451908955029944,57053,56468.411458333336,57065.770925396406,9053,8468.411458333332,9065.770925396408,4.871571180555556,-0.10642437830338802,-1.0246411961976833,0.022384318784999562,-6.457401321845442,0.14106843473332176
