campaign_id,scenario,method,metric,report,report_type,edp_count,day,value
provider_eval_broad_awareness_control,broad_awareness_control,existing_vid,report_error,weeks_1_3__2_edps,prefix,2,3,0.005171214665547021
provider_eval_broad_awareness_control,broad_awareness_control,existing_vid,report_error,weeks_1_12__2_edps,prefix,2,12,0.00879049166579306
provider_eval_broad_awareness_control,broad_awareness_control,existing_vid,report_error,weeks_5_12__2_edps,interval,2,12,0.003266772664920813
provider_eval_broad_awareness_control,broad_awareness_control,existing_vid,report_error,weeks_1_3__5_edps,prefix,5,3,0.02455243333270485
provider_eval_broad_awareness_control,broad_awareness_control,existing_vid,report_error,weeks_1_12__5_edps,prefix,5,12,0.004171908557365368
provider_eval_broad_awareness_control,broad_awareness_control,existing_vid,report_error,weeks_7_13__5_edps,interval,5,13,0.0021952740987841867
provider_eval_broad_awareness_control,broad_awareness_control,existing_vid,report_error,all_weeks__5_edps,prefix,5,13,0.004107825166624894
provider_eval_broad_awareness_control,broad_awareness_control,existing_vid,report_error,noncontiguous__5_edps,noncontiguous,5,13,0.008928297829633657
provider_eval_broad_awareness_control,broad_awareness_control,existing_vid,report_error,weeks_1_3__10_edps,prefix,10,3,0.03220343574201355
provider_eval_broad_awareness_control,broad_awareness_control,existing_vid,report_error,weeks_1_12__10_edps,prefix,10,12,0.000461062597124849
provider_eval_broad_awareness_control,broad_awareness_control,existing_vid,report_error,all_weeks__10_edps,prefix,10,13,0.00047947057792178266
provider_eval_broad_awareness_control,broad_awareness_control,existing_vid,report_error,weeks_5_12__10_edps,interval,10,12,0.0017193856330657332
provider_eval_broad_awareness_control,broad_awareness_control,existing_vid,report_error,weeks_7_13__10_edps,interval,10,13,0.002466878356810066
provider_eval_broad_awareness_control,broad_awareness_control,existing_vid,report_error,noncontiguous__10_edps,noncontiguous,10,13,0.006312911298552543
provider_eval_broad_awareness_control,broad_awareness_control,existing_vid,report_error,noncontiguous__2_edps,noncontiguous,2,13,0.002729916738443699
provider_eval_broad_awareness_control,broad_awareness_control,panel_fixed_log_pairwise,raw_prefix_error,weeks_1_1__10_edps,prefix,10,1,0.0281097576188875
provider_eval_broad_awareness_control,broad_awareness_control,panel_fixed_log_pairwise,reconciled_prefix_error,weeks_1_1__10_edps,prefix,10,1,0.028203859475507173
provider_eval_broad_awareness_control,broad_awareness_control,panel_fixed_log_pairwise,union_adjustment,weeks_1_1__10_edps,prefix,10,1,9.682354294348015e-05
provider_eval_broad_awareness_control,broad_awareness_control,panel_fixed_log_pairwise,cell_l1_adjustment,weeks_1_1__10_edps,prefix,10,1,0.2168143980592507
provider_eval_broad_awareness_control,broad_awareness_control,panel_fixed_log_pairwise,temporal_projection_used,weeks_1_1__10_edps,prefix,10,1,1.0
provider_eval_broad_awareness_control,broad_awareness_control,panel_fixed_log_pairwise,reconciliation_seconds,weeks_1_1__10_edps,prefix,10,1,0.013950917054899037
provider_eval_broad_awareness_control,broad_awareness_control,panel_fixed_log_pairwise,raw_prefix_error,weeks_1_2__10_edps,prefix,10,2,0.06584320038752545
provider_eval_broad_awareness_control,broad_awareness_control,panel_fixed_log_pairwise,reconciled_prefix_error,weeks_1_2__10_edps,prefix,10,2,0.06589147286821706
provider_eval_broad_awareness_control,broad_awareness_control,panel_fixed_log_pairwise,union_adjustment,weeks_1_2__10_edps,prefix,10,2,5.1674923001525444e-05
provider_eval_broad_awareness_control,broad_awareness_control,panel_fixed_log_pairwise,cell_l1_adjustment,weeks_1_2__10_edps,prefix,10,2,0.21449995532895216
provider_eval_broad_awareness_control,broad_awareness_control,panel_fixed_log_pairwise,temporal_projection_used,weeks_1_2__10_edps,prefix,10,2,1.0
provider_eval_broad_awareness_control,broad_awareness_control,panel_fixed_log_pairwise,reconciliation_seconds,weeks_1_2__10_edps,prefix,10,2,0.05877550004515797
provider_eval_broad_awareness_control,broad_awareness_control,panel_fixed_log_pairwise,raw_prefix_error,weeks_1_3__10_edps,prefix,10,3,0.09827210921568869
provider_eval_broad_awareness_control,broad_awareness_control,panel_fixed_log_pairwise,reconciled_prefix_error,weeks_1_3__10_edps,prefix,10,3,0.09831309766842161
provider_eval_broad_awareness_control,broad_awareness_control,panel_fixed_log_pairwise,union_adjustment,weeks_1_3__10_edps,prefix,10,3,4.545545629881052e-05
provider_eval_broad_awareness_control,broad_awareness_control,panel_fixed_log_pairwise,cell_l1_adjustment,weeks_1_3__10_edps,prefix,10,3,0.17097327208630872
provider_eval_broad_awareness_control,broad_awareness_control,panel_fixed_log_pairwise,temporal_projection_used,weeks_1_3__10_edps,prefix,10,3,1.0
provider_eval_broad_awareness_control,broad_awareness_control,panel_fixed_log_pairwise,reconciliation_seconds,weeks_1_3__10_edps,prefix,10,3,0.15454116696491838
provider_eval_broad_awareness_control,broad_awareness_control,panel_fixed_log_pairwise,raw_prefix_error,weeks_1_4__10_edps,prefix,10,4,0.11730909302390294
provider_eval_broad_awareness_control,broad_awareness_control,panel_fixed_log_pairwise,reconciled_prefix_error,weeks_1_4__10_edps,prefix,10,4,0.1173254029163469
provider_eval_broad_awareness_control,broad_awareness_control,panel_fixed_log_pairwise,union_adjustment,weeks_1_4__10_edps,prefix,10,4,1.8477467384134856e-05
provider_eval_broad_awareness_control,broad_awareness_control,panel_fixed_log_pairwise,cell_l1_adjustment,weeks_1_4__10_edps,prefix,10,4,0.18474115257186888
provider_eval_broad_awareness_control,broad_awareness_control,panel_fixed_log_pairwise,temporal_projection_used,weeks_1_4__10_edps,prefix,10,4,1.0
provider_eval_broad_awareness_control,broad_awareness_control,panel_fixed_log_pairwise,reconciliation_seconds,weeks_1_4__10_edps,prefix,10,4,0.24743341701105237
provider_eval_broad_awareness_control,broad_awareness_control,panel_fixed_log_pairwise,raw_prefix_error,weeks_1_5__10_edps,prefix,10,5,0.1317634447971883
provider_eval_broad_awareness_control,broad_awareness_control,panel_fixed_log_pairwise,reconciled_prefix_error,weeks_1_5__10_edps,prefix,10,5,0.13174588581410315
provider_eval_broad_awareness_control,broad_awareness_control,panel_fixed_log_pairwise,union_adjustment,weeks_1_5__10_edps,prefix,10,5,2.0223731631640457e-05
provider_eval_broad_awareness_control,broad_awareness_control,panel_fixed_log_pairwise,cell_l1_adjustment,weeks_1_5__10_edps,prefix,10,5,0.15875491142505754
provider_eval_broad_awareness_control,broad_awareness_control,panel_fixed_log_pairwise,temporal_projection_used,weeks_1_5__10_edps,prefix,10,5,1.0
provider_eval_broad_awareness_control,broad_awareness_control,panel_fixed_log_pairwise,reconciliation_seconds,weeks_1_5__10_edps,prefix,10,5,0.3064399160211906
provider_eval_broad_awareness_control,broad_awareness_control,panel_fixed_log_pairwise,raw_prefix_error,weeks_1_6__10_edps,prefix,10,6,0.14508943161712595
provider_eval_broad_awareness_control,broad_awareness_control,panel_fixed_log_pairwise,reconciled_prefix_error,weeks_1_6__10_edps,prefix,10,6,0.14508371927324545
provider_eval_broad_awareness_control,broad_awareness_control,panel_fixed_log_pairwise,union_adjustment,weeks_1_6__10_edps,prefix,10,6,6.681802859447794e-06
provider_eval_broad_awareness_control,broad_awareness_control,panel_fixed_log_pairwise,cell_l1_adjustment,weeks_1_6__10_edps,prefix,10,6,0.15450151531595305
provider_eval_broad_awareness_control,broad_awareness_control,panel_fixed_log_pairwise,temporal_projection_used,weeks_1_6__10_edps,prefix,10,6,1.0
provider_eval_broad_awareness_control,broad_awareness_control,panel_fixed_log_pairwise,reconciliation_seconds,weeks_1_6__10_edps,prefix,10,6,0.3509863750077784
provider_eval_broad_awareness_control,broad_awareness_control,panel_fixed_log_pairwise,raw_prefix_error,weeks_1_7__10_edps,prefix,10,7,0.15721828698653956
provider_eval_broad_awareness_control,broad_awareness_control,panel_fixed_log_pairwise,reconciled_prefix_error,weeks_1_7__10_edps,prefix,10,7,0.15722073202388162
provider_eval_broad_awareness_control,broad_awareness_control,panel_fixed_log_pairwise,union_adjustment,weeks_1_7__10_edps,prefix,10,7,2.901151394642673e-06
provider_eval_broad_awareness_control,broad_awareness_control,panel_fixed_log_pairwise,cell_l1_adjustment,weeks_1_7__10_edps,prefix,10,7,0.18617565268613118
provider_eval_broad_awareness_control,broad_awareness_control,panel_fixed_log_pairwise,temporal_projection_used,weeks_1_7__10_edps,prefix,10,7,1.0
provider_eval_broad_awareness_control,broad_awareness_control,panel_fixed_log_pairwise,reconciliation_seconds,weeks_1_7__10_edps,prefix,10,7,0.3272180409403518
provider_eval_broad_awareness_control,broad_awareness_control,panel_fixed_log_pairwise,raw_prefix_error,weeks_1_8__10_edps,prefix,10,8,0.18446324384508067
provider_eval_broad_awareness_control,broad_awareness_control,panel_fixed_log_pairwise,reconciled_prefix_error,weeks_1_8__10_edps,prefix,10,8,0.1743663643299144
provider_eval_broad_awareness_control,broad_awareness_control,panel_fixed_log_pairwise,union_adjustment,weeks_1_8__10_edps,prefix,10,8,0.01238065536465951
provider_eval_broad_awareness_control,broad_awareness_control,panel_fixed_log_pairwise,cell_l1_adjustment,weeks_1_8__10_edps,prefix,10,8,0.7060125303497112
provider_eval_broad_awareness_control,broad_awareness_control,panel_fixed_log_pairwise,temporal_projection_used,weeks_1_8__10_edps,prefix,10,8,1.0
provider_eval_broad_awareness_control,broad_awareness_control,panel_fixed_log_pairwise,reconciliation_seconds,weeks_1_8__10_edps,prefix,10,8,0.3414504579268396
provider_eval_broad_awareness_control,broad_awareness_control,panel_fixed_log_pairwise,raw_prefix_error,weeks_1_9__10_edps,prefix,10,9,0.28901810772223324
provider_eval_broad_awareness_control,broad_awareness_control,panel_fixed_log_pairwise,reconciled_prefix_error,weeks_1_9__10_edps,prefix,10,9,0.1833654732958833
provider_eval_broad_awareness_control,broad_awareness_control,panel_fixed_log_pairwise,union_adjustment,weeks_1_9__10_edps,prefix,10,9,0.14860102004549136
provider_eval_broad_awareness_control,broad_awareness_control,panel_fixed_log_pairwise,cell_l1_adjustment,weeks_1_9__10_edps,prefix,10,9,1.038845085891859
provider_eval_broad_awareness_control,broad_awareness_control,panel_fixed_log_pairwise,temporal_projection_used,weeks_1_9__10_edps,prefix,10,9,1.0
provider_eval_broad_awareness_control,broad_awareness_control,panel_fixed_log_pairwise,reconciliation_seconds,weeks_1_9__10_edps,prefix,10,9,0.38024737499654293
provider_eval_broad_awareness_control,broad_awareness_control,panel_fixed_log_pairwise,raw_prefix_error,weeks_1_10__10_edps,prefix,10,10,0.07992478451689221
provider_eval_broad_awareness_control,broad_awareness_control,panel_fixed_log_pairwise,reconciled_prefix_error,weeks_1_10__10_edps,prefix,10,10,0.07994319605713808
provider_eval_broad_awareness_control,broad_awareness_control,panel_fixed_log_pairwise,union_adjustment,weeks_1_10__10_edps,prefix,10,10,2.0010907734522738e-05
provider_eval_broad_awareness_control,broad_awareness_control,panel_fixed_log_pairwise,cell_l1_adjustment,weeks_1_10__10_edps,prefix,10,10,0.9044061864460833
provider_eval_broad_awareness_control,broad_awareness_control,panel_fixed_log_pairwise,temporal_projection_used,weeks_1_10__10_edps,prefix,10,10,1.0
provider_eval_broad_awareness_control,broad_awareness_control,panel_fixed_log_pairwise,reconciliation_seconds,weeks_1_10__10_edps,prefix,10,10,0.3751448340481147
provider_eval_broad_awareness_control,broad_awareness_control,panel_fixed_log_pairwise,raw_prefix_error,weeks_1_11__10_edps,prefix,10,11,6.777773750261236e-05
provider_eval_broad_awareness_control,broad_awareness_control,panel_fixed_log_pairwise,reconciled_prefix_error,weeks_1_11__10_edps,prefix,10,11,8.341675008341675e-05
provider_eval_broad_awareness_control,broad_awareness_control,panel_fixed_log_pairwise,union_adjustment,weeks_1_11__10_edps,prefix,10,11,1.5637952675737637e-05
provider_eval_broad_awareness_control,broad_awareness_control,panel_fixed_log_pairwise,cell_l1_adjustment,weeks_1_11__10_edps,prefix,10,11,0.9275628665612227
provider_eval_broad_awareness_control,broad_awareness_control,panel_fixed_log_pairwise,temporal_projection_used,weeks_1_11__10_edps,prefix,10,11,1.0
provider_eval_broad_awareness_control,broad_awareness_control,panel_fixed_log_pairwise,reconciliation_seconds,weeks_1_11__10_edps,prefix,10,11,0.3895324160112068
provider_eval_broad_awareness_control,broad_awareness_control,panel_fixed_log_pairwise,raw_prefix_error,weeks_1_12__10_edps,prefix,10,12,0.005067528463042144
provider_eval_broad_awareness_control,broad_awareness_control,panel_fixed_log_pairwise,reconciled_prefix_error,weeks_1_12__10_edps,prefix,10,12,8.340283569641368e-05
provider_eval_broad_awareness_control,broad_awareness_control,panel_fixed_log_pairwise,union_adjustment,weeks_1_12__10_edps,prefix,10,12,0.005009511469302498
provider_eval_broad_awareness_control,broad_awareness_control,panel_fixed_log_pairwise,cell_l1_adjustment,weeks_1_12__10_edps,prefix,10,12,0.9552771392378058
provider_eval_broad_awareness_control,broad_awareness_control,panel_fixed_log_pairwise,temporal_projection_used,weeks_1_12__10_edps,prefix,10,12,1.0
provider_eval_broad_awareness_control,broad_awareness_control,panel_fixed_log_pairwise,reconciliation_seconds,weeks_1_12__10_edps,prefix,10,12,0.3718783750664443
provider_eval_broad_awareness_control,broad_awareness_control,panel_fixed_log_pairwise,raw_prefix_error,weeks_1_13__10_edps,prefix,10,13,0.1863426126097803
provider_eval_broad_awareness_control,broad_awareness_control,panel_fixed_log_pairwise,reconciled_prefix_error,weeks_1_13__10_edps,prefix,10,13,0.00016679176048703195
provider_eval_broad_awareness_control,broad_awareness_control,panel_fixed_log_pairwise,union_adjustment,weeks_1_13__10_edps,prefix,10,13,0.22881353224905404
provider_eval_broad_awareness_control,broad_awareness_control,panel_fixed_log_pairwise,cell_l1_adjustment,weeks_1_13__10_edps,prefix,10,13,1.134924962498443
provider_eval_broad_awareness_control,broad_awareness_control,panel_fixed_log_pairwise,temporal_projection_used,weeks_1_13__10_edps,prefix,10,13,1.0
provider_eval_broad_awareness_control,broad_awareness_control,panel_fixed_log_pairwise,reconciliation_seconds,weeks_1_13__10_edps,prefix,10,13,0.35446362500078976
provider_eval_broad_awareness_control,broad_awareness_control,panel_fixed_log_pairwise__active_today,report_error,weeks_1_3__2_edps,prefix,2,3,0.001119507416736636
provider_eval_broad_awareness_control,broad_awareness_control,panel_fixed_log_pairwise__active_today,report_error,weeks_1_12__2_edps,prefix,2,12,0.039312296886466085
provider_eval_broad_awareness_control,broad_awareness_control,panel_fixed_log_pairwise__active_today,report_error,weeks_5_12__2_edps,interval,2,12,0.029430103504177577
provider_eval_broad_awareness_control,broad_awareness_control,panel_fixed_log_pairwise__active_today,report_error,weeks_1_3__5_edps,prefix,5,3,0.0035286897821417613
provider_eval_broad_awareness_control,broad_awareness_control,panel_fixed_log_pairwise__active_today,report_error,weeks_1_12__5_edps,prefix,5,12,0.011590967631149652
provider_eval_broad_awareness_control,broad_awareness_control,panel_fixed_log_pairwise__active_today,report_error,weeks_7_13__5_edps,interval,5,13,0.007401855148505575
provider_eval_broad_awareness_control,broad_awareness_control,panel_fixed_log_pairwise__active_today,report_error,all_weeks__5_edps,prefix,5,13,0.008309062874764434
provider_eval_broad_awareness_control,broad_awareness_control,panel_fixed_log_pairwise__active_today,report_error,noncontiguous__5_edps,noncontiguous,5,13,0.004647723671701701
provider_eval_broad_awareness_control,broad_awareness_control,panel_fixed_log_pairwise__active_today,report_error,weeks_1_3__10_edps,prefix,10,3,0.09831309766842161
provider_eval_broad_awareness_control,broad_awareness_control,panel_fixed_log_pairwise__active_today,report_error,weeks_1_12__10_edps,prefix,10,12,8.340283569641368e-05
provider_eval_broad_awareness_control,broad_awareness_control,panel_fixed_log_pairwise__active_today,report_error,all_weeks__10_edps,prefix,10,13,0.00016679176048703195
provider_eval_broad_awareness_control,broad_awareness_control,panel_fixed_log_pairwise__active_today,report_error,weeks_5_12__10_edps,interval,10,12,0.0029345183197786533
provider_eval_broad_awareness_control,broad_awareness_control,panel_fixed_log_pairwise__active_today,report_error,weeks_7_13__10_edps,interval,10,13,0.004549283909014322
provider_eval_broad_awareness_control,broad_awareness_control,panel_fixed_log_pairwise__active_today,report_error,noncontiguous__10_edps,noncontiguous,10,13,0.004095860566448802
provider_eval_broad_awareness_control,broad_awareness_control,panel_fixed_log_pairwise__active_today,report_error,noncontiguous__2_edps,noncontiguous,2,13,0.03962101636520241
provider_eval_broad_awareness_control,broad_awareness_control,panel_fixed_log_pairwise__recent_creation,report_error,weeks_1_3__2_edps,prefix,2,3,0.001119507416736636
provider_eval_broad_awareness_control,broad_awareness_control,panel_fixed_log_pairwise__recent_creation,report_error,weeks_1_12__2_edps,prefix,2,12,0.039312296886466085
provider_eval_broad_awareness_control,broad_awareness_control,panel_fixed_log_pairwise__recent_creation,report_error,weeks_5_12__2_edps,interval,2,12,0.02606310013717421
provider_eval_broad_awareness_control,broad_awareness_control,panel_fixed_log_pairwise__recent_creation,report_error,weeks_1_3__5_edps,prefix,5,3,0.0035286897821417613
provider_eval_broad_awareness_control,broad_awareness_control,panel_fixed_log_pairwise__recent_creation,report_error,weeks_1_12__5_edps,prefix,5,12,0.011590967631149652
provider_eval_broad_awareness_control,broad_awareness_control,panel_fixed_log_pairwise__recent_creation,report_error,weeks_7_13__5_edps,interval,5,13,0.015272182141853274
provider_eval_broad_awareness_control,broad_awareness_control,panel_fixed_log_pairwise__recent_creation,report_error,all_weeks__5_edps,prefix,5,13,0.008309062874764434
provider_eval_broad_awareness_control,broad_awareness_control,panel_fixed_log_pairwise__recent_creation,report_error,noncontiguous__5_edps,noncontiguous,5,13,0.014471321432343932
provider_eval_broad_awareness_control,broad_awareness_control,panel_fixed_log_pairwise__recent_creation,report_error,weeks_1_3__10_edps,prefix,10,3,0.09831309766842161
provider_eval_broad_awareness_control,broad_awareness_control,panel_fixed_log_pairwise__recent_creation,report_error,weeks_1_12__10_edps,prefix,10,12,8.340283569641368e-05
provider_eval_broad_awareness_control,broad_awareness_control,panel_fixed_log_pairwise__recent_creation,report_error,all_weeks__10_edps,prefix,10,13,0.00016679176048703195
provider_eval_broad_awareness_control,broad_awareness_control,panel_fixed_log_pairwise__recent_creation,report_error,weeks_5_12__10_edps,interval,10,12,0.0031860484614739666
provider_eval_broad_awareness_control,broad_awareness_control,panel_fixed_log_pairwise__recent_creation,report_error,weeks_7_13__10_edps,interval,10,13,0.0016006739679865207
provider_eval_broad_awareness_control,broad_awareness_control,panel_fixed_log_pairwise__recent_creation,report_error,noncontiguous__10_edps,noncontiguous,10,13,0.0036601307189542483
provider_eval_broad_awareness_control,broad_awareness_control,panel_fixed_log_pairwise__recent_creation,report_error,noncontiguous__2_edps,noncontiguous,2,13,0.03772609819121447
provider_eval_broad_awareness_control,broad_awareness_control,panel_fixed_log_pairwise__oldest_creation,report_error,weeks_1_3__2_edps,prefix,2,3,0.001119507416736636
provider_eval_broad_awareness_control,broad_awareness_control,panel_fixed_log_pairwise__oldest_creation,report_error,weeks_1_12__2_edps,prefix,2,12,0.039312296886466085
provider_eval_broad_awareness_control,broad_awareness_control,panel_fixed_log_pairwise__oldest_creation,report_error,weeks_5_12__2_edps,interval,2,12,0.027434842249657063
provider_eval_broad_awareness_control,broad_awareness_control,panel_fixed_log_pairwise__oldest_creation,report_error,weeks_1_3__5_edps,prefix,5,3,0.0035286897821417613
provider_eval_broad_awareness_control,broad_awareness_control,panel_fixed_log_pairwise__oldest_creation,report_error,weeks_1_12__5_edps,prefix,5,12,0.011590967631149652
provider_eval_broad_awareness_control,broad_awareness_control,panel_fixed_log_pairwise__oldest_creation,report_error,weeks_7_13__5_edps,interval,5,13,0.0134919891314532
provider_eval_broad_awareness_control,broad_awareness_control,panel_fixed_log_pairwise__oldest_creation,report_error,all_weeks__5_edps,prefix,5,13,0.008309062874764434
provider_eval_broad_awareness_control,broad_awareness_control,panel_fixed_log_pairwise__oldest_creation,report_error,noncontiguous__5_edps,noncontiguous,5,13,0.003908313087567339
provider_eval_broad_awareness_control,broad_awareness_control,panel_fixed_log_pairwise__oldest_creation,report_error,weeks_1_3__10_edps,prefix,10,3,0.09831309766842161
provider_eval_broad_awareness_control,broad_awareness_control,panel_fixed_log_pairwise__oldest_creation,report_error,weeks_1_12__10_edps,prefix,10,12,8.340283569641368e-05
provider_eval_broad_awareness_control,broad_awareness_control,panel_fixed_log_pairwise__oldest_creation,report_error,all_weeks__10_edps,prefix,10,13,0.00016679176048703195
provider_eval_broad_awareness_control,broad_awareness_control,panel_fixed_log_pairwise__oldest_creation,report_error,weeks_5_12__10_edps,interval,10,12,0.005952880020122411
provider_eval_broad_awareness_control,broad_awareness_control,panel_fixed_log_pairwise__oldest_creation,report_error,weeks_7_13__10_edps,interval,10,13,0.0005897219882055602
provider_eval_broad_awareness_control,broad_awareness_control,panel_fixed_log_pairwise__oldest_creation,report_error,noncontiguous__10_edps,noncontiguous,10,13,0.009673202614379085
provider_eval_broad_awareness_control,broad_awareness_control,panel_fixed_log_pairwise__oldest_creation,report_error,noncontiguous__2_edps,noncontiguous,2,13,0.03944875107665805
provider_eval_traffic_optimization,traffic_optimization,existing_vid,report_error,weeks_1_3__2_edps,prefix,2,3,0.011726618705036567
provider_eval_traffic_optimization,traffic_optimization,existing_vid,report_error,weeks_1_12__2_edps,prefix,2,12,0.03891834431973413
provider_eval_traffic_optimization,traffic_optimization,existing_vid,report_error,weeks_5_12__2_edps,interval,2,12,0.023002734599884736
provider_eval_traffic_optimization,traffic_optimization,existing_vid,report_error,weeks_1_3__5_edps,prefix,5,3,0.03809900609233073
provider_eval_traffic_optimization,traffic_optimization,existing_vid,report_error,weeks_1_12__5_edps,prefix,5,12,0.08299201684990352
provider_eval_traffic_optimization,traffic_optimization,existing_vid,report_error,weeks_7_13__5_edps,interval,5,13,0.04979731751056271
provider_eval_traffic_optimization,traffic_optimization,existing_vid,report_error,all_weeks__5_edps,prefix,5,13,0.08521572627033695
provider_eval_traffic_optimization,traffic_optimization,existing_vid,report_error,noncontiguous__5_edps,noncontiguous,5,13,0.058995252687425524
provider_eval_traffic_optimization,traffic_optimization,existing_vid,report_error,weeks_1_3__10_edps,prefix,10,3,0.07302750781267339
provider_eval_traffic_optimization,traffic_optimization,existing_vid,report_error,weeks_1_12__10_edps,prefix,10,12,0.1074375399947533
provider_eval_traffic_optimization,traffic_optimization,existing_vid,report_error,all_weeks__10_edps,prefix,10,13,0.10655163434818374
provider_eval_traffic_optimization,traffic_optimization,existing_vid,report_error,weeks_5_12__10_edps,interval,10,12,0.09526350983744686
provider_eval_traffic_optimization,traffic_optimization,existing_vid,report_error,weeks_7_13__10_edps,interval,10,13,0.08958615650296982
provider_eval_traffic_optimization,traffic_optimization,existing_vid,report_error,noncontiguous__10_edps,noncontiguous,10,13,0.09620890164330174
provider_eval_traffic_optimization,traffic_optimization,existing_vid,report_error,noncontiguous__2_edps,noncontiguous,2,13,0.020170512464091
provider_eval_traffic_optimization,traffic_optimization,panel_fixed_log_pairwise,raw_prefix_error,weeks_1_1__10_edps,prefix,10,1,0.025850607239505892
provider_eval_traffic_optimization,traffic_optimization,panel_fixed_log_pairwise,reconciled_prefix_error,weeks_1_1__10_edps,prefix,10,1,0.026047565118912798
provider_eval_traffic_optimization,traffic_optimization,panel_fixed_log_pairwise,union_adjustment,weeks_1_1__10_edps,prefix,10,1,0.00019199469982983004
provider_eval_traffic_optimization,traffic_optimization,panel_fixed_log_pairwise,cell_l1_adjustment,weeks_1_1__10_edps,prefix,10,1,0.07099040278944267
provider_eval_traffic_optimization,traffic_optimization,panel_fixed_log_pairwise,temporal_projection_used,weeks_1_1__10_edps,prefix,10,1,1.0
provider_eval_traffic_optimization,traffic_optimization,panel_fixed_log_pairwise,reconciliation_seconds,weeks_1_1__10_edps,prefix,10,1,0.012373625067993999
provider_eval_traffic_optimization,traffic_optimization,panel_fixed_log_pairwise,raw_prefix_error,weeks_1_2__10_edps,prefix,10,2,0.0306768575543577
provider_eval_traffic_optimization,traffic_optimization,panel_fixed_log_pairwise,reconciled_prefix_error,weeks_1_2__10_edps,prefix,10,2,0.030786146234194612
provider_eval_traffic_optimization,traffic_optimization,panel_fixed_log_pairwise,union_adjustment,weeks_1_2__10_edps,prefix,10,2,0.00010603583367171411
provider_eval_traffic_optimization,traffic_optimization,panel_fixed_log_pairwise,cell_l1_adjustment,weeks_1_2__10_edps,prefix,10,2,0.15190676595638175
provider_eval_traffic_optimization,traffic_optimization,panel_fixed_log_pairwise,temporal_projection_used,weeks_1_2__10_edps,prefix,10,2,1.0
provider_eval_traffic_optimization,traffic_optimization,panel_fixed_log_pairwise,reconciliation_seconds,weeks_1_2__10_edps,prefix,10,2,0.03006745793391019
provider_eval_traffic_optimization,traffic_optimization,panel_fixed_log_pairwise,raw_prefix_error,weeks_1_3__10_edps,prefix,10,3,0.022639141125059797
provider_eval_traffic_optimization,traffic_optimization,panel_fixed_log_pairwise,reconciled_prefix_error,weeks_1_3__10_edps,prefix,10,3,0.022731507359791316
provider_eval_traffic_optimization,traffic_optimization,panel_fixed_log_pairwise,union_adjustment,weeks_1_3__10_edps,prefix,10,3,9.032143501752236e-05
provider_eval_traffic_optimization,traffic_optimization,panel_fixed_log_pairwise,cell_l1_adjustment,weeks_1_3__10_edps,prefix,10,3,0.11900148194974886
provider_eval_traffic_optimization,traffic_optimization,panel_fixed_log_pairwise,temporal_projection_used,weeks_1_3__10_edps,prefix,10,3,1.0
provider_eval_traffic_optimization,traffic_optimization,panel_fixed_log_pairwise,reconciliation_seconds,weeks_1_3__10_edps,prefix,10,3,0.05218574998434633
provider_eval_traffic_optimization,traffic_optimization,panel_fixed_log_pairwise,raw_prefix_error,weeks_1_4__10_edps,prefix,10,4,0.021739188502360778
provider_eval_traffic_optimization,traffic_optimization,panel_fixed_log_pairwise,reconciled_prefix_error,weeks_1_4__10_edps,prefix,10,4,0.021765056648777578
provider_eval_traffic_optimization,traffic_optimization,panel_fixed_log_pairwise,union_adjustment,weeks_1_4__10_edps,prefix,10,4,2.5317758883712732e-05
provider_eval_traffic_optimization,traffic_optimization,panel_fixed_log_pairwise,cell_l1_adjustment,weeks_1_4__10_edps,prefix,10,4,0.12736221150587382
provider_eval_traffic_optimization,traffic_optimization,panel_fixed_log_pairwise,temporal_projection_used,weeks_1_4__10_edps,prefix,10,4,1.0
provider_eval_traffic_optimization,traffic_optimization,panel_fixed_log_pairwise,reconciliation_seconds,weeks_1_4__10_edps,prefix,10,4,0.12950000003911555
provider_eval_traffic_optimization,traffic_optimization,panel_fixed_log_pairwise,raw_prefix_error,weeks_1_5__10_edps,prefix,10,5,0.00987147865915423
provider_eval_traffic_optimization,traffic_optimization,panel_fixed_log_pairwise,reconciled_prefix_error,weeks_1_5__10_edps,prefix,10,5,0.009902263374485597
provider_eval_traffic_optimization,traffic_optimization,panel_fixed_log_pairwise,union_adjustment,weeks_1_5__10_edps,prefix,10,5,3.048379519775986e-05
provider_eval_traffic_optimization,traffic_optimization,panel_fixed_log_pairwise,cell_l1_adjustment,weeks_1_5__10_edps,prefix,10,5,0.12474063067110328
provider_eval_traffic_optimization,traffic_optimization,panel_fixed_log_pairwise,temporal_projection_used,weeks_1_5__10_edps,prefix,10,5,1.0
provider_eval_traffic_optimization,traffic_optimization,panel_fixed_log_pairwise,reconciliation_seconds,weeks_1_5__10_edps,prefix,10,5,0.1988623330835253
provider_eval_traffic_optimization,traffic_optimization,panel_fixed_log_pairwise,raw_prefix_error,weeks_1_6__10_edps,prefix,10,6,0.0050718272583155175
provider_eval_traffic_optimization,traffic_optimization,panel_fixed_log_pairwise,reconciled_prefix_error,weeks_1_6__10_edps,prefix,10,6,0.005017921146953405
provider_eval_traffic_optimization,traffic_optimization,panel_fixed_log_pairwise,union_adjustment,weeks_1_6__10_edps,prefix,10,6,5.4180907566264186e-05
provider_eval_traffic_optimization,traffic_optimization,panel_fixed_log_pairwise,cell_l1_adjustment,weeks_1_6__10_edps,prefix,10,6,0.12058723473946634
provider_eval_traffic_optimization,traffic_optimization,panel_fixed_log_pairwise,temporal_projection_used,weeks_1_6__10_edps,prefix,10,6,1.0
provider_eval_traffic_optimization,traffic_optimization,panel_fixed_log_pairwise,reconciliation_seconds,weeks_1_6__10_edps,prefix,10,6,0.24665874999482185
provider_eval_traffic_optimization,traffic_optimization,panel_fixed_log_pairwise,raw_prefix_error,weeks_1_7__10_edps,prefix,10,7,0.01574260610073998
provider_eval_traffic_optimization,traffic_optimization,panel_fixed_log_pairwise,reconciled_prefix_error,weeks_1_7__10_edps,prefix,10,7,0.015693012600229095
provider_eval_traffic_optimization,traffic_optimization,panel_fixed_log_pairwise,union_adjustment,weeks_1_7__10_edps,prefix,10,7,5.038671877724532e-05
provider_eval_traffic_optimization,traffic_optimization,panel_fixed_log_pairwise,cell_l1_adjustment,weeks_1_7__10_edps,prefix,10,7,0.09446263349819047
provider_eval_traffic_optimization,traffic_optimization,panel_fixed_log_pairwise,temporal_projection_used,weeks_1_7__10_edps,prefix,10,7,1.0
provider_eval_traffic_optimization,traffic_optimization,panel_fixed_log_pairwise,reconciliation_seconds,weeks_1_7__10_edps,prefix,10,7,0.28498254204168916
provider_eval_traffic_optimization,traffic_optimization,panel_fixed_log_pairwise,raw_prefix_error,weeks_1_8__10_edps,prefix,10,8,0.019183772951771573
provider_eval_traffic_optimization,traffic_optimization,panel_fixed_log_pairwise,reconciled_prefix_error,weeks_1_8__10_edps,prefix,10,8,0.019133937562940583
provider_eval_traffic_optimization,traffic_optimization,panel_fixed_log_pairwise,union_adjustment,weeks_1_8__10_edps,prefix,10,8,5.081011861010386e-05
provider_eval_traffic_optimization,traffic_optimization,panel_fixed_log_pairwise,cell_l1_adjustment,weeks_1_8__10_edps,prefix,10,8,0.07669463374308112
provider_eval_traffic_optimization,traffic_optimization,panel_fixed_log_pairwise,temporal_projection_used,weeks_1_8__10_edps,prefix,10,8,1.0
provider_eval_traffic_optimization,traffic_optimization,panel_fixed_log_pairwise,reconciliation_seconds,weeks_1_8__10_edps,prefix,10,8,0.31285525008570403
provider_eval_traffic_optimization,traffic_optimization,panel_fixed_log_pairwise,raw_prefix_error,weeks_1_9__10_edps,prefix,10,9,0.017070058243657673
provider_eval_traffic_optimization,traffic_optimization,panel_fixed_log_pairwise,reconciled_prefix_error,weeks_1_9__10_edps,prefix,10,9,0.017076126473504462
provider_eval_traffic_optimization,traffic_optimization,panel_fixed_log_pairwise,union_adjustment,weeks_1_9__10_edps,prefix,10,9,6.173613793685576e-06
provider_eval_traffic_optimization,traffic_optimization,panel_fixed_log_pairwise,cell_l1_adjustment,weeks_1_9__10_edps,prefix,10,9,0.07175720713023181
provider_eval_traffic_optimization,traffic_optimization,panel_fixed_log_pairwise,temporal_projection_used,weeks_1_9__10_edps,prefix,10,9,1.0
provider_eval_traffic_optimization,traffic_optimization,panel_fixed_log_pairwise,reconciliation_seconds,weeks_1_9__10_edps,prefix,10,9,0.3306377079570666
provider_eval_traffic_optimization,traffic_optimization,panel_fixed_log_pairwise,raw_prefix_error,weeks_1_10__10_edps,prefix,10,10,0.01735900586974494
provider_eval_traffic_optimization,traffic_optimization,panel_fixed_log_pairwise,reconciled_prefix_error,weeks_1_10__10_edps,prefix,10,10,0.017357344326318074
provider_eval_traffic_optimization,traffic_optimization,panel_fixed_log_pairwise,union_adjustment,weeks_1_10__10_edps,prefix,10,10,1.6908956951286856e-06
provider_eval_traffic_optimization,traffic_optimization,panel_fixed_log_pairwise,cell_l1_adjustment,weeks_1_10__10_edps,prefix,10,10,0.062264332731244404
provider_eval_traffic_optimization,traffic_optimization,panel_fixed_log_pairwise,temporal_projection_used,weeks_1_10__10_edps,prefix,10,10,1.0
provider_eval_traffic_optimization,traffic_optimization,panel_fixed_log_pairwise,reconciliation_seconds,weeks_1_10__10_edps,prefix,10,10,0.34833416691981256
provider_eval_traffic_optimization,traffic_optimization,panel_fixed_log_pairwise,raw_prefix_error,weeks_1_11__10_edps,prefix,10,11,0.015190655158135481
provider_eval_traffic_optimization,traffic_optimization,panel_fixed_log_pairwise,reconciled_prefix_error,weeks_1_11__10_edps,prefix,10,11,0.015180671370536669
provider_eval_traffic_optimization,traffic_optimization,panel_fixed_log_pairwise,union_adjustment,weeks_1_11__10_edps,prefix,10,11,1.0137787228726327e-05
provider_eval_traffic_optimization,traffic_optimization,panel_fixed_log_pairwise,cell_l1_adjustment,weeks_1_11__10_edps,prefix,10,11,0.06376655766531286
provider_eval_traffic_optimization,traffic_optimization,panel_fixed_log_pairwise,temporal_projection_used,weeks_1_11__10_edps,prefix,10,11,1.0
provider_eval_traffic_optimization,traffic_optimization,panel_fixed_log_pairwise,reconciliation_seconds,weeks_1_11__10_edps,prefix,10,11,0.36864608293399215
provider_eval_traffic_optimization,traffic_optimization,panel_fixed_log_pairwise,raw_prefix_error,weeks_1_12__10_edps,prefix,10,12,0.01810523469608753
provider_eval_traffic_optimization,traffic_optimization,panel_fixed_log_pairwise,reconciled_prefix_error,weeks_1_12__10_edps,prefix,10,12,0.01813389562467053
provider_eval_traffic_optimization,traffic_optimization,panel_fixed_log_pairwise,union_adjustment,weeks_1_12__10_edps,prefix,10,12,2.9189409696079503e-05
provider_eval_traffic_optimization,traffic_optimization,panel_fixed_log_pairwise,cell_l1_adjustment,weeks_1_12__10_edps,prefix,10,12,0.05977525535236762
provider_eval_traffic_optimization,traffic_optimization,panel_fixed_log_pairwise,temporal_projection_used,weeks_1_12__10_edps,prefix,10,12,1.0
provider_eval_traffic_optimization,traffic_optimization,panel_fixed_log_pairwise,reconciliation_seconds,weeks_1_12__10_edps,prefix,10,12,0.3839637499768287
provider_eval_traffic_optimization,traffic_optimization,panel_fixed_log_pairwise,raw_prefix_error,weeks_1_13__10_edps,prefix,10,13,0.017739693477536823
provider_eval_traffic_optimization,traffic_optimization,panel_fixed_log_pairwise,reconciled_prefix_error,weeks_1_13__10_edps,prefix,10,13,0.017754569190600523
provider_eval_traffic_optimization,traffic_optimization,panel_fixed_log_pairwise,union_adjustment,weeks_1_13__10_edps,prefix,10,13,1.514436953711819e-05
provider_eval_traffic_optimization,traffic_optimization,panel_fixed_log_pairwise,cell_l1_adjustment,weeks_1_13__10_edps,prefix,10,13,0.05355449456288576
provider_eval_traffic_optimization,traffic_optimization,panel_fixed_log_pairwise,temporal_projection_used,weeks_1_13__10_edps,prefix,10,13,1.0
provider_eval_traffic_optimization,traffic_optimization,panel_fixed_log_pairwise,reconciliation_seconds,weeks_1_13__10_edps,prefix,10,13,0.39060012507252395
provider_eval_traffic_optimization,traffic_optimization,panel_fixed_log_pairwise__active_today,report_error,weeks_1_3__2_edps,prefix,2,3,0.022541966426858514
provider_eval_traffic_optimization,traffic_optimization,panel_fixed_log_pairwise__active_today,report_error,weeks_1_12__2_edps,prefix,2,12,0.0008907892392659896
provider_eval_traffic_optimization,traffic_optimization,panel_fixed_log_pairwise__active_today,report_error,weeks_5_12__2_edps,interval,2,12,0.013570194917345176
provider_eval_traffic_optimization,traffic_optimization,panel_fixed_log_pairwise__active_today,report_error,weeks_1_3__5_edps,prefix,5,3,0.008918094344050692
provider_eval_traffic_optimization,traffic_optimization,panel_fixed_log_pairwise__active_today,report_error,weeks_1_12__5_edps,prefix,5,12,0.003592384145611304
provider_eval_traffic_optimization,traffic_optimization,panel_fixed_log_pairwise__active_today,report_error,weeks_7_13__5_edps,interval,5,13,0.014760873843731549
provider_eval_traffic_optimization,traffic_optimization,panel_fixed_log_pairwise__active_today,report_error,all_weeks__5_edps,prefix,5,13,0.00933034132514468
provider_eval_traffic_optimization,traffic_optimization,panel_fixed_log_pairwise__active_today,report_error,noncontiguous__5_edps,noncontiguous,5,13,0.03798938287989383
provider_eval_traffic_optimization,traffic_optimization,panel_fixed_log_pairwise__active_today,report_error,weeks_1_3__10_edps,prefix,10,3,0.022731507359791316
provider_eval_traffic_optimization,traffic_optimization,panel_fixed_log_pairwise__active_today,report_error,weeks_1_12__10_edps,prefix,10,12,0.01813389562467053
provider_eval_traffic_optimization,traffic_optimization,panel_fixed_log_pairwise__active_today,report_error,all_weeks__10_edps,prefix,10,13,0.017754569190600523
provider_eval_traffic_optimization,traffic_optimization,panel_fixed_log_pairwise__active_today,report_error,weeks_5_12__10_edps,interval,10,12,0.030573090729050626
provider_eval_traffic_optimization,traffic_optimization,panel_fixed_log_pairwise__active_today,report_error,weeks_7_13__10_edps,interval,10,13,0.06105417276720351
provider_eval_traffic_optimization,traffic_optimization,panel_fixed_log_pairwise__active_today,report_error,noncontiguous__10_edps,noncontiguous,10,13,0.07326057298772169
provider_eval_traffic_optimization,traffic_optimization,panel_fixed_log_pairwise__active_today,report_error,noncontiguous__2_edps,noncontiguous,2,13,0.008896302474284126
provider_eval_traffic_optimization,traffic_optimization,panel_fixed_log_pairwise__recent_creation,report_error,weeks_1_3__2_edps,prefix,2,3,0.022541966426858514
provider_eval_traffic_optimization,traffic_optimization,panel_fixed_log_pairwise__recent_creation,report_error,weeks_1_12__2_edps,prefix,2,12,0.0008907892392659896
provider_eval_traffic_optimization,traffic_optimization,panel_fixed_log_pairwise__recent_creation,report_error,weeks_5_12__2_edps,interval,2,12,0.026646928201332347
provider_eval_traffic_optimization,traffic_optimization,panel_fixed_log_pairwise__recent_creation,report_error,weeks_1_3__5_edps,prefix,5,3,0.008918094344050692
provider_eval_traffic_optimization,traffic_optimization,panel_fixed_log_pairwise__recent_creation,report_error,weeks_1_12__5_edps,prefix,5,12,0.003592384145611304
provider_eval_traffic_optimization,traffic_optimization,panel_fixed_log_pairwise__recent_creation,report_error,weeks_7_13__5_edps,interval,5,13,0.05471363904743161
provider_eval_traffic_optimization,traffic_optimization,panel_fixed_log_pairwise__recent_creation,report_error,all_weeks__5_edps,prefix,5,13,0.00933034132514468
provider_eval_traffic_optimization,traffic_optimization,panel_fixed_log_pairwise__recent_creation,report_error,noncontiguous__5_edps,noncontiguous,5,13,0.05408095554080956
provider_eval_traffic_optimization,traffic_optimization,panel_fixed_log_pairwise__recent_creation,report_error,weeks_1_3__10_edps,prefix,10,3,0.022731507359791316
provider_eval_traffic_optimization,traffic_optimization,panel_fixed_log_pairwise__recent_creation,report_error,weeks_1_12__10_edps,prefix,10,12,0.01813389562467053
provider_eval_traffic_optimization,traffic_optimization,panel_fixed_log_pairwise__recent_creation,report_error,all_weeks__10_edps,prefix,10,13,0.017754569190600523
provider_eval_traffic_optimization,traffic_optimization,panel_fixed_log_pairwise__recent_creation,report_error,weeks_5_12__10_edps,interval,10,12,0.04146552791187028
provider_eval_traffic_optimization,traffic_optimization,panel_fixed_log_pairwise__recent_creation,report_error,weeks_7_13__10_edps,interval,10,13,0.05241581259150805
provider_eval_traffic_optimization,traffic_optimization,panel_fixed_log_pairwise__recent_creation,report_error,noncontiguous__10_edps,noncontiguous,10,13,0.10204638472032743
provider_eval_traffic_optimization,traffic_optimization,panel_fixed_log_pairwise__recent_creation,report_error,noncontiguous__2_edps,noncontiguous,2,13,0.01529051987767584
provider_eval_traffic_optimization,traffic_optimization,panel_fixed_log_pairwise__oldest_creation,report_error,weeks_1_3__2_edps,prefix,2,3,0.022541966426858514
provider_eval_traffic_optimization,traffic_optimization,panel_fixed_log_pairwise__oldest_creation,report_error,weeks_1_12__2_edps,prefix,2,12,0.0008907892392659896
provider_eval_traffic_optimization,traffic_optimization,panel_fixed_log_pairwise__oldest_creation,report_error,weeks_5_12__2_edps,interval,2,12,0.06489020478657784
provider_eval_traffic_optimization,traffic_optimization,panel_fixed_log_pairwise__oldest_creation,report_error,weeks_1_3__5_edps,prefix,5,3,0.008918094344050692
provider_eval_traffic_optimization,traffic_optimization,panel_fixed_log_pairwise__oldest_creation,report_error,weeks_1_12__5_edps,prefix,5,12,0.003592384145611304
provider_eval_traffic_optimization,traffic_optimization,panel_fixed_log_pairwise__oldest_creation,report_error,weeks_7_13__5_edps,interval,5,13,0.07734697894115332
provider_eval_traffic_optimization,traffic_optimization,panel_fixed_log_pairwise__oldest_creation,report_error,all_weeks__5_edps,prefix,5,13,0.00933034132514468
provider_eval_traffic_optimization,traffic_optimization,panel_fixed_log_pairwise__oldest_creation,report_error,noncontiguous__5_edps,noncontiguous,5,13,0.035666887856668876
provider_eval_traffic_optimization,traffic_optimization,panel_fixed_log_pairwise__oldest_creation,report_error,weeks_1_3__10_edps,prefix,10,3,0.022731507359791316
provider_eval_traffic_optimization,traffic_optimization,panel_fixed_log_pairwise__oldest_creation,report_error,weeks_1_12__10_edps,prefix,10,12,0.01813389562467053
provider_eval_traffic_optimization,traffic_optimization,panel_fixed_log_pairwise__oldest_creation,report_error,all_weeks__10_edps,prefix,10,13,0.017754569190600523
provider_eval_traffic_optimization,traffic_optimization,panel_fixed_log_pairwise__oldest_creation,report_error,weeks_5_12__10_edps,interval,10,12,0.13454635474687462
provider_eval_traffic_optimization,traffic_optimization,panel_fixed_log_pairwise__oldest_creation,report_error,weeks_7_13__10_edps,interval,10,13,0.0882869692532943
provider_eval_traffic_optimization,traffic_optimization,panel_fixed_log_pairwise__oldest_creation,report_error,noncontiguous__10_edps,noncontiguous,10,13,0.030559345156889496
provider_eval_traffic_optimization,traffic_optimization,panel_fixed_log_pairwise__oldest_creation,report_error,noncontiguous__2_edps,noncontiguous,2,13,0.0008340283569641367
provider_eval_video_engagement_retargeting,video_engagement_retargeting,existing_vid,report_error,weeks_1_3__2_edps,prefix,2,3,0.0484267723880597
provider_eval_video_engagement_retargeting,video_engagement_retargeting,existing_vid,report_error,weeks_1_12__2_edps,prefix,2,12,0.19015092301649647
provider_eval_video_engagement_retargeting,video_engagement_retargeting,existing_vid,report_error,weeks_5_12__2_edps,interval,2,12,0.1304979317476736
provider_eval_video_engagement_retargeting,video_engagement_retargeting,existing_vid,report_error,weeks_1_3__5_edps,prefix,5,3,0.13974202918700737
provider_eval_video_engagement_retargeting,video_engagement_retargeting,existing_vid,report_error,weeks_1_12__5_edps,prefix,5,12,0.535605970226816
provider_eval_video_engagement_retargeting,video_engagement_retargeting,existing_vid,report_error,weeks_7_13__5_edps,interval,5,13,0.4133339956061546
provider_eval_video_engagement_retargeting,video_engagement_retargeting,existing_vid,report_error,all_weeks__5_edps,prefix,5,13,0.5800936925529552
provider_eval_video_engagement_retargeting,video_engagement_retargeting,existing_vid,report_error,noncontiguous__5_edps,noncontiguous,5,13,0.34902182137304044
provider_eval_video_engagement_retargeting,video_engagement_retargeting,existing_vid,report_error,weeks_1_3__10_edps,prefix,10,3,0.2931198935435704
provider_eval_video_engagement_retargeting,video_engagement_retargeting,existing_vid,report_error,weeks_1_12__10_edps,prefix,10,12,0.7890456577258624
provider_eval_video_engagement_retargeting,video_engagement_retargeting,existing_vid,report_error,all_weeks__10_edps,prefix,10,13,0.8323997693227724
provider_eval_video_engagement_retargeting,video_engagement_retargeting,existing_vid,report_error,weeks_5_12__10_edps,interval,10,12,0.6586124100777855
provider_eval_video_engagement_retargeting,video_engagement_retargeting,existing_vid,report_error,weeks_7_13__10_edps,interval,10,13,0.6433633816975642
provider_eval_video_engagement_retargeting,video_engagement_retargeting,existing_vid,report_error,noncontiguous__10_edps,noncontiguous,10,13,0.5942795004208932
provider_eval_video_engagement_retargeting,video_engagement_retargeting,existing_vid,report_error,noncontiguous__2_edps,noncontiguous,2,13,0.1020451370231056
provider_eval_video_engagement_retargeting,video_engagement_retargeting,panel_fixed_log_pairwise,raw_prefix_error,weeks_1_1__10_edps,prefix,10,1,0.08565302635045301
provider_eval_video_engagement_retargeting,video_engagement_retargeting,panel_fixed_log_pairwise,reconciled_prefix_error,weeks_1_1__10_edps,prefix,10,1,0.085219707057257
provider_eval_video_engagement_retargeting,video_engagement_retargeting,panel_fixed_log_pairwise,union_adjustment,weeks_1_1__10_edps,prefix,10,1,0.0003991323956010834
provider_eval_video_engagement_retargeting,video_engagement_retargeting,panel_fixed_log_pairwise,cell_l1_adjustment,weeks_1_1__10_edps,prefix,10,1,0.028623994674312467
provider_eval_video_engagement_retargeting,video_engagement_retargeting,panel_fixed_log_pairwise,temporal_projection_used,weeks_1_1__10_edps,prefix,10,1,1.0
provider_eval_video_engagement_retargeting,video_engagement_retargeting,panel_fixed_log_pairwise,reconciliation_seconds,weeks_1_1__10_edps,prefix,10,1,0.011558708036318421
provider_eval_video_engagement_retargeting,video_engagement_retargeting,panel_fixed_log_pairwise,raw_prefix_error,weeks_1_2__10_edps,prefix,10,2,0.15004531228125192
provider_eval_video_engagement_retargeting,video_engagement_retargeting,panel_fixed_log_pairwise,reconciled_prefix_error,weeks_1_2__10_edps,prefix,10,2,0.15031757233592097
provider_eval_video_engagement_retargeting,video_engagement_retargeting,panel_fixed_log_pairwise,union_adjustment,weeks_1_2__10_edps,prefix,10,2,0.00023673854565755385
provider_eval_video_engagement_retargeting,video_engagement_retargeting,panel_fixed_log_pairwise,cell_l1_adjustment,weeks_1_2__10_edps,prefix,10,2,0.09995195767903892
provider_eval_video_engagement_retargeting,video_engagement_retargeting,panel_fixed_log_pairwise,temporal_projection_used,weeks_1_2__10_edps,prefix,10,2,1.0
provider_eval_video_engagement_retargeting,video_engagement_retargeting,panel_fixed_log_pairwise,reconciliation_seconds,weeks_1_2__10_edps,prefix,10,2,0.025635709054768085
provider_eval_video_engagement_retargeting,video_engagement_retargeting,panel_fixed_log_pairwise,raw_prefix_error,weeks_1_3__10_edps,prefix,10,3,0.21047132188795495
provider_eval_video_engagement_retargeting,video_engagement_retargeting,panel_fixed_log_pairwise,reconciled_prefix_error,weeks_1_3__10_edps,prefix,10,3,0.2105793450881612
provider_eval_video_engagement_retargeting,video_engagement_retargeting,panel_fixed_log_pairwise,union_adjustment,weeks_1_3__10_edps,prefix,10,3,8.924061087095437e-05
provider_eval_video_engagement_retargeting,video_engagement_retargeting,panel_fixed_log_pairwise,cell_l1_adjustment,weeks_1_3__10_edps,prefix,10,3,0.11041479840357883
provider_eval_video_engagement_retargeting,video_engagement_retargeting,panel_fixed_log_pairwise,temporal_projection_used,weeks_1_3__10_edps,prefix,10,3,1.0
provider_eval_video_engagement_retargeting,video_engagement_retargeting,panel_fixed_log_pairwise,reconciliation_seconds,weeks_1_3__10_edps,prefix,10,3,0.027421875041909516
provider_eval_video_engagement_retargeting,video_engagement_retargeting,panel_fixed_log_pairwise,raw_prefix_error,weeks_1_4__10_edps,prefix,10,4,0.24366668298634425
provider_eval_video_engagement_retargeting,video_engagement_retargeting,panel_fixed_log_pairwise,reconciled_prefix_error,weeks_1_4__10_edps,prefix,10,4,0.24360587002096437
provider_eval_video_engagement_retargeting,video_engagement_retargeting,panel_fixed_log_pairwise,union_adjustment,weeks_1_4__10_edps,prefix,10,4,4.889812215030131e-05
provider_eval_video_engagement_retargeting,video_engagement_retargeting,panel_fixed_log_pairwise,cell_l1_adjustment,weeks_1_4__10_edps,prefix,10,4,0.10477357264880273
provider_eval_video_engagement_retargeting,video_engagement_retargeting,panel_fixed_log_pairwise,temporal_projection_used,weeks_1_4__10_edps,prefix,10,4,1.0
provider_eval_video_engagement_retargeting,video_engagement_retargeting,panel_fixed_log_pairwise,reconciliation_seconds,weeks_1_4__10_edps,prefix,10,4,0.05363091605249792
provider_eval_video_engagement_retargeting,video_engagement_retargeting,panel_fixed_log_pairwise,raw_prefix_error,weeks_1_5__10_edps,prefix,10,5,0.2634400080276317
provider_eval_video_engagement_retargeting,video_engagement_retargeting,panel_fixed_log_pairwise,reconciled_prefix_error,weeks_1_5__10_edps,prefix,10,5,0.2635458901584961
provider_eval_video_engagement_retargeting,video_engagement_retargeting,panel_fixed_log_pairwise,union_adjustment,weeks_1_5__10_edps,prefix,10,5,8.380463670155191e-05
provider_eval_video_engagement_retargeting,video_engagement_retargeting,panel_fixed_log_pairwise,cell_l1_adjustment,weeks_1_5__10_edps,prefix,10,5,0.06640645034337436
provider_eval_video_engagement_retargeting,video_engagement_retargeting,panel_fixed_log_pairwise,temporal_projection_used,weeks_1_5__10_edps,prefix,10,5,1.0
provider_eval_video_engagement_retargeting,video_engagement_retargeting,panel_fixed_log_pairwise,reconciliation_seconds,weeks_1_5__10_edps,prefix,10,5,0.0936064999550581
provider_eval_video_engagement_retargeting,video_engagement_retargeting,panel_fixed_log_pairwise,raw_prefix_error,weeks_1_6__10_edps,prefix,10,6,0.2842189801058547
provider_eval_video_engagement_retargeting,video_engagement_retargeting,panel_fixed_log_pairwise,reconciled_prefix_error,weeks_1_6__10_edps,prefix,10,6,0.28407169428474804
provider_eval_video_engagement_retargeting,video_engagement_retargeting,panel_fixed_log_pairwise,union_adjustment,weeks_1_6__10_edps,prefix,10,6,0.0001146890237472253
provider_eval_video_engagement_retargeting,video_engagement_retargeting,panel_fixed_log_pairwise,cell_l1_adjustment,weeks_1_6__10_edps,prefix,10,6,0.06862077439334609
provider_eval_video_engagement_retargeting,video_engagement_retargeting,panel_fixed_log_pairwise,temporal_projection_used,weeks_1_6__10_edps,prefix,10,6,1.0
provider_eval_video_engagement_retargeting,video_engagement_retargeting,panel_fixed_log_pairwise,reconciliation_seconds,weeks_1_6__10_edps,prefix,10,6,0.13120999990496784
provider_eval_video_engagement_retargeting,video_engagement_retargeting,panel_fixed_log_pairwise,raw_prefix_error,weeks_1_7__10_edps,prefix,10,7,0.30103750727004824
provider_eval_video_engagement_retargeting,video_engagement_retargeting,panel_fixed_log_pairwise,reconciled_prefix_error,weeks_1_7__10_edps,prefix,10,7,0.30099582396402186
provider_eval_video_engagement_retargeting,video_engagement_retargeting,panel_fixed_log_pairwise,union_adjustment,weeks_1_7__10_edps,prefix,10,7,3.203851218257483e-05
provider_eval_video_engagement_retargeting,video_engagement_retargeting,panel_fixed_log_pairwise,cell_l1_adjustment,weeks_1_7__10_edps,prefix,10,7,0.07565036001949563
provider_eval_video_engagement_retargeting,video_engagement_retargeting,panel_fixed_log_pairwise,temporal_projection_used,weeks_1_7__10_edps,prefix,10,7,1.0
provider_eval_video_engagement_retargeting,video_engagement_retargeting,panel_fixed_log_pairwise,reconciliation_seconds,weeks_1_7__10_edps,prefix,10,7,0.1394064169144258
provider_eval_video_engagement_retargeting,video_engagement_retargeting,panel_fixed_log_pairwise,raw_prefix_error,weeks_1_8__10_edps,prefix,10,8,0.31592724043052567
provider_eval_video_engagement_retargeting,video_engagement_retargeting,panel_fixed_log_pairwise,reconciled_prefix_error,weeks_1_8__10_edps,prefix,10,8,0.315919629057187
provider_eval_video_engagement_retargeting,video_engagement_retargeting,panel_fixed_log_pairwise,union_adjustment,weeks_1_8__10_edps,prefix,10,8,5.784038132266886e-06
provider_eval_video_engagement_retargeting,video_engagement_retargeting,panel_fixed_log_pairwise,cell_l1_adjustment,weeks_1_8__10_edps,prefix,10,8,0.07231171184170537
provider_eval_video_engagement_retargeting,video_engagement_retargeting,panel_fixed_log_pairwise,temporal_projection_used,weeks_1_8__10_edps,prefix,10,8,1.0
provider_eval_video_engagement_retargeting,video_engagement_retargeting,panel_fixed_log_pairwise,reconciliation_seconds,weeks_1_8__10_edps,prefix,10,8,0.16123066702857614
provider_eval_video_engagement_retargeting,video_engagement_retargeting,panel_fixed_log_pairwise,raw_prefix_error,weeks_1_9__10_edps,prefix,10,9,0.32197303169491615
provider_eval_video_engagement_retargeting,video_engagement_retargeting,panel_fixed_log_pairwise,reconciled_prefix_error,weeks_1_9__10_edps,prefix,10,9,0.32188713048671247
provider_eval_video_engagement_retargeting,video_engagement_retargeting,panel_fixed_log_pairwise,union_adjustment,weeks_1_9__10_edps,prefix,10,9,6.497954659003762e-05
provider_eval_video_engagement_retargeting,video_engagement_retargeting,panel_fixed_log_pairwise,cell_l1_adjustment,weeks_1_9__10_edps,prefix,10,9,0.07310103416838282
provider_eval_video_engagement_retargeting,video_engagement_retargeting,panel_fixed_log_pairwise,temporal_projection_used,weeks_1_9__10_edps,prefix,10,9,1.0
provider_eval_video_engagement_retargeting,video_engagement_retargeting,panel_fixed_log_pairwise,reconciliation_seconds,weeks_1_9__10_edps,prefix,10,9,0.18367025000043213
provider_eval_video_engagement_retargeting,video_engagement_retargeting,panel_fixed_log_pairwise,raw_prefix_error,weeks_1_10__10_edps,prefix,10,10,0.3313209676173333
provider_eval_video_engagement_retargeting,video_engagement_retargeting,panel_fixed_log_pairwise,reconciled_prefix_error,weeks_1_10__10_edps,prefix,10,10,0.33143831722569644
provider_eval_video_engagement_retargeting,video_engagement_retargeting,panel_fixed_log_pairwise,union_adjustment,weeks_1_10__10_edps,prefix,10,10,8.814524161959645e-05
provider_eval_video_engagement_retargeting,video_engagement_retargeting,panel_fixed_log_pairwise,cell_l1_adjustment,weeks_1_10__10_edps,prefix,10,10,0.0852941690597172
provider_eval_video_engagement_retargeting,video_engagement_retargeting,panel_fixed_log_pairwise,temporal_projection_used,weeks_1_10__10_edps,prefix,10,10,1.0
provider_eval_video_engagement_retargeting,video_engagement_retargeting,panel_fixed_log_pairwise,reconciliation_seconds,weeks_1_10__10_edps,prefix,10,10,0.1960614169947803
provider_eval_video_engagement_retargeting,video_engagement_retargeting,panel_fixed_log_pairwise,raw_prefix_error,weeks_1_11__10_edps,prefix,10,11,0.32789530868417666
provider_eval_video_engagement_retargeting,video_engagement_retargeting,panel_fixed_log_pairwise,reconciled_prefix_error,weeks_1_11__10_edps,prefix,10,11,0.3278470931775949
provider_eval_video_engagement_retargeting,video_engagement_retargeting,panel_fixed_log_pairwise,union_adjustment,weeks_1_11__10_edps,prefix,10,11,3.630971979964537e-05
provider_eval_video_engagement_retargeting,video_engagement_retargeting,panel_fixed_log_pairwise,cell_l1_adjustment,weeks_1_11__10_edps,prefix,10,11,0.08667798468590156
provider_eval_video_engagement_retargeting,video_engagement_retargeting,panel_fixed_log_pairwise,temporal_projection_used,weeks_1_11__10_edps,prefix,10,11,1.0
provider_eval_video_engagement_retargeting,video_engagement_retargeting,panel_fixed_log_pairwise,reconciliation_seconds,weeks_1_11__10_edps,prefix,10,11,0.21879595809150487
provider_eval_video_engagement_retargeting,video_engagement_retargeting,panel_fixed_log_pairwise,raw_prefix_error,weeks_1_12__10_edps,prefix,10,12,0.32601085623979975
provider_eval_video_engagement_retargeting,video_engagement_retargeting,panel_fixed_log_pairwise,reconciled_prefix_error,weeks_1_12__10_edps,prefix,10,12,0.3260491681152223
provider_eval_video_engagement_retargeting,video_engagement_retargeting,panel_fixed_log_pairwise,union_adjustment,weeks_1_12__10_edps,prefix,10,12,2.8892580511521832e-05
provider_eval_video_engagement_retargeting,video_engagement_retargeting,panel_fixed_log_pairwise,cell_l1_adjustment,weeks_1_12__10_edps,prefix,10,12,0.09593734867757744
provider_eval_video_engagement_retargeting,video_engagement_retargeting,panel_fixed_log_pairwise,temporal_projection_used,weeks_1_12__10_edps,prefix,10,12,1.0
provider_eval_video_engagement_retargeting,video_engagement_retargeting,panel_fixed_log_pairwise,reconciliation_seconds,weeks_1_12__10_edps,prefix,10,12,0.2495357079897076
provider_eval_video_engagement_retargeting,video_engagement_retargeting,panel_fixed_log_pairwise,raw_prefix_error,weeks_1_13__10_edps,prefix,10,13,0.3225900431879241
provider_eval_video_engagement_retargeting,video_engagement_retargeting,panel_fixed_log_pairwise,reconciled_prefix_error,weeks_1_13__10_edps,prefix,10,13,0.32267992424242425
provider_eval_video_engagement_retargeting,video_engagement_retargeting,panel_fixed_log_pairwise,union_adjustment,weeks_1_13__10_edps,prefix,10,13,6.79583631851408e-05
provider_eval_video_engagement_retargeting,video_engagement_retargeting,panel_fixed_log_pairwise,cell_l1_adjustment,weeks_1_13__10_edps,prefix,10,13,0.07476179071427312
provider_eval_video_engagement_retargeting,video_engagement_retargeting,panel_fixed_log_pairwise,temporal_projection_used,weeks_1_13__10_edps,prefix,10,13,1.0
provider_eval_video_engagement_retargeting,video_engagement_retargeting,panel_fixed_log_pairwise,reconciliation_seconds,weeks_1_13__10_edps,prefix,10,13,0.2470783330500126
provider_eval_video_engagement_retargeting,video_engagement_retargeting,panel_fixed_log_pairwise__active_today,report_error,weeks_1_3__2_edps,prefix,2,3,0.0046641791044776115
provider_eval_video_engagement_retargeting,video_engagement_retargeting,panel_fixed_log_pairwise__active_today,report_error,weeks_1_12__2_edps,prefix,2,12,0.0384917517674784
provider_eval_video_engagement_retargeting,video_engagement_retargeting,panel_fixed_log_pairwise__active_today,report_error,weeks_5_12__2_edps,interval,2,12,0.01964839710444674
provider_eval_video_engagement_retargeting,video_engagement_retargeting,panel_fixed_log_pairwise__active_today,report_error,weeks_1_3__5_edps,prefix,5,3,0.07249190938511327
provider_eval_video_engagement_retargeting,video_engagement_retargeting,panel_fixed_log_pairwise__active_today,report_error,weeks_1_12__5_edps,prefix,5,12,0.15066630405221648
provider_eval_video_engagement_retargeting,video_engagement_retargeting,panel_fixed_log_pairwise__active_today,report_error,weeks_7_13__5_edps,interval,5,13,0.16144349477682812
provider_eval_video_engagement_retargeting,video_engagement_retargeting,panel_fixed_log_pairwise__active_today,report_error,all_weeks__5_edps,prefix,5,13,0.16986017607457277
provider_eval_video_engagement_retargeting,video_engagement_retargeting,panel_fixed_log_pairwise__active_today,report_error,noncontiguous__5_edps,noncontiguous,5,13,0.09211469534050179
provider_eval_video_engagement_retargeting,video_engagement_retargeting,panel_fixed_log_pairwise__active_today,report_error,weeks_1_3__10_edps,prefix,10,3,0.2105793450881612
provider_eval_video_engagement_retargeting,video_engagement_retargeting,panel_fixed_log_pairwise__active_today,report_error,weeks_1_12__10_edps,prefix,10,12,0.3260491681152223
provider_eval_video_engagement_retargeting,video_engagement_retargeting,panel_fixed_log_pairwise__active_today,report_error,all_weeks__10_edps,prefix,10,13,0.32267992424242425
provider_eval_video_engagement_retargeting,video_engagement_retargeting,panel_fixed_log_pairwise__active_today,report_error,weeks_5_12__10_edps,interval,10,12,0.3464985994397759
provider_eval_video_engagement_retargeting,video_engagement_retargeting,panel_fixed_log_pairwise__active_today,report_error,weeks_7_13__10_edps,interval,10,13,0.3221850613154961
provider_eval_video_engagement_retargeting,video_engagement_retargeting,panel_fixed_log_pairwise__active_today,report_error,noncontiguous__10_edps,noncontiguous,10,13,0.23782945736434108
provider_eval_video_engagement_retargeting,video_engagement_retargeting,panel_fixed_log_pairwise__active_today,report_error,noncontiguous__2_edps,noncontiguous,2,13,0.028479312197743148
provider_eval_video_engagement_retargeting,video_engagement_retargeting,panel_fixed_log_pairwise__recent_creation,report_error,weeks_1_3__2_edps,prefix,2,3,0.0046641791044776115
provider_eval_video_engagement_retargeting,video_engagement_retargeting,panel_fixed_log_pairwise__recent_creation,report_error,weeks_1_12__2_edps,prefix,2,12,0.0384917517674784
provider_eval_video_engagement_retargeting,video_engagement_retargeting,panel_fixed_log_pairwise__recent_creation,report_error,weeks_5_12__2_edps,interval,2,12,0.001034126163391934
provider_eval_video_engagement_retargeting,video_engagement_retargeting,panel_fixed_log_pairwise__recent_creation,report_error,weeks_1_3__5_edps,prefix,5,3,0.07249190938511327
provider_eval_video_engagement_retargeting,video_engagement_retargeting,panel_fixed_log_pairwise__recent_creation,report_error,weeks_1_12__5_edps,prefix,5,12,0.15066630405221648
provider_eval_video_engagement_retargeting,video_engagement_retargeting,panel_fixed_log_pairwise__recent_creation,report_error,weeks_7_13__5_edps,interval,5,13,0.11490978157644824
provider_eval_video_engagement_retargeting,video_engagement_retargeting,panel_fixed_log_pairwise__recent_creation,report_error,all_weeks__5_edps,prefix,5,13,0.16986017607457277
provider_eval_video_engagement_retargeting,video_engagement_retargeting,panel_fixed_log_pairwise__recent_creation,report_error,noncontiguous__5_edps,noncontiguous,5,13,0.0913978494623656
provider_eval_video_engagement_retargeting,video_engagement_retargeting,panel_fixed_log_pairwise__recent_creation,report_error,weeks_1_3__10_edps,prefix,10,3,0.2105793450881612
provider_eval_video_engagement_retargeting,video_engagement_retargeting,panel_fixed_log_pairwise__recent_creation,report_error,weeks_1_12__10_edps,prefix,10,12,0.3260491681152223
provider_eval_video_engagement_retargeting,video_engagement_retargeting,panel_fixed_log_pairwise__recent_creation,report_error,all_weeks__10_edps,prefix,10,13,0.32267992424242425
provider_eval_video_engagement_retargeting,video_engagement_retargeting,panel_fixed_log_pairwise__recent_creation,report_error,weeks_5_12__10_edps,interval,10,12,0.2848739495798319
provider_eval_video_engagement_retargeting,video_engagement_retargeting,panel_fixed_log_pairwise__recent_creation,report_error,weeks_7_13__10_edps,interval,10,13,0.23885172798216275
provider_eval_video_engagement_retargeting,video_engagement_retargeting,panel_fixed_log_pairwise__recent_creation,report_error,noncontiguous__10_edps,noncontiguous,10,13,0.21333333333333335
provider_eval_video_engagement_retargeting,video_engagement_retargeting,panel_fixed_log_pairwise__recent_creation,report_error,noncontiguous__2_edps,noncontiguous,2,13,0.017732401934443847
provider_eval_video_engagement_retargeting,video_engagement_retargeting,panel_fixed_log_pairwise__oldest_creation,report_error,weeks_1_3__2_edps,prefix,2,3,0.0046641791044776115
provider_eval_video_engagement_retargeting,video_engagement_retargeting,panel_fixed_log_pairwise__oldest_creation,report_error,weeks_1_12__2_edps,prefix,2,12,0.0384917517674784
provider_eval_video_engagement_retargeting,video_engagement_retargeting,panel_fixed_log_pairwise__oldest_creation,report_error,weeks_5_12__2_edps,interval,2,12,0.04239917269906929
provider_eval_video_engagement_retargeting,video_engagement_retargeting,panel_fixed_log_pairwise__oldest_creation,report_error,weeks_1_3__5_edps,prefix,5,3,0.07249190938511327
provider_eval_video_engagement_retargeting,video_engagement_retargeting,panel_fixed_log_pairwise__oldest_creation,report_error,weeks_1_12__5_edps,prefix,5,12,0.15066630405221648
provider_eval_video_engagement_retargeting,video_engagement_retargeting,panel_fixed_log_pairwise__oldest_creation,report_error,weeks_7_13__5_edps,interval,5,13,0.0022158911047799935
provider_eval_video_engagement_retargeting,video_engagement_retargeting,panel_fixed_log_pairwise__oldest_creation,report_error,all_weeks__5_edps,prefix,5,13,0.16986017607457277
provider_eval_video_engagement_retargeting,video_engagement_retargeting,panel_fixed_log_pairwise__oldest_creation,report_error,noncontiguous__5_edps,noncontiguous,5,13,0.17992831541218637
provider_eval_video_engagement_retargeting,video_engagement_retargeting,panel_fixed_log_pairwise__oldest_creation,report_error,weeks_1_3__10_edps,prefix,10,3,0.2105793450881612
provider_eval_video_engagement_retargeting,video_engagement_retargeting,panel_fixed_log_pairwise__oldest_creation,report_error,weeks_1_12__10_edps,prefix,10,12,0.3260491681152223
provider_eval_video_engagement_retargeting,video_engagement_retargeting,panel_fixed_log_pairwise__oldest_creation,report_error,all_weeks__10_edps,prefix,10,13,0.32267992424242425
provider_eval_video_engagement_retargeting,video_engagement_retargeting,panel_fixed_log_pairwise__oldest_creation,report_error,weeks_5_12__10_edps,interval,10,12,0.11372549019607843
provider_eval_video_engagement_retargeting,video_engagement_retargeting,panel_fixed_log_pairwise__oldest_creation,report_error,weeks_7_13__10_edps,interval,10,13,0.05964325529542921
provider_eval_video_engagement_retargeting,video_engagement_retargeting,panel_fixed_log_pairwise__oldest_creation,report_error,noncontiguous__10_edps,noncontiguous,10,13,0.3324031007751938
provider_eval_video_engagement_retargeting,video_engagement_retargeting,panel_fixed_log_pairwise__oldest_creation,report_error,noncontiguous__2_edps,noncontiguous,2,13,0.06448146157979581
provider_eval_lead_generation,lead_generation,existing_vid,report_error,weeks_1_3__2_edps,prefix,2,3,0.00387652705060887
provider_eval_lead_generation,lead_generation,existing_vid,report_error,weeks_1_12__2_edps,prefix,2,12,0.16779761312779712
provider_eval_lead_generation,lead_generation,existing_vid,report_error,weeks_5_12__2_edps,interval,2,12,0.12277777777777851
provider_eval_lead_generation,lead_generation,existing_vid,report_error,weeks_1_3__5_edps,prefix,5,3,0.041538968130688976
provider_eval_lead_generation,lead_generation,existing_vid,report_error,weeks_1_12__5_edps,prefix,5,12,0.5409955083542497
provider_eval_lead_generation,lead_generation,existing_vid,report_error,weeks_7_13__5_edps,interval,5,13,0.4107866002553056
provider_eval_lead_generation,lead_generation,existing_vid,report_error,all_weeks__5_edps,prefix,5,13,0.5457344647686548
provider_eval_lead_generation,lead_generation,existing_vid,report_error,noncontiguous__5_edps,noncontiguous,5,13,0.2783575764755299
provider_eval_lead_generation,lead_generation,existing_vid,report_error,weeks_1_3__10_edps,prefix,10,3,0.16564156872424562
provider_eval_lead_generation,lead_generation,existing_vid,report_error,weeks_1_12__10_edps,prefix,10,12,0.8017700587687087
provider_eval_lead_generation,lead_generation,existing_vid,report_error,all_weeks__10_edps,prefix,10,13,0.8125639340774284
provider_eval_lead_generation,lead_generation,existing_vid,report_error,weeks_5_12__10_edps,interval,10,12,0.7177076431132531
provider_eval_lead_generation,lead_generation,existing_vid,report_error,weeks_7_13__10_edps,interval,10,13,0.631310520147215
provider_eval_lead_generation,lead_generation,existing_vid,report_error,noncontiguous__10_edps,noncontiguous,10,13,0.5017607429006918
provider_eval_lead_generation,lead_generation,existing_vid,report_error,noncontiguous__2_edps,noncontiguous,2,13,0.06807833333333244
provider_eval_lead_generation,lead_generation,panel_fixed_log_pairwise,raw_prefix_error,weeks_1_1__10_edps,prefix,10,1,0.05355734350940637
provider_eval_lead_generation,lead_generation,panel_fixed_log_pairwise,reconciled_prefix_error,weeks_1_1__10_edps,prefix,10,1,0.05263157894736842
provider_eval_lead_generation,lead_generation,panel_fixed_log_pairwise,union_adjustment,weeks_1_1__10_edps,prefix,10,1,0.0008787035349668824
provider_eval_lead_generation,lead_generation,panel_fixed_log_pairwise,cell_l1_adjustment,weeks_1_1__10_edps,prefix,10,1,0.028992957896147264
provider_eval_lead_generation,lead_generation,panel_fixed_log_pairwise,temporal_projection_used,weeks_1_1__10_edps,prefix,10,1,1.0
provider_eval_lead_generation,lead_generation,panel_fixed_log_pairwise,reconciliation_seconds,weeks_1_1__10_edps,prefix,10,1,0.010807667043991387
provider_eval_lead_generation,lead_generation,panel_fixed_log_pairwise,raw_prefix_error,weeks_1_2__10_edps,prefix,10,2,0.0881030888080351
provider_eval_lead_generation,lead_generation,panel_fixed_log_pairwise,reconciled_prefix_error,weeks_1_2__10_edps,prefix,10,2,0.08803301237964237
provider_eval_lead_generation,lead_generation,panel_fixed_log_pairwise,union_adjustment,weeks_1_2__10_edps,prefix,10,2,6.440237980826101e-05
provider_eval_lead_generation,lead_generation,panel_fixed_log_pairwise,cell_l1_adjustment,weeks_1_2__10_edps,prefix,10,2,0.03211399227994077
provider_eval_lead_generation,lead_generation,panel_fixed_log_pairwise,temporal_projection_used,weeks_1_2__10_edps,prefix,10,2,1.0
provider_eval_lead_generation,lead_generation,panel_fixed_log_pairwise,reconciliation_seconds,weeks_1_2__10_edps,prefix,10,2,0.01976216700859368
provider_eval_lead_generation,lead_generation,panel_fixed_log_pairwise,raw_prefix_error,weeks_1_3__10_edps,prefix,10,3,0.089574437691493
provider_eval_lead_generation,lead_generation,panel_fixed_log_pairwise,reconciled_prefix_error,weeks_1_3__10_edps,prefix,10,3,0.08945386064030132
provider_eval_lead_generation,lead_generation,panel_fixed_log_pairwise,union_adjustment,weeks_1_3__10_edps,prefix,10,3,0.00011066435391801563
provider_eval_lead_generation,lead_generation,panel_fixed_log_pairwise,cell_l1_adjustment,weeks_1_3__10_edps,prefix,10,3,0.07272458006558427
provider_eval_lead_generation,lead_generation,panel_fixed_log_pairwise,temporal_projection_used,weeks_1_3__10_edps,prefix,10,3,1.0
provider_eval_lead_generation,lead_generation,panel_fixed_log_pairwise,reconciliation_seconds,weeks_1_3__10_edps,prefix,10,3,0.02434837503824383
provider_eval_lead_generation,lead_generation,panel_fixed_log_pairwise,raw_prefix_error,weeks_1_4__10_edps,prefix,10,4,0.1038820149597741
provider_eval_lead_generation,lead_generation,panel_fixed_log_pairwise,reconciled_prefix_error,weeks_1_4__10_edps,prefix,10,4,0.10362694300518134
provider_eval_lead_generation,lead_generation,panel_fixed_log_pairwise,union_adjustment,weeks_1_4__10_edps,prefix,10,4,0.00023106813149865468
provider_eval_lead_generation,lead_generation,panel_fixed_log_pairwise,cell_l1_adjustment,weeks_1_4__10_edps,prefix,10,4,0.06239328483283368
provider_eval_lead_generation,lead_generation,panel_fixed_log_pairwise,temporal_projection_used,weeks_1_4__10_edps,prefix,10,4,1.0
provider_eval_lead_generation,lead_generation,panel_fixed_log_pairwise,reconciliation_seconds,weeks_1_4__10_edps,prefix,10,4,0.029175082920119166
provider_eval_lead_generation,lead_generation,panel_fixed_log_pairwise,raw_prefix_error,weeks_1_5__10_edps,prefix,10,5,0.10321147064095092
provider_eval_lead_generation,lead_generation,panel_fixed_log_pairwise,reconciled_prefix_error,weeks_1_5__10_edps,prefix,10,5,0.10328638497652583
provider_eval_lead_generation,lead_generation,panel_fixed_log_pairwise,union_adjustment,weeks_1_5__10_edps,prefix,10,5,6.79056894990208e-05
provider_eval_lead_generation,lead_generation,panel_fixed_log_pairwise,cell_l1_adjustment,weeks_1_5__10_edps,prefix,10,5,0.08175764094753953
provider_eval_lead_generation,lead_generation,panel_fixed_log_pairwise,temporal_projection_used,weeks_1_5__10_edps,prefix,10,5,1.0
provider_eval_lead_generation,lead_generation,panel_fixed_log_pairwise,reconciliation_seconds,weeks_1_5__10_edps,prefix,10,5,0.04405779193621129
provider_eval_lead_generation,lead_generation,panel_fixed_log_pairwise,raw_prefix_error,weeks_1_6__10_edps,prefix,10,6,0.09022582531357322
provider_eval_lead_generation,lead_generation,panel_fixed_log_pairwise,reconciled_prefix_error,weeks_1_6__10_edps,prefix,10,6,0.09017941454202077
provider_eval_lead_generation,lead_generation,panel_fixed_log_pairwise,union_adjustment,weeks_1_6__10_edps,prefix,10,6,4.2569869904618546e-05
provider_eval_lead_generation,lead_generation,panel_fixed_log_pairwise,cell_l1_adjustment,weeks_1_6__10_edps,prefix,10,6,0.0905404087846439
provider_eval_lead_generation,lead_generation,panel_fixed_log_pairwise,temporal_projection_used,weeks_1_6__10_edps,prefix,10,6,1.0
provider_eval_lead_generation,lead_generation,panel_fixed_log_pairwise,reconciliation_seconds,weeks_1_6__10_edps,prefix,10,6,0.06694825005251914
provider_eval_lead_generation,lead_generation,panel_fixed_log_pairwise,raw_prefix_error,weeks_1_7__10_edps,prefix,10,7,0.06761718211429447
provider_eval_lead_generation,lead_generation,panel_fixed_log_pairwise,reconciled_prefix_error,weeks_1_7__10_edps,prefix,10,7,0.06755629691409508
provider_eval_lead_generation,lead_generation,panel_fixed_log_pairwise,union_adjustment,weeks_1_7__10_edps,prefix,10,7,5.702905612404375e-05
provider_eval_lead_generation,lead_generation,panel_fixed_log_pairwise,cell_l1_adjustment,weeks_1_7__10_edps,prefix,10,7,0.07816515624208471
provider_eval_lead_generation,lead_generation,panel_fixed_log_pairwise,temporal_projection_used,weeks_1_7__10_edps,prefix,10,7,1.0
provider_eval_lead_generation,lead_generation,panel_fixed_log_pairwise,reconciliation_seconds,weeks_1_7__10_edps,prefix,10,7,0.10846954199951142
provider_eval_lead_generation,lead_generation,panel_fixed_log_pairwise,raw_prefix_error,weeks_1_8__10_edps,prefix,10,8,0.05154309126737141
provider_eval_lead_generation,lead_generation,panel_fixed_log_pairwise,reconciled_prefix_error,weeks_1_8__10_edps,prefix,10,8,0.051495645588792126
provider_eval_lead_generation,lead_generation,panel_fixed_log_pairwise,union_adjustment,weeks_1_8__10_edps,prefix,10,8,4.512005164065243e-05
provider_eval_lead_generation,lead_generation,panel_fixed_log_pairwise,cell_l1_adjustment,weeks_1_8__10_edps,prefix,10,8,0.10373892739574452
provider_eval_lead_generation,lead_generation,panel_fixed_log_pairwise,temporal_projection_used,weeks_1_8__10_edps,prefix,10,8,1.0
provider_eval_lead_generation,lead_generation,panel_fixed_log_pairwise,reconciliation_seconds,weeks_1_8__10_edps,prefix,10,8,0.1288644999731332
provider_eval_lead_generation,lead_generation,panel_fixed_log_pairwise,raw_prefix_error,weeks_1_9__10_edps,prefix,10,9,0.024822803287672293
provider_eval_lead_generation,lead_generation,panel_fixed_log_pairwise,reconciled_prefix_error,weeks_1_9__10_edps,prefix,10,9,0.024704244954766877
provider_eval_lead_generation,lead_generation,panel_fixed_log_pairwise,union_adjustment,weeks_1_9__10_edps,prefix,10,9,0.00011568666556291202
provider_eval_lead_generation,lead_generation,panel_fixed_log_pairwise,cell_l1_adjustment,weeks_1_9__10_edps,prefix,10,9,0.12286038381944216
provider_eval_lead_generation,lead_generation,panel_fixed_log_pairwise,temporal_projection_used,weeks_1_9__10_edps,prefix,10,9,1.0
provider_eval_lead_generation,lead_generation,panel_fixed_log_pairwise,reconciliation_seconds,weeks_1_9__10_edps,prefix,10,9,0.14915399998426437
provider_eval_lead_generation,lead_generation,panel_fixed_log_pairwise,raw_prefix_error,weeks_1_10__10_edps,prefix,10,10,0.012846870245784521
provider_eval_lead_generation,lead_generation,panel_fixed_log_pairwise,reconciled_prefix_error,weeks_1_10__10_edps,prefix,10,10,0.012711864406779662
provider_eval_lead_generation,lead_generation,panel_fixed_log_pairwise,union_adjustment,weeks_1_10__10_edps,prefix,10,10,0.0001332934355341945
provider_eval_lead_generation,lead_generation,panel_fixed_log_pairwise,cell_l1_adjustment,weeks_1_10__10_edps,prefix,10,10,0.13637892508293695
provider_eval_lead_generation,lead_generation,panel_fixed_log_pairwise,temporal_projection_used,weeks_1_10__10_edps,prefix,10,10,1.0
provider_eval_lead_generation,lead_generation,panel_fixed_log_pairwise,reconciliation_seconds,weeks_1_10__10_edps,prefix,10,10,0.1731004579924047
provider_eval_lead_generation,lead_generation,panel_fixed_log_pairwise,raw_prefix_error,weeks_1_11__10_edps,prefix,10,11,0.028698100678711234
provider_eval_lead_generation,lead_generation,panel_fixed_log_pairwise,reconciled_prefix_error,weeks_1_11__10_edps,prefix,10,11,0.02866043613707165
provider_eval_lead_generation,lead_generation,panel_fixed_log_pairwise,union_adjustment,weeks_1_11__10_edps,prefix,10,11,3.8777378757926815e-05
provider_eval_lead_generation,lead_generation,panel_fixed_log_pairwise,cell_l1_adjustment,weeks_1_11__10_edps,prefix,10,11,0.13040371437570691
provider_eval_lead_generation,lead_generation,panel_fixed_log_pairwise,temporal_projection_used,weeks_1_11__10_edps,prefix,10,11,1.0
provider_eval_lead_generation,lead_generation,panel_fixed_log_pairwise,reconciliation_seconds,weeks_1_11__10_edps,prefix,10,11,0.18094974989071488
provider_eval_lead_generation,lead_generation,panel_fixed_log_pairwise,raw_prefix_error,weeks_1_12__10_edps,prefix,10,12,0.04434861624537452
provider_eval_lead_generation,lead_generation,panel_fixed_log_pairwise,reconciled_prefix_error,weeks_1_12__10_edps,prefix,10,12,0.044282681225356384
provider_eval_lead_generation,lead_generation,panel_fixed_log_pairwise,union_adjustment,weeks_1_12__10_edps,prefix,10,12,6.899484596517816e-05
provider_eval_lead_generation,lead_generation,panel_fixed_log_pairwise,cell_l1_adjustment,weeks_1_12__10_edps,prefix,10,12,0.13328407948124796
provider_eval_lead_generation,lead_generation,panel_fixed_log_pairwise,temporal_projection_used,weeks_1_12__10_edps,prefix,10,12,1.0
provider_eval_lead_generation,lead_generation,panel_fixed_log_pairwise,reconciliation_seconds,weeks_1_12__10_edps,prefix,10,12,0.18454037501942366
provider_eval_lead_generation,lead_generation,panel_fixed_log_pairwise,raw_prefix_error,weeks_1_13__10_edps,prefix,10,13,0.06347967855418586
provider_eval_lead_generation,lead_generation,panel_fixed_log_pairwise,reconciled_prefix_error,weeks_1_13__10_edps,prefix,10,13,0.057433443015255756
provider_eval_lead_generation,lead_generation,panel_fixed_log_pairwise,union_adjustment,weeks_1_13__10_edps,prefix,10,13,0.006456064433920406
provider_eval_lead_generation,lead_generation,panel_fixed_log_pairwise,cell_l1_adjustment,weeks_1_13__10_edps,prefix,10,13,0.13465810100676562
provider_eval_lead_generation,lead_generation,panel_fixed_log_pairwise,temporal_projection_used,weeks_1_13__10_edps,prefix,10,13,1.0
provider_eval_lead_generation,lead_generation,panel_fixed_log_pairwise,reconciliation_seconds,weeks_1_13__10_edps,prefix,10,13,0.18827070796396583
provider_eval_lead_generation,lead_generation,panel_fixed_log_pairwise__active_today,report_error,weeks_1_3__2_edps,prefix,2,3,0.005235602094240838
provider_eval_lead_generation,lead_generation,panel_fixed_log_pairwise__active_today,report_error,weeks_1_12__2_edps,prefix,2,12,0.015415216310293387
provider_eval_lead_generation,lead_generation,panel_fixed_log_pairwise__active_today,report_error,weeks_5_12__2_edps,interval,2,12,0.012933568489124045
provider_eval_lead_generation,lead_generation,panel_fixed_log_pairwise__active_today,report_error,weeks_1_3__5_edps,prefix,5,3,0.030683403068340307
provider_eval_lead_generation,lead_generation,panel_fixed_log_pairwise__active_today,report_error,weeks_1_12__5_edps,prefix,5,12,0.030563186813186812
provider_eval_lead_generation,lead_generation,panel_fixed_log_pairwise__active_today,report_error,weeks_7_13__5_edps,interval,5,13,0.038114754098360654
provider_eval_lead_generation,lead_generation,panel_fixed_log_pairwise__active_today,report_error,all_weeks__5_edps,prefix,5,13,0.03625889528973229
provider_eval_lead_generation,lead_generation,panel_fixed_log_pairwise__active_today,report_error,noncontiguous__5_edps,noncontiguous,5,13,0.05546403075233388
provider_eval_lead_generation,lead_generation,panel_fixed_log_pairwise__active_today,report_error,weeks_1_3__10_edps,prefix,10,3,0.08945386064030132
provider_eval_lead_generation,lead_generation,panel_fixed_log_pairwise__active_today,report_error,weeks_1_12__10_edps,prefix,10,12,0.044282681225356384
provider_eval_lead_generation,lead_generation,panel_fixed_log_pairwise__active_today,report_error,all_weeks__10_edps,prefix,10,13,0.057433443015255756
provider_eval_lead_generation,lead_generation,panel_fixed_log_pairwise__active_today,report_error,weeks_5_12__10_edps,interval,10,12,0.008460787504067686
provider_eval_lead_generation,lead_generation,panel_fixed_log_pairwise__active_today,report_error,weeks_7_13__10_edps,interval,10,13,0.0367621067515023
provider_eval_lead_generation,lead_generation,panel_fixed_log_pairwise__active_today,report_error,noncontiguous__10_edps,noncontiguous,10,13,0.08484312859036677
provider_eval_lead_generation,lead_generation,panel_fixed_log_pairwise__active_today,report_error,noncontiguous__2_edps,noncontiguous,2,13,0.01
provider_eval_lead_generation,lead_generation,panel_fixed_log_pairwise__recent_creation,report_error,weeks_1_3__2_edps,prefix,2,3,0.005235602094240838
provider_eval_lead_generation,lead_generation,panel_fixed_log_pairwise__recent_creation,report_error,weeks_1_12__2_edps,prefix,2,12,0.015415216310293387
provider_eval_lead_generation,lead_generation,panel_fixed_log_pairwise__recent_creation,report_error,weeks_5_12__2_edps,interval,2,12,0.005878894767783657
provider_eval_lead_generation,lead_generation,panel_fixed_log_pairwise__recent_creation,report_error,weeks_1_3__5_edps,prefix,5,3,0.030683403068340307
provider_eval_lead_generation,lead_generation,panel_fixed_log_pairwise__recent_creation,report_error,weeks_1_12__5_edps,prefix,5,12,0.030563186813186812
provider_eval_lead_generation,lead_generation,panel_fixed_log_pairwise__recent_creation,report_error,weeks_7_13__5_edps,interval,5,13,0.07418032786885245
provider_eval_lead_generation,lead_generation,panel_fixed_log_pairwise__recent_creation,report_error,all_weeks__5_edps,prefix,5,13,0.03625889528973229
provider_eval_lead_generation,lead_generation,panel_fixed_log_pairwise__recent_creation,report_error,noncontiguous__5_edps,noncontiguous,5,13,0.07029104887424492
provider_eval_lead_generation,lead_generation,panel_fixed_log_pairwise__recent_creation,report_error,weeks_1_3__10_edps,prefix,10,3,0.08945386064030132
provider_eval_lead_generation,lead_generation,panel_fixed_log_pairwise__recent_creation,report_error,weeks_1_12__10_edps,prefix,10,12,0.044282681225356384
provider_eval_lead_generation,lead_generation,panel_fixed_log_pairwise__recent_creation,report_error,all_weeks__10_edps,prefix,10,13,0.057433443015255756
provider_eval_lead_generation,lead_generation,panel_fixed_log_pairwise__recent_creation,report_error,weeks_5_12__10_edps,interval,10,12,0.040676863000325414
provider_eval_lead_generation,lead_generation,panel_fixed_log_pairwise__recent_creation,report_error,weeks_7_13__10_edps,interval,10,13,0.09155178508306822
provider_eval_lead_generation,lead_generation,panel_fixed_log_pairwise__recent_creation,report_error,noncontiguous__10_edps,noncontiguous,10,13,0.09986743261157756
provider_eval_lead_generation,lead_generation,panel_fixed_log_pairwise__recent_creation,report_error,noncontiguous__2_edps,noncontiguous,2,13,0.013636363636363636
provider_eval_lead_generation,lead_generation,panel_fixed_log_pairwise__oldest_creation,report_error,weeks_1_3__2_edps,prefix,2,3,0.005235602094240838
provider_eval_lead_generation,lead_generation,panel_fixed_log_pairwise__oldest_creation,report_error,weeks_1_12__2_edps,prefix,2,12,0.015415216310293387
provider_eval_lead_generation,lead_generation,panel_fixed_log_pairwise__oldest_creation,report_error,weeks_5_12__2_edps,interval,2,12,0.019988242210464434
provider_eval_lead_generation,lead_generation,panel_fixed_log_pairwise__oldest_creation,report_error,weeks_1_3__5_edps,prefix,5,3,0.030683403068340307
provider_eval_lead_generation,lead_generation,panel_fixed_log_pairwise__oldest_creation,report_error,weeks_1_12__5_edps,prefix,5,12,0.030563186813186812
provider_eval_lead_generation,lead_generation,panel_fixed_log_pairwise__oldest_creation,report_error,weeks_7_13__5_edps,interval,5,13,0.13811475409836066
provider_eval_lead_generation,lead_generation,panel_fixed_log_pairwise__oldest_creation,report_error,all_weeks__5_edps,prefix,5,13,0.03625889528973229
provider_eval_lead_generation,lead_generation,panel_fixed_log_pairwise__oldest_creation,report_error,noncontiguous__5_edps,noncontiguous,5,13,0.012630422844590884
provider_eval_lead_generation,lead_generation,panel_fixed_log_pairwise__oldest_creation,report_error,weeks_1_3__10_edps,prefix,10,3,0.08945386064030132
provider_eval_lead_generation,lead_generation,panel_fixed_log_pairwise__oldest_creation,report_error,weeks_1_12__10_edps,prefix,10,12,0.044282681225356384
provider_eval_lead_generation,lead_generation,panel_fixed_log_pairwise__oldest_creation,report_error,all_weeks__10_edps,prefix,10,13,0.057433443015255756
provider_eval_lead_generation,lead_generation,panel_fixed_log_pairwise__oldest_creation,report_error,weeks_5_12__10_edps,interval,10,12,0.14415880247315327
provider_eval_lead_generation,lead_generation,panel_fixed_log_pairwise__oldest_creation,report_error,weeks_7_13__10_edps,interval,10,13,0.19088016967126192
provider_eval_lead_generation,lead_generation,panel_fixed_log_pairwise__oldest_creation,report_error,noncontiguous__10_edps,noncontiguous,10,13,0.009721608484312859
provider_eval_lead_generation,lead_generation,panel_fixed_log_pairwise__oldest_creation,report_error,noncontiguous__2_edps,noncontiguous,2,13,0.012727272727272728
provider_eval_sales_prospecting,sales_prospecting,existing_vid,report_error,weeks_1_3__2_edps,prefix,2,3,0.0031926751592366576
provider_eval_sales_prospecting,sales_prospecting,existing_vid,report_error,weeks_1_12__2_edps,prefix,2,12,0.17929296032772762
provider_eval_sales_prospecting,sales_prospecting,existing_vid,report_error,weeks_5_12__2_edps,interval,2,12,0.17213556843267125
provider_eval_sales_prospecting,sales_prospecting,existing_vid,report_error,weeks_1_3__5_edps,prefix,5,3,0.03890618802263111
provider_eval_sales_prospecting,sales_prospecting,existing_vid,report_error,weeks_1_12__5_edps,prefix,5,12,0.4806481474617206
provider_eval_sales_prospecting,sales_prospecting,existing_vid,report_error,weeks_7_13__5_edps,interval,5,13,0.422768692628262
provider_eval_sales_prospecting,sales_prospecting,existing_vid,report_error,all_weeks__5_edps,prefix,5,13,0.49770883624826695
provider_eval_sales_prospecting,sales_prospecting,existing_vid,report_error,noncontiguous__5_edps,noncontiguous,5,13,0.2776405394571332
provider_eval_sales_prospecting,sales_prospecting,existing_vid,report_error,weeks_1_3__10_edps,prefix,10,3,0.18343285712931756
provider_eval_sales_prospecting,sales_prospecting,existing_vid,report_error,weeks_1_12__10_edps,prefix,10,12,0.6717069929025474
provider_eval_sales_prospecting,sales_prospecting,existing_vid,report_error,all_weeks__10_edps,prefix,10,13,0.6920912269992403
provider_eval_sales_prospecting,sales_prospecting,existing_vid,report_error,weeks_5_12__10_edps,interval,10,12,0.5988355996922838
provider_eval_sales_prospecting,sales_prospecting,existing_vid,report_error,weeks_7_13__10_edps,interval,10,13,0.596502079717122
provider_eval_sales_prospecting,sales_prospecting,existing_vid,report_error,noncontiguous__10_edps,noncontiguous,10,13,0.4804572052788252
provider_eval_sales_prospecting,sales_prospecting,existing_vid,report_error,noncontiguous__2_edps,noncontiguous,2,13,0.07103690112130494
provider_eval_sales_prospecting,sales_prospecting,panel_fixed_log_pairwise,raw_prefix_error,weeks_1_1__10_edps,prefix,10,1,0.04160341287475893
provider_eval_sales_prospecting,sales_prospecting,panel_fixed_log_pairwise,reconciled_prefix_error,weeks_1_1__10_edps,prefix,10,1,0.041379310344827586
provider_eval_sales_prospecting,sales_prospecting,panel_fixed_log_pairwise,union_adjustment,weeks_1_1__10_edps,prefix,10,1,0.00021515149351620586
provider_eval_sales_prospecting,sales_prospecting,panel_fixed_log_pairwise,cell_l1_adjustment,weeks_1_1__10_edps,prefix,10,1,0.02234002306281103
provider_eval_sales_prospecting,sales_prospecting,panel_fixed_log_pairwise,temporal_projection_used,weeks_1_1__10_edps,prefix,10,1,1.0
provider_eval_sales_prospecting,sales_prospecting,panel_fixed_log_pairwise,reconciliation_seconds,weeks_1_1__10_edps,prefix,10,1,0.010769749991595745
provider_eval_sales_prospecting,sales_prospecting,panel_fixed_log_pairwise,raw_prefix_error,weeks_1_2__10_edps,prefix,10,2,0.058505751812361416
provider_eval_sales_prospecting,sales_prospecting,panel_fixed_log_pairwise,reconciled_prefix_error,weeks_1_2__10_edps,prefix,10,2,0.05821917808219178
provider_eval_sales_prospecting,sales_prospecting,panel_fixed_log_pairwise,union_adjustment,weeks_1_2__10_edps,prefix,10,2,0.0002707342210269527
provider_eval_sales_prospecting,sales_prospecting,panel_fixed_log_pairwise,cell_l1_adjustment,weeks_1_2__10_edps,prefix,10,2,0.06637426753472031
provider_eval_sales_prospecting,sales_prospecting,panel_fixed_log_pairwise,temporal_projection_used,weeks_1_2__10_edps,prefix,10,2,1.0
provider_eval_sales_prospecting,sales_prospecting,panel_fixed_log_pairwise,reconciliation_seconds,weeks_1_2__10_edps,prefix,10,2,0.026761499932035804
provider_eval_sales_prospecting,sales_prospecting,panel_fixed_log_pairwise,raw_prefix_error,weeks_1_3__10_edps,prefix,10,3,0.027852663131931882
provider_eval_sales_prospecting,sales_prospecting,panel_fixed_log_pairwise,reconciled_prefix_error,weeks_1_3__10_edps,prefix,10,3,0.02810810810810811
provider_eval_sales_prospecting,sales_prospecting,panel_fixed_log_pairwise,union_adjustment,weeks_1_3__10_edps,prefix,10,3,0.0002485229501642367
provider_eval_sales_prospecting,sales_prospecting,panel_fixed_log_pairwise,cell_l1_adjustment,weeks_1_3__10_edps,prefix,10,3,0.07067432198327127
provider_eval_sales_prospecting,sales_prospecting,panel_fixed_log_pairwise,temporal_projection_used,weeks_1_3__10_edps,prefix,10,3,1.0
provider_eval_sales_prospecting,sales_prospecting,panel_fixed_log_pairwise,reconciliation_seconds,weeks_1_3__10_edps,prefix,10,3,0.03238970797974616
provider_eval_sales_prospecting,sales_prospecting,panel_fixed_log_pairwise,raw_prefix_error,weeks_1_4__10_edps,prefix,10,4,0.01590011833312913
provider_eval_sales_prospecting,sales_prospecting,panel_fixed_log_pairwise,reconciled_prefix_error,weeks_1_4__10_edps,prefix,10,4,0.015829941203075532
provider_eval_sales_prospecting,sales_prospecting,panel_fixed_log_pairwise,union_adjustment,weeks_1_4__10_edps,prefix,10,4,6.907876944438019e-05
provider_eval_sales_prospecting,sales_prospecting,panel_fixed_log_pairwise,cell_l1_adjustment,weeks_1_4__10_edps,prefix,10,4,0.04145472094656443
provider_eval_sales_prospecting,sales_prospecting,panel_fixed_log_pairwise,temporal_projection_used,weeks_1_4__10_edps,prefix,10,4,1.0
provider_eval_sales_prospecting,sales_prospecting,panel_fixed_log_pairwise,reconciliation_seconds,weeks_1_4__10_edps,prefix,10,4,0.05101316701620817
provider_eval_sales_prospecting,sales_prospecting,panel_fixed_log_pairwise,raw_prefix_error,weeks_1_5__10_edps,prefix,10,5,0.031961092624237714
provider_eval_sales_prospecting,sales_prospecting,panel_fixed_log_pairwise,reconciled_prefix_error,weeks_1_5__10_edps,prefix,10,5,0.03180914512922465
provider_eval_sales_prospecting,sales_prospecting,panel_fixed_log_pairwise,union_adjustment,weeks_1_5__10_edps,prefix,10,5,0.00015696424374615596
provider_eval_sales_prospecting,sales_prospecting,panel_fixed_log_pairwise,cell_l1_adjustment,weeks_1_5__10_edps,prefix,10,5,0.07827818740537765
provider_eval_sales_prospecting,sales_prospecting,panel_fixed_log_pairwise,temporal_projection_used,weeks_1_5__10_edps,prefix,10,5,1.0
provider_eval_sales_prospecting,sales_prospecting,panel_fixed_log_pairwise,reconciliation_seconds,weeks_1_5__10_edps,prefix,10,5,0.053656250005587935
provider_eval_sales_prospecting,sales_prospecting,panel_fixed_log_pairwise,raw_prefix_error,weeks_1_6__10_edps,prefix,10,6,0.024394821649354262
provider_eval_sales_prospecting,sales_prospecting,panel_fixed_log_pairwise,reconciled_prefix_error,weeks_1_6__10_edps,prefix,10,6,0.024479356960175374
provider_eval_sales_prospecting,sales_prospecting,panel_fixed_log_pairwise,union_adjustment,weeks_1_6__10_edps,prefix,10,6,8.664910016441267e-05
provider_eval_sales_prospecting,sales_prospecting,panel_fixed_log_pairwise,cell_l1_adjustment,weeks_1_6__10_edps,prefix,10,6,0.048569085792289905
provider_eval_sales_prospecting,sales_prospecting,panel_fixed_log_pairwise,temporal_projection_used,weeks_1_6__10_edps,prefix,10,6,1.0
provider_eval_sales_prospecting,sales_prospecting,panel_fixed_log_pairwise,reconciliation_seconds,weeks_1_6__10_edps,prefix,10,6,0.06049658393021673
provider_eval_sales_prospecting,sales_prospecting,panel_fixed_log_pairwise,raw_prefix_error,weeks_1_7__10_edps,prefix,10,7,0.014022759460249874
provider_eval_sales_prospecting,sales_prospecting,panel_fixed_log_pairwise,reconciled_prefix_error,weeks_1_7__10_edps,prefix,10,7,0.014
provider_eval_sales_prospecting,sales_prospecting,panel_fixed_log_pairwise,union_adjustment,weeks_1_7__10_edps,prefix,10,7,2.3083149705190802e-05
provider_eval_sales_prospecting,sales_prospecting,panel_fixed_log_pairwise,cell_l1_adjustment,weeks_1_7__10_edps,prefix,10,7,0.08081264468863805
provider_eval_sales_prospecting,sales_prospecting,panel_fixed_log_pairwise,temporal_projection_used,weeks_1_7__10_edps,prefix,10,7,1.0
provider_eval_sales_prospecting,sales_prospecting,panel_fixed_log_pairwise,reconciliation_seconds,weeks_1_7__10_edps,prefix,10,7,0.08445654099341482
provider_eval_sales_prospecting,sales_prospecting,panel_fixed_log_pairwise,raw_prefix_error,weeks_1_8__10_edps,prefix,10,8,0.00014236711474696986
provider_eval_sales_prospecting,sales_prospecting,panel_fixed_log_pairwise,reconciled_prefix_error,weeks_1_8__10_edps,prefix,10,8,0.0
provider_eval_sales_prospecting,sales_prospecting,panel_fixed_log_pairwise,union_adjustment,weeks_1_8__10_edps,prefix,10,8,0.00014238738602783213
provider_eval_sales_prospecting,sales_prospecting,panel_fixed_log_pairwise,cell_l1_adjustment,weeks_1_8__10_edps,prefix,10,8,0.14139298723283192
provider_eval_sales_prospecting,sales_prospecting,panel_fixed_log_pairwise,temporal_projection_used,weeks_1_8__10_edps,prefix,10,8,1.0
provider_eval_sales_prospecting,sales_prospecting,panel_fixed_log_pairwise,reconciliation_seconds,weeks_1_8__10_edps,prefix,10,8,0.10129166708793491
provider_eval_sales_prospecting,sales_prospecting,panel_fixed_log_pairwise,raw_prefix_error,weeks_1_9__10_edps,prefix,10,9,0.009638624972258742
provider_eval_sales_prospecting,sales_prospecting,panel_fixed_log_pairwise,reconciled_prefix_error,weeks_1_9__10_edps,prefix,10,9,0.00968783638320775
provider_eval_sales_prospecting,sales_prospecting,panel_fixed_log_pairwise,union_adjustment,weeks_1_9__10_edps,prefix,10,9,4.8741608859709245e-05
provider_eval_sales_prospecting,sales_prospecting,panel_fixed_log_pairwise,cell_l1_adjustment,weeks_1_9__10_edps,prefix,10,9,0.13427694274015406
provider_eval_sales_prospecting,sales_prospecting,panel_fixed_log_pairwise,temporal_projection_used,weeks_1_9__10_edps,prefix,10,9,1.0
provider_eval_sales_prospecting,sales_prospecting,panel_fixed_log_pairwise,reconciliation_seconds,weeks_1_9__10_edps,prefix,10,9,0.140586041030474
provider_eval_sales_prospecting,sales_prospecting,panel_fixed_log_pairwise,raw_prefix_error,weeks_1_10__10_edps,prefix,10,10,0.0025390262288632493
provider_eval_sales_prospecting,sales_prospecting,panel_fixed_log_pairwise,reconciled_prefix_error,weeks_1_10__10_edps,prefix,10,10,0.002430133657351154
provider_eval_sales_prospecting,sales_prospecting,panel_fixed_log_pairwise,union_adjustment,weeks_1_10__10_edps,prefix,10,10,0.00010916975638765822
provider_eval_sales_prospecting,sales_prospecting,panel_fixed_log_pairwise,cell_l1_adjustment,weeks_1_10__10_edps,prefix,10,10,0.12852556429746262
provider_eval_sales_prospecting,sales_prospecting,panel_fixed_log_pairwise,temporal_projection_used,weeks_1_10__10_edps,prefix,10,10,1.0
provider_eval_sales_prospecting,sales_prospecting,panel_fixed_log_pairwise,reconciliation_seconds,weeks_1_10__10_edps,prefix,10,10,0.1738143750699237
provider_eval_sales_prospecting,sales_prospecting,panel_fixed_log_pairwise,raw_prefix_error,weeks_1_11__10_edps,prefix,10,11,0.04462306820357447
provider_eval_sales_prospecting,sales_prospecting,panel_fixed_log_pairwise,reconciled_prefix_error,weeks_1_11__10_edps,prefix,10,11,0.0447127207690588
provider_eval_sales_prospecting,sales_prospecting,panel_fixed_log_pairwise,union_adjustment,weeks_1_11__10_edps,prefix,10,11,9.383999393360924e-05
provider_eval_sales_prospecting,sales_prospecting,panel_fixed_log_pairwise,cell_l1_adjustment,weeks_1_11__10_edps,prefix,10,11,0.13635651488535414
provider_eval_sales_prospecting,sales_prospecting,panel_fixed_log_pairwise,temporal_projection_used,weeks_1_11__10_edps,prefix,10,11,1.0
provider_eval_sales_prospecting,sales_prospecting,panel_fixed_log_pairwise,reconciliation_seconds,weeks_1_11__10_edps,prefix,10,11,0.19156083394773304
provider_eval_sales_prospecting,sales_prospecting,panel_fixed_log_pairwise,raw_prefix_error,weeks_1_12__10_edps,prefix,10,12,0.06620990459158653
provider_eval_sales_prospecting,sales_prospecting,panel_fixed_log_pairwise,reconciled_prefix_error,weeks_1_12__10_edps,prefix,10,12,0.06612971598134802
provider_eval_sales_prospecting,sales_prospecting,panel_fixed_log_pairwise,union_adjustment,weeks_1_12__10_edps,prefix,10,12,8.587434224458556e-05
provider_eval_sales_prospecting,sales_prospecting,panel_fixed_log_pairwise,cell_l1_adjustment,weeks_1_12__10_edps,prefix,10,12,0.13885287624964884
provider_eval_sales_prospecting,sales_prospecting,panel_fixed_log_pairwise,temporal_projection_used,weeks_1_12__10_edps,prefix,10,12,1.0
provider_eval_sales_prospecting,sales_prospecting,panel_fixed_log_pairwise,reconciliation_seconds,weeks_1_12__10_edps,prefix,10,12,0.21702862496022135
provider_eval_sales_prospecting,sales_prospecting,panel_fixed_log_pairwise,raw_prefix_error,weeks_1_13__10_edps,prefix,10,13,0.10810919966583454
provider_eval_sales_prospecting,sales_prospecting,panel_fixed_log_pairwise,reconciled_prefix_error,weeks_1_13__10_edps,prefix,10,13,0.09117161716171616
provider_eval_sales_prospecting,sales_prospecting,panel_fixed_log_pairwise,union_adjustment,weeks_1_13__10_edps,prefix,10,13,0.01899064604968676
provider_eval_sales_prospecting,sales_prospecting,panel_fixed_log_pairwise,cell_l1_adjustment,weeks_1_13__10_edps,prefix,10,13,0.14604864245241822
provider_eval_sales_prospecting,sales_prospecting,panel_fixed_log_pairwise,temporal_projection_used,weeks_1_13__10_edps,prefix,10,13,1.0
provider_eval_sales_prospecting,sales_prospecting,panel_fixed_log_pairwise,reconciliation_seconds,weeks_1_13__10_edps,prefix,10,13,0.2225131249288097
provider_eval_sales_prospecting,sales_prospecting,panel_fixed_log_pairwise__active_today,report_error,weeks_1_3__2_edps,prefix,2,3,0.0
provider_eval_sales_prospecting,sales_prospecting,panel_fixed_log_pairwise__active_today,report_error,weeks_1_12__2_edps,prefix,2,12,0.02199223803363519
provider_eval_sales_prospecting,sales_prospecting,panel_fixed_log_pairwise__active_today,report_error,weeks_5_12__2_edps,interval,2,12,0.017880794701986755
provider_eval_sales_prospecting,sales_prospecting,panel_fixed_log_pairwise__active_today,report_error,weeks_1_3__5_edps,prefix,5,3,0.013256006628003313
provider_eval_sales_prospecting,sales_prospecting,panel_fixed_log_pairwise__active_today,report_error,weeks_1_12__5_edps,prefix,5,12,0.059233449477351915
provider_eval_sales_prospecting,sales_prospecting,panel_fixed_log_pairwise__active_today,report_error,weeks_7_13__5_edps,interval,5,13,0.07486229344016024
provider_eval_sales_prospecting,sales_prospecting,panel_fixed_log_pairwise__active_today,report_error,all_weeks__5_edps,prefix,5,13,0.07244736246321032
provider_eval_sales_prospecting,sales_prospecting,panel_fixed_log_pairwise__active_today,report_error,noncontiguous__5_edps,noncontiguous,5,13,0.06001371742112483
provider_eval_sales_prospecting,sales_prospecting,panel_fixed_log_pairwise__active_today,report_error,weeks_1_3__10_edps,prefix,10,3,0.02810810810810811
provider_eval_sales_prospecting,sales_prospecting,panel_fixed_log_pairwise__active_today,report_error,weeks_1_12__10_edps,prefix,10,12,0.06612971598134802
provider_eval_sales_prospecting,sales_prospecting,panel_fixed_log_pairwise__active_today,report_error,all_weeks__10_edps,prefix,10,13,0.09117161716171616
provider_eval_sales_prospecting,sales_prospecting,panel_fixed_log_pairwise__active_today,report_error,weeks_5_12__10_edps,interval,10,12,0.05086285195277021
provider_eval_sales_prospecting,sales_prospecting,panel_fixed_log_pairwise__active_today,report_error,weeks_7_13__10_edps,interval,10,13,0.07685290763968072
provider_eval_sales_prospecting,sales_prospecting,panel_fixed_log_pairwise__active_today,report_error,noncontiguous__10_edps,noncontiguous,10,13,0.11234673510122611
provider_eval_sales_prospecting,sales_prospecting,panel_fixed_log_pairwise__active_today,report_error,noncontiguous__2_edps,noncontiguous,2,13,0.01345565749235474
provider_eval_sales_prospecting,sales_prospecting,panel_fixed_log_pairwise__recent_creation,report_error,weeks_1_3__2_edps,prefix,2,3,0.0
provider_eval_sales_prospecting,sales_prospecting,panel_fixed_log_pairwise__recent_creation,report_error,weeks_1_12__2_edps,prefix,2,12,0.02199223803363519
provider_eval_sales_prospecting,sales_prospecting,panel_fixed_log_pairwise__recent_creation,report_error,weeks_5_12__2_edps,interval,2,12,0.023178807947019868
provider_eval_sales_prospecting,sales_prospecting,panel_fixed_log_pairwise__recent_creation,report_error,weeks_1_3__5_edps,prefix,5,3,0.013256006628003313
provider_eval_sales_prospecting,sales_prospecting,panel_fixed_log_pairwise__recent_creation,report_error,weeks_1_12__5_edps,prefix,5,12,0.059233449477351915
provider_eval_sales_prospecting,sales_prospecting,panel_fixed_log_pairwise__recent_creation,report_error,weeks_7_13__5_edps,interval,5,13,0.09464196294441662
provider_eval_sales_prospecting,sales_prospecting,panel_fixed_log_pairwise__recent_creation,report_error,all_weeks__5_edps,prefix,5,13,0.07244736246321032
provider_eval_sales_prospecting,sales_prospecting,panel_fixed_log_pairwise__recent_creation,report_error,noncontiguous__5_edps,noncontiguous,5,13,0.09190672153635117
provider_eval_sales_prospecting,sales_prospecting,panel_fixed_log_pairwise__recent_creation,report_error,weeks_1_3__10_edps,prefix,10,3,0.02810810810810811
provider_eval_sales_prospecting,sales_prospecting,panel_fixed_log_pairwise__recent_creation,report_error,weeks_1_12__10_edps,prefix,10,12,0.06612971598134802
provider_eval_sales_prospecting,sales_prospecting,panel_fixed_log_pairwise__recent_creation,report_error,all_weeks__10_edps,prefix,10,13,0.09117161716171616
provider_eval_sales_prospecting,sales_prospecting,panel_fixed_log_pairwise__recent_creation,report_error,weeks_5_12__10_edps,interval,10,12,0.08083560399636694
provider_eval_sales_prospecting,sales_prospecting,panel_fixed_log_pairwise__recent_creation,report_error,weeks_7_13__10_edps,interval,10,13,0.11470923603192702
provider_eval_sales_prospecting,sales_prospecting,panel_fixed_log_pairwise__recent_creation,report_error,noncontiguous__10_edps,noncontiguous,10,13,0.16253207869974337
provider_eval_sales_prospecting,sales_prospecting,panel_fixed_log_pairwise__recent_creation,report_error,noncontiguous__2_edps,noncontiguous,2,13,0.009785932721712538
provider_eval_sales_prospecting,sales_prospecting,panel_fixed_log_pairwise__oldest_creation,report_error,weeks_1_3__2_edps,prefix,2,3,0.0
provider_eval_sales_prospecting,sales_prospecting,panel_fixed_log_pairwise__oldest_creation,report_error,weeks_1_12__2_edps,prefix,2,12,0.02199223803363519
provider_eval_sales_prospecting,sales_prospecting,panel_fixed_log_pairwise__oldest_creation,report_error,weeks_5_12__2_edps,interval,2,12,0.031125827814569535
provider_eval_sales_prospecting,sales_prospecting,panel_fixed_log_pairwise__oldest_creation,report_error,weeks_1_3__5_edps,prefix,5,3,0.013256006628003313
provider_eval_sales_prospecting,sales_prospecting,panel_fixed_log_pairwise__oldest_creation,report_error,weeks_1_12__5_edps,prefix,5,12,0.059233449477351915
provider_eval_sales_prospecting,sales_prospecting,panel_fixed_log_pairwise__oldest_creation,report_error,weeks_7_13__5_edps,interval,5,13,0.12168252378567852
provider_eval_sales_prospecting,sales_prospecting,panel_fixed_log_pairwise__oldest_creation,report_error,all_weeks__5_edps,prefix,5,13,0.07244736246321032
provider_eval_sales_prospecting,sales_prospecting,panel_fixed_log_pairwise__oldest_creation,report_error,noncontiguous__5_edps,noncontiguous,5,13,0.030864197530864196
provider_eval_sales_prospecting,sales_prospecting,panel_fixed_log_pairwise__oldest_creation,report_error,weeks_1_3__10_edps,prefix,10,3,0.02810810810810811
provider_eval_sales_prospecting,sales_prospecting,panel_fixed_log_pairwise__oldest_creation,report_error,weeks_1_12__10_edps,prefix,10,12,0.06612971598134802
provider_eval_sales_prospecting,sales_prospecting,panel_fixed_log_pairwise__oldest_creation,report_error,all_weeks__10_edps,prefix,10,13,0.09117161716171616
provider_eval_sales_prospecting,sales_prospecting,panel_fixed_log_pairwise__oldest_creation,report_error,weeks_5_12__10_edps,interval,10,12,0.12670299727520437
provider_eval_sales_prospecting,sales_prospecting,panel_fixed_log_pairwise__oldest_creation,report_error,weeks_7_13__10_edps,interval,10,13,0.15872291904218927
provider_eval_sales_prospecting,sales_prospecting,panel_fixed_log_pairwise__oldest_creation,report_error,noncontiguous__10_edps,noncontiguous,10,13,0.05446250356429997
provider_eval_sales_prospecting,sales_prospecting,panel_fixed_log_pairwise__oldest_creation,report_error,noncontiguous__2_edps,noncontiguous,2,13,0.011009174311926606
provider_eval_website_retargeting,website_retargeting,existing_vid,report_error,weeks_1_3__2_edps,prefix,2,3,0.02606153496820818
provider_eval_website_retargeting,website_retargeting,existing_vid,report_error,weeks_1_12__2_edps,prefix,2,12,0.3609067917021875
provider_eval_website_retargeting,website_retargeting,existing_vid,report_error,weeks_5_12__2_edps,interval,2,12,0.2751919294676169
provider_eval_website_retargeting,website_retargeting,existing_vid,report_error,weeks_1_3__5_edps,prefix,5,3,0.16324136568534917
provider_eval_website_retargeting,website_retargeting,existing_vid,report_error,weeks_1_12__5_edps,prefix,5,12,1.2446717649705212
provider_eval_website_retargeting,website_retargeting,existing_vid,report_error,weeks_7_13__5_edps,interval,5,13,1.0661130956842697
provider_eval_website_retargeting,website_retargeting,existing_vid,report_error,all_weeks__5_edps,prefix,5,13,1.405293284372117
provider_eval_website_retargeting,website_retargeting,existing_vid,report_error,noncontiguous__5_edps,noncontiguous,5,13,0.7579980495602905
provider_eval_website_retargeting,website_retargeting,existing_vid,report_error,weeks_1_3__10_edps,prefix,10,3,0.6038797566258067
provider_eval_website_retargeting,website_retargeting,existing_vid,report_error,weeks_1_12__10_edps,prefix,10,12,2.034249722650241
provider_eval_website_retargeting,website_retargeting,existing_vid,report_error,all_weeks__10_edps,prefix,10,13,2.197624882775052
provider_eval_website_retargeting,website_retargeting,existing_vid,report_error,weeks_5_12__10_edps,interval,10,12,1.6578552808466442
provider_eval_website_retargeting,website_retargeting,existing_vid,report_error,weeks_7_13__10_edps,interval,10,13,1.6453690393053209
provider_eval_website_retargeting,website_retargeting,existing_vid,report_error,noncontiguous__10_edps,noncontiguous,10,13,1.337730385838115
provider_eval_website_retargeting,website_retargeting,existing_vid,report_error,noncontiguous__2_edps,noncontiguous,2,13,0.20105750768049155
provider_eval_website_retargeting,website_retargeting,panel_fixed_log_pairwise,raw_prefix_error,weeks_1_1__10_edps,prefix,10,1,0.13726858179839205
provider_eval_website_retargeting,website_retargeting,panel_fixed_log_pairwise,reconciled_prefix_error,weeks_1_1__10_edps,prefix,10,1,0.1384180790960452
provider_eval_website_retargeting,website_retargeting,panel_fixed_log_pairwise,union_adjustment,weeks_1_1__10_edps,prefix,10,1,0.0010107527070161517
provider_eval_website_retargeting,website_retargeting,panel_fixed_log_pairwise,cell_l1_adjustment,weeks_1_1__10_edps,prefix,10,1,0.08167692655484723
provider_eval_website_retargeting,website_retargeting,panel_fixed_log_pairwise,temporal_projection_used,weeks_1_1__10_edps,prefix,10,1,1.0
provider_eval_website_retargeting,website_retargeting,panel_fixed_log_pairwise,reconciliation_seconds,weeks_1_1__10_edps,prefix,10,1,0.010704374988563359
provider_eval_website_retargeting,website_retargeting,panel_fixed_log_pairwise,raw_prefix_error,weeks_1_2__10_edps,prefix,10,2,0.2633873532272931
provider_eval_website_retargeting,website_retargeting,panel_fixed_log_pairwise,reconciled_prefix_error,weeks_1_2__10_edps,prefix,10,2,0.26366559485530544
provider_eval_website_retargeting,website_retargeting,panel_fixed_log_pairwise,union_adjustment,weeks_1_2__10_edps,prefix,10,2,0.00022023461553650578
provider_eval_website_retargeting,website_retargeting,panel_fixed_log_pairwise,cell_l1_adjustment,weeks_1_2__10_edps,prefix,10,2,0.12699623764938645
provider_eval_website_retargeting,website_retargeting,panel_fixed_log_pairwise,temporal_projection_used,weeks_1_2__10_edps,prefix,10,2,1.0
provider_eval_website_retargeting,website_retargeting,panel_fixed_log_pairwise,reconciliation_seconds,weeks_1_2__10_edps,prefix,10,2,0.024207542068324983
provider_eval_website_retargeting,website_retargeting,panel_fixed_log_pairwise,raw_prefix_error,weeks_1_3__10_edps,prefix,10,3,0.33600331126428656
provider_eval_website_retargeting,website_retargeting,panel_fixed_log_pairwise,reconciled_prefix_error,weeks_1_3__10_edps,prefix,10,3,0.33588761174968074
provider_eval_website_retargeting,website_retargeting,panel_fixed_log_pairwise,union_adjustment,weeks_1_3__10_edps,prefix,10,3,8.660121845141036e-05
provider_eval_website_retargeting,website_retargeting,panel_fixed_log_pairwise,cell_l1_adjustment,weeks_1_3__10_edps,prefix,10,3,0.12566039102784504
provider_eval_website_retargeting,website_retargeting,panel_fixed_log_pairwise,temporal_projection_used,weeks_1_3__10_edps,prefix,10,3,1.0
provider_eval_website_retargeting,website_retargeting,panel_fixed_log_pairwise,reconciliation_seconds,weeks_1_3__10_edps,prefix,10,3,0.03343199996743351
provider_eval_website_retargeting,website_retargeting,panel_fixed_log_pairwise,raw_prefix_error,weeks_1_4__10_edps,prefix,10,4,0.3884688421729855
provider_eval_website_retargeting,website_retargeting,panel_fixed_log_pairwise,reconciled_prefix_error,weeks_1_4__10_edps,prefix,10,4,0.38833883388338836
provider_eval_website_retargeting,website_retargeting,panel_fixed_log_pairwise,union_adjustment,weeks_1_4__10_edps,prefix,10,4,9.36342866682251e-05
provider_eval_website_retargeting,website_retargeting,panel_fixed_log_pairwise,cell_l1_adjustment,weeks_1_4__10_edps,prefix,10,4,0.13194992826968915
provider_eval_website_retargeting,website_retargeting,panel_fixed_log_pairwise,temporal_projection_used,weeks_1_4__10_edps,prefix,10,4,1.0
provider_eval_website_retargeting,website_retargeting,panel_fixed_log_pairwise,reconciliation_seconds,weeks_1_4__10_edps,prefix,10,4,0.05222874996252358
provider_eval_website_retargeting,website_retargeting,panel_fixed_log_pairwise,raw_prefix_error,weeks_1_5__10_edps,prefix,10,5,0.3967096585692742
provider_eval_website_retargeting,website_retargeting,panel_fixed_log_pairwise,reconciled_prefix_error,weeks_1_5__10_edps,prefix,10,5,0.39624505928853754
provider_eval_website_retargeting,website_retargeting,panel_fixed_log_pairwise,union_adjustment,weeks_1_5__10_edps,prefix,10,5,0.00033263841048520427
provider_eval_website_retargeting,website_retargeting,panel_fixed_log_pairwise,cell_l1_adjustment,weeks_1_5__10_edps,prefix,10,5,0.16086861859723797
provider_eval_website_retargeting,website_retargeting,panel_fixed_log_pairwise,temporal_projection_used,weeks_1_5__10_edps,prefix,10,5,1.0
provider_eval_website_retargeting,website_retargeting,panel_fixed_log_pairwise,reconciliation_seconds,weeks_1_5__10_edps,prefix,10,5,0.07311091700103134
provider_eval_website_retargeting,website_retargeting,panel_fixed_log_pairwise,raw_prefix_error,weeks_1_6__10_edps,prefix,10,6,0.48292356151851185
provider_eval_website_retargeting,website_retargeting,panel_fixed_log_pairwise,reconciled_prefix_error,weeks_1_6__10_edps,prefix,10,6,0.4830741079597438
provider_eval_website_retargeting,website_retargeting,panel_fixed_log_pairwise,union_adjustment,weeks_1_6__10_edps,prefix,10,6,0.0001015200278291382
provider_eval_website_retargeting,website_retargeting,panel_fixed_log_pairwise,cell_l1_adjustment,weeks_1_6__10_edps,prefix,10,6,0.11821578563067708
provider_eval_website_retargeting,website_retargeting,panel_fixed_log_pairwise,temporal_projection_used,weeks_1_6__10_edps,prefix,10,6,1.0
provider_eval_website_retargeting,website_retargeting,panel_fixed_log_pairwise,reconciliation_seconds,weeks_1_6__10_edps,prefix,10,6,0.09781862504314631
provider_eval_website_retargeting,website_retargeting,panel_fixed_log_pairwise,raw_prefix_error,weeks_1_7__10_edps,prefix,10,7,0.4136381198704344
provider_eval_website_retargeting,website_retargeting,panel_fixed_log_pairwise,reconciled_prefix_error,weeks_1_7__10_edps,prefix,10,7,0.41396933560477
provider_eval_website_retargeting,website_retargeting,panel_fixed_log_pairwise,union_adjustment,weeks_1_7__10_edps,prefix,10,7,0.00023430022838072365
provider_eval_website_retargeting,website_retargeting,panel_fixed_log_pairwise,cell_l1_adjustment,weeks_1_7__10_edps,prefix,10,7,0.13704646999858577
provider_eval_website_retargeting,website_retargeting,panel_fixed_log_pairwise,temporal_projection_used,weeks_1_7__10_edps,prefix,10,7,1.0
provider_eval_website_retargeting,website_retargeting,panel_fixed_log_pairwise,reconciliation_seconds,weeks_1_7__10_edps,prefix,10,7,0.11351379205007106
provider_eval_website_retargeting,website_retargeting,panel_fixed_log_pairwise,raw_prefix_error,weeks_1_8__10_edps,prefix,10,8,0.2684655320535781
provider_eval_website_retargeting,website_retargeting,panel_fixed_log_pairwise,reconciled_prefix_error,weeks_1_8__10_edps,prefix,10,8,0.2868217054263566
provider_eval_website_retargeting,website_retargeting,panel_fixed_log_pairwise,union_adjustment,weeks_1_8__10_edps,prefix,10,8,0.014471164496730289
provider_eval_website_retargeting,website_retargeting,panel_fixed_log_pairwise,cell_l1_adjustment,weeks_1_8__10_edps,prefix,10,8,0.14939531174443438
provider_eval_website_retargeting,website_retargeting,panel_fixed_log_pairwise,temporal_projection_used,weeks_1_8__10_edps,prefix,10,8,1.0
provider_eval_website_retargeting,website_retargeting,panel_fixed_log_pairwise,reconciliation_seconds,weeks_1_8__10_edps,prefix,10,8,0.12324837490450591
provider_eval_website_retargeting,website_retargeting,panel_fixed_log_pairwise,raw_prefix_error,weeks_1_9__10_edps,prefix,10,9,0.2509634309324524
provider_eval_website_retargeting,website_retargeting,panel_fixed_log_pairwise,reconciled_prefix_error,weeks_1_9__10_edps,prefix,10,9,0.2513049962714392
provider_eval_website_retargeting,website_retargeting,panel_fixed_log_pairwise,union_adjustment,weeks_1_9__10_edps,prefix,10,9,0.0002730418256366749
provider_eval_website_retargeting,website_retargeting,panel_fixed_log_pairwise,cell_l1_adjustment,weeks_1_9__10_edps,prefix,10,9,0.1513744016482847
provider_eval_website_retargeting,website_retargeting,panel_fixed_log_pairwise,temporal_projection_used,weeks_1_9__10_edps,prefix,10,9,1.0
provider_eval_website_retargeting,website_retargeting,panel_fixed_log_pairwise,reconciliation_seconds,weeks_1_9__10_edps,prefix,10,9,0.13437187497038394
provider_eval_website_retargeting,website_retargeting,panel_fixed_log_pairwise,raw_prefix_error,weeks_1_10__10_edps,prefix,10,10,0.2655959131870667
provider_eval_website_retargeting,website_retargeting,panel_fixed_log_pairwise,reconciled_prefix_error,weeks_1_10__10_edps,prefix,10,10,0.26594202898550723
provider_eval_website_retargeting,website_retargeting,panel_fixed_log_pairwise,union_adjustment,weeks_1_10__10_edps,prefix,10,10,0.0002734804962875882
provider_eval_website_retargeting,website_retargeting,panel_fixed_log_pairwise,cell_l1_adjustment,weeks_1_10__10_edps,prefix,10,10,0.13306035937307797
provider_eval_website_retargeting,website_retargeting,panel_fixed_log_pairwise,temporal_projection_used,weeks_1_10__10_edps,prefix,10,10,1.0
provider_eval_website_retargeting,website_retargeting,panel_fixed_log_pairwise,reconciliation_seconds,weeks_1_10__10_edps,prefix,10,10,0.1456582919927314
provider_eval_website_retargeting,website_retargeting,panel_fixed_log_pairwise,raw_prefix_error,weeks_1_11__10_edps,prefix,10,11,0.26330063930435677
provider_eval_website_retargeting,website_retargeting,panel_fixed_log_pairwise,reconciled_prefix_error,weeks_1_11__10_edps,prefix,10,11,0.26323218066337334
provider_eval_website_retargeting,website_retargeting,panel_fixed_log_pairwise,union_adjustment,weeks_1_11__10_edps,prefix,10,11,5.419030027701096e-05
provider_eval_website_retargeting,website_retargeting,panel_fixed_log_pairwise,cell_l1_adjustment,weeks_1_11__10_edps,prefix,10,11,0.12798777343619572
provider_eval_website_retargeting,website_retargeting,panel_fixed_log_pairwise,temporal_projection_used,weeks_1_11__10_edps,prefix,10,11,1.0
provider_eval_website_retargeting,website_retargeting,panel_fixed_log_pairwise,reconciliation_seconds,weeks_1_11__10_edps,prefix,10,11,0.14777108293492347
provider_eval_website_retargeting,website_retargeting,panel_fixed_log_pairwise,raw_prefix_error,weeks_1_12__10_edps,prefix,10,12,0.2221152681855907
provider_eval_website_retargeting,website_retargeting,panel_fixed_log_pairwise,reconciled_prefix_error,weeks_1_12__10_edps,prefix,10,12,0.2243502051983584
provider_eval_website_retargeting,website_retargeting,panel_fixed_log_pairwise,union_adjustment,weeks_1_12__10_edps,prefix,10,12,0.0018287448581543618
provider_eval_website_retargeting,website_retargeting,panel_fixed_log_pairwise,cell_l1_adjustment,weeks_1_12__10_edps,prefix,10,12,0.09968467811972677
provider_eval_website_retargeting,website_retargeting,panel_fixed_log_pairwise,temporal_projection_used,weeks_1_12__10_edps,prefix,10,12,1.0
provider_eval_website_retargeting,website_retargeting,panel_fixed_log_pairwise,reconciliation_seconds,weeks_1_12__10_edps,prefix,10,12,0.14253354188986123
provider_eval_website_retargeting,website_retargeting,panel_fixed_log_pairwise,raw_prefix_error,weeks_1_13__10_edps,prefix,10,13,0.14216473189535042
provider_eval_website_retargeting,website_retargeting,panel_fixed_log_pairwise,reconciled_prefix_error,weeks_1_13__10_edps,prefix,10,13,0.20376597175521183
provider_eval_website_retargeting,website_retargeting,panel_fixed_log_pairwise,union_adjustment,weeks_1_13__10_edps,prefix,10,13,0.05393376116388744
provider_eval_website_retargeting,website_retargeting,panel_fixed_log_pairwise,cell_l1_adjustment,weeks_1_13__10_edps,prefix,10,13,0.18573016167076725
provider_eval_website_retargeting,website_retargeting,panel_fixed_log_pairwise,temporal_projection_used,weeks_1_13__10_edps,prefix,10,13,1.0
provider_eval_website_retargeting,website_retargeting,panel_fixed_log_pairwise,reconciliation_seconds,weeks_1_13__10_edps,prefix,10,13,0.1368736249860376
provider_eval_website_retargeting,website_retargeting,panel_fixed_log_pairwise__active_today,report_error,weeks_1_3__2_edps,prefix,2,3,0.0027247956403269754
provider_eval_website_retargeting,website_retargeting,panel_fixed_log_pairwise__active_today,report_error,weeks_1_12__2_edps,prefix,2,12,0.011935208866155157
provider_eval_website_retargeting,website_retargeting,panel_fixed_log_pairwise__active_today,report_error,weeks_5_12__2_edps,interval,2,12,0.00508646998982706
provider_eval_website_retargeting,website_retargeting,panel_fixed_log_pairwise__active_today,report_error,weeks_1_3__5_edps,prefix,5,3,0.10820895522388059
provider_eval_website_retargeting,website_retargeting,panel_fixed_log_pairwise__active_today,report_error,weeks_1_12__5_edps,prefix,5,12,0.06925795053003533
provider_eval_website_retargeting,website_retargeting,panel_fixed_log_pairwise__active_today,report_error,weeks_7_13__5_edps,interval,5,13,0.003108003108003108
provider_eval_website_retargeting,website_retargeting,panel_fixed_log_pairwise__active_today,report_error,all_weeks__5_edps,prefix,5,13,0.07251381215469613
provider_eval_website_retargeting,website_retargeting,panel_fixed_log_pairwise__active_today,report_error,noncontiguous__5_edps,noncontiguous,5,13,0.038903625110521665
provider_eval_website_retargeting,website_retargeting,panel_fixed_log_pairwise__active_today,report_error,weeks_1_3__10_edps,prefix,10,3,0.33588761174968074
provider_eval_website_retargeting,website_retargeting,panel_fixed_log_pairwise__active_today,report_error,weeks_1_12__10_edps,prefix,10,12,0.2243502051983584
provider_eval_website_retargeting,website_retargeting,panel_fixed_log_pairwise__active_today,report_error,all_weeks__10_edps,prefix,10,13,0.20376597175521183
provider_eval_website_retargeting,website_retargeting,panel_fixed_log_pairwise__active_today,report_error,weeks_5_12__10_edps,interval,10,12,0.17872968980797638
provider_eval_website_retargeting,website_retargeting,panel_fixed_log_pairwise__active_today,report_error,weeks_7_13__10_edps,interval,10,13,0.07115821347464042
provider_eval_website_retargeting,website_retargeting,panel_fixed_log_pairwise__active_today,report_error,noncontiguous__10_edps,noncontiguous,10,13,0.1354515050167224
provider_eval_website_retargeting,website_retargeting,panel_fixed_log_pairwise__active_today,report_error,noncontiguous__2_edps,noncontiguous,2,13,0.013824884792626729
provider_eval_website_retargeting,website_retargeting,panel_fixed_log_pairwise__recent_creation,report_error,weeks_1_3__2_edps,prefix,2,3,0.0027247956403269754
provider_eval_website_retargeting,website_retargeting,panel_fixed_log_pairwise__recent_creation,report_error,weeks_1_12__2_edps,prefix,2,12,0.011935208866155157
provider_eval_website_retargeting,website_retargeting,panel_fixed_log_pairwise__recent_creation,report_error,weeks_5_12__2_edps,interval,2,12,0.008138351983723296
provider_eval_website_retargeting,website_retargeting,panel_fixed_log_pairwise__recent_creation,report_error,weeks_1_3__5_edps,prefix,5,3,0.10820895522388059
provider_eval_website_retargeting,website_retargeting,panel_fixed_log_pairwise__recent_creation,report_error,weeks_1_12__5_edps,prefix,5,12,0.06925795053003533
provider_eval_website_retargeting,website_retargeting,panel_fixed_log_pairwise__recent_creation,report_error,weeks_7_13__5_edps,interval,5,13,0.04895104895104895
provider_eval_website_retargeting,website_retargeting,panel_fixed_log_pairwise__recent_creation,report_error,all_weeks__5_edps,prefix,5,13,0.07251381215469613
provider_eval_website_retargeting,website_retargeting,panel_fixed_log_pairwise__recent_creation,report_error,noncontiguous__5_edps,noncontiguous,5,13,0.004420866489832007
provider_eval_website_retargeting,website_retargeting,panel_fixed_log_pairwise__recent_creation,report_error,weeks_1_3__10_edps,prefix,10,3,0.33588761174968074
provider_eval_website_retargeting,website_retargeting,panel_fixed_log_pairwise__recent_creation,report_error,weeks_1_12__10_edps,prefix,10,12,0.2243502051983584
provider_eval_website_retargeting,website_retargeting,panel_fixed_log_pairwise__recent_creation,report_error,all_weeks__10_edps,prefix,10,13,0.20376597175521183
provider_eval_website_retargeting,website_retargeting,panel_fixed_log_pairwise__recent_creation,report_error,weeks_5_12__10_edps,interval,10,12,0.11669128508124077
provider_eval_website_retargeting,website_retargeting,panel_fixed_log_pairwise__recent_creation,report_error,weeks_7_13__10_edps,interval,10,13,0.0
provider_eval_website_retargeting,website_retargeting,panel_fixed_log_pairwise__recent_creation,report_error,noncontiguous__10_edps,noncontiguous,10,13,0.09197324414715718
provider_eval_website_retargeting,website_retargeting,panel_fixed_log_pairwise__recent_creation,report_error,noncontiguous__2_edps,noncontiguous,2,13,0.004608294930875576
provider_eval_website_retargeting,website_retargeting,panel_fixed_log_pairwise__oldest_creation,report_error,weeks_1_3__2_edps,prefix,2,3,0.0027247956403269754
provider_eval_website_retargeting,website_retargeting,panel_fixed_log_pairwise__oldest_creation,report_error,weeks_1_12__2_edps,prefix,2,12,0.011935208866155157
provider_eval_website_retargeting,website_retargeting,panel_fixed_log_pairwise__oldest_creation,report_error,weeks_5_12__2_edps,interval,2,12,0.048830111902339775
provider_eval_website_retargeting,website_retargeting,panel_fixed_log_pairwise__oldest_creation,report_error,weeks_1_3__5_edps,prefix,5,3,0.10820895522388059
provider_eval_website_retargeting,website_retargeting,panel_fixed_log_pairwise__oldest_creation,report_error,weeks_1_12__5_edps,prefix,5,12,0.06925795053003533
provider_eval_website_retargeting,website_retargeting,panel_fixed_log_pairwise__oldest_creation,report_error,weeks_7_13__5_edps,interval,5,13,0.06915306915306915
provider_eval_website_retargeting,website_retargeting,panel_fixed_log_pairwise__oldest_creation,report_error,all_weeks__5_edps,prefix,5,13,0.07251381215469613
provider_eval_website_retargeting,website_retargeting,panel_fixed_log_pairwise__oldest_creation,report_error,noncontiguous__5_edps,noncontiguous,5,13,0.07427055702917772
provider_eval_website_retargeting,website_retargeting,panel_fixed_log_pairwise__oldest_creation,report_error,weeks_1_3__10_edps,prefix,10,3,0.33588761174968074
provider_eval_website_retargeting,website_retargeting,panel_fixed_log_pairwise__oldest_creation,report_error,weeks_1_12__10_edps,prefix,10,12,0.2243502051983584
provider_eval_website_retargeting,website_retargeting,panel_fixed_log_pairwise__oldest_creation,report_error,all_weeks__10_edps,prefix,10,13,0.20376597175521183
provider_eval_website_retargeting,website_retargeting,panel_fixed_log_pairwise__oldest_creation,report_error,weeks_5_12__10_edps,interval,10,12,0.0007385524372230429
provider_eval_website_retargeting,website_retargeting,panel_fixed_log_pairwise__oldest_creation,report_error,weeks_7_13__10_edps,interval,10,13,0.023467070401211203
provider_eval_website_retargeting,website_retargeting,panel_fixed_log_pairwise__oldest_creation,report_error,noncontiguous__10_edps,noncontiguous,10,13,0.205685618729097
provider_eval_website_retargeting,website_retargeting,panel_fixed_log_pairwise__oldest_creation,report_error,noncontiguous__2_edps,noncontiguous,2,13,0.04032258064516129
provider_eval_crm_customer_list,crm_customer_list,existing_vid,report_error,weeks_1_3__2_edps,prefix,2,3,0.02224517906335793
provider_eval_crm_customer_list,crm_customer_list,existing_vid,report_error,weeks_1_12__2_edps,prefix,2,12,0.6501904075355632
provider_eval_crm_customer_list,crm_customer_list,existing_vid,report_error,weeks_5_12__2_edps,interval,2,12,0.5276642941874256
provider_eval_crm_customer_list,crm_customer_list,existing_vid,report_error,weeks_1_3__5_edps,prefix,5,3,0.6564734412499075
provider_eval_crm_customer_list,crm_customer_list,existing_vid,report_error,weeks_1_12__5_edps,prefix,5,12,2.0923706071244172
provider_eval_crm_customer_list,crm_customer_list,existing_vid,report_error,weeks_7_13__5_edps,interval,5,13,1.0064960820076598
provider_eval_crm_customer_list,crm_customer_list,existing_vid,report_error,all_weeks__5_edps,prefix,5,13,2.11893052720504
provider_eval_crm_customer_list,crm_customer_list,existing_vid,report_error,noncontiguous__5_edps,noncontiguous,5,13,1.058321271924209
provider_eval_crm_customer_list,crm_customer_list,existing_vid,report_error,weeks_1_3__10_edps,prefix,10,3,1.2704963611407387
provider_eval_crm_customer_list,crm_customer_list,existing_vid,report_error,weeks_1_12__10_edps,prefix,10,12,3.1838697452634723
provider_eval_crm_customer_list,crm_customer_list,existing_vid,report_error,all_weeks__10_edps,prefix,10,13,3.2168291933172872
provider_eval_crm_customer_list,crm_customer_list,existing_vid,report_error,weeks_5_12__10_edps,interval,10,12,2.122952335926024
provider_eval_crm_customer_list,crm_customer_list,existing_vid,report_error,weeks_7_13__10_edps,interval,10,13,1.7175913675317882
provider_eval_crm_customer_list,crm_customer_list,existing_vid,report_error,noncontiguous__10_edps,noncontiguous,10,13,1.8402664200232595
provider_eval_crm_customer_list,crm_customer_list,existing_vid,report_error,noncontiguous__2_edps,noncontiguous,2,13,0.21623057644110136
provider_eval_crm_customer_list,crm_customer_list,panel_fixed_log_pairwise,raw_prefix_error,weeks_1_1__10_edps,prefix,10,1,0.0805056828782771
provider_eval_crm_customer_list,crm_customer_list,panel_fixed_log_pairwise,reconciled_prefix_error,weeks_1_1__10_edps,prefix,10,1,0.08139534883720931
provider_eval_crm_customer_list,crm_customer_list,panel_fixed_log_pairwise,union_adjustment,weeks_1_1__10_edps,prefix,10,1,0.0008233792501248058
provider_eval_crm_customer_list,crm_customer_list,panel_fixed_log_pairwise,cell_l1_adjustment,weeks_1_1__10_edps,prefix,10,1,0.13250971048584623
provider_eval_crm_customer_list,crm_customer_list,panel_fixed_log_pairwise,temporal_projection_used,weeks_1_1__10_edps,prefix,10,1,1.0
provider_eval_crm_customer_list,crm_customer_list,panel_fixed_log_pairwise,reconciliation_seconds,weeks_1_1__10_edps,prefix,10,1,0.012125207926146686
provider_eval_crm_customer_list,crm_customer_list,panel_fixed_log_pairwise,raw_prefix_error,weeks_1_2__10_edps,prefix,10,2,0.03629644593859811
provider_eval_crm_customer_list,crm_customer_list,panel_fixed_log_pairwise,reconciled_prefix_error,weeks_1_2__10_edps,prefix,10,2,0.03616636528028933
provider_eval_crm_customer_list,crm_customer_list,panel_fixed_log_pairwise,union_adjustment,weeks_1_2__10_edps,prefix,10,2,0.0001255245628020224
provider_eval_crm_customer_list,crm_customer_list,panel_fixed_log_pairwise,cell_l1_adjustment,weeks_1_2__10_edps,prefix,10,2,0.13610692871430197
provider_eval_crm_customer_list,crm_customer_list,panel_fixed_log_pairwise,temporal_projection_used,weeks_1_2__10_edps,prefix,10,2,1.0
provider_eval_crm_customer_list,crm_customer_list,panel_fixed_log_pairwise,reconciliation_seconds,weeks_1_2__10_edps,prefix,10,2,0.03071870794519782
provider_eval_crm_customer_list,crm_customer_list,panel_fixed_log_pairwise,raw_prefix_error,weeks_1_3__10_edps,prefix,10,3,0.09297856037577824
provider_eval_crm_customer_list,crm_customer_list,panel_fixed_log_pairwise,reconciled_prefix_error,weeks_1_3__10_edps,prefix,10,3,0.09267563527653214
provider_eval_crm_customer_list,crm_customer_list,panel_fixed_log_pairwise,union_adjustment,weeks_1_3__10_edps,prefix,10,3,0.00033397788190154165
provider_eval_crm_customer_list,crm_customer_list,panel_fixed_log_pairwise,cell_l1_adjustment,weeks_1_3__10_edps,prefix,10,3,0.13188400440881276
provider_eval_crm_customer_list,crm_customer_list,panel_fixed_log_pairwise,temporal_projection_used,weeks_1_3__10_edps,prefix,10,3,1.0
provider_eval_crm_customer_list,crm_customer_list,panel_fixed_log_pairwise,reconciliation_seconds,weeks_1_3__10_edps,prefix,10,3,0.05380137509200722
provider_eval_crm_customer_list,crm_customer_list,panel_fixed_log_pairwise,raw_prefix_error,weeks_1_4__10_edps,prefix,10,4,0.0886904141942442
provider_eval_crm_customer_list,crm_customer_list,panel_fixed_log_pairwise,reconciled_prefix_error,weeks_1_4__10_edps,prefix,10,4,0.08916323731138547
provider_eval_crm_customer_list,crm_customer_list,panel_fixed_log_pairwise,union_adjustment,weeks_1_4__10_edps,prefix,10,4,0.000518839178810007
provider_eval_crm_customer_list,crm_customer_list,panel_fixed_log_pairwise,cell_l1_adjustment,weeks_1_4__10_edps,prefix,10,4,0.22622511061446557
provider_eval_crm_customer_list,crm_customer_list,panel_fixed_log_pairwise,temporal_projection_used,weeks_1_4__10_edps,prefix,10,4,1.0
provider_eval_crm_customer_list,crm_customer_list,panel_fixed_log_pairwise,reconciliation_seconds,weeks_1_4__10_edps,prefix,10,4,0.06107962492387742
provider_eval_crm_customer_list,crm_customer_list,panel_fixed_log_pairwise,raw_prefix_error,weeks_1_5__10_edps,prefix,10,5,0.08885719486737646
provider_eval_crm_customer_list,crm_customer_list,panel_fixed_log_pairwise,reconciled_prefix_error,weeks_1_5__10_edps,prefix,10,5,0.08900523560209424
provider_eval_crm_customer_list,crm_customer_list,panel_fixed_log_pairwise,union_adjustment,weeks_1_5__10_edps,prefix,10,5,0.00016247808124030566
provider_eval_crm_customer_list,crm_customer_list,panel_fixed_log_pairwise,cell_l1_adjustment,weeks_1_5__10_edps,prefix,10,5,0.247545286178892
provider_eval_crm_customer_list,crm_customer_list,panel_fixed_log_pairwise,temporal_projection_used,weeks_1_5__10_edps,prefix,10,5,1.0
provider_eval_crm_customer_list,crm_customer_list,panel_fixed_log_pairwise,reconciliation_seconds,weeks_1_5__10_edps,prefix,10,5,0.0683402499416843
provider_eval_crm_customer_list,crm_customer_list,panel_fixed_log_pairwise,raw_prefix_error,weeks_1_6__10_edps,prefix,10,6,0.13847615206982014
provider_eval_crm_customer_list,crm_customer_list,panel_fixed_log_pairwise,reconciled_prefix_error,weeks_1_6__10_edps,prefix,10,6,0.13108614232209737
provider_eval_crm_customer_list,crm_customer_list,panel_fixed_log_pairwise,union_adjustment,weeks_1_6__10_edps,prefix,10,6,0.008577835384915886
provider_eval_crm_customer_list,crm_customer_list,panel_fixed_log_pairwise,cell_l1_adjustment,weeks_1_6__10_edps,prefix,10,6,0.2359365769147988
provider_eval_crm_customer_list,crm_customer_list,panel_fixed_log_pairwise,temporal_projection_used,weeks_1_6__10_edps,prefix,10,6,1.0
provider_eval_crm_customer_list,crm_customer_list,panel_fixed_log_pairwise,reconciliation_seconds,weeks_1_6__10_edps,prefix,10,6,0.07026883296202868
provider_eval_crm_customer_list,crm_customer_list,panel_fixed_log_pairwise,raw_prefix_error,weeks_1_7__10_edps,prefix,10,7,0.14647971245651026
provider_eval_crm_customer_list,crm_customer_list,panel_fixed_log_pairwise,reconciled_prefix_error,weeks_1_7__10_edps,prefix,10,7,0.14698795180722893
provider_eval_crm_customer_list,crm_customer_list,panel_fixed_log_pairwise,union_adjustment,weeks_1_7__10_edps,prefix,10,7,0.0005954625310379184
provider_eval_crm_customer_list,crm_customer_list,panel_fixed_log_pairwise,cell_l1_adjustment,weeks_1_7__10_edps,prefix,10,7,0.27344987673198434
provider_eval_crm_customer_list,crm_customer_list,panel_fixed_log_pairwise,temporal_projection_used,weeks_1_7__10_edps,prefix,10,7,1.0
provider_eval_crm_customer_list,crm_customer_list,panel_fixed_log_pairwise,reconciliation_seconds,weeks_1_7__10_edps,prefix,10,7,0.06561475002672523
provider_eval_crm_customer_list,crm_customer_list,panel_fixed_log_pairwise,raw_prefix_error,weeks_1_8__10_edps,prefix,10,8,0.14480454768873577
provider_eval_crm_customer_list,crm_customer_list,panel_fixed_log_pairwise,reconciled_prefix_error,weeks_1_8__10_edps,prefix,10,8,0.1443661971830986
provider_eval_crm_customer_list,crm_customer_list,panel_fixed_log_pairwise,union_adjustment,weeks_1_8__10_edps,prefix,10,8,0.0005125734759841943
provider_eval_crm_customer_list,crm_customer_list,panel_fixed_log_pairwise,cell_l1_adjustment,weeks_1_8__10_edps,prefix,10,8,0.28780832245342225
provider_eval_crm_customer_list,crm_customer_list,panel_fixed_log_pairwise,temporal_projection_used,weeks_1_8__10_edps,prefix,10,8,1.0
provider_eval_crm_customer_list,crm_customer_list,panel_fixed_log_pairwise,reconciliation_seconds,weeks_1_8__10_edps,prefix,10,8,0.07232641603332013
provider_eval_crm_customer_list,crm_customer_list,panel_fixed_log_pairwise,raw_prefix_error,weeks_1_9__10_edps,prefix,10,9,0.15767284182379035
provider_eval_crm_customer_list,crm_customer_list,panel_fixed_log_pairwise,reconciled_prefix_error,weeks_1_9__10_edps,prefix,10,9,0.15759637188208617
provider_eval_crm_customer_list,crm_customer_list,panel_fixed_log_pairwise,union_adjustment,weeks_1_9__10_edps,prefix,10,9,9.078413412523336e-05
provider_eval_crm_customer_list,crm_customer_list,panel_fixed_log_pairwise,cell_l1_adjustment,weeks_1_9__10_edps,prefix,10,9,0.3273169175261349
provider_eval_crm_customer_list,crm_customer_list,panel_fixed_log_pairwise,temporal_projection_used,weeks_1_9__10_edps,prefix,10,9,1.0
provider_eval_crm_customer_list,crm_customer_list,panel_fixed_log_pairwise,reconciliation_seconds,weeks_1_9__10_edps,prefix,10,9,0.060019458062015474
provider_eval_crm_customer_list,crm_customer_list,panel_fixed_log_pairwise,raw_prefix_error,weeks_1_10__10_edps,prefix,10,10,0.17139112873986156
provider_eval_crm_customer_list,crm_customer_list,panel_fixed_log_pairwise,reconciled_prefix_error,weeks_1_10__10_edps,prefix,10,10,0.17108167770419427
provider_eval_crm_customer_list,crm_customer_list,panel_fixed_log_pairwise,union_adjustment,weeks_1_10__10_edps,prefix,10,10,0.00037345851148667025
provider_eval_crm_customer_list,crm_customer_list,panel_fixed_log_pairwise,cell_l1_adjustment,weeks_1_10__10_edps,prefix,10,10,0.3151232106984592
provider_eval_crm_customer_list,crm_customer_list,panel_fixed_log_pairwise,temporal_projection_used,weeks_1_10__10_edps,prefix,10,10,1.0
provider_eval_crm_customer_list,crm_customer_list,panel_fixed_log_pairwise,reconciliation_seconds,weeks_1_10__10_edps,prefix,10,10,0.05919587495736778
provider_eval_crm_customer_list,crm_customer_list,panel_fixed_log_pairwise,raw_prefix_error,weeks_1_11__10_edps,prefix,10,11,0.09626280685339741
provider_eval_crm_customer_list,crm_customer_list,panel_fixed_log_pairwise,reconciled_prefix_error,weeks_1_11__10_edps,prefix,10,11,0.09596510359869138
provider_eval_crm_customer_list,crm_customer_list,panel_fixed_log_pairwise,union_adjustment,weeks_1_11__10_edps,prefix,10,11,0.00032941352526452884
provider_eval_crm_customer_list,crm_customer_list,panel_fixed_log_pairwise,cell_l1_adjustment,weeks_1_11__10_edps,prefix,10,11,0.2947285873719956
provider_eval_crm_customer_list,crm_customer_list,panel_fixed_log_pairwise,temporal_projection_used,weeks_1_11__10_edps,prefix,10,11,1.0
provider_eval_crm_customer_list,crm_customer_list,panel_fixed_log_pairwise,reconciliation_seconds,weeks_1_11__10_edps,prefix,10,11,0.06027420796453953
provider_eval_crm_customer_list,crm_customer_list,panel_fixed_log_pairwise,raw_prefix_error,weeks_1_12__10_edps,prefix,10,12,0.06243581432723405
provider_eval_crm_customer_list,crm_customer_list,panel_fixed_log_pairwise,reconciled_prefix_error,weeks_1_12__10_edps,prefix,10,12,0.0628385698808234
provider_eval_crm_customer_list,crm_customer_list,panel_fixed_log_pairwise,union_adjustment,weeks_1_12__10_edps,prefix,10,12,0.0004295765129879521
provider_eval_crm_customer_list,crm_customer_list,panel_fixed_log_pairwise,cell_l1_adjustment,weeks_1_12__10_edps,prefix,10,12,0.27635456491757715
provider_eval_crm_customer_list,crm_customer_list,panel_fixed_log_pairwise,temporal_projection_used,weeks_1_12__10_edps,prefix,10,12,1.0
provider_eval_crm_customer_list,crm_customer_list,panel_fixed_log_pairwise,reconciliation_seconds,weeks_1_12__10_edps,prefix,10,12,0.04869829199742526
provider_eval_crm_customer_list,crm_customer_list,panel_fixed_log_pairwise,raw_prefix_error,weeks_1_13__10_edps,prefix,10,13,0.06000269050986293
provider_eval_crm_customer_list,crm_customer_list,panel_fixed_log_pairwise,reconciled_prefix_error,weeks_1_13__10_edps,prefix,10,13,0.06040992448759439
provider_eval_crm_customer_list,crm_customer_list,panel_fixed_log_pairwise,union_adjustment,weeks_1_13__10_edps,prefix,10,13,0.00043322887589114463
provider_eval_crm_customer_list,crm_customer_list,panel_fixed_log_pairwise,cell_l1_adjustment,weeks_1_13__10_edps,prefix,10,13,0.27321119309482017
provider_eval_crm_customer_list,crm_customer_list,panel_fixed_log_pairwise,temporal_projection_used,weeks_1_13__10_edps,prefix,10,13,1.0
provider_eval_crm_customer_list,crm_customer_list,panel_fixed_log_pairwise,reconciliation_seconds,weeks_1_13__10_edps,prefix,10,13,0.0453972500981763
provider_eval_crm_customer_list,crm_customer_list,panel_fixed_log_pairwise__active_today,report_error,weeks_1_3__2_edps,prefix,2,3,0.04132231404958678
provider_eval_crm_customer_list,crm_customer_list,panel_fixed_log_pairwise__active_today,report_error,weeks_1_12__2_edps,prefix,2,12,0.10841983852364476
provider_eval_crm_customer_list,crm_customer_list,panel_fixed_log_pairwise__active_today,report_error,weeks_5_12__2_edps,interval,2,12,0.09134045077105575
provider_eval_crm_customer_list,crm_customer_list,panel_fixed_log_pairwise__active_today,report_error,weeks_1_3__5_edps,prefix,5,3,0.134375
provider_eval_crm_customer_list,crm_customer_list,panel_fixed_log_pairwise__active_today,report_error,weeks_1_12__5_edps,prefix,5,12,0.12431842966194111
provider_eval_crm_customer_list,crm_customer_list,panel_fixed_log_pairwise__active_today,report_error,weeks_7_13__5_edps,interval,5,13,0.04196642685851319
provider_eval_crm_customer_list,crm_customer_list,panel_fixed_log_pairwise__active_today,report_error,all_weeks__5_edps,prefix,5,13,0.12160694896851248
provider_eval_crm_customer_list,crm_customer_list,panel_fixed_log_pairwise__active_today,report_error,noncontiguous__5_edps,noncontiguous,5,13,0.09419354838709677
provider_eval_crm_customer_list,crm_customer_list,panel_fixed_log_pairwise__active_today,report_error,weeks_1_3__10_edps,prefix,10,3,0.09267563527653214
provider_eval_crm_customer_list,crm_customer_list,panel_fixed_log_pairwise__active_today,report_error,weeks_1_12__10_edps,prefix,10,12,0.0628385698808234
provider_eval_crm_customer_list,crm_customer_list,panel_fixed_log_pairwise__active_today,report_error,all_weeks__10_edps,prefix,10,13,0.06040992448759439
provider_eval_crm_customer_list,crm_customer_list,panel_fixed_log_pairwise__active_today,report_error,weeks_5_12__10_edps,interval,10,12,0.025959367945823927
provider_eval_crm_customer_list,crm_customer_list,panel_fixed_log_pairwise__active_today,report_error,weeks_7_13__10_edps,interval,10,13,0.015258215962441314
provider_eval_crm_customer_list,crm_customer_list,panel_fixed_log_pairwise__active_today,report_error,noncontiguous__10_edps,noncontiguous,10,13,0.027672955974842768
provider_eval_crm_customer_list,crm_customer_list,panel_fixed_log_pairwise__active_today,report_error,noncontiguous__2_edps,noncontiguous,2,13,0.09022556390977443
provider_eval_crm_customer_list,crm_customer_list,panel_fixed_log_pairwise__recent_creation,report_error,weeks_1_3__2_edps,prefix,2,3,0.04132231404958678
provider_eval_crm_customer_list,crm_customer_list,panel_fixed_log_pairwise__recent_creation,report_error,weeks_1_12__2_edps,prefix,2,12,0.10841983852364476
provider_eval_crm_customer_list,crm_customer_list,panel_fixed_log_pairwise__recent_creation,report_error,weeks_5_12__2_edps,interval,2,12,0.0937129300118624
provider_eval_crm_customer_list,crm_customer_list,panel_fixed_log_pairwise__recent_creation,report_error,weeks_1_3__5_edps,prefix,5,3,0.134375
provider_eval_crm_customer_list,crm_customer_list,panel_fixed_log_pairwise__recent_creation,report_error,weeks_1_12__5_edps,prefix,5,12,0.12431842966194111
provider_eval_crm_customer_list,crm_customer_list,panel_fixed_log_pairwise__recent_creation,report_error,weeks_7_13__5_edps,interval,5,13,0.047961630695443645
provider_eval_crm_customer_list,crm_customer_list,panel_fixed_log_pairwise__recent_creation,report_error,all_weeks__5_edps,prefix,5,13,0.12160694896851248
provider_eval_crm_customer_list,crm_customer_list,panel_fixed_log_pairwise__recent_creation,report_error,noncontiguous__5_edps,noncontiguous,5,13,0.10967741935483871
provider_eval_crm_customer_list,crm_customer_list,panel_fixed_log_pairwise__recent_creation,report_error,weeks_1_3__10_edps,prefix,10,3,0.09267563527653214
provider_eval_crm_customer_list,crm_customer_list,panel_fixed_log_pairwise__recent_creation,report_error,weeks_1_12__10_edps,prefix,10,12,0.0628385698808234
provider_eval_crm_customer_list,crm_customer_list,panel_fixed_log_pairwise__recent_creation,report_error,all_weeks__10_edps,prefix,10,13,0.06040992448759439
provider_eval_crm_customer_list,crm_customer_list,panel_fixed_log_pairwise__recent_creation,report_error,weeks_5_12__10_edps,interval,10,12,0.03160270880361174
provider_eval_crm_customer_list,crm_customer_list,panel_fixed_log_pairwise__recent_creation,report_error,weeks_7_13__10_edps,interval,10,13,0.011737089201877934
provider_eval_crm_customer_list,crm_customer_list,panel_fixed_log_pairwise__recent_creation,report_error,noncontiguous__10_edps,noncontiguous,10,13,0.04654088050314465
provider_eval_crm_customer_list,crm_customer_list,panel_fixed_log_pairwise__recent_creation,report_error,noncontiguous__2_edps,noncontiguous,2,13,0.09962406015037593
provider_eval_crm_customer_list,crm_customer_list,panel_fixed_log_pairwise__oldest_creation,report_error,weeks_1_3__2_edps,prefix,2,3,0.04132231404958678
provider_eval_crm_customer_list,crm_customer_list,panel_fixed_log_pairwise__oldest_creation,report_error,weeks_1_12__2_edps,prefix,2,12,0.10841983852364476
provider_eval_crm_customer_list,crm_customer_list,panel_fixed_log_pairwise__oldest_creation,report_error,weeks_5_12__2_edps,interval,2,12,0.09489916963226572
provider_eval_crm_customer_list,crm_customer_list,panel_fixed_log_pairwise__oldest_creation,report_error,weeks_1_3__5_edps,prefix,5,3,0.134375
provider_eval_crm_customer_list,crm_customer_list,panel_fixed_log_pairwise__oldest_creation,report_error,weeks_1_12__5_edps,prefix,5,12,0.12431842966194111
provider_eval_crm_customer_list,crm_customer_list,panel_fixed_log_pairwise__oldest_creation,report_error,weeks_7_13__5_edps,interval,5,13,0.05635491606714628
provider_eval_crm_customer_list,crm_customer_list,panel_fixed_log_pairwise__oldest_creation,report_error,all_weeks__5_edps,prefix,5,13,0.12160694896851248
provider_eval_crm_customer_list,crm_customer_list,panel_fixed_log_pairwise__oldest_creation,report_error,noncontiguous__5_edps,noncontiguous,5,13,0.04774193548387097
provider_eval_crm_customer_list,crm_customer_list,panel_fixed_log_pairwise__oldest_creation,report_error,weeks_1_3__10_edps,prefix,10,3,0.09267563527653214
provider_eval_crm_customer_list,crm_customer_list,panel_fixed_log_pairwise__oldest_creation,report_error,weeks_1_12__10_edps,prefix,10,12,0.0628385698808234
provider_eval_crm_customer_list,crm_customer_list,panel_fixed_log_pairwise__oldest_creation,report_error,all_weeks__10_edps,prefix,10,13,0.06040992448759439
provider_eval_crm_customer_list,crm_customer_list,panel_fixed_log_pairwise__oldest_creation,report_error,weeks_5_12__10_edps,interval,10,12,0.03611738148984198
provider_eval_crm_customer_list,crm_customer_list,panel_fixed_log_pairwise__oldest_creation,report_error,weeks_7_13__10_edps,interval,10,13,0.007042253521126761
provider_eval_crm_customer_list,crm_customer_list,panel_fixed_log_pairwise__oldest_creation,report_error,noncontiguous__10_edps,noncontiguous,10,13,0.031446540880503145
provider_eval_crm_customer_list,crm_customer_list,panel_fixed_log_pairwise__oldest_creation,report_error,noncontiguous__2_edps,noncontiguous,2,13,0.06390977443609022
provider_eval_catalog_retargeting,catalog_retargeting,existing_vid,report_error,weeks_1_3__2_edps,prefix,2,3,0.001672690763053705
provider_eval_catalog_retargeting,catalog_retargeting,existing_vid,report_error,weeks_1_12__2_edps,prefix,2,12,0.3276275085658344
provider_eval_catalog_retargeting,catalog_retargeting,existing_vid,report_error,weeks_5_12__2_edps,interval,2,12,0.2957153905645789
provider_eval_catalog_retargeting,catalog_retargeting,existing_vid,report_error,weeks_1_3__5_edps,prefix,5,3,0.008767017669692623
provider_eval_catalog_retargeting,catalog_retargeting,existing_vid,report_error,weeks_1_12__5_edps,prefix,5,12,0.4407786024344336
provider_eval_catalog_retargeting,catalog_retargeting,existing_vid,report_error,weeks_7_13__5_edps,interval,5,13,0.40048593286947876
provider_eval_catalog_retargeting,catalog_retargeting,existing_vid,report_error,all_weeks__5_edps,prefix,5,13,0.4921917206834927
provider_eval_catalog_retargeting,catalog_retargeting,existing_vid,report_error,noncontiguous__5_edps,noncontiguous,5,13,0.21421175074367432
provider_eval_catalog_retargeting,catalog_retargeting,existing_vid,report_error,weeks_1_3__10_edps,prefix,10,3,0.1454826801561873
provider_eval_catalog_retargeting,catalog_retargeting,existing_vid,report_error,weeks_1_12__10_edps,prefix,10,12,0.8263588945354505
provider_eval_catalog_retargeting,catalog_retargeting,existing_vid,report_error,all_weeks__10_edps,prefix,10,13,0.865001690473099
provider_eval_catalog_retargeting,catalog_retargeting,existing_vid,report_error,weeks_5_12__10_edps,interval,10,12,0.7061395969618776
provider_eval_catalog_retargeting,catalog_retargeting,existing_vid,report_error,weeks_7_13__10_edps,interval,10,13,0.5961651071758646
provider_eval_catalog_retargeting,catalog_retargeting,existing_vid,report_error,noncontiguous__10_edps,noncontiguous,10,13,0.4542988746402426
provider_eval_catalog_retargeting,catalog_retargeting,existing_vid,report_error,noncontiguous__2_edps,noncontiguous,2,13,0.15742550655542328
provider_eval_catalog_retargeting,catalog_retargeting,panel_fixed_log_pairwise,raw_prefix_error,weeks_1_1__10_edps,prefix,10,1,0.022817936543661963
provider_eval_catalog_retargeting,catalog_retargeting,panel_fixed_log_pairwise,reconciled_prefix_error,weeks_1_1__10_edps,prefix,10,1,0.023166023166023165
provider_eval_catalog_retargeting,catalog_retargeting,panel_fixed_log_pairwise,union_adjustment,weeks_1_1__10_edps,prefix,10,1,0.0003403211949172813
provider_eval_catalog_retargeting,catalog_retargeting,panel_fixed_log_pairwise,cell_l1_adjustment,weeks_1_1__10_edps,prefix,10,1,0.009922038184325879
provider_eval_catalog_retargeting,catalog_retargeting,panel_fixed_log_pairwise,temporal_projection_used,weeks_1_1__10_edps,prefix,10,1,1.0
provider_eval_catalog_retargeting,catalog_retargeting,panel_fixed_log_pairwise,reconciliation_seconds,weeks_1_1__10_edps,prefix,10,1,0.010217249975539744
provider_eval_catalog_retargeting,catalog_retargeting,panel_fixed_log_pairwise,raw_prefix_error,weeks_1_2__10_edps,prefix,10,2,0.06226035130195248
provider_eval_catalog_retargeting,catalog_retargeting,panel_fixed_log_pairwise,reconciled_prefix_error,weeks_1_2__10_edps,prefix,10,2,0.06172839506172839
provider_eval_catalog_retargeting,catalog_retargeting,panel_fixed_log_pairwise,union_adjustment,weeks_1_2__10_edps,prefix,10,2,0.0005007776479407713
provider_eval_catalog_retargeting,catalog_retargeting,panel_fixed_log_pairwise,cell_l1_adjustment,weeks_1_2__10_edps,prefix,10,2,0.024834161587526927
provider_eval_catalog_retargeting,catalog_retargeting,panel_fixed_log_pairwise,temporal_projection_used,weeks_1_2__10_edps,prefix,10,2,1.0
provider_eval_catalog_retargeting,catalog_retargeting,panel_fixed_log_pairwise,reconciliation_seconds,weeks_1_2__10_edps,prefix,10,2,0.01707475003786385
provider_eval_catalog_retargeting,catalog_retargeting,panel_fixed_log_pairwise,raw_prefix_error,weeks_1_3__10_edps,prefix,10,3,0.10282858348972357
provider_eval_catalog_retargeting,catalog_retargeting,panel_fixed_log_pairwise,reconciled_prefix_error,weeks_1_3__10_edps,prefix,10,3,0.10270270270270271
provider_eval_catalog_retargeting,catalog_retargeting,panel_fixed_log_pairwise,union_adjustment,weeks_1_3__10_edps,prefix,10,3,0.00011414356583082217
provider_eval_catalog_retargeting,catalog_retargeting,panel_fixed_log_pairwise,cell_l1_adjustment,weeks_1_3__10_edps,prefix,10,3,0.07206727243439495
provider_eval_catalog_retargeting,catalog_retargeting,panel_fixed_log_pairwise,temporal_projection_used,weeks_1_3__10_edps,prefix,10,3,1.0
provider_eval_catalog_retargeting,catalog_retargeting,panel_fixed_log_pairwise,reconciliation_seconds,weeks_1_3__10_edps,prefix,10,3,0.023067584028467536
provider_eval_catalog_retargeting,catalog_retargeting,panel_fixed_log_pairwise,raw_prefix_error,weeks_1_4__10_edps,prefix,10,4,0.16323916224162424
provider_eval_catalog_retargeting,catalog_retargeting,panel_fixed_log_pairwise,reconciled_prefix_error,weeks_1_4__10_edps,prefix,10,4,0.16287878787878787
provider_eval_catalog_retargeting,catalog_retargeting,panel_fixed_log_pairwise,union_adjustment,weeks_1_4__10_edps,prefix,10,4,0.0003098024675708011
provider_eval_catalog_retargeting,catalog_retargeting,panel_fixed_log_pairwise,cell_l1_adjustment,weeks_1_4__10_edps,prefix,10,4,0.09654806208308206
provider_eval_catalog_retargeting,catalog_retargeting,panel_fixed_log_pairwise,temporal_projection_used,weeks_1_4__10_edps,prefix,10,4,1.0
provider_eval_catalog_retargeting,catalog_retargeting,panel_fixed_log_pairwise,reconciliation_seconds,weeks_1_4__10_edps,prefix,10,4,0.029667166993021965
provider_eval_catalog_retargeting,catalog_retargeting,panel_fixed_log_pairwise,raw_prefix_error,weeks_1_5__10_edps,prefix,10,5,0.21193643186268357
provider_eval_catalog_retargeting,catalog_retargeting,panel_fixed_log_pairwise,reconciled_prefix_error,weeks_1_5__10_edps,prefix,10,5,0.21179039301310043
provider_eval_catalog_retargeting,catalog_retargeting,panel_fixed_log_pairwise,union_adjustment,weeks_1_5__10_edps,prefix,10,5,0.00012050042043498385
provider_eval_catalog_retargeting,catalog_retargeting,panel_fixed_log_pairwise,cell_l1_adjustment,weeks_1_5__10_edps,prefix,10,5,0.08324055804449161
provider_eval_catalog_retargeting,catalog_retargeting,panel_fixed_log_pairwise,temporal_projection_used,weeks_1_5__10_edps,prefix,10,5,1.0
provider_eval_catalog_retargeting,catalog_retargeting,panel_fixed_log_pairwise,reconciliation_seconds,weeks_1_5__10_edps,prefix,10,5,0.039061957970261574
provider_eval_catalog_retargeting,catalog_retargeting,panel_fixed_log_pairwise,raw_prefix_error,weeks_1_6__10_edps,prefix,10,6,0.17386785072614874
provider_eval_catalog_retargeting,catalog_retargeting,panel_fixed_log_pairwise,reconciled_prefix_error,weeks_1_6__10_edps,prefix,10,6,0.17411225658648338
provider_eval_catalog_retargeting,catalog_retargeting,panel_fixed_log_pairwise,union_adjustment,weeks_1_6__10_edps,prefix,10,6,0.0002082056001296051
provider_eval_catalog_retargeting,catalog_retargeting,panel_fixed_log_pairwise,cell_l1_adjustment,weeks_1_6__10_edps,prefix,10,6,0.10332002834299199
provider_eval_catalog_retargeting,catalog_retargeting,panel_fixed_log_pairwise,temporal_projection_used,weeks_1_6__10_edps,prefix,10,6,1.0
provider_eval_catalog_retargeting,catalog_retargeting,panel_fixed_log_pairwise,reconciliation_seconds,weeks_1_6__10_edps,prefix,10,6,0.05694854201283306
provider_eval_catalog_retargeting,catalog_retargeting,panel_fixed_log_pairwise,raw_prefix_error,weeks_1_7__10_edps,prefix,10,7,0.17087600075105117
provider_eval_catalog_retargeting,catalog_retargeting,panel_fixed_log_pairwise,reconciled_prefix_error,weeks_1_7__10_edps,prefix,10,7,0.17091836734693877
provider_eval_catalog_retargeting,catalog_retargeting,panel_fixed_log_pairwise,union_adjustment,weeks_1_7__10_edps,prefix,10,7,3.6183674325221986e-05
provider_eval_catalog_retargeting,catalog_retargeting,panel_fixed_log_pairwise,cell_l1_adjustment,weeks_1_7__10_edps,prefix,10,7,0.12419979614366598
provider_eval_catalog_retargeting,catalog_retargeting,panel_fixed_log_pairwise,temporal_projection_used,weeks_1_7__10_edps,prefix,10,7,1.0
provider_eval_catalog_retargeting,catalog_retargeting,panel_fixed_log_pairwise,reconciliation_seconds,weeks_1_7__10_edps,prefix,10,7,0.08508058404549956
provider_eval_catalog_retargeting,catalog_retargeting,panel_fixed_log_pairwise,raw_prefix_error,weeks_1_8__10_edps,prefix,10,8,0.17252836223683155
provider_eval_catalog_retargeting,catalog_retargeting,panel_fixed_log_pairwise,reconciled_prefix_error,weeks_1_8__10_edps,prefix,10,8,0.17255813953488372
provider_eval_catalog_retargeting,catalog_retargeting,panel_fixed_log_pairwise,union_adjustment,weeks_1_8__10_edps,prefix,10,8,2.539580193962506e-05
provider_eval_catalog_retargeting,catalog_retargeting,panel_fixed_log_pairwise,cell_l1_adjustment,weeks_1_8__10_edps,prefix,10,8,0.13241805473815202
provider_eval_catalog_retargeting,catalog_retargeting,panel_fixed_log_pairwise,temporal_projection_used,weeks_1_8__10_edps,prefix,10,8,1.0
provider_eval_catalog_retargeting,catalog_retargeting,panel_fixed_log_pairwise,reconciliation_seconds,weeks_1_8__10_edps,prefix,10,8,0.09607170801609755
provider_eval_catalog_retargeting,catalog_retargeting,panel_fixed_log_pairwise,raw_prefix_error,weeks_1_9__10_edps,prefix,10,9,0.15289194864772826
provider_eval_catalog_retargeting,catalog_retargeting,panel_fixed_log_pairwise,reconciled_prefix_error,weeks_1_9__10_edps,prefix,10,9,0.15297696653628856
provider_eval_catalog_retargeting,catalog_retargeting,panel_fixed_log_pairwise,union_adjustment,weeks_1_9__10_edps,prefix,10,9,7.374315403943586e-05
provider_eval_catalog_retargeting,catalog_retargeting,panel_fixed_log_pairwise,cell_l1_adjustment,weeks_1_9__10_edps,prefix,10,9,0.16335910165594894
provider_eval_catalog_retargeting,catalog_retargeting,panel_fixed_log_pairwise,temporal_projection_used,weeks_1_9__10_edps,prefix,10,9,1.0
provider_eval_catalog_retargeting,catalog_retargeting,panel_fixed_log_pairwise,reconciliation_seconds,weeks_1_9__10_edps,prefix,10,9,0.10356937500182539
provider_eval_catalog_retargeting,catalog_retargeting,panel_fixed_log_pairwise,raw_prefix_error,weeks_1_10__10_edps,prefix,10,10,0.1267035814907813
provider_eval_catalog_retargeting,catalog_retargeting,panel_fixed_log_pairwise,reconciled_prefix_error,weeks_1_10__10_edps,prefix,10,10,0.12685337726523888
provider_eval_catalog_retargeting,catalog_retargeting,panel_fixed_log_pairwise,union_adjustment,weeks_1_10__10_edps,prefix,10,10,0.00013295047332711815
provider_eval_catalog_retargeting,catalog_retargeting,panel_fixed_log_pairwise,cell_l1_adjustment,weeks_1_10__10_edps,prefix,10,10,0.14948383557991676
provider_eval_catalog_retargeting,catalog_retargeting,panel_fixed_log_pairwise,temporal_projection_used,weeks_1_10__10_edps,prefix,10,10,1.0
provider_eval_catalog_retargeting,catalog_retargeting,panel_fixed_log_pairwise,reconciliation_seconds,weeks_1_10__10_edps,prefix,10,10,0.11065937497187406
provider_eval_catalog_retargeting,catalog_retargeting,panel_fixed_log_pairwise,raw_prefix_error,weeks_1_11__10_edps,prefix,10,11,0.11503377568542926
provider_eval_catalog_retargeting,catalog_retargeting,panel_fixed_log_pairwise,reconciled_prefix_error,weeks_1_11__10_edps,prefix,10,11,0.11489698890649762
provider_eval_catalog_retargeting,catalog_retargeting,panel_fixed_log_pairwise,union_adjustment,weeks_1_11__10_edps,prefix,10,11,0.00012267500941511903
provider_eval_catalog_retargeting,catalog_retargeting,panel_fixed_log_pairwise,cell_l1_adjustment,weeks_1_11__10_edps,prefix,10,11,0.1352352098961057
provider_eval_catalog_retargeting,catalog_retargeting,panel_fixed_log_pairwise,temporal_projection_used,weeks_1_11__10_edps,prefix,10,11,1.0
provider_eval_catalog_retargeting,catalog_retargeting,panel_fixed_log_pairwise,reconciliation_seconds,weeks_1_11__10_edps,prefix,10,11,0.114031916949898
provider_eval_catalog_retargeting,catalog_retargeting,panel_fixed_log_pairwise,raw_prefix_error,weeks_1_12__10_edps,prefix,10,12,0.08947349967989253
provider_eval_catalog_retargeting,catalog_retargeting,panel_fixed_log_pairwise,reconciled_prefix_error,weeks_1_12__10_edps,prefix,10,12,0.08955792682926829
provider_eval_catalog_retargeting,catalog_retargeting,panel_fixed_log_pairwise,union_adjustment,weeks_1_12__10_edps,prefix,10,12,7.749353187752198e-05
provider_eval_catalog_retargeting,catalog_retargeting,panel_fixed_log_pairwise,cell_l1_adjustment,weeks_1_12__10_edps,prefix,10,12,0.1342048357021621
provider_eval_catalog_retargeting,catalog_retargeting,panel_fixed_log_pairwise,temporal_projection_used,weeks_1_12__10_edps,prefix,10,12,1.0
provider_eval_catalog_retargeting,catalog_retargeting,panel_fixed_log_pairwise,reconciliation_seconds,weeks_1_12__10_edps,prefix,10,12,0.12479141703806818
provider_eval_catalog_retargeting,catalog_retargeting,panel_fixed_log_pairwise,raw_prefix_error,weeks_1_13__10_edps,prefix,10,13,0.0708624629763507
provider_eval_catalog_retargeting,catalog_retargeting,panel_fixed_log_pairwise,reconciled_prefix_error,weeks_1_13__10_edps,prefix,10,13,0.07089829250185598
provider_eval_catalog_retargeting,catalog_retargeting,panel_fixed_log_pairwise,union_adjustment,weeks_1_13__10_edps,prefix,10,13,3.345856890372529e-05
provider_eval_catalog_retargeting,catalog_retargeting,panel_fixed_log_pairwise,cell_l1_adjustment,weeks_1_13__10_edps,prefix,10,13,0.12923926460661822
provider_eval_catalog_retargeting,catalog_retargeting,panel_fixed_log_pairwise,temporal_projection_used,weeks_1_13__10_edps,prefix,10,13,1.0
provider_eval_catalog_retargeting,catalog_retargeting,panel_fixed_log_pairwise,reconciliation_seconds,weeks_1_13__10_edps,prefix,10,13,0.13018633401952684
provider_eval_catalog_retargeting,catalog_retargeting,panel_fixed_log_pairwise__active_today,report_error,weeks_1_3__2_edps,prefix,2,3,0.0
provider_eval_catalog_retargeting,catalog_retargeting,panel_fixed_log_pairwise__active_today,report_error,weeks_1_12__2_edps,prefix,2,12,0.01908957415565345
provider_eval_catalog_retargeting,catalog_retargeting,panel_fixed_log_pairwise__active_today,report_error,weeks_5_12__2_edps,interval,2,12,0.03402938901778809
provider_eval_catalog_retargeting,catalog_retargeting,panel_fixed_log_pairwise__active_today,report_error,weeks_1_3__5_edps,prefix,5,3,0.007853403141361256
provider_eval_catalog_retargeting,catalog_retargeting,panel_fixed_log_pairwise__active_today,report_error,weeks_1_12__5_edps,prefix,5,12,0.04584178498985801
provider_eval_catalog_retargeting,catalog_retargeting,panel_fixed_log_pairwise__active_today,report_error,weeks_7_13__5_edps,interval,5,13,0.015006821282401092
provider_eval_catalog_retargeting,catalog_retargeting,panel_fixed_log_pairwise__active_today,report_error,all_weeks__5_edps,prefix,5,13,0.05217732444095724
provider_eval_catalog_retargeting,catalog_retargeting,panel_fixed_log_pairwise__active_today,report_error,noncontiguous__5_edps,noncontiguous,5,13,0.048327137546468404
provider_eval_catalog_retargeting,catalog_retargeting,panel_fixed_log_pairwise__active_today,report_error,weeks_1_3__10_edps,prefix,10,3,0.10270270270270271
provider_eval_catalog_retargeting,catalog_retargeting,panel_fixed_log_pairwise__active_today,report_error,weeks_1_12__10_edps,prefix,10,12,0.08955792682926829
provider_eval_catalog_retargeting,catalog_retargeting,panel_fixed_log_pairwise__active_today,report_error,all_weeks__10_edps,prefix,10,13,0.07089829250185598
provider_eval_catalog_retargeting,catalog_retargeting,panel_fixed_log_pairwise__active_today,report_error,weeks_5_12__10_edps,interval,10,12,0.09728415079043372
provider_eval_catalog_retargeting,catalog_retargeting,panel_fixed_log_pairwise__active_today,report_error,weeks_7_13__10_edps,interval,10,13,0.06426400347372992
provider_eval_catalog_retargeting,catalog_retargeting,panel_fixed_log_pairwise__active_today,report_error,noncontiguous__10_edps,noncontiguous,10,13,0.03248136315228967
provider_eval_catalog_retargeting,catalog_retargeting,panel_fixed_log_pairwise__active_today,report_error,noncontiguous__2_edps,noncontiguous,2,13,0.025029797377830752
provider_eval_catalog_retargeting,catalog_retargeting,panel_fixed_log_pairwise__recent_creation,report_error,weeks_1_3__2_edps,prefix,2,3,0.0
provider_eval_catalog_retargeting,catalog_retargeting,panel_fixed_log_pairwise__recent_creation,report_error,weeks_1_12__2_edps,prefix,2,12,0.01908957415565345
provider_eval_catalog_retargeting,catalog_retargeting,panel_fixed_log_pairwise__recent_creation,report_error,weeks_5_12__2_edps,interval,2,12,0.03634957463263728
provider_eval_catalog_retargeting,catalog_retargeting,panel_fixed_log_pairwise__recent_creation,report_error,weeks_1_3__5_edps,prefix,5,3,0.007853403141361256
provider_eval_catalog_retargeting,catalog_retargeting,panel_fixed_log_pairwise__recent_creation,report_error,weeks_1_12__5_edps,prefix,5,12,0.04584178498985801
provider_eval_catalog_retargeting,catalog_retargeting,panel_fixed_log_pairwise__recent_creation,report_error,weeks_7_13__5_edps,interval,5,13,0.053660754888585724
provider_eval_catalog_retargeting,catalog_retargeting,panel_fixed_log_pairwise__recent_creation,report_error,all_weeks__5_edps,prefix,5,13,0.05217732444095724
provider_eval_catalog_retargeting,catalog_retargeting,panel_fixed_log_pairwise__recent_creation,report_error,noncontiguous__5_edps,noncontiguous,5,13,0.04894671623296159
provider_eval_catalog_retargeting,catalog_retargeting,panel_fixed_log_pairwise__recent_creation,report_error,weeks_1_3__10_edps,prefix,10,3,0.10270270270270271
provider_eval_catalog_retargeting,catalog_retargeting,panel_fixed_log_pairwise__recent_creation,report_error,weeks_1_12__10_edps,prefix,10,12,0.08955792682926829
provider_eval_catalog_retargeting,catalog_retargeting,panel_fixed_log_pairwise__recent_creation,report_error,all_weeks__10_edps,prefix,10,13,0.07089829250185598
provider_eval_catalog_retargeting,catalog_retargeting,panel_fixed_log_pairwise__recent_creation,report_error,weeks_5_12__10_edps,interval,10,12,0.07580056749087961
provider_eval_catalog_retargeting,catalog_retargeting,panel_fixed_log_pairwise__recent_creation,report_error,weeks_7_13__10_edps,interval,10,13,0.007381676074685193
provider_eval_catalog_retargeting,catalog_retargeting,panel_fixed_log_pairwise__recent_creation,report_error,noncontiguous__10_edps,noncontiguous,10,13,0.0010649627263045794
provider_eval_catalog_retargeting,catalog_retargeting,panel_fixed_log_pairwise__recent_creation,report_error,noncontiguous__2_edps,noncontiguous,2,13,0.03575685339690107
provider_eval_catalog_retargeting,catalog_retargeting,panel_fixed_log_pairwise__oldest_creation,report_error,weeks_1_3__2_edps,prefix,2,3,0.0
provider_eval_catalog_retargeting,catalog_retargeting,panel_fixed_log_pairwise__oldest_creation,report_error,weeks_1_12__2_edps,prefix,2,12,0.01908957415565345
provider_eval_catalog_retargeting,catalog_retargeting,panel_fixed_log_pairwise__oldest_creation,report_error,weeks_5_12__2_edps,interval,2,12,0.07501933488012374
provider_eval_catalog_retargeting,catalog_retargeting,panel_fixed_log_pairwise__oldest_creation,report_error,weeks_1_3__5_edps,prefix,5,3,0.007853403141361256
provider_eval_catalog_retargeting,catalog_retargeting,panel_fixed_log_pairwise__oldest_creation,report_error,weeks_1_12__5_edps,prefix,5,12,0.04584178498985801
provider_eval_catalog_retargeting,catalog_retargeting,panel_fixed_log_pairwise__oldest_creation,report_error,weeks_7_13__5_edps,interval,5,13,0.10413824465666212
provider_eval_catalog_retargeting,catalog_retargeting,panel_fixed_log_pairwise__oldest_creation,report_error,all_weeks__5_edps,prefix,5,13,0.05217732444095724
provider_eval_catalog_retargeting,catalog_retargeting,panel_fixed_log_pairwise__oldest_creation,report_error,noncontiguous__5_edps,noncontiguous,5,13,0.03531598513011153
provider_eval_catalog_retargeting,catalog_retargeting,panel_fixed_log_pairwise__oldest_creation,report_error,weeks_1_3__10_edps,prefix,10,3,0.10270270270270271
provider_eval_catalog_retargeting,catalog_retargeting,panel_fixed_log_pairwise__oldest_creation,report_error,weeks_1_12__10_edps,prefix,10,12,0.08955792682926829
provider_eval_catalog_retargeting,catalog_retargeting,panel_fixed_log_pairwise__oldest_creation,report_error,all_weeks__10_edps,prefix,10,13,0.07089829250185598
provider_eval_catalog_retargeting,catalog_retargeting,panel_fixed_log_pairwise__oldest_creation,report_error,weeks_5_12__10_edps,interval,10,12,0.07985407377381434
provider_eval_catalog_retargeting,catalog_retargeting,panel_fixed_log_pairwise__oldest_creation,report_error,weeks_7_13__10_edps,interval,10,13,0.07685627442466349
provider_eval_catalog_retargeting,catalog_retargeting,panel_fixed_log_pairwise__oldest_creation,report_error,noncontiguous__10_edps,noncontiguous,10,13,0.13525026624068157
provider_eval_catalog_retargeting,catalog_retargeting,panel_fixed_log_pairwise__oldest_creation,report_error,noncontiguous__2_edps,noncontiguous,2,13,0.07151370679380215
provider_eval_lookalike_prospecting,lookalike_prospecting,existing_vid,report_error,weeks_1_3__2_edps,prefix,2,3,0.000987787356323088
provider_eval_lookalike_prospecting,lookalike_prospecting,existing_vid,report_error,weeks_1_12__2_edps,prefix,2,12,0.10109580193756706
provider_eval_lookalike_prospecting,lookalike_prospecting,existing_vid,report_error,weeks_5_12__2_edps,interval,2,12,0.09120703653585926
provider_eval_lookalike_prospecting,lookalike_prospecting,existing_vid,report_error,weeks_1_3__5_edps,prefix,5,3,0.03453047701586369
provider_eval_lookalike_prospecting,lookalike_prospecting,existing_vid,report_error,weeks_1_12__5_edps,prefix,5,12,0.25250185300794725
provider_eval_lookalike_prospecting,lookalike_prospecting,existing_vid,report_error,weeks_7_13__5_edps,interval,5,13,0.22994627764773248
provider_eval_lookalike_prospecting,lookalike_prospecting,existing_vid,report_error,all_weeks__5_edps,prefix,5,13,0.2657597295516403
provider_eval_lookalike_prospecting,lookalike_prospecting,existing_vid,report_error,noncontiguous__5_edps,noncontiguous,5,13,0.1552837228269813
provider_eval_lookalike_prospecting,lookalike_prospecting,existing_vid,report_error,weeks_1_3__10_edps,prefix,10,3,0.11851566477528264
provider_eval_lookalike_prospecting,lookalike_prospecting,existing_vid,report_error,weeks_1_12__10_edps,prefix,10,12,0.3424319936629257
provider_eval_lookalike_prospecting,lookalike_prospecting,existing_vid,report_error,all_weeks__10_edps,prefix,10,13,0.33980873974058745
provider_eval_lookalike_prospecting,lookalike_prospecting,existing_vid,report_error,weeks_5_12__10_edps,interval,10,12,0.3177811708255154
provider_eval_lookalike_prospecting,lookalike_prospecting,existing_vid,report_error,weeks_7_13__10_edps,interval,10,13,0.3077832489183062
provider_eval_lookalike_prospecting,lookalike_prospecting,existing_vid,report_error,noncontiguous__10_edps,noncontiguous,10,13,0.2565805823081926
provider_eval_lookalike_prospecting,lookalike_prospecting,existing_vid,report_error,noncontiguous__2_edps,noncontiguous,2,13,0.0449025005735257
provider_eval_lookalike_prospecting,lookalike_prospecting,panel_fixed_log_pairwise,raw_prefix_error,weeks_1_1__10_edps,prefix,10,1,0.024454944897468134
provider_eval_lookalike_prospecting,lookalike_prospecting,panel_fixed_log_pairwise,reconciled_prefix_error,weeks_1_1__10_edps,prefix,10,1,0.024429967426710098
provider_eval_lookalike_prospecting,lookalike_prospecting,panel_fixed_log_pairwise,union_adjustment,weeks_1_1__10_edps,prefix,10,1,2.438122914376308e-05
provider_eval_lookalike_prospecting,lookalike_prospecting,panel_fixed_log_pairwise,cell_l1_adjustment,weeks_1_1__10_edps,prefix,10,1,0.026259598954960175
provider_eval_lookalike_prospecting,lookalike_prospecting,panel_fixed_log_pairwise,temporal_projection_used,weeks_1_1__10_edps,prefix,10,1,1.0
provider_eval_lookalike_prospecting,lookalike_prospecting,panel_fixed_log_pairwise,reconciliation_seconds,weeks_1_1__10_edps,prefix,10,1,0.010849750018678606
provider_eval_lookalike_prospecting,lookalike_prospecting,panel_fixed_log_pairwise,raw_prefix_error,weeks_1_2__10_edps,prefix,10,2,0.05729799743644586
provider_eval_lookalike_prospecting,lookalike_prospecting,panel_fixed_log_pairwise,reconciled_prefix_error,weeks_1_2__10_edps,prefix,10,2,0.057104913678618856
provider_eval_lookalike_prospecting,lookalike_prospecting,panel_fixed_log_pairwise,union_adjustment,weeks_1_2__10_edps,prefix,10,2,0.0001826199976693611
provider_eval_lookalike_prospecting,lookalike_prospecting,panel_fixed_log_pairwise,cell_l1_adjustment,weeks_1_2__10_edps,prefix,10,2,0.05215931662671607
provider_eval_lookalike_prospecting,lookalike_prospecting,panel_fixed_log_pairwise,temporal_projection_used,weeks_1_2__10_edps,prefix,10,2,1.0
provider_eval_lookalike_prospecting,lookalike_prospecting,panel_fixed_log_pairwise,reconciliation_seconds,weeks_1_2__10_edps,prefix,10,2,0.023229166981764138
provider_eval_lookalike_prospecting,lookalike_prospecting,panel_fixed_log_pairwise,raw_prefix_error,weeks_1_3__10_edps,prefix,10,3,0.06821261323846113
provider_eval_lookalike_prospecting,lookalike_prospecting,panel_fixed_log_pairwise,reconciled_prefix_error,weeks_1_3__10_edps,prefix,10,3,0.06816257408975444
provider_eval_lookalike_prospecting,lookalike_prospecting,panel_fixed_log_pairwise,union_adjustment,weeks_1_3__10_edps,prefix,10,3,4.68438100097041e-05
provider_eval_lookalike_prospecting,lookalike_prospecting,panel_fixed_log_pairwise,cell_l1_adjustment,weeks_1_3__10_edps,prefix,10,3,0.13052585146330178
provider_eval_lookalike_prospecting,lookalike_prospecting,panel_fixed_log_pairwise,temporal_projection_used,weeks_1_3__10_edps,prefix,10,3,1.0
provider_eval_lookalike_prospecting,lookalike_prospecting,panel_fixed_log_pairwise,reconciliation_seconds,weeks_1_3__10_edps,prefix,10,3,0.029272083076648414
provider_eval_lookalike_prospecting,lookalike_prospecting,panel_fixed_log_pairwise,raw_prefix_error,weeks_1_4__10_edps,prefix,10,4,0.06548624185826692
provider_eval_lookalike_prospecting,lookalike_prospecting,panel_fixed_log_pairwise,reconciled_prefix_error,weeks_1_4__10_edps,prefix,10,4,0.06540839570452327
provider_eval_lookalike_prospecting,lookalike_prospecting,panel_fixed_log_pairwise,union_adjustment,weeks_1_4__10_edps,prefix,10,4,7.306162265228754e-05
provider_eval_lookalike_prospecting,lookalike_prospecting,panel_fixed_log_pairwise,cell_l1_adjustment,weeks_1_4__10_edps,prefix,10,4,0.07130712229468136
provider_eval_lookalike_prospecting,lookalike_prospecting,panel_fixed_log_pairwise,temporal_projection_used,weeks_1_4__10_edps,prefix,10,4,1.0
provider_eval_lookalike_prospecting,lookalike_prospecting,panel_fixed_log_pairwise,reconciliation_seconds,weeks_1_4__10_edps,prefix,10,4,0.04641491605434567
provider_eval_lookalike_prospecting,lookalike_prospecting,panel_fixed_log_pairwise,raw_prefix_error,weeks_1_5__10_edps,prefix,10,5,0.07954637334043713
provider_eval_lookalike_prospecting,lookalike_prospecting,panel_fixed_log_pairwise,reconciled_prefix_error,weeks_1_5__10_edps,prefix,10,5,0.07961432506887052
provider_eval_lookalike_prospecting,lookalike_prospecting,panel_fixed_log_pairwise,union_adjustment,weeks_1_5__10_edps,prefix,10,5,6.29447053978436e-05
provider_eval_lookalike_prospecting,lookalike_prospecting,panel_fixed_log_pairwise,cell_l1_adjustment,weeks_1_5__10_edps,prefix,10,5,0.058796379645233786
provider_eval_lookalike_prospecting,lookalike_prospecting,panel_fixed_log_pairwise,temporal_projection_used,weeks_1_5__10_edps,prefix,10,5,1.0
provider_eval_lookalike_prospecting,lookalike_prospecting,panel_fixed_log_pairwise,reconciliation_seconds,weeks_1_5__10_edps,prefix,10,5,0.08884300000499934
provider_eval_lookalike_prospecting,lookalike_prospecting,panel_fixed_log_pairwise,raw_prefix_error,weeks_1_6__10_edps,prefix,10,6,0.08835778453770222
provider_eval_lookalike_prospecting,lookalike_prospecting,panel_fixed_log_pairwise,reconciled_prefix_error,weeks_1_6__10_edps,prefix,10,6,0.08842254185333648
provider_eval_lookalike_prospecting,lookalike_prospecting,panel_fixed_log_pairwise,union_adjustment,weeks_1_6__10_edps,prefix,10,6,5.950002522543251e-05
provider_eval_lookalike_prospecting,lookalike_prospecting,panel_fixed_log_pairwise,cell_l1_adjustment,weeks_1_6__10_edps,prefix,10,6,0.06406653308051738
provider_eval_lookalike_prospecting,lookalike_prospecting,panel_fixed_log_pairwise,temporal_projection_used,weeks_1_6__10_edps,prefix,10,6,1.0
provider_eval_lookalike_prospecting,lookalike_prospecting,panel_fixed_log_pairwise,reconciliation_seconds,weeks_1_6__10_edps,prefix,10,6,0.10806391597725451
provider_eval_lookalike_prospecting,lookalike_prospecting,panel_fixed_log_pairwise,raw_prefix_error,weeks_1_7__10_edps,prefix,10,7,0.0639234737334348
provider_eval_lookalike_prospecting,lookalike_prospecting,panel_fixed_log_pairwise,reconciled_prefix_error,weeks_1_7__10_edps,prefix,10,7,0.06391052526462952
provider_eval_lookalike_prospecting,lookalike_prospecting,panel_fixed_log_pairwise,union_adjustment,weeks_1_7__10_edps,prefix,10,7,1.2170488879163487e-05
provider_eval_lookalike_prospecting,lookalike_prospecting,panel_fixed_log_pairwise,cell_l1_adjustment,weeks_1_7__10_edps,prefix,10,7,0.10432323210167614
provider_eval_lookalike_prospecting,lookalike_prospecting,panel_fixed_log_pairwise,temporal_projection_used,weeks_1_7__10_edps,prefix,10,7,1.0
provider_eval_lookalike_prospecting,lookalike_prospecting,panel_fixed_log_pairwise,reconciliation_seconds,weeks_1_7__10_edps,prefix,10,7,0.15510933299083263
provider_eval_lookalike_prospecting,lookalike_prospecting,panel_fixed_log_pairwise,raw_prefix_error,weeks_1_8__10_edps,prefix,10,8,0.04194110440472317
provider_eval_lookalike_prospecting,lookalike_prospecting,panel_fixed_log_pairwise,reconciled_prefix_error,weeks_1_8__10_edps,prefix,10,8,0.041866028708133975
provider_eval_lookalike_prospecting,lookalike_prospecting,panel_fixed_log_pairwise,union_adjustment,weeks_1_8__10_edps,prefix,10,8,7.205368544452737e-05
provider_eval_lookalike_prospecting,lookalike_prospecting,panel_fixed_log_pairwise,cell_l1_adjustment,weeks_1_8__10_edps,prefix,10,8,0.1334822357558721
provider_eval_lookalike_prospecting,lookalike_prospecting,panel_fixed_log_pairwise,temporal_projection_used,weeks_1_8__10_edps,prefix,10,8,1.0
provider_eval_lookalike_prospecting,lookalike_prospecting,panel_fixed_log_pairwise,reconciliation_seconds,weeks_1_8__10_edps,prefix,10,8,0.21432562510017306
provider_eval_lookalike_prospecting,lookalike_prospecting,panel_fixed_log_pairwise,raw_prefix_error,weeks_1_9__10_edps,prefix,10,9,0.03707598342400036
provider_eval_lookalike_prospecting,lookalike_prospecting,panel_fixed_log_pairwise,reconciled_prefix_error,weeks_1_9__10_edps,prefix,10,9,0.03710603943487036
provider_eval_lookalike_prospecting,lookalike_prospecting,panel_fixed_log_pairwise,union_adjustment,weeks_1_9__10_edps,prefix,10,9,2.898149349760798e-05
provider_eval_lookalike_prospecting,lookalike_prospecting,panel_fixed_log_pairwise,cell_l1_adjustment,weeks_1_9__10_edps,prefix,10,9,0.13859375784523803
provider_eval_lookalike_prospecting,lookalike_prospecting,panel_fixed_log_pairwise,temporal_projection_used,weeks_1_9__10_edps,prefix,10,9,1.0
provider_eval_lookalike_prospecting,lookalike_prospecting,panel_fixed_log_pairwise,reconciliation_seconds,weeks_1_9__10_edps,prefix,10,9,0.24604170909151435
provider_eval_lookalike_prospecting,lookalike_prospecting,panel_fixed_log_pairwise,raw_prefix_error,weeks_1_10__10_edps,prefix,10,10,0.027000665681407823
provider_eval_lookalike_prospecting,lookalike_prospecting,panel_fixed_log_pairwise,reconciled_prefix_error,weeks_1_10__10_edps,prefix,10,10,0.027034926201958204
provider_eval_lookalike_prospecting,lookalike_prospecting,panel_fixed_log_pairwise,union_adjustment,weeks_1_10__10_edps,prefix,10,10,3.335978417042388e-05
provider_eval_lookalike_prospecting,lookalike_prospecting,panel_fixed_log_pairwise,cell_l1_adjustment,weeks_1_10__10_edps,prefix,10,10,0.1316077623275545
provider_eval_lookalike_prospecting,lookalike_prospecting,panel_fixed_log_pairwise,temporal_projection_used,weeks_1_10__10_edps,prefix,10,10,1.0
provider_eval_lookalike_prospecting,lookalike_prospecting,panel_fixed_log_pairwise,reconciliation_seconds,weeks_1_10__10_edps,prefix,10,10,0.32902637508232147
provider_eval_lookalike_prospecting,lookalike_prospecting,panel_fixed_log_pairwise,raw_prefix_error,weeks_1_11__10_edps,prefix,10,11,0.009366329474103636
provider_eval_lookalike_prospecting,lookalike_prospecting,panel_fixed_log_pairwise,reconciled_prefix_error,weeks_1_11__10_edps,prefix,10,11,0.00929909784871617
provider_eval_lookalike_prospecting,lookalike_prospecting,panel_fixed_log_pairwise,union_adjustment,weeks_1_11__10_edps,prefix,10,11,6.78672928126552e-05
provider_eval_lookalike_prospecting,lookalike_prospecting,panel_fixed_log_pairwise,cell_l1_adjustment,weeks_1_11__10_edps,prefix,10,11,0.1253762254917447
provider_eval_lookalike_prospecting,lookalike_prospecting,panel_fixed_log_pairwise,temporal_projection_used,weeks_1_11__10_edps,prefix,10,11,1.0
provider_eval_lookalike_prospecting,lookalike_prospecting,panel_fixed_log_pairwise,reconciliation_seconds,weeks_1_11__10_edps,prefix,10,11,0.3496627080021426
provider_eval_lookalike_prospecting,lookalike_prospecting,panel_fixed_log_pairwise,raw_prefix_error,weeks_1_12__10_edps,prefix,10,12,0.03184479280140999
provider_eval_lookalike_prospecting,lookalike_prospecting,panel_fixed_log_pairwise,reconciled_prefix_error,weeks_1_12__10_edps,prefix,10,12,0.031830948241273235
provider_eval_lookalike_prospecting,lookalike_prospecting,panel_fixed_log_pairwise,union_adjustment,weeks_1_12__10_edps,prefix,10,12,1.4299938722072815e-05
provider_eval_lookalike_prospecting,lookalike_prospecting,panel_fixed_log_pairwise,cell_l1_adjustment,weeks_1_12__10_edps,prefix,10,12,0.1084224443091328
provider_eval_lookalike_prospecting,lookalike_prospecting,panel_fixed_log_pairwise,temporal_projection_used,weeks_1_12__10_edps,prefix,10,12,1.0
provider_eval_lookalike_prospecting,lookalike_prospecting,panel_fixed_log_pairwise,reconciliation_seconds,weeks_1_12__10_edps,prefix,10,12,0.3444042910123244
provider_eval_lookalike_prospecting,lookalike_prospecting,panel_fixed_log_pairwise,raw_prefix_error,weeks_1_13__10_edps,prefix,10,13,0.05673689212128329
provider_eval_lookalike_prospecting,lookalike_prospecting,panel_fixed_log_pairwise,reconciled_prefix_error,weeks_1_13__10_edps,prefix,10,13,0.056689637238330516
provider_eval_lookalike_prospecting,lookalike_prospecting,panel_fixed_log_pairwise,union_adjustment,weeks_1_13__10_edps,prefix,10,13,5.009724493431104e-05
provider_eval_lookalike_prospecting,lookalike_prospecting,panel_fixed_log_pairwise,cell_l1_adjustment,weeks_1_13__10_edps,prefix,10,13,0.11355927488556844
provider_eval_lookalike_prospecting,lookalike_prospecting,panel_fixed_log_pairwise,temporal_projection_used,weeks_1_13__10_edps,prefix,10,13,1.0
provider_eval_lookalike_prospecting,lookalike_prospecting,panel_fixed_log_pairwise,reconciliation_seconds,weeks_1_13__10_edps,prefix,10,13,0.32765562494751066
provider_eval_lookalike_prospecting,lookalike_prospecting,panel_fixed_log_pairwise__active_today,report_error,weeks_1_3__2_edps,prefix,2,3,0.005747126436781609
provider_eval_lookalike_prospecting,lookalike_prospecting,panel_fixed_log_pairwise__active_today,report_error,weeks_1_12__2_edps,prefix,2,12,0.0015069967707212056
provider_eval_lookalike_prospecting,lookalike_prospecting,panel_fixed_log_pairwise__active_today,report_error,weeks_5_12__2_edps,interval,2,12,0.0006765899864682003
provider_eval_lookalike_prospecting,lookalike_prospecting,panel_fixed_log_pairwise__active_today,report_error,weeks_1_3__5_edps,prefix,5,3,0.04498269896193772
provider_eval_lookalike_prospecting,lookalike_prospecting,panel_fixed_log_pairwise__active_today,report_error,weeks_1_12__5_edps,prefix,5,12,0.02344333283559803
provider_eval_lookalike_prospecting,lookalike_prospecting,panel_fixed_log_pairwise__active_today,report_error,weeks_7_13__5_edps,interval,5,13,0.0278508432616432
provider_eval_lookalike_prospecting,lookalike_prospecting,panel_fixed_log_pairwise__active_today,report_error,all_weeks__5_edps,prefix,5,13,0.037243947858473
provider_eval_lookalike_prospecting,lookalike_prospecting,panel_fixed_log_pairwise__active_today,report_error,noncontiguous__5_edps,noncontiguous,5,13,0.11500815660685156
provider_eval_lookalike_prospecting,lookalike_prospecting,panel_fixed_log_pairwise__active_today,report_error,weeks_1_3__10_edps,prefix,10,3,0.06816257408975444
provider_eval_lookalike_prospecting,lookalike_prospecting,panel_fixed_log_pairwise__active_today,report_error,weeks_1_12__10_edps,prefix,10,12,0.031830948241273235
provider_eval_lookalike_prospecting,lookalike_prospecting,panel_fixed_log_pairwise__active_today,report_error,all_weeks__10_edps,prefix,10,13,0.056689637238330516
provider_eval_lookalike_prospecting,lookalike_prospecting,panel_fixed_log_pairwise__active_today,report_error,weeks_5_12__10_edps,interval,10,12,0.0036368722898307455
provider_eval_lookalike_prospecting,lookalike_prospecting,panel_fixed_log_pairwise__active_today,report_error,weeks_7_13__10_edps,interval,10,13,0.03159224936815501
provider_eval_lookalike_prospecting,lookalike_prospecting,panel_fixed_log_pairwise__active_today,report_error,noncontiguous__10_edps,noncontiguous,10,13,0.0890470404443673
provider_eval_lookalike_prospecting,lookalike_prospecting,panel_fixed_log_pairwise__active_today,report_error,noncontiguous__2_edps,noncontiguous,2,13,0.05333792154163799
provider_eval_lookalike_prospecting,lookalike_prospecting,panel_fixed_log_pairwise__recent_creation,report_error,weeks_1_3__2_edps,prefix,2,3,0.005747126436781609
provider_eval_lookalike_prospecting,lookalike_prospecting,panel_fixed_log_pairwise__recent_creation,report_error,weeks_1_12__2_edps,prefix,2,12,0.0015069967707212056
provider_eval_lookalike_prospecting,lookalike_prospecting,panel_fixed_log_pairwise__recent_creation,report_error,weeks_5_12__2_edps,interval,2,12,0.007216959855660803
provider_eval_lookalike_prospecting,lookalike_prospecting,panel_fixed_log_pairwise__recent_creation,report_error,weeks_1_3__5_edps,prefix,5,3,0.04498269896193772
provider_eval_lookalike_prospecting,lookalike_prospecting,panel_fixed_log_pairwise__recent_creation,report_error,weeks_1_12__5_edps,prefix,5,12,0.02344333283559803
provider_eval_lookalike_prospecting,lookalike_prospecting,panel_fixed_log_pairwise__recent_creation,report_error,weeks_7_13__5_edps,interval,5,13,0.05926040538449636
provider_eval_lookalike_prospecting,lookalike_prospecting,panel_fixed_log_pairwise__recent_creation,report_error,all_weeks__5_edps,prefix,5,13,0.037243947858473
provider_eval_lookalike_prospecting,lookalike_prospecting,panel_fixed_log_pairwise__recent_creation,report_error,noncontiguous__5_edps,noncontiguous,5,13,0.12969004893964112
provider_eval_lookalike_prospecting,lookalike_prospecting,panel_fixed_log_pairwise__recent_creation,report_error,weeks_1_3__10_edps,prefix,10,3,0.06816257408975444
provider_eval_lookalike_prospecting,lookalike_prospecting,panel_fixed_log_pairwise__recent_creation,report_error,weeks_1_12__10_edps,prefix,10,12,0.031830948241273235
provider_eval_lookalike_prospecting,lookalike_prospecting,panel_fixed_log_pairwise__recent_creation,report_error,all_weeks__10_edps,prefix,10,13,0.056689637238330516
provider_eval_lookalike_prospecting,lookalike_prospecting,panel_fixed_log_pairwise__recent_creation,report_error,weeks_5_12__10_edps,interval,10,12,0.02084207581479927
provider_eval_lookalike_prospecting,lookalike_prospecting,panel_fixed_log_pairwise__recent_creation,report_error,weeks_7_13__10_edps,interval,10,13,0.07245155855096883
provider_eval_lookalike_prospecting,lookalike_prospecting,panel_fixed_log_pairwise__recent_creation,report_error,noncontiguous__10_edps,noncontiguous,10,13,0.11213331018920326
provider_eval_lookalike_prospecting,lookalike_prospecting,panel_fixed_log_pairwise__recent_creation,report_error,noncontiguous__2_edps,noncontiguous,2,13,0.05437026841018582
provider_eval_lookalike_prospecting,lookalike_prospecting,panel_fixed_log_pairwise__oldest_creation,report_error,weeks_1_3__2_edps,prefix,2,3,0.005747126436781609
provider_eval_lookalike_prospecting,lookalike_prospecting,panel_fixed_log_pairwise__oldest_creation,report_error,weeks_1_12__2_edps,prefix,2,12,0.0015069967707212056
provider_eval_lookalike_prospecting,lookalike_prospecting,panel_fixed_log_pairwise__oldest_creation,report_error,weeks_5_12__2_edps,interval,2,12,0.02413170951736581
provider_eval_lookalike_prospecting,lookalike_prospecting,panel_fixed_log_pairwise__oldest_creation,report_error,weeks_1_3__5_edps,prefix,5,3,0.04498269896193772
provider_eval_lookalike_prospecting,lookalike_prospecting,panel_fixed_log_pairwise__oldest_creation,report_error,weeks_1_12__5_edps,prefix,5,12,0.02344333283559803
provider_eval_lookalike_prospecting,lookalike_prospecting,panel_fixed_log_pairwise__oldest_creation,report_error,weeks_7_13__5_edps,interval,5,13,0.12594770230543093
provider_eval_lookalike_prospecting,lookalike_prospecting,panel_fixed_log_pairwise__oldest_creation,report_error,all_weeks__5_edps,prefix,5,13,0.037243947858473
provider_eval_lookalike_prospecting,lookalike_prospecting,panel_fixed_log_pairwise__oldest_creation,report_error,noncontiguous__5_edps,noncontiguous,5,13,0.08523654159869494
provider_eval_lookalike_prospecting,lookalike_prospecting,panel_fixed_log_pairwise__oldest_creation,report_error,weeks_1_3__10_edps,prefix,10,3,0.06816257408975444
provider_eval_lookalike_prospecting,lookalike_prospecting,panel_fixed_log_pairwise__oldest_creation,report_error,weeks_1_12__10_edps,prefix,10,12,0.031830948241273235
provider_eval_lookalike_prospecting,lookalike_prospecting,panel_fixed_log_pairwise__oldest_creation,report_error,all_weeks__10_edps,prefix,10,13,0.056689637238330516
provider_eval_lookalike_prospecting,lookalike_prospecting,panel_fixed_log_pairwise__oldest_creation,report_error,weeks_5_12__10_edps,interval,10,12,0.11288292068820814
provider_eval_lookalike_prospecting,lookalike_prospecting,panel_fixed_log_pairwise__oldest_creation,report_error,weeks_7_13__10_edps,interval,10,13,0.14588598708228026
provider_eval_lookalike_prospecting,lookalike_prospecting,panel_fixed_log_pairwise__oldest_creation,report_error,noncontiguous__10_edps,noncontiguous,10,13,0.07134178094080888
provider_eval_lookalike_prospecting,lookalike_prospecting,panel_fixed_log_pairwise__oldest_creation,report_error,noncontiguous__2_edps,noncontiguous,2,13,0.053682037164487266
provider_eval_advantage_audience_expansion,advantage_audience_expansion,existing_vid,report_error,weeks_1_3__2_edps,prefix,2,3,0.0050603290676421355
provider_eval_advantage_audience_expansion,advantage_audience_expansion,existing_vid,report_error,weeks_1_12__2_edps,prefix,2,12,0.10017321755027406
provider_eval_advantage_audience_expansion,advantage_audience_expansion,existing_vid,report_error,weeks_5_12__2_edps,interval,2,12,0.08899454550859046
provider_eval_advantage_audience_expansion,advantage_audience_expansion,existing_vid,report_error,weeks_1_3__5_edps,prefix,5,3,0.02388838590527923
provider_eval_advantage_audience_expansion,advantage_audience_expansion,existing_vid,report_error,weeks_1_12__5_edps,prefix,5,12,0.2192308300398618
provider_eval_advantage_audience_expansion,advantage_audience_expansion,existing_vid,report_error,weeks_7_13__5_edps,interval,5,13,0.20254654608626568
provider_eval_advantage_audience_expansion,advantage_audience_expansion,existing_vid,report_error,all_weeks__5_edps,prefix,5,13,0.2208256372623697
provider_eval_advantage_audience_expansion,advantage_audience_expansion,existing_vid,report_error,noncontiguous__5_edps,noncontiguous,5,13,0.12722370076403774
provider_eval_advantage_audience_expansion,advantage_audience_expansion,existing_vid,report_error,weeks_1_3__10_edps,prefix,10,3,0.09437856132546837
provider_eval_advantage_audience_expansion,advantage_audience_expansion,existing_vid,report_error,weeks_1_12__10_edps,prefix,10,12,0.2583502909100374
provider_eval_advantage_audience_expansion,advantage_audience_expansion,existing_vid,report_error,all_weeks__10_edps,prefix,10,13,0.2574247425841601
provider_eval_advantage_audience_expansion,advantage_audience_expansion,existing_vid,report_error,weeks_5_12__10_edps,interval,10,12,0.2549489713158252
provider_eval_advantage_audience_expansion,advantage_audience_expansion,existing_vid,report_error,weeks_7_13__10_edps,interval,10,13,0.2558738443549683
provider_eval_advantage_audience_expansion,advantage_audience_expansion,existing_vid,report_error,noncontiguous__10_edps,noncontiguous,10,13,0.2396850085738481
provider_eval_advantage_audience_expansion,advantage_audience_expansion,existing_vid,report_error,noncontiguous__2_edps,noncontiguous,2,13,0.03242697176241496
provider_eval_advantage_audience_expansion,advantage_audience_expansion,panel_fixed_log_pairwise,raw_prefix_error,weeks_1_1__10_edps,prefix,10,1,0.0251799038870321
provider_eval_advantage_audience_expansion,advantage_audience_expansion,panel_fixed_log_pairwise,reconciled_prefix_error,weeks_1_1__10_edps,prefix,10,1,0.025735294117647058
provider_eval_advantage_audience_expansion,advantage_audience_expansion,panel_fixed_log_pairwise,union_adjustment,weeks_1_1__10_edps,prefix,10,1,0.0005417490418133507
provider_eval_advantage_audience_expansion,advantage_audience_expansion,panel_fixed_log_pairwise,cell_l1_adjustment,weeks_1_1__10_edps,prefix,10,1,0.022092682658142307
provider_eval_advantage_audience_expansion,advantage_audience_expansion,panel_fixed_log_pairwise,temporal_projection_used,weeks_1_1__10_edps,prefix,10,1,1.0
provider_eval_advantage_audience_expansion,advantage_audience_expansion,panel_fixed_log_pairwise,reconciliation_seconds,weeks_1_1__10_edps,prefix,10,1,0.010829041944816709
provider_eval_advantage_audience_expansion,advantage_audience_expansion,panel_fixed_log_pairwise,raw_prefix_error,weeks_1_2__10_edps,prefix,10,2,0.039111627024549636
provider_eval_advantage_audience_expansion,advantage_audience_expansion,panel_fixed_log_pairwise,reconciled_prefix_error,weeks_1_2__10_edps,prefix,10,2,0.039254823685961414
provider_eval_advantage_audience_expansion,advantage_audience_expansion,panel_fixed_log_pairwise,union_adjustment,weeks_1_2__10_edps,prefix,10,2,0.000137806812753392
provider_eval_advantage_audience_expansion,advantage_audience_expansion,panel_fixed_log_pairwise,cell_l1_adjustment,weeks_1_2__10_edps,prefix,10,2,0.06858866079920675
provider_eval_advantage_audience_expansion,advantage_audience_expansion,panel_fixed_log_pairwise,temporal_projection_used,weeks_1_2__10_edps,prefix,10,2,1.0
provider_eval_advantage_audience_expansion,advantage_audience_expansion,panel_fixed_log_pairwise,reconciliation_seconds,weeks_1_2__10_edps,prefix,10,2,0.024794124998152256
provider_eval_advantage_audience_expansion,advantage_audience_expansion,panel_fixed_log_pairwise,raw_prefix_error,weeks_1_3__10_edps,prefix,10,3,0.0679569177938224
provider_eval_advantage_audience_expansion,advantage_audience_expansion,panel_fixed_log_pairwise,reconciled_prefix_error,weeks_1_3__10_edps,prefix,10,3,0.06813372831146847
provider_eval_advantage_audience_expansion,advantage_audience_expansion,panel_fixed_log_pairwise,union_adjustment,weeks_1_3__10_edps,prefix,10,3,0.000165559597674619
provider_eval_advantage_audience_expansion,advantage_audience_expansion,panel_fixed_log_pairwise,cell_l1_adjustment,weeks_1_3__10_edps,prefix,10,3,0.08720514247999349
provider_eval_advantage_audience_expansion,advantage_audience_expansion,panel_fixed_log_pairwise,temporal_projection_used,weeks_1_3__10_edps,prefix,10,3,1.0
provider_eval_advantage_audience_expansion,advantage_audience_expansion,panel_fixed_log_pairwise,reconciliation_seconds,weeks_1_3__10_edps,prefix,10,3,0.027211874956265092
provider_eval_advantage_audience_expansion,advantage_audience_expansion,panel_fixed_log_pairwise,raw_prefix_error,weeks_1_4__10_edps,prefix,10,4,0.06385261679327643
provider_eval_advantage_audience_expansion,advantage_audience_expansion,panel_fixed_log_pairwise,reconciled_prefix_error,weeks_1_4__10_edps,prefix,10,4,0.06395851339671564
provider_eval_advantage_audience_expansion,advantage_audience_expansion,panel_fixed_log_pairwise,union_adjustment,weeks_1_4__10_edps,prefix,10,4,9.95406711121266e-05
provider_eval_advantage_audience_expansion,advantage_audience_expansion,panel_fixed_log_pairwise,cell_l1_adjustment,weeks_1_4__10_edps,prefix,10,4,0.1470726649788859
provider_eval_advantage_audience_expansion,advantage_audience_expansion,panel_fixed_log_pairwise,temporal_projection_used,weeks_1_4__10_edps,prefix,10,4,1.0
provider_eval_advantage_audience_expansion,advantage_audience_expansion,panel_fixed_log_pairwise,reconciliation_seconds,weeks_1_4__10_edps,prefix,10,4,0.059064250090159476
provider_eval_advantage_audience_expansion,advantage_audience_expansion,panel_fixed_log_pairwise,raw_prefix_error,weeks_1_5__10_edps,prefix,10,5,0.06388877325983999
provider_eval_advantage_audience_expansion,advantage_audience_expansion,panel_fixed_log_pairwise,reconciled_prefix_error,weeks_1_5__10_edps,prefix,10,5,0.06381018198571757
provider_eval_advantage_audience_expansion,advantage_audience_expansion,panel_fixed_log_pairwise,union_adjustment,weeks_1_5__10_edps,prefix,10,5,7.387170172096797e-05
provider_eval_advantage_audience_expansion,advantage_audience_expansion,panel_fixed_log_pairwise,cell_l1_adjustment,weeks_1_5__10_edps,prefix,10,5,0.09278141715712894
provider_eval_advantage_audience_expansion,advantage_audience_expansion,panel_fixed_log_pairwise,temporal_projection_used,weeks_1_5__10_edps,prefix,10,5,1.0
provider_eval_advantage_audience_expansion,advantage_audience_expansion,panel_fixed_log_pairwise,reconciliation_seconds,weeks_1_5__10_edps,prefix,10,5,0.08836841699667275
provider_eval_advantage_audience_expansion,advantage_audience_expansion,panel_fixed_log_pairwise,raw_prefix_error,weeks_1_6__10_edps,prefix,10,6,0.04003796247379219
provider_eval_advantage_audience_expansion,advantage_audience_expansion,panel_fixed_log_pairwise,reconciled_prefix_error,weeks_1_6__10_edps,prefix,10,6,0.03999255952380952
provider_eval_advantage_audience_expansion,advantage_audience_expansion,panel_fixed_log_pairwise,union_adjustment,weeks_1_6__10_edps,prefix,10,6,4.3655089160999494e-05
provider_eval_advantage_audience_expansion,advantage_audience_expansion,panel_fixed_log_pairwise,cell_l1_adjustment,weeks_1_6__10_edps,prefix,10,6,0.13249399617608731
provider_eval_advantage_audience_expansion,advantage_audience_expansion,panel_fixed_log_pairwise,temporal_projection_used,weeks_1_6__10_edps,prefix,10,6,1.0
provider_eval_advantage_audience_expansion,advantage_audience_expansion,panel_fixed_log_pairwise,reconciliation_seconds,weeks_1_6__10_edps,prefix,10,6,0.15471145801711828
provider_eval_advantage_audience_expansion,advantage_audience_expansion,panel_fixed_log_pairwise,raw_prefix_error,weeks_1_7__10_edps,prefix,10,7,0.0045379421628482216
provider_eval_advantage_audience_expansion,advantage_audience_expansion,panel_fixed_log_pairwise,reconciled_prefix_error,weeks_1_7__10_edps,prefix,10,7,0.00448291853454939
provider_eval_advantage_audience_expansion,advantage_audience_expansion,panel_fixed_log_pairwise,union_adjustment,weeks_1_7__10_edps,prefix,10,7,5.4775062234892034e-05
provider_eval_advantage_audience_expansion,advantage_audience_expansion,panel_fixed_log_pairwise,cell_l1_adjustment,weeks_1_7__10_edps,prefix,10,7,0.1515409182830014
provider_eval_advantage_audience_expansion,advantage_audience_expansion,panel_fixed_log_pairwise,temporal_projection_used,weeks_1_7__10_edps,prefix,10,7,1.0
provider_eval_advantage_audience_expansion,advantage_audience_expansion,panel_fixed_log_pairwise,reconciliation_seconds,weeks_1_7__10_edps,prefix,10,7,0.22222250001505017
provider_eval_advantage_audience_expansion,advantage_audience_expansion,panel_fixed_log_pairwise,raw_prefix_error,weeks_1_8__10_edps,prefix,10,8,0.026796542855089436
provider_eval_advantage_audience_expansion,advantage_audience_expansion,panel_fixed_log_pairwise,reconciled_prefix_error,weeks_1_8__10_edps,prefix,10,8,0.026833380162967126
provider_eval_advantage_audience_expansion,advantage_audience_expansion,panel_fixed_log_pairwise,union_adjustment,weeks_1_8__10_edps,prefix,10,8,3.785159989652827e-05
provider_eval_advantage_audience_expansion,advantage_audience_expansion,panel_fixed_log_pairwise,cell_l1_adjustment,weeks_1_8__10_edps,prefix,10,8,0.12750042793717747
provider_eval_advantage_audience_expansion,advantage_audience_expansion,panel_fixed_log_pairwise,temporal_projection_used,weeks_1_8__10_edps,prefix,10,8,1.0
provider_eval_advantage_audience_expansion,advantage_audience_expansion,panel_fixed_log_pairwise,reconciliation_seconds,weeks_1_8__10_edps,prefix,10,8,0.28562404098920524
provider_eval_advantage_audience_expansion,advantage_audience_expansion,panel_fixed_log_pairwise,raw_prefix_error,weeks_1_9__10_edps,prefix,10,9,0.05063004733606849
provider_eval_advantage_audience_expansion,advantage_audience_expansion,panel_fixed_log_pairwise,reconciled_prefix_error,weeks_1_9__10_edps,prefix,10,9,0.05056906363166063
provider_eval_advantage_audience_expansion,advantage_audience_expansion,panel_fixed_log_pairwise,union_adjustment,weeks_1_9__10_edps,prefix,10,9,6.423597485507138e-05
provider_eval_advantage_audience_expansion,advantage_audience_expansion,panel_fixed_log_pairwise,cell_l1_adjustment,weeks_1_9__10_edps,prefix,10,9,0.13016538423472468
provider_eval_advantage_audience_expansion,advantage_audience_expansion,panel_fixed_log_pairwise,temporal_projection_used,weeks_1_9__10_edps,prefix,10,9,1.0
provider_eval_advantage_audience_expansion,advantage_audience_expansion,panel_fixed_log_pairwise,reconciliation_seconds,weeks_1_9__10_edps,prefix,10,9,0.30560029193293303
provider_eval_advantage_audience_expansion,advantage_audience_expansion,panel_fixed_log_pairwise,raw_prefix_error,weeks_1_10__10_edps,prefix,10,10,0.0754907528524301
provider_eval_advantage_audience_expansion,advantage_audience_expansion,panel_fixed_log_pairwise,reconciled_prefix_error,weeks_1_10__10_edps,prefix,10,10,0.0754994484618213
provider_eval_advantage_audience_expansion,advantage_audience_expansion,panel_fixed_log_pairwise,union_adjustment,weeks_1_10__10_edps,prefix,10,10,9.40564890860592e-06
provider_eval_advantage_audience_expansion,advantage_audience_expansion,panel_fixed_log_pairwise,cell_l1_adjustment,weeks_1_10__10_edps,prefix,10,10,0.13158994157283285
provider_eval_advantage_audience_expansion,advantage_audience_expansion,panel_fixed_log_pairwise,temporal_projection_used,weeks_1_10__10_edps,prefix,10,10,1.0
provider_eval_advantage_audience_expansion,advantage_audience_expansion,panel_fixed_log_pairwise,reconciliation_seconds,weeks_1_10__10_edps,prefix,10,10,0.31063516705762595
provider_eval_advantage_audience_expansion,advantage_audience_expansion,panel_fixed_log_pairwise,raw_prefix_error,weeks_1_11__10_edps,prefix,10,11,0.09839204116127459
provider_eval_advantage_audience_expansion,advantage_audience_expansion,panel_fixed_log_pairwise,reconciled_prefix_error,weeks_1_11__10_edps,prefix,10,11,0.0983567797612011
provider_eval_advantage_audience_expansion,advantage_audience_expansion,panel_fixed_log_pairwise,union_adjustment,weeks_1_11__10_edps,prefix,10,11,3.910945963554692e-05
provider_eval_advantage_audience_expansion,advantage_audience_expansion,panel_fixed_log_pairwise,cell_l1_adjustment,weeks_1_11__10_edps,prefix,10,11,0.13607616320150875
provider_eval_advantage_audience_expansion,advantage_audience_expansion,panel_fixed_log_pairwise,temporal_projection_used,weeks_1_11__10_edps,prefix,10,11,1.0
provider_eval_advantage_audience_expansion,advantage_audience_expansion,panel_fixed_log_pairwise,reconciliation_seconds,weeks_1_11__10_edps,prefix,10,11,0.3112487079342827
provider_eval_advantage_audience_expansion,advantage_audience_expansion,panel_fixed_log_pairwise,raw_prefix_error,weeks_1_12__10_edps,prefix,10,12,0.11961177442830774
provider_eval_advantage_audience_expansion,advantage_audience_expansion,panel_fixed_log_pairwise,reconciled_prefix_error,weeks_1_12__10_edps,prefix,10,12,0.11956145412579341
provider_eval_advantage_audience_expansion,advantage_audience_expansion,panel_fixed_log_pairwise,union_adjustment,weeks_1_12__10_edps,prefix,10,12,5.715694627991924e-05
provider_eval_advantage_audience_expansion,advantage_audience_expansion,panel_fixed_log_pairwise,cell_l1_adjustment,weeks_1_12__10_edps,prefix,10,12,0.12420682880428228
provider_eval_advantage_audience_expansion,advantage_audience_expansion,panel_fixed_log_pairwise,temporal_projection_used,weeks_1_12__10_edps,prefix,10,12,1.0
provider_eval_advantage_audience_expansion,advantage_audience_expansion,panel_fixed_log_pairwise,reconciliation_seconds,weeks_1_12__10_edps,prefix,10,12,0.3006114159943536
provider_eval_advantage_audience_expansion,advantage_audience_expansion,panel_fixed_log_pairwise,raw_prefix_error,weeks_1_13__10_edps,prefix,10,13,0.13569828025502997
provider_eval_advantage_audience_expansion,advantage_audience_expansion,panel_fixed_log_pairwise,reconciled_prefix_error,weeks_1_13__10_edps,prefix,10,13,0.1322793448589627
provider_eval_advantage_audience_expansion,advantage_audience_expansion,panel_fixed_log_pairwise,union_adjustment,weeks_1_13__10_edps,prefix,10,13,0.003955719765403062
provider_eval_advantage_audience_expansion,advantage_audience_expansion,panel_fixed_log_pairwise,cell_l1_adjustment,weeks_1_13__10_edps,prefix,10,13,0.13235707708694933
provider_eval_advantage_audience_expansion,advantage_audience_expansion,panel_fixed_log_pairwise,temporal_projection_used,weeks_1_13__10_edps,prefix,10,13,1.0
provider_eval_advantage_audience_expansion,advantage_audience_expansion,panel_fixed_log_pairwise,reconciliation_seconds,weeks_1_13__10_edps,prefix,10,13,0.2990393330110237
provider_eval_advantage_audience_expansion,advantage_audience_expansion,panel_fixed_log_pairwise__active_today,report_error,weeks_1_3__2_edps,prefix,2,3,0.007312614259597806
provider_eval_advantage_audience_expansion,advantage_audience_expansion,panel_fixed_log_pairwise__active_today,report_error,weeks_1_12__2_edps,prefix,2,12,0.024098387900947316
provider_eval_advantage_audience_expansion,advantage_audience_expansion,panel_fixed_log_pairwise__active_today,report_error,weeks_5_12__2_edps,interval,2,12,0.015159621901194935
provider_eval_advantage_audience_expansion,advantage_audience_expansion,panel_fixed_log_pairwise__active_today,report_error,weeks_1_3__5_edps,prefix,5,3,0.02581261950286807
provider_eval_advantage_audience_expansion,advantage_audience_expansion,panel_fixed_log_pairwise__active_today,report_error,weeks_1_12__5_edps,prefix,5,12,0.09832792612927377
provider_eval_advantage_audience_expansion,advantage_audience_expansion,panel_fixed_log_pairwise__active_today,report_error,weeks_7_13__5_edps,interval,5,13,0.10867208672086721
provider_eval_advantage_audience_expansion,advantage_audience_expansion,panel_fixed_log_pairwise__active_today,report_error,all_weeks__5_edps,prefix,5,13,0.10632254877747592
provider_eval_advantage_audience_expansion,advantage_audience_expansion,panel_fixed_log_pairwise__active_today,report_error,noncontiguous__5_edps,noncontiguous,5,13,0.08461989446941567
provider_eval_advantage_audience_expansion,advantage_audience_expansion,panel_fixed_log_pairwise__active_today,report_error,weeks_1_3__10_edps,prefix,10,3,0.06813372831146847
provider_eval_advantage_audience_expansion,advantage_audience_expansion,panel_fixed_log_pairwise__active_today,report_error,weeks_1_12__10_edps,prefix,10,12,0.11956145412579341
provider_eval_advantage_audience_expansion,advantage_audience_expansion,panel_fixed_log_pairwise__active_today,report_error,all_weeks__10_edps,prefix,10,13,0.1322793448589627
provider_eval_advantage_audience_expansion,advantage_audience_expansion,panel_fixed_log_pairwise__active_today,report_error,weeks_5_12__10_edps,interval,10,12,0.09568233464896543
provider_eval_advantage_audience_expansion,advantage_audience_expansion,panel_fixed_log_pairwise__active_today,report_error,weeks_7_13__10_edps,interval,10,13,0.129453828134632
provider_eval_advantage_audience_expansion,advantage_audience_expansion,panel_fixed_log_pairwise__active_today,report_error,noncontiguous__10_edps,noncontiguous,10,13,0.10807843137254902
provider_eval_advantage_audience_expansion,advantage_audience_expansion,panel_fixed_log_pairwise__active_today,report_error,noncontiguous__2_edps,noncontiguous,2,13,0.04771178188899708
provider_eval_advantage_audience_expansion,advantage_audience_expansion,panel_fixed_log_pairwise__recent_creation,report_error,weeks_1_3__2_edps,prefix,2,3,0.007312614259597806
provider_eval_advantage_audience_expansion,advantage_audience_expansion,panel_fixed_log_pairwise__recent_creation,report_error,weeks_1_12__2_edps,prefix,2,12,0.024098387900947316
provider_eval_advantage_audience_expansion,advantage_audience_expansion,panel_fixed_log_pairwise__recent_creation,report_error,weeks_5_12__2_edps,interval,2,12,0.018369894774389155
provider_eval_advantage_audience_expansion,advantage_audience_expansion,panel_fixed_log_pairwise__recent_creation,report_error,weeks_1_3__5_edps,prefix,5,3,0.02581261950286807
provider_eval_advantage_audience_expansion,advantage_audience_expansion,panel_fixed_log_pairwise__recent_creation,report_error,weeks_1_12__5_edps,prefix,5,12,0.09832792612927377
provider_eval_advantage_audience_expansion,advantage_audience_expansion,panel_fixed_log_pairwise__recent_creation,report_error,weeks_7_13__5_edps,interval,5,13,0.12533875338753386
provider_eval_advantage_audience_expansion,advantage_audience_expansion,panel_fixed_log_pairwise__recent_creation,report_error,all_weeks__5_edps,prefix,5,13,0.10632254877747592
provider_eval_advantage_audience_expansion,advantage_audience_expansion,panel_fixed_log_pairwise__recent_creation,report_error,noncontiguous__5_edps,noncontiguous,5,13,0.09947234707836623
provider_eval_advantage_audience_expansion,advantage_audience_expansion,panel_fixed_log_pairwise__recent_creation,report_error,weeks_1_3__10_edps,prefix,10,3,0.06813372831146847
provider_eval_advantage_audience_expansion,advantage_audience_expansion,panel_fixed_log_pairwise__recent_creation,report_error,weeks_1_12__10_edps,prefix,10,12,0.11956145412579341
provider_eval_advantage_audience_expansion,advantage_audience_expansion,panel_fixed_log_pairwise__recent_creation,report_error,all_weeks__10_edps,prefix,10,13,0.1322793448589627
provider_eval_advantage_audience_expansion,advantage_audience_expansion,panel_fixed_log_pairwise__recent_creation,report_error,weeks_5_12__10_edps,interval,10,12,0.12187537375911972
provider_eval_advantage_audience_expansion,advantage_audience_expansion,panel_fixed_log_pairwise__recent_creation,report_error,weeks_7_13__10_edps,interval,10,13,0.15965972136604611
provider_eval_advantage_audience_expansion,advantage_audience_expansion,panel_fixed_log_pairwise__recent_creation,report_error,noncontiguous__10_edps,noncontiguous,10,13,0.13615686274509803
provider_eval_advantage_audience_expansion,advantage_audience_expansion,panel_fixed_log_pairwise__recent_creation,report_error,noncontiguous__2_edps,noncontiguous,2,13,0.055501460564751706
provider_eval_advantage_audience_expansion,advantage_audience_expansion,panel_fixed_log_pairwise__oldest_creation,report_error,weeks_1_3__2_edps,prefix,2,3,0.007312614259597806
provider_eval_advantage_audience_expansion,advantage_audience_expansion,panel_fixed_log_pairwise__oldest_creation,report_error,weeks_1_12__2_edps,prefix,2,12,0.024098387900947316
provider_eval_advantage_audience_expansion,advantage_audience_expansion,panel_fixed_log_pairwise__oldest_creation,report_error,weeks_5_12__2_edps,interval,2,12,0.04226859283039058
provider_eval_advantage_audience_expansion,advantage_audience_expansion,panel_fixed_log_pairwise__oldest_creation,report_error,weeks_1_3__5_edps,prefix,5,3,0.02581261950286807
provider_eval_advantage_audience_expansion,advantage_audience_expansion,panel_fixed_log_pairwise__oldest_creation,report_error,weeks_1_12__5_edps,prefix,5,12,0.09832792612927377
provider_eval_advantage_audience_expansion,advantage_audience_expansion,panel_fixed_log_pairwise__oldest_creation,report_error,weeks_7_13__5_edps,interval,5,13,0.1643631436314363
provider_eval_advantage_audience_expansion,advantage_audience_expansion,panel_fixed_log_pairwise__oldest_creation,report_error,all_weeks__5_edps,prefix,5,13,0.10632254877747592
provider_eval_advantage_audience_expansion,advantage_audience_expansion,panel_fixed_log_pairwise__oldest_creation,report_error,noncontiguous__5_edps,noncontiguous,5,13,0.06292749658002736
provider_eval_advantage_audience_expansion,advantage_audience_expansion,panel_fixed_log_pairwise__oldest_creation,report_error,weeks_1_3__10_edps,prefix,10,3,0.06813372831146847
provider_eval_advantage_audience_expansion,advantage_audience_expansion,panel_fixed_log_pairwise__oldest_creation,report_error,weeks_1_12__10_edps,prefix,10,12,0.11956145412579341
provider_eval_advantage_audience_expansion,advantage_audience_expansion,panel_fixed_log_pairwise__oldest_creation,report_error,all_weeks__10_edps,prefix,10,13,0.1322793448589627
provider_eval_advantage_audience_expansion,advantage_audience_expansion,panel_fixed_log_pairwise__oldest_creation,report_error,weeks_5_12__10_edps,interval,10,12,0.18670015548379382
provider_eval_advantage_audience_expansion,advantage_audience_expansion,panel_fixed_log_pairwise__oldest_creation,report_error,weeks_7_13__10_edps,interval,10,13,0.20540007397361607
provider_eval_advantage_audience_expansion,advantage_audience_expansion,panel_fixed_log_pairwise__oldest_creation,report_error,noncontiguous__10_edps,noncontiguous,10,13,0.04894117647058824
provider_eval_advantage_audience_expansion,advantage_audience_expansion,panel_fixed_log_pairwise__oldest_creation,report_error,noncontiguous__2_edps,noncontiguous,2,13,0.03992210321324245
provider_eval_app_activity_retargeting,app_activity_retargeting,existing_vid,report_error,weeks_1_3__2_edps,prefix,2,3,0.02520183486238774
provider_eval_app_activity_retargeting,app_activity_retargeting,existing_vid,report_error,weeks_1_12__2_edps,prefix,2,12,0.34298544520547947
provider_eval_app_activity_retargeting,app_activity_retargeting,existing_vid,report_error,weeks_5_12__2_edps,interval,2,12,0.3097984330484334
provider_eval_app_activity_retargeting,app_activity_retargeting,existing_vid,report_error,weeks_1_3__5_edps,prefix,5,3,0.10307226593740658
provider_eval_app_activity_retargeting,app_activity_retargeting,existing_vid,report_error,weeks_1_12__5_edps,prefix,5,12,1.0642151983635528
provider_eval_app_activity_retargeting,app_activity_retargeting,existing_vid,report_error,weeks_7_13__5_edps,interval,5,13,0.8111522156914048
provider_eval_app_activity_retargeting,app_activity_retargeting,existing_vid,report_error,all_weeks__5_edps,prefix,5,13,1.1512287405175412
provider_eval_app_activity_retargeting,app_activity_retargeting,existing_vid,report_error,noncontiguous__5_edps,noncontiguous,5,13,0.6127185435440071
provider_eval_app_activity_retargeting,app_activity_retargeting,existing_vid,report_error,weeks_1_3__10_edps,prefix,10,3,0.4954586313452113
provider_eval_app_activity_retargeting,app_activity_retargeting,existing_vid,report_error,weeks_1_12__10_edps,prefix,10,12,1.6580512224914514
provider_eval_app_activity_retargeting,app_activity_retargeting,existing_vid,report_error,all_weeks__10_edps,prefix,10,13,1.7340791978852976
provider_eval_app_activity_retargeting,app_activity_retargeting,existing_vid,report_error,weeks_5_12__10_edps,interval,10,12,1.3410270313207193
provider_eval_app_activity_retargeting,app_activity_retargeting,existing_vid,report_error,weeks_7_13__10_edps,interval,10,13,1.1838503110380787
provider_eval_app_activity_retargeting,app_activity_retargeting,existing_vid,report_error,noncontiguous__10_edps,noncontiguous,10,13,1.0836224745075316
provider_eval_app_activity_retargeting,app_activity_retargeting,existing_vid,report_error,noncontiguous__2_edps,noncontiguous,2,13,0.16348594806118832
provider_eval_app_activity_retargeting,app_activity_retargeting,panel_fixed_log_pairwise,raw_prefix_error,weeks_1_1__10_edps,prefix,10,1,0.1076174777611405
provider_eval_app_activity_retargeting,app_activity_retargeting,panel_fixed_log_pairwise,reconciled_prefix_error,weeks_1_1__10_edps,prefix,10,1,0.10632183908045977
provider_eval_app_activity_retargeting,app_activity_retargeting,panel_fixed_log_pairwise,union_adjustment,weeks_1_1__10_edps,prefix,10,1,0.0011697528313658046
provider_eval_app_activity_retargeting,app_activity_retargeting,panel_fixed_log_pairwise,cell_l1_adjustment,weeks_1_1__10_edps,prefix,10,1,0.019142038403221737
provider_eval_app_activity_retargeting,app_activity_retargeting,panel_fixed_log_pairwise,temporal_projection_used,weeks_1_1__10_edps,prefix,10,1,1.0
provider_eval_app_activity_retargeting,app_activity_retargeting,panel_fixed_log_pairwise,reconciliation_seconds,weeks_1_1__10_edps,prefix,10,1,0.010157790966331959
provider_eval_app_activity_retargeting,app_activity_retargeting,panel_fixed_log_pairwise,raw_prefix_error,weeks_1_2__10_edps,prefix,10,2,0.27041253974872353
provider_eval_app_activity_retargeting,app_activity_retargeting,panel_fixed_log_pairwise,reconciled_prefix_error,weeks_1_2__10_edps,prefix,10,2,0.270223752151463
provider_eval_app_activity_retargeting,app_activity_retargeting,panel_fixed_log_pairwise,union_adjustment,weeks_1_2__10_edps,prefix,10,2,0.00014860337989759583
provider_eval_app_activity_retargeting,app_activity_retargeting,panel_fixed_log_pairwise,cell_l1_adjustment,weeks_1_2__10_edps,prefix,10,2,0.056983851318190025
provider_eval_app_activity_retargeting,app_activity_retargeting,panel_fixed_log_pairwise,temporal_projection_used,weeks_1_2__10_edps,prefix,10,2,1.0
provider_eval_app_activity_retargeting,app_activity_retargeting,panel_fixed_log_pairwise,reconciliation_seconds,weeks_1_2__10_edps,prefix,10,2,0.02015675010625273
provider_eval_app_activity_retargeting,app_activity_retargeting,panel_fixed_log_pairwise,raw_prefix_error,weeks_1_3__10_edps,prefix,10,3,0.44548418332947426
provider_eval_app_activity_retargeting,app_activity_retargeting,panel_fixed_log_pairwise,reconciled_prefix_error,weeks_1_3__10_edps,prefix,10,3,0.4454865181711606
provider_eval_app_activity_retargeting,app_activity_retargeting,panel_fixed_log_pairwise,union_adjustment,weeks_1_3__10_edps,prefix,10,3,1.6152661587138274e-06
provider_eval_app_activity_retargeting,app_activity_retargeting,panel_fixed_log_pairwise,cell_l1_adjustment,weeks_1_3__10_edps,prefix,10,3,0.06195907477175205
provider_eval_app_activity_retargeting,app_activity_retargeting,panel_fixed_log_pairwise,temporal_projection_used,weeks_1_3__10_edps,prefix,10,3,1.0
provider_eval_app_activity_retargeting,app_activity_retargeting,panel_fixed_log_pairwise,reconciliation_seconds,weeks_1_3__10_edps,prefix,10,3,0.027881208923645318
provider_eval_app_activity_retargeting,app_activity_retargeting,panel_fixed_log_pairwise,raw_prefix_error,weeks_1_4__10_edps,prefix,10,4,0.5846902405284049
provider_eval_app_activity_retargeting,app_activity_retargeting,panel_fixed_log_pairwise,reconciled_prefix_error,weeks_1_4__10_edps,prefix,10,4,0.5846016114592659
provider_eval_app_activity_retargeting,app_activity_retargeting,panel_fixed_log_pairwise,union_adjustment,weeks_1_4__10_edps,prefix,10,4,5.592832395279001e-05
provider_eval_app_activity_retargeting,app_activity_retargeting,panel_fixed_log_pairwise,cell_l1_adjustment,weeks_1_4__10_edps,prefix,10,4,0.09016780693494507
provider_eval_app_activity_retargeting,app_activity_retargeting,panel_fixed_log_pairwise,temporal_projection_used,weeks_1_4__10_edps,prefix,10,4,1.0
provider_eval_app_activity_retargeting,app_activity_retargeting,panel_fixed_log_pairwise,reconciliation_seconds,weeks_1_4__10_edps,prefix,10,4,0.044229542021639645
provider_eval_app_activity_retargeting,app_activity_retargeting,panel_fixed_log_pairwise,raw_prefix_error,weeks_1_5__10_edps,prefix,10,5,0.6836879051113837
provider_eval_app_activity_retargeting,app_activity_retargeting,panel_fixed_log_pairwise,reconciled_prefix_error,weeks_1_5__10_edps,prefix,10,5,0.6833578792341679
provider_eval_app_activity_retargeting,app_activity_retargeting,panel_fixed_log_pairwise,union_adjustment,weeks_1_5__10_edps,prefix,10,5,0.00019601368888610583
provider_eval_app_activity_retargeting,app_activity_retargeting,panel_fixed_log_pairwise,cell_l1_adjustment,weeks_1_5__10_edps,prefix,10,5,0.10371275791203659
provider_eval_app_activity_retargeting,app_activity_retargeting,panel_fixed_log_pairwise,temporal_projection_used,weeks_1_5__10_edps,prefix,10,5,1.0
provider_eval_app_activity_retargeting,app_activity_retargeting,panel_fixed_log_pairwise,reconciliation_seconds,weeks_1_5__10_edps,prefix,10,5,0.056062125018797815
provider_eval_app_activity_retargeting,app_activity_retargeting,panel_fixed_log_pairwise,raw_prefix_error,weeks_1_6__10_edps,prefix,10,6,0.7347106711274669
provider_eval_app_activity_retargeting,app_activity_retargeting,panel_fixed_log_pairwise,reconciled_prefix_error,weeks_1_6__10_edps,prefix,10,6,0.7343852728468113
provider_eval_app_activity_retargeting,app_activity_retargeting,panel_fixed_log_pairwise,union_adjustment,weeks_1_6__10_edps,prefix,10,6,0.00018758072229120348
provider_eval_app_activity_retargeting,app_activity_retargeting,panel_fixed_log_pairwise,cell_l1_adjustment,weeks_1_6__10_edps,prefix,10,6,0.07145475877061858
provider_eval_app_activity_retargeting,app_activity_retargeting,panel_fixed_log_pairwise,temporal_projection_used,weeks_1_6__10_edps,prefix,10,6,1.0
provider_eval_app_activity_retargeting,app_activity_retargeting,panel_fixed_log_pairwise,reconciliation_seconds,weeks_1_6__10_edps,prefix,10,6,0.07833437493536621
provider_eval_app_activity_retargeting,app_activity_retargeting,panel_fixed_log_pairwise,raw_prefix_error,weeks_1_7__10_edps,prefix,10,7,0.7824680049188207
provider_eval_app_activity_retargeting,app_activity_retargeting,panel_fixed_log_pairwise,reconciled_prefix_error,weeks_1_7__10_edps,prefix,10,7,0.7825015403573629
provider_eval_app_activity_retargeting,app_activity_retargeting,panel_fixed_log_pairwise,union_adjustment,weeks_1_7__10_edps,prefix,10,7,1.8814047964691548e-05
provider_eval_app_activity_retargeting,app_activity_retargeting,panel_fixed_log_pairwise,cell_l1_adjustment,weeks_1_7__10_edps,prefix,10,7,0.07919430637633205
provider_eval_app_activity_retargeting,app_activity_retargeting,panel_fixed_log_pairwise,temporal_projection_used,weeks_1_7__10_edps,prefix,10,7,1.0
provider_eval_app_activity_retargeting,app_activity_retargeting,panel_fixed_log_pairwise,reconciliation_seconds,weeks_1_7__10_edps,prefix,10,7,0.09560541599057615
provider_eval_app_activity_retargeting,app_activity_retargeting,panel_fixed_log_pairwise,raw_prefix_error,weeks_1_8__10_edps,prefix,10,8,0.8024393727351455
provider_eval_app_activity_retargeting,app_activity_retargeting,panel_fixed_log_pairwise,reconciled_prefix_error,weeks_1_8__10_edps,prefix,10,8,0.8024547048509644
provider_eval_app_activity_retargeting,app_activity_retargeting,panel_fixed_log_pairwise,union_adjustment,weeks_1_8__10_edps,prefix,10,8,8.506314303980711e-06
provider_eval_app_activity_retargeting,app_activity_retargeting,panel_fixed_log_pairwise,cell_l1_adjustment,weeks_1_8__10_edps,prefix,10,8,0.07304572295883802
provider_eval_app_activity_retargeting,app_activity_retargeting,panel_fixed_log_pairwise,temporal_projection_used,weeks_1_8__10_edps,prefix,10,8,1.0
provider_eval_app_activity_retargeting,app_activity_retargeting,panel_fixed_log_pairwise,reconciliation_seconds,weeks_1_8__10_edps,prefix,10,8,0.11529929202515632
provider_eval_app_activity_retargeting,app_activity_retargeting,panel_fixed_log_pairwise,raw_prefix_error,weeks_1_9__10_edps,prefix,10,9,0.8294627859040599
provider_eval_app_activity_retargeting,app_activity_retargeting,panel_fixed_log_pairwise,reconciled_prefix_error,weeks_1_9__10_edps,prefix,10,9,0.8294748729531338
provider_eval_app_activity_retargeting,app_activity_retargeting,panel_fixed_log_pairwise,union_adjustment,weeks_1_9__10_edps,prefix,10,9,6.606884364262544e-06
provider_eval_app_activity_retargeting,app_activity_retargeting,panel_fixed_log_pairwise,cell_l1_adjustment,weeks_1_9__10_edps,prefix,10,9,0.07196727927955374
provider_eval_app_activity_retargeting,app_activity_retargeting,panel_fixed_log_pairwise,temporal_projection_used,weeks_1_9__10_edps,prefix,10,9,1.0
provider_eval_app_activity_retargeting,app_activity_retargeting,panel_fixed_log_pairwise,reconciliation_seconds,weeks_1_9__10_edps,prefix,10,9,0.12895225000102073
provider_eval_app_activity_retargeting,app_activity_retargeting,panel_fixed_log_pairwise,raw_prefix_error,weeks_1_10__10_edps,prefix,10,10,0.84049949131598
provider_eval_app_activity_retargeting,app_activity_retargeting,panel_fixed_log_pairwise,reconciled_prefix_error,weeks_1_10__10_edps,prefix,10,10,0.8407224958949097
provider_eval_app_activity_retargeting,app_activity_retargeting,panel_fixed_log_pairwise,union_adjustment,weeks_1_10__10_edps,prefix,10,10,0.00012116524888073397
provider_eval_app_activity_retargeting,app_activity_retargeting,panel_fixed_log_pairwise,cell_l1_adjustment,weeks_1_10__10_edps,prefix,10,10,0.0904888444293266
provider_eval_app_activity_retargeting,app_activity_retargeting,panel_fixed_log_pairwise,temporal_projection_used,weeks_1_10__10_edps,prefix,10,10,1.0
provider_eval_app_activity_retargeting,app_activity_retargeting,panel_fixed_log_pairwise,reconciliation_seconds,weeks_1_10__10_edps,prefix,10,10,0.14221745799295604
provider_eval_app_activity_retargeting,app_activity_retargeting,panel_fixed_log_pairwise,raw_prefix_error,weeks_1_11__10_edps,prefix,10,11,0.866748955314574
provider_eval_app_activity_retargeting,app_activity_retargeting,panel_fixed_log_pairwise,reconciled_prefix_error,weeks_1_11__10_edps,prefix,10,11,0.8668087373468301
provider_eval_app_activity_retargeting,app_activity_retargeting,panel_fixed_log_pairwise,union_adjustment,weeks_1_11__10_edps,prefix,10,11,3.20246769586884e-05
provider_eval_app_activity_retargeting,app_activity_retargeting,panel_fixed_log_pairwise,cell_l1_adjustment,weeks_1_11__10_edps,prefix,10,11,0.07776440475905066
provider_eval_app_activity_retargeting,app_activity_retargeting,panel_fixed_log_pairwise,temporal_projection_used,weeks_1_11__10_edps,prefix,10,11,1.0
provider_eval_app_activity_retargeting,app_activity_retargeting,panel_fixed_log_pairwise,reconciliation_seconds,weeks_1_11__10_edps,prefix,10,11,0.1573276249691844
provider_eval_app_activity_retargeting,app_activity_retargeting,panel_fixed_log_pairwise,raw_prefix_error,weeks_1_12__10_edps,prefix,10,12,0.8768580638307092
provider_eval_app_activity_retargeting,app_activity_retargeting,panel_fixed_log_pairwise,reconciled_prefix_error,weeks_1_12__10_edps,prefix,10,12,0.8770576131687243
provider_eval_app_activity_retargeting,app_activity_retargeting,panel_fixed_log_pairwise,union_adjustment,weeks_1_12__10_edps,prefix,10,12,0.00010632095301149334
provider_eval_app_activity_retargeting,app_activity_retargeting,panel_fixed_log_pairwise,cell_l1_adjustment,weeks_1_12__10_edps,prefix,10,12,0.0865960022558065
provider_eval_app_activity_retargeting,app_activity_retargeting,panel_fixed_log_pairwise,temporal_projection_used,weeks_1_12__10_edps,prefix,10,12,1.0
provider_eval_app_activity_retargeting,app_activity_retargeting,panel_fixed_log_pairwise,reconciliation_seconds,weeks_1_12__10_edps,prefix,10,12,0.1708166670287028
provider_eval_app_activity_retargeting,app_activity_retargeting,panel_fixed_log_pairwise,raw_prefix_error,weeks_1_13__10_edps,prefix,10,13,0.871825704491987
provider_eval_app_activity_retargeting,app_activity_retargeting,panel_fixed_log_pairwise,reconciled_prefix_error,weeks_1_13__10_edps,prefix,10,13,0.8715778994524639
provider_eval_app_activity_retargeting,app_activity_retargeting,panel_fixed_log_pairwise,union_adjustment,weeks_1_13__10_edps,prefix,10,13,0.0001323868130070351
provider_eval_app_activity_retargeting,app_activity_retargeting,panel_fixed_log_pairwise,cell_l1_adjustment,weeks_1_13__10_edps,prefix,10,13,0.07100014150214581
provider_eval_app_activity_retargeting,app_activity_retargeting,panel_fixed_log_pairwise,temporal_projection_used,weeks_1_13__10_edps,prefix,10,13,1.0
provider_eval_app_activity_retargeting,app_activity_retargeting,panel_fixed_log_pairwise,reconciliation_seconds,weeks_1_13__10_edps,prefix,10,13,0.18213904206641018
provider_eval_app_activity_retargeting,app_activity_retargeting,panel_fixed_log_pairwise__active_today,report_error,weeks_1_3__2_edps,prefix,2,3,0.01834862385321101
provider_eval_app_activity_retargeting,app_activity_retargeting,panel_fixed_log_pairwise__active_today,report_error,weeks_1_12__2_edps,prefix,2,12,0.12054794520547946
provider_eval_app_activity_retargeting,app_activity_retargeting,panel_fixed_log_pairwise__active_today,report_error,weeks_5_12__2_edps,interval,2,12,0.11609686609686609
provider_eval_app_activity_retargeting,app_activity_retargeting,panel_fixed_log_pairwise__active_today,report_error,weeks_1_3__5_edps,prefix,5,3,0.07915057915057915
provider_eval_app_activity_retargeting,app_activity_retargeting,panel_fixed_log_pairwise__active_today,report_error,weeks_1_12__5_edps,prefix,5,12,0.4517684887459807
provider_eval_app_activity_retargeting,app_activity_retargeting,panel_fixed_log_pairwise__active_today,report_error,weeks_7_13__5_edps,interval,5,13,0.33234067897558073
provider_eval_app_activity_retargeting,app_activity_retargeting,panel_fixed_log_pairwise__active_today,report_error,all_weeks__5_edps,prefix,5,13,0.4775657555440949
provider_eval_app_activity_retargeting,app_activity_retargeting,panel_fixed_log_pairwise__active_today,report_error,noncontiguous__5_edps,noncontiguous,5,13,0.34413793103448276
provider_eval_app_activity_retargeting,app_activity_retargeting,panel_fixed_log_pairwise__active_today,report_error,weeks_1_3__10_edps,prefix,10,3,0.4454865181711606
provider_eval_app_activity_retargeting,app_activity_retargeting,panel_fixed_log_pairwise__active_today,report_error,weeks_1_12__10_edps,prefix,10,12,0.8770576131687243
provider_eval_app_activity_retargeting,app_activity_retargeting,panel_fixed_log_pairwise__active_today,report_error,all_weeks__10_edps,prefix,10,13,0.8715778994524639
provider_eval_app_activity_retargeting,app_activity_retargeting,panel_fixed_log_pairwise__active_today,report_error,weeks_5_12__10_edps,interval,10,12,0.7236842105263158
provider_eval_app_activity_retargeting,app_activity_retargeting,panel_fixed_log_pairwise__active_today,report_error,weeks_7_13__10_edps,interval,10,13,0.5592635212888377
provider_eval_app_activity_retargeting,app_activity_retargeting,panel_fixed_log_pairwise__active_today,report_error,noncontiguous__10_edps,noncontiguous,10,13,0.6131293817718292
provider_eval_app_activity_retargeting,app_activity_retargeting,panel_fixed_log_pairwise__active_today,report_error,noncontiguous__2_edps,noncontiguous,2,13,0.07150480256136606
provider_eval_app_activity_retargeting,app_activity_retargeting,panel_fixed_log_pairwise__recent_creation,report_error,weeks_1_3__2_edps,prefix,2,3,0.01834862385321101
provider_eval_app_activity_retargeting,app_activity_retargeting,panel_fixed_log_pairwise__recent_creation,report_error,weeks_1_12__2_edps,prefix,2,12,0.12054794520547946
provider_eval_app_activity_retargeting,app_activity_retargeting,panel_fixed_log_pairwise__recent_creation,report_error,weeks_5_12__2_edps,interval,2,12,0.11823361823361823
provider_eval_app_activity_retargeting,app_activity_retargeting,panel_fixed_log_pairwise__recent_creation,report_error,weeks_1_3__5_edps,prefix,5,3,0.07915057915057915
provider_eval_app_activity_retargeting,app_activity_retargeting,panel_fixed_log_pairwise__recent_creation,report_error,weeks_1_12__5_edps,prefix,5,12,0.4517684887459807
provider_eval_app_activity_retargeting,app_activity_retargeting,panel_fixed_log_pairwise__recent_creation,report_error,weeks_7_13__5_edps,interval,5,13,0.2864800476474092
provider_eval_app_activity_retargeting,app_activity_retargeting,panel_fixed_log_pairwise__recent_creation,report_error,all_weeks__5_edps,prefix,5,13,0.4775657555440949
provider_eval_app_activity_retargeting,app_activity_retargeting,panel_fixed_log_pairwise__recent_creation,report_error,noncontiguous__5_edps,noncontiguous,5,13,0.3041379310344828
provider_eval_app_activity_retargeting,app_activity_retargeting,panel_fixed_log_pairwise__recent_creation,report_error,weeks_1_3__10_edps,prefix,10,3,0.4454865181711606
provider_eval_app_activity_retargeting,app_activity_retargeting,panel_fixed_log_pairwise__recent_creation,report_error,weeks_1_12__10_edps,prefix,10,12,0.8770576131687243
provider_eval_app_activity_retargeting,app_activity_retargeting,panel_fixed_log_pairwise__recent_creation,report_error,all_weeks__10_edps,prefix,10,13,0.8715778994524639
provider_eval_app_activity_retargeting,app_activity_retargeting,panel_fixed_log_pairwise__recent_creation,report_error,weeks_5_12__10_edps,interval,10,12,0.6705043859649122
provider_eval_app_activity_retargeting,app_activity_retargeting,panel_fixed_log_pairwise__recent_creation,report_error,weeks_7_13__10_edps,interval,10,13,0.4810126582278481
provider_eval_app_activity_retargeting,app_activity_retargeting,panel_fixed_log_pairwise__recent_creation,report_error,noncontiguous__10_edps,noncontiguous,10,13,0.5678776290630975
provider_eval_app_activity_retargeting,app_activity_retargeting,panel_fixed_log_pairwise__recent_creation,report_error,noncontiguous__2_edps,noncontiguous,2,13,0.0672358591248666
provider_eval_app_activity_retargeting,app_activity_retargeting,panel_fixed_log_pairwise__oldest_creation,report_error,weeks_1_3__2_edps,prefix,2,3,0.01834862385321101
provider_eval_app_activity_retargeting,app_activity_retargeting,panel_fixed_log_pairwise__oldest_creation,report_error,weeks_1_12__2_edps,prefix,2,12,0.12054794520547946
provider_eval_app_activity_retargeting,app_activity_retargeting,panel_fixed_log_pairwise__oldest_creation,report_error,weeks_5_12__2_edps,interval,2,12,0.09259259259259259
provider_eval_app_activity_retargeting,app_activity_retargeting,panel_fixed_log_pairwise__oldest_creation,report_error,weeks_1_3__5_edps,prefix,5,3,0.07915057915057915
provider_eval_app_activity_retargeting,app_activity_retargeting,panel_fixed_log_pairwise__oldest_creation,report_error,weeks_1_12__5_edps,prefix,5,12,0.4517684887459807
provider_eval_app_activity_retargeting,app_activity_retargeting,panel_fixed_log_pairwise__oldest_creation,report_error,weeks_7_13__5_edps,interval,5,13,0.23168552709946397
provider_eval_app_activity_retargeting,app_activity_retargeting,panel_fixed_log_pairwise__oldest_creation,report_error,all_weeks__5_edps,prefix,5,13,0.4775657555440949
provider_eval_app_activity_retargeting,app_activity_retargeting,panel_fixed_log_pairwise__oldest_creation,report_error,noncontiguous__5_edps,noncontiguous,5,13,0.36
provider_eval_app_activity_retargeting,app_activity_retargeting,panel_fixed_log_pairwise__oldest_creation,report_error,weeks_1_3__10_edps,prefix,10,3,0.4454865181711606
provider_eval_app_activity_retargeting,app_activity_retargeting,panel_fixed_log_pairwise__oldest_creation,report_error,weeks_1_12__10_edps,prefix,10,12,0.8770576131687243
provider_eval_app_activity_retargeting,app_activity_retargeting,panel_fixed_log_pairwise__oldest_creation,report_error,all_weeks__10_edps,prefix,10,13,0.8715778994524639
provider_eval_app_activity_retargeting,app_activity_retargeting,panel_fixed_log_pairwise__oldest_creation,report_error,weeks_5_12__10_edps,interval,10,12,0.47039473684210525
provider_eval_app_activity_retargeting,app_activity_retargeting,panel_fixed_log_pairwise__oldest_creation,report_error,weeks_7_13__10_edps,interval,10,13,0.39010356731875717
provider_eval_app_activity_retargeting,app_activity_retargeting,panel_fixed_log_pairwise__oldest_creation,report_error,noncontiguous__10_edps,noncontiguous,10,13,0.698534098151689
provider_eval_app_activity_retargeting,app_activity_retargeting,panel_fixed_log_pairwise__oldest_creation,report_error,noncontiguous__2_edps,noncontiguous,2,13,0.10992529348986126
provider_eval_unrelated_niche_control,unrelated_niche_control,existing_vid,report_error,weeks_1_3__2_edps,prefix,2,3,0.002554838709674749
provider_eval_unrelated_niche_control,unrelated_niche_control,existing_vid,report_error,weeks_1_12__2_edps,prefix,2,12,0.041244969818912854
provider_eval_unrelated_niche_control,unrelated_niche_control,existing_vid,report_error,weeks_5_12__2_edps,interval,2,12,0.031881410256411016
provider_eval_unrelated_niche_control,unrelated_niche_control,existing_vid,report_error,weeks_1_3__5_edps,prefix,5,3,0.0013856043227184784
provider_eval_unrelated_niche_control,unrelated_niche_control,existing_vid,report_error,weeks_1_12__5_edps,prefix,5,12,0.08954896268142953
provider_eval_unrelated_niche_control,unrelated_niche_control,existing_vid,report_error,weeks_7_13__5_edps,interval,5,13,0.045542424696331255
provider_eval_unrelated_niche_control,unrelated_niche_control,existing_vid,report_error,all_weeks__5_edps,prefix,5,13,0.08703240355470107
provider_eval_unrelated_niche_control,unrelated_niche_control,existing_vid,report_error,noncontiguous__5_edps,noncontiguous,5,13,0.03738560147690777
provider_eval_unrelated_niche_control,unrelated_niche_control,existing_vid,report_error,weeks_1_3__10_edps,prefix,10,3,0.10913681094311221
provider_eval_unrelated_niche_control,unrelated_niche_control,existing_vid,report_error,weeks_1_12__10_edps,prefix,10,12,0.3775863696284687
provider_eval_unrelated_niche_control,unrelated_niche_control,existing_vid,report_error,all_weeks__10_edps,prefix,10,13,0.3942945080669693
provider_eval_unrelated_niche_control,unrelated_niche_control,existing_vid,report_error,weeks_5_12__10_edps,interval,10,12,0.2565213799292003
provider_eval_unrelated_niche_control,unrelated_niche_control,existing_vid,report_error,weeks_7_13__10_edps,interval,10,13,0.16648561195539238
provider_eval_unrelated_niche_control,unrelated_niche_control,existing_vid,report_error,noncontiguous__10_edps,noncontiguous,10,13,0.20501446000387868
provider_eval_unrelated_niche_control,unrelated_niche_control,existing_vid,report_error,noncontiguous__2_edps,noncontiguous,2,13,0.02056740442655948
provider_eval_unrelated_niche_control,unrelated_niche_control,panel_fixed_log_pairwise,raw_prefix_error,weeks_1_1__10_edps,prefix,10,1,0.026624860529527217
provider_eval_unrelated_niche_control,unrelated_niche_control,panel_fixed_log_pairwise,reconciled_prefix_error,weeks_1_1__10_edps,prefix,10,1,0.02694610778443114
provider_eval_unrelated_niche_control,unrelated_niche_control,panel_fixed_log_pairwise,union_adjustment,weeks_1_1__10_edps,prefix,10,1,0.00031291591238063543
provider_eval_unrelated_niche_control,unrelated_niche_control,panel_fixed_log_pairwise,cell_l1_adjustment,weeks_1_1__10_edps,prefix,10,1,0.02771049043323696
provider_eval_unrelated_niche_control,unrelated_niche_control,panel_fixed_log_pairwise,temporal_projection_used,weeks_1_1__10_edps,prefix,10,1,1.0
provider_eval_unrelated_niche_control,unrelated_niche_control,panel_fixed_log_pairwise,reconciliation_seconds,weeks_1_1__10_edps,prefix,10,1,0.010769207961857319
provider_eval_unrelated_niche_control,unrelated_niche_control,panel_fixed_log_pairwise,raw_prefix_error,weeks_1_2__10_edps,prefix,10,2,0.0290686464509226
provider_eval_unrelated_niche_control,unrelated_niche_control,panel_fixed_log_pairwise,reconciled_prefix_error,weeks_1_2__10_edps,prefix,10,2,0.029323308270676692
provider_eval_unrelated_niche_control,unrelated_niche_control,panel_fixed_log_pairwise,union_adjustment,weeks_1_2__10_edps,prefix,10,2,0.00024746825261184803
provider_eval_unrelated_niche_control,unrelated_niche_control,panel_fixed_log_pairwise,cell_l1_adjustment,weeks_1_2__10_edps,prefix,10,2,0.07004888315563022
provider_eval_unrelated_niche_control,unrelated_niche_control,panel_fixed_log_pairwise,temporal_projection_used,weeks_1_2__10_edps,prefix,10,2,1.0
provider_eval_unrelated_niche_control,unrelated_niche_control,panel_fixed_log_pairwise,reconciliation_seconds,weeks_1_2__10_edps,prefix,10,2,0.022791582974605262
provider_eval_unrelated_niche_control,unrelated_niche_control,panel_fixed_log_pairwise,raw_prefix_error,weeks_1_3__10_edps,prefix,10,3,0.06129001435194539
provider_eval_unrelated_niche_control,unrelated_niche_control,panel_fixed_log_pairwise,reconciled_prefix_error,weeks_1_3__10_edps,prefix,10,3,0.06132075471698113
provider_eval_unrelated_niche_control,unrelated_niche_control,panel_fixed_log_pairwise,union_adjustment,weeks_1_3__10_edps,prefix,10,3,2.8965094007438174e-05
provider_eval_unrelated_niche_control,unrelated_niche_control,panel_fixed_log_pairwise,cell_l1_adjustment,weeks_1_3__10_edps,prefix,10,3,0.04957536290344378
provider_eval_unrelated_niche_control,unrelated_niche_control,panel_fixed_log_pairwise,temporal_projection_used,weeks_1_3__10_edps,prefix,10,3,1.0
provider_eval_unrelated_niche_control,unrelated_niche_control,panel_fixed_log_pairwise,reconciliation_seconds,weeks_1_3__10_edps,prefix,10,3,0.033126457943581045
provider_eval_unrelated_niche_control,unrelated_niche_control,panel_fixed_log_pairwise,raw_prefix_error,weeks_1_4__10_edps,prefix,10,4,0.09335123189935654
provider_eval_unrelated_niche_control,unrelated_niche_control,panel_fixed_log_pairwise,reconciled_prefix_error,weeks_1_4__10_edps,prefix,10,4,0.0932589964521034
provider_eval_unrelated_niche_control,unrelated_niche_control,panel_fixed_log_pairwise,union_adjustment,weeks_1_4__10_edps,prefix,10,4,8.436030852955622e-05
provider_eval_unrelated_niche_control,unrelated_niche_control,panel_fixed_log_pairwise,cell_l1_adjustment,weeks_1_4__10_edps,prefix,10,4,0.07281478888241912
provider_eval_unrelated_niche_control,unrelated_niche_control,panel_fixed_log_pairwise,temporal_projection_used,weeks_1_4__10_edps,prefix,10,4,1.0
provider_eval_unrelated_niche_control,unrelated_niche_control,panel_fixed_log_pairwise,reconciliation_seconds,weeks_1_4__10_edps,prefix,10,4,0.05390295898541808
provider_eval_unrelated_niche_control,unrelated_niche_control,panel_fixed_log_pairwise,raw_prefix_error,weeks_1_5__10_edps,prefix,10,5,0.11863251344749588
provider_eval_unrelated_niche_control,unrelated_niche_control,panel_fixed_log_pairwise,reconciled_prefix_error,weeks_1_5__10_edps,prefix,10,5,0.118508655126498
provider_eval_unrelated_niche_control,unrelated_niche_control,panel_fixed_log_pairwise,union_adjustment,weeks_1_5__10_edps,prefix,10,5,0.0001107229760519065
provider_eval_unrelated_niche_control,unrelated_niche_control,panel_fixed_log_pairwise,cell_l1_adjustment,weeks_1_5__10_edps,prefix,10,5,0.04724865580600852
provider_eval_unrelated_niche_control,unrelated_niche_control,panel_fixed_log_pairwise,temporal_projection_used,weeks_1_5__10_edps,prefix,10,5,1.0
provider_eval_unrelated_niche_control,unrelated_niche_control,panel_fixed_log_pairwise,reconciliation_seconds,weeks_1_5__10_edps,prefix,10,5,0.0637242910452187
provider_eval_unrelated_niche_control,unrelated_niche_control,panel_fixed_log_pairwise,raw_prefix_error,weeks_1_6__10_edps,prefix,10,6,0.1305623755202132
provider_eval_unrelated_niche_control,unrelated_niche_control,panel_fixed_log_pairwise,reconciled_prefix_error,weeks_1_6__10_edps,prefix,10,6,0.13058963197467352
provider_eval_unrelated_niche_control,unrelated_niche_control,panel_fixed_log_pairwise,union_adjustment,weeks_1_6__10_edps,prefix,10,6,2.410875777566579e-05
provider_eval_unrelated_niche_control,unrelated_niche_control,panel_fixed_log_pairwise,cell_l1_adjustment,weeks_1_6__10_edps,prefix,10,6,0.05098037064472304
provider_eval_unrelated_niche_control,unrelated_niche_control,panel_fixed_log_pairwise,temporal_projection_used,weeks_1_6__10_edps,prefix,10,6,1.0
provider_eval_unrelated_niche_control,unrelated_niche_control,panel_fixed_log_pairwise,reconciliation_seconds,weeks_1_6__10_edps,prefix,10,6,0.07362020900472999
provider_eval_unrelated_niche_control,unrelated_niche_control,panel_fixed_log_pairwise,raw_prefix_error,weeks_1_7__10_edps,prefix,10,7,0.14531578032545614
provider_eval_unrelated_niche_control,unrelated_niche_control,panel_fixed_log_pairwise,reconciled_prefix_error,weeks_1_7__10_edps,prefix,10,7,0.14524328249818447
provider_eval_unrelated_niche_control,unrelated_niche_control,panel_fixed_log_pairwise,union_adjustment,weeks_1_7__10_edps,prefix,10,7,6.329942232227519e-05
provider_eval_unrelated_niche_control,unrelated_niche_control,panel_fixed_log_pairwise,cell_l1_adjustment,weeks_1_7__10_edps,prefix,10,7,0.04833513014125953
provider_eval_unrelated_niche_control,unrelated_niche_control,panel_fixed_log_pairwise,temporal_projection_used,weeks_1_7__10_edps,prefix,10,7,1.0
provider_eval_unrelated_niche_control,unrelated_niche_control,panel_fixed_log_pairwise,reconciliation_seconds,weeks_1_7__10_edps,prefix,10,7,0.08008220803458244
provider_eval_unrelated_niche_control,unrelated_niche_control,panel_fixed_log_pairwise,raw_prefix_error,weeks_1_8__10_edps,prefix,10,8,0.14064003599933275
provider_eval_unrelated_niche_control,unrelated_niche_control,panel_fixed_log_pairwise,reconciled_prefix_error,weeks_1_8__10_edps,prefix,10,8,0.14060896339377352
provider_eval_unrelated_niche_control,unrelated_niche_control,panel_fixed_log_pairwise,union_adjustment,weeks_1_8__10_edps,prefix,10,8,2.7241377276535075e-05
provider_eval_unrelated_niche_control,unrelated_niche_control,panel_fixed_log_pairwise,cell_l1_adjustment,weeks_1_8__10_edps,prefix,10,8,0.07225423776979292
provider_eval_unrelated_niche_control,unrelated_niche_control,panel_fixed_log_pairwise,temporal_projection_used,weeks_1_8__10_edps,prefix,10,8,1.0
provider_eval_unrelated_niche_control,unrelated_niche_control,panel_fixed_log_pairwise,reconciliation_seconds,weeks_1_8__10_edps,prefix,10,8,0.08736320806201547
provider_eval_unrelated_niche_control,unrelated_niche_control,panel_fixed_log_pairwise,raw_prefix_error,weeks_1_9__10_edps,prefix,10,9,0.1341129977006511
provider_eval_unrelated_niche_control,unrelated_niche_control,panel_fixed_log_pairwise,reconciled_prefix_error,weeks_1_9__10_edps,prefix,10,9,0.1341658661543388
provider_eval_unrelated_niche_control,unrelated_niche_control,panel_fixed_log_pairwise,union_adjustment,weeks_1_9__10_edps,prefix,10,9,4.6616566245209476e-05
provider_eval_unrelated_niche_control,unrelated_niche_control,panel_fixed_log_pairwise,cell_l1_adjustment,weeks_1_9__10_edps,prefix,10,9,0.058535830373088224
provider_eval_unrelated_niche_control,unrelated_niche_control,panel_fixed_log_pairwise,temporal_projection_used,weeks_1_9__10_edps,prefix,10,9,1.0
provider_eval_unrelated_niche_control,unrelated_niche_control,panel_fixed_log_pairwise,reconciliation_seconds,weeks_1_9__10_edps,prefix,10,9,0.09463900001719594
provider_eval_unrelated_niche_control,unrelated_niche_control,panel_fixed_log_pairwise,raw_prefix_error,weeks_1_10__10_edps,prefix,10,10,0.12364244803252974
provider_eval_unrelated_niche_control,unrelated_niche_control,panel_fixed_log_pairwise,reconciled_prefix_error,weeks_1_10__10_edps,prefix,10,10,0.12371134020618557
provider_eval_unrelated_niche_control,unrelated_niche_control,panel_fixed_log_pairwise,union_adjustment,weeks_1_10__10_edps,prefix,10,10,6.131147303600439e-05
provider_eval_unrelated_niche_control,unrelated_niche_control,panel_fixed_log_pairwise,cell_l1_adjustment,weeks_1_10__10_edps,prefix,10,10,0.05501427685785528
provider_eval_unrelated_niche_control,unrelated_niche_control,panel_fixed_log_pairwise,temporal_projection_used,weeks_1_10__10_edps,prefix,10,10,1.0
provider_eval_unrelated_niche_control,unrelated_niche_control,panel_fixed_log_pairwise,reconciliation_seconds,weeks_1_10__10_edps,prefix,10,10,0.09555137495044619
provider_eval_unrelated_niche_control,unrelated_niche_control,panel_fixed_log_pairwise,raw_prefix_error,weeks_1_11__10_edps,prefix,10,11,0.12060718481509936
provider_eval_unrelated_niche_control,unrelated_niche_control,panel_fixed_log_pairwise,reconciled_prefix_error,weeks_1_11__10_edps,prefix,10,11,0.12056533025670609
provider_eval_unrelated_niche_control,unrelated_niche_control,panel_fixed_log_pairwise,union_adjustment,weeks_1_11__10_edps,prefix,10,11,3.734989295065066e-05
provider_eval_unrelated_niche_control,unrelated_niche_control,panel_fixed_log_pairwise,cell_l1_adjustment,weeks_1_11__10_edps,prefix,10,11,0.08669113580196322
provider_eval_unrelated_niche_control,unrelated_niche_control,panel_fixed_log_pairwise,temporal_projection_used,weeks_1_11__10_edps,prefix,10,11,1.0
provider_eval_unrelated_niche_control,unrelated_niche_control,panel_fixed_log_pairwise,reconciliation_seconds,weeks_1_11__10_edps,prefix,10,11,0.09771191608160734
provider_eval_unrelated_niche_control,unrelated_niche_control,panel_fixed_log_pairwise,raw_prefix_error,weeks_1_12__10_edps,prefix,10,12,0.1078499247293364
provider_eval_unrelated_niche_control,unrelated_niche_control,panel_fixed_log_pairwise,reconciled_prefix_error,weeks_1_12__10_edps,prefix,10,12,0.10775980257746093
provider_eval_unrelated_niche_control,unrelated_niche_control,panel_fixed_log_pairwise,union_adjustment,weeks_1_12__10_edps,prefix,10,12,8.134870063529202e-05
provider_eval_unrelated_niche_control,unrelated_niche_control,panel_fixed_log_pairwise,cell_l1_adjustment,weeks_1_12__10_edps,prefix,10,12,0.10778439263093789
provider_eval_unrelated_niche_control,unrelated_niche_control,panel_fixed_log_pairwise,temporal_projection_used,weeks_1_12__10_edps,prefix,10,12,1.0
provider_eval_unrelated_niche_control,unrelated_niche_control,panel_fixed_log_pairwise,reconciliation_seconds,weeks_1_12__10_edps,prefix,10,12,0.10086920799221843
provider_eval_unrelated_niche_control,unrelated_niche_control,panel_fixed_log_pairwise,raw_prefix_error,weeks_1_13__10_edps,prefix,10,13,0.10736157993937857
provider_eval_unrelated_niche_control,unrelated_niche_control,panel_fixed_log_pairwise,reconciled_prefix_error,weeks_1_13__10_edps,prefix,10,13,0.10744908896034298
provider_eval_unrelated_niche_control,unrelated_niche_control,panel_fixed_log_pairwise,union_adjustment,weeks_1_13__10_edps,prefix,10,13,7.90247942043244e-05
provider_eval_unrelated_niche_control,unrelated_niche_control,panel_fixed_log_pairwise,cell_l1_adjustment,weeks_1_13__10_edps,prefix,10,13,0.09797073296708757
provider_eval_unrelated_niche_control,unrelated_niche_control,panel_fixed_log_pairwise,temporal_projection_used,weeks_1_13__10_edps,prefix,10,13,1.0
provider_eval_unrelated_niche_control,unrelated_niche_control,panel_fixed_log_pairwise,reconciliation_seconds,weeks_1_13__10_edps,prefix,10,13,0.101981749990955
provider_eval_unrelated_niche_control,unrelated_niche_control,panel_fixed_log_pairwise__active_today,report_error,weeks_1_3__2_edps,prefix,2,3,0.002150537634408602
provider_eval_unrelated_niche_control,unrelated_niche_control,panel_fixed_log_pairwise__active_today,report_error,weeks_1_12__2_edps,prefix,2,12,0.04476861167002012
provider_eval_unrelated_niche_control,unrelated_niche_control,panel_fixed_log_pairwise__active_today,report_error,weeks_5_12__2_edps,interval,2,12,0.03296703296703297
provider_eval_unrelated_niche_control,unrelated_niche_control,panel_fixed_log_pairwise__active_today,report_error,weeks_1_3__5_edps,prefix,5,3,0.008448540706605223
provider_eval_unrelated_niche_control,unrelated_niche_control,panel_fixed_log_pairwise__active_today,report_error,weeks_1_12__5_edps,prefix,5,12,0.014991181657848324
provider_eval_unrelated_niche_control,unrelated_niche_control,panel_fixed_log_pairwise__active_today,report_error,weeks_7_13__5_edps,interval,5,13,0.026194144838212634
provider_eval_unrelated_niche_control,unrelated_niche_control,panel_fixed_log_pairwise__active_today,report_error,all_weeks__5_edps,prefix,5,13,0.020033860045146727
provider_eval_unrelated_niche_control,unrelated_niche_control,panel_fixed_log_pairwise__active_today,report_error,noncontiguous__5_edps,noncontiguous,5,13,0.017008504252126064
provider_eval_unrelated_niche_control,unrelated_niche_control,panel_fixed_log_pairwise__active_today,report_error,weeks_1_3__10_edps,prefix,10,3,0.06132075471698113
provider_eval_unrelated_niche_control,unrelated_niche_control,panel_fixed_log_pairwise__active_today,report_error,weeks_1_12__10_edps,prefix,10,12,0.10775980257746093
provider_eval_unrelated_niche_control,unrelated_niche_control,panel_fixed_log_pairwise__active_today,report_error,all_weeks__10_edps,prefix,10,13,0.10744908896034298
provider_eval_unrelated_niche_control,unrelated_niche_control,panel_fixed_log_pairwise__active_today,report_error,weeks_5_12__10_edps,interval,10,12,0.11764705882352941
provider_eval_unrelated_niche_control,unrelated_niche_control,panel_fixed_log_pairwise__active_today,report_error,weeks_7_13__10_edps,interval,10,13,0.1187648456057007
provider_eval_unrelated_niche_control,unrelated_niche_control,panel_fixed_log_pairwise__active_today,report_error,noncontiguous__10_edps,noncontiguous,10,13,0.026853707414829658
provider_eval_unrelated_niche_control,unrelated_niche_control,panel_fixed_log_pairwise__active_today,report_error,noncontiguous__2_edps,noncontiguous,2,13,0.023138832997987926
provider_eval_unrelated_niche_control,unrelated_niche_control,panel_fixed_log_pairwise__recent_creation,report_error,weeks_1_3__2_edps,prefix,2,3,0.002150537634408602
provider_eval_unrelated_niche_control,unrelated_niche_control,panel_fixed_log_pairwise__recent_creation,report_error,weeks_1_12__2_edps,prefix,2,12,0.04476861167002012
provider_eval_unrelated_niche_control,unrelated_niche_control,panel_fixed_log_pairwise__recent_creation,report_error,weeks_5_12__2_edps,interval,2,12,0.0347985347985348
provider_eval_unrelated_niche_control,unrelated_niche_control,panel_fixed_log_pairwise__recent_creation,report_error,weeks_1_3__5_edps,prefix,5,3,0.008448540706605223
provider_eval_unrelated_niche_control,unrelated_niche_control,panel_fixed_log_pairwise__recent_creation,report_error,weeks_1_12__5_edps,prefix,5,12,0.014991181657848324
provider_eval_unrelated_niche_control,unrelated_niche_control,panel_fixed_log_pairwise__recent_creation,report_error,weeks_7_13__5_edps,interval,5,13,0.00423728813559322
provider_eval_unrelated_niche_control,unrelated_niche_control,panel_fixed_log_pairwise__recent_creation,report_error,all_weeks__5_edps,prefix,5,13,0.020033860045146727
provider_eval_unrelated_niche_control,unrelated_niche_control,panel_fixed_log_pairwise__recent_creation,report_error,noncontiguous__5_edps,noncontiguous,5,13,0.015007503751875938
provider_eval_unrelated_niche_control,unrelated_niche_control,panel_fixed_log_pairwise__recent_creation,report_error,weeks_1_3__10_edps,prefix,10,3,0.06132075471698113
provider_eval_unrelated_niche_control,unrelated_niche_control,panel_fixed_log_pairwise__recent_creation,report_error,weeks_1_12__10_edps,prefix,10,12,0.10775980257746093
provider_eval_unrelated_niche_control,unrelated_niche_control,panel_fixed_log_pairwise__recent_creation,report_error,all_weeks__10_edps,prefix,10,13,0.10744908896034298
provider_eval_unrelated_niche_control,unrelated_niche_control,panel_fixed_log_pairwise__recent_creation,report_error,weeks_5_12__10_edps,interval,10,12,0.08254793630159246
provider_eval_unrelated_niche_control,unrelated_niche_control,panel_fixed_log_pairwise__recent_creation,report_error,weeks_7_13__10_edps,interval,10,13,0.06006107906345436
provider_eval_unrelated_niche_control,unrelated_niche_control,panel_fixed_log_pairwise__recent_creation,report_error,noncontiguous__10_edps,noncontiguous,10,13,0.006412825651302605
provider_eval_unrelated_niche_control,unrelated_niche_control,panel_fixed_log_pairwise__recent_creation,report_error,noncontiguous__2_edps,noncontiguous,2,13,0.02414486921529175
provider_eval_unrelated_niche_control,unrelated_niche_control,panel_fixed_log_pairwise__oldest_creation,report_error,weeks_1_3__2_edps,prefix,2,3,0.002150537634408602
provider_eval_unrelated_niche_control,unrelated_niche_control,panel_fixed_log_pairwise__oldest_creation,report_error,weeks_1_12__2_edps,prefix,2,12,0.04476861167002012
provider_eval_unrelated_niche_control,unrelated_niche_control,panel_fixed_log_pairwise__oldest_creation,report_error,weeks_5_12__2_edps,interval,2,12,0.05128205128205128
provider_eval_unrelated_niche_control,unrelated_niche_control,panel_fixed_log_pairwise__oldest_creation,report_error,weeks_1_3__5_edps,prefix,5,3,0.008448540706605223
provider_eval_unrelated_niche_control,unrelated_niche_control,panel_fixed_log_pairwise__oldest_creation,report_error,weeks_1_12__5_edps,prefix,5,12,0.014991181657848324
provider_eval_unrelated_niche_control,unrelated_niche_control,panel_fixed_log_pairwise__oldest_creation,report_error,weeks_7_13__5_edps,interval,5,13,0.038906009244992296
provider_eval_unrelated_niche_control,unrelated_niche_control,panel_fixed_log_pairwise__oldest_creation,report_error,all_weeks__5_edps,prefix,5,13,0.020033860045146727
provider_eval_unrelated_niche_control,unrelated_niche_control,panel_fixed_log_pairwise__oldest_creation,report_error,noncontiguous__5_edps,noncontiguous,5,13,0.022511255627813906
provider_eval_unrelated_niche_control,unrelated_niche_control,panel_fixed_log_pairwise__oldest_creation,report_error,weeks_1_3__10_edps,prefix,10,3,0.06132075471698113
provider_eval_unrelated_niche_control,unrelated_niche_control,panel_fixed_log_pairwise__oldest_creation,report_error,weeks_1_12__10_edps,prefix,10,12,0.10775980257746093
provider_eval_unrelated_niche_control,unrelated_niche_control,panel_fixed_log_pairwise__oldest_creation,report_error,all_weeks__10_edps,prefix,10,13,0.10744908896034298
provider_eval_unrelated_niche_control,unrelated_niche_control,panel_fixed_log_pairwise__oldest_creation,report_error,weeks_5_12__10_edps,interval,10,12,0.06142346441338967
provider_eval_unrelated_niche_control,unrelated_niche_control,panel_fixed_log_pairwise__oldest_creation,report_error,weeks_7_13__10_edps,interval,10,13,0.05361384458771632
provider_eval_unrelated_niche_control,unrelated_niche_control,panel_fixed_log_pairwise__oldest_creation,report_error,noncontiguous__10_edps,noncontiguous,10,13,0.11102204408817636
provider_eval_unrelated_niche_control,unrelated_niche_control,panel_fixed_log_pairwise__oldest_creation,report_error,noncontiguous__2_edps,noncontiguous,2,13,0.013078470824949699
provider_eval_mixed_funnel_portfolio,mixed_funnel_portfolio,existing_vid,report_error,weeks_1_3__2_edps,prefix,2,3,0.00031158238172778266
provider_eval_mixed_funnel_portfolio,mixed_funnel_portfolio,existing_vid,report_error,weeks_1_12__2_edps,prefix,2,12,0.016699316628701593
provider_eval_mixed_funnel_portfolio,mixed_funnel_portfolio,existing_vid,report_error,weeks_5_12__2_edps,interval,2,12,0.018207605796047046
provider_eval_mixed_funnel_portfolio,mixed_funnel_portfolio,existing_vid,report_error,weeks_1_3__5_edps,prefix,5,3,0.0022412168623376313
provider_eval_mixed_funnel_portfolio,mixed_funnel_portfolio,existing_vid,report_error,weeks_1_12__5_edps,prefix,5,12,0.02219021227390005
provider_eval_mixed_funnel_portfolio,mixed_funnel_portfolio,existing_vid,report_error,weeks_7_13__5_edps,interval,5,13,0.02022201063991177
provider_eval_mixed_funnel_portfolio,mixed_funnel_portfolio,existing_vid,report_error,all_weeks__5_edps,prefix,5,13,0.023268363636363504
provider_eval_mixed_funnel_portfolio,mixed_funnel_portfolio,existing_vid,report_error,noncontiguous__5_edps,noncontiguous,5,13,0.005782505686906201
provider_eval_mixed_funnel_portfolio,mixed_funnel_portfolio,existing_vid,report_error,weeks_1_3__10_edps,prefix,10,3,0.019860390259100996
provider_eval_mixed_funnel_portfolio,mixed_funnel_portfolio,existing_vid,report_error,weeks_1_12__10_edps,prefix,10,12,0.0372736768551007
provider_eval_mixed_funnel_portfolio,mixed_funnel_portfolio,existing_vid,report_error,all_weeks__10_edps,prefix,10,13,0.03804946066461336
provider_eval_mixed_funnel_portfolio,mixed_funnel_portfolio,existing_vid,report_error,weeks_5_12__10_edps,interval,10,12,0.04654929178051954
provider_eval_mixed_funnel_portfolio,mixed_funnel_portfolio,existing_vid,report_error,weeks_7_13__10_edps,interval,10,13,0.04620679385973618
provider_eval_mixed_funnel_portfolio,mixed_funnel_portfolio,existing_vid,report_error,noncontiguous__10_edps,noncontiguous,10,13,0.03728899768178448
provider_eval_mixed_funnel_portfolio,mixed_funnel_portfolio,existing_vid,report_error,noncontiguous__2_edps,noncontiguous,2,13,0.004135116492949111
provider_eval_mixed_funnel_portfolio,mixed_funnel_portfolio,panel_fixed_log_pairwise,raw_prefix_error,weeks_1_1__10_edps,prefix,10,1,3.5942427372567676e-05
provider_eval_mixed_funnel_portfolio,mixed_funnel_portfolio,panel_fixed_log_pairwise,reconciled_prefix_error,weeks_1_1__10_edps,prefix,10,1,0.0
provider_eval_mixed_funnel_portfolio,mixed_funnel_portfolio,panel_fixed_log_pairwise,union_adjustment,weeks_1_1__10_edps,prefix,10,1,3.594113556205298e-05
provider_eval_mixed_funnel_portfolio,mixed_funnel_portfolio,panel_fixed_log_pairwise,cell_l1_adjustment,weeks_1_1__10_edps,prefix,10,1,0.022097392913964852
provider_eval_mixed_funnel_portfolio,mixed_funnel_portfolio,panel_fixed_log_pairwise,temporal_projection_used,weeks_1_1__10_edps,prefix,10,1,1.0
provider_eval_mixed_funnel_portfolio,mixed_funnel_portfolio,panel_fixed_log_pairwise,reconciliation_seconds,weeks_1_1__10_edps,prefix,10,1,0.012125999899581075
provider_eval_mixed_funnel_portfolio,mixed_funnel_portfolio,panel_fixed_log_pairwise,raw_prefix_error,weeks_1_2__10_edps,prefix,10,2,0.013795403879015485
provider_eval_mixed_funnel_portfolio,mixed_funnel_portfolio,panel_fixed_log_pairwise,reconciled_prefix_error,weeks_1_2__10_edps,prefix,10,2,0.013719057560393677
provider_eval_mixed_funnel_portfolio,mixed_funnel_portfolio,panel_fixed_log_pairwise,union_adjustment,weeks_1_2__10_edps,prefix,10,2,7.741427987879481e-05
provider_eval_mixed_funnel_portfolio,mixed_funnel_portfolio,panel_fixed_log_pairwise,cell_l1_adjustment,weeks_1_2__10_edps,prefix,10,2,0.0647333933498313
provider_eval_mixed_funnel_portfolio,mixed_funnel_portfolio,panel_fixed_log_pairwise,temporal_projection_used,weeks_1_2__10_edps,prefix,10,2,1.0
provider_eval_mixed_funnel_portfolio,mixed_funnel_portfolio,panel_fixed_log_pairwise,reconciliation_seconds,weeks_1_2__10_edps,prefix,10,2,0.030364582897163928
provider_eval_mixed_funnel_portfolio,mixed_funnel_portfolio,panel_fixed_log_pairwise,raw_prefix_error,weeks_1_3__10_edps,prefix,10,3,0.010636426611155408
provider_eval_mixed_funnel_portfolio,mixed_funnel_portfolio,panel_fixed_log_pairwise,reconciled_prefix_error,weeks_1_3__10_edps,prefix,10,3,0.010560675883256529
provider_eval_mixed_funnel_portfolio,mixed_funnel_portfolio,panel_fixed_log_pairwise,union_adjustment,weeks_1_3__10_edps,prefix,10,3,7.656510704122524e-05
provider_eval_mixed_funnel_portfolio,mixed_funnel_portfolio,panel_fixed_log_pairwise,cell_l1_adjustment,weeks_1_3__10_edps,prefix,10,3,0.09853601574533957
provider_eval_mixed_funnel_portfolio,mixed_funnel_portfolio,panel_fixed_log_pairwise,temporal_projection_used,weeks_1_3__10_edps,prefix,10,3,1.0
provider_eval_mixed_funnel_portfolio,mixed_funnel_portfolio,panel_fixed_log_pairwise,reconciliation_seconds,weeks_1_3__10_edps,prefix,10,3,0.03457312495447695
provider_eval_mixed_funnel_portfolio,mixed_funnel_portfolio,panel_fixed_log_pairwise,raw_prefix_error,weeks_1_4__10_edps,prefix,10,4,0.014871733741039216
provider_eval_mixed_funnel_portfolio,mixed_funnel_portfolio,panel_fixed_log_pairwise,reconciled_prefix_error,weeks_1_4__10_edps,prefix,10,4,0.014835905889405065
provider_eval_mixed_funnel_portfolio,mixed_funnel_portfolio,panel_fixed_log_pairwise,union_adjustment,weeks_1_4__10_edps,prefix,10,4,3.636871751713375e-05
provider_eval_mixed_funnel_portfolio,mixed_funnel_portfolio,panel_fixed_log_pairwise,cell_l1_adjustment,weeks_1_4__10_edps,prefix,10,4,0.07621141527098203
provider_eval_mixed_funnel_portfolio,mixed_funnel_portfolio,panel_fixed_log_pairwise,temporal_projection_used,weeks_1_4__10_edps,prefix,10,4,1.0
provider_eval_mixed_funnel_portfolio,mixed_funnel_portfolio,panel_fixed_log_pairwise,reconciliation_seconds,weeks_1_4__10_edps,prefix,10,4,0.07715316605754197
provider_eval_mixed_funnel_portfolio,mixed_funnel_portfolio,panel_fixed_log_pairwise,raw_prefix_error,weeks_1_5__10_edps,prefix,10,5,0.03139379733414415
provider_eval_mixed_funnel_portfolio,mixed_funnel_portfolio,panel_fixed_log_pairwise,reconciled_prefix_error,weeks_1_5__10_edps,prefix,10,5,0.0313813025210084
provider_eval_mixed_funnel_portfolio,mixed_funnel_portfolio,panel_fixed_log_pairwise,union_adjustment,weeks_1_5__10_edps,prefix,10,5,1.2899786415957685e-05
provider_eval_mixed_funnel_portfolio,mixed_funnel_portfolio,panel_fixed_log_pairwise,cell_l1_adjustment,weeks_1_5__10_edps,prefix,10,5,0.0486520316442395
provider_eval_mixed_funnel_portfolio,mixed_funnel_portfolio,panel_fixed_log_pairwise,temporal_projection_used,weeks_1_5__10_edps,prefix,10,5,1.0
provider_eval_mixed_funnel_portfolio,mixed_funnel_portfolio,panel_fixed_log_pairwise,reconciliation_seconds,weeks_1_5__10_edps,prefix,10,5,0.09228941705077887
provider_eval_mixed_funnel_portfolio,mixed_funnel_portfolio,panel_fixed_log_pairwise,raw_prefix_error,weeks_1_6__10_edps,prefix,10,6,0.03791079101092892
provider_eval_mixed_funnel_portfolio,mixed_funnel_portfolio,panel_fixed_log_pairwise,reconciled_prefix_error,weeks_1_6__10_edps,prefix,10,6,0.037891465455414775
provider_eval_mixed_funnel_portfolio,mixed_funnel_portfolio,panel_fixed_log_pairwise,union_adjustment,weeks_1_6__10_edps,prefix,10,6,2.0087072314503e-05
provider_eval_mixed_funnel_portfolio,mixed_funnel_portfolio,panel_fixed_log_pairwise,cell_l1_adjustment,weeks_1_6__10_edps,prefix,10,6,0.07466442417470381
provider_eval_mixed_funnel_portfolio,mixed_funnel_portfolio,panel_fixed_log_pairwise,temporal_projection_used,weeks_1_6__10_edps,prefix,10,6,1.0
provider_eval_mixed_funnel_portfolio,mixed_funnel_portfolio,panel_fixed_log_pairwise,reconciliation_seconds,weeks_1_6__10_edps,prefix,10,6,0.10397587507031858
provider_eval_mixed_funnel_portfolio,mixed_funnel_portfolio,panel_fixed_log_pairwise,raw_prefix_error,weeks_1_7__10_edps,prefix,10,7,0.030095237451748604
provider_eval_mixed_funnel_portfolio,mixed_funnel_portfolio,panel_fixed_log_pairwise,reconciled_prefix_error,weeks_1_7__10_edps,prefix,10,7,0.03005064715813168
provider_eval_mixed_funnel_portfolio,mixed_funnel_portfolio,panel_fixed_log_pairwise,union_adjustment,weeks_1_7__10_edps,prefix,10,7,4.5973888714442886e-05
provider_eval_mixed_funnel_portfolio,mixed_funnel_portfolio,panel_fixed_log_pairwise,cell_l1_adjustment,weeks_1_7__10_edps,prefix,10,7,0.09297742556450574
provider_eval_mixed_funnel_portfolio,mixed_funnel_portfolio,panel_fixed_log_pairwise,temporal_projection_used,weeks_1_7__10_edps,prefix,10,7,1.0
provider_eval_mixed_funnel_portfolio,mixed_funnel_portfolio,panel_fixed_log_pairwise,reconciliation_seconds,weeks_1_7__10_edps,prefix,10,7,0.14000404195394367
provider_eval_mixed_funnel_portfolio,mixed_funnel_portfolio,panel_fixed_log_pairwise,raw_prefix_error,weeks_1_8__10_edps,prefix,10,8,0.04015320786044965
provider_eval_mixed_funnel_portfolio,mixed_funnel_portfolio,panel_fixed_log_pairwise,reconciled_prefix_error,weeks_1_8__10_edps,prefix,10,8,0.04018563442674823
provider_eval_mixed_funnel_portfolio,mixed_funnel_portfolio,panel_fixed_log_pairwise,union_adjustment,weeks_1_8__10_edps,prefix,10,8,3.378306471846777e-05
provider_eval_mixed_funnel_portfolio,mixed_funnel_portfolio,panel_fixed_log_pairwise,cell_l1_adjustment,weeks_1_8__10_edps,prefix,10,8,0.059654650175907216
provider_eval_mixed_funnel_portfolio,mixed_funnel_portfolio,panel_fixed_log_pairwise,temporal_projection_used,weeks_1_8__10_edps,prefix,10,8,1.0
provider_eval_mixed_funnel_portfolio,mixed_funnel_portfolio,panel_fixed_log_pairwise,reconciliation_seconds,weeks_1_8__10_edps,prefix,10,8,0.16600966604892164
provider_eval_mixed_funnel_portfolio,mixed_funnel_portfolio,panel_fixed_log_pairwise,raw_prefix_error,weeks_1_9__10_edps,prefix,10,9,0.06006084086103479
provider_eval_mixed_funnel_portfolio,mixed_funnel_portfolio,panel_fixed_log_pairwise,reconciled_prefix_error,weeks_1_9__10_edps,prefix,10,9,0.0601
provider_eval_mixed_funnel_portfolio,mixed_funnel_portfolio,panel_fixed_log_pairwise,union_adjustment,weeks_1_9__10_edps,prefix,10,9,4.1661354976562765e-05
provider_eval_mixed_funnel_portfolio,mixed_funnel_portfolio,panel_fixed_log_pairwise,cell_l1_adjustment,weeks_1_9__10_edps,prefix,10,9,0.04638323622743642
provider_eval_mixed_funnel_portfolio,mixed_funnel_portfolio,panel_fixed_log_pairwise,temporal_projection_used,weeks_1_9__10_edps,prefix,10,9,1.0
provider_eval_mixed_funnel_portfolio,mixed_funnel_portfolio,panel_fixed_log_pairwise,reconciliation_seconds,weeks_1_9__10_edps,prefix,10,9,0.18514345795847476
provider_eval_mixed_funnel_portfolio,mixed_funnel_portfolio,panel_fixed_log_pairwise,raw_prefix_error,weeks_1_10__10_edps,prefix,10,10,0.07486704652633587
provider_eval_mixed_funnel_portfolio,mixed_funnel_portfolio,panel_fixed_log_pairwise,reconciled_prefix_error,weeks_1_10__10_edps,prefix,10,10,0.07482531055900621
provider_eval_mixed_funnel_portfolio,mixed_funnel_portfolio,panel_fixed_log_pairwise,union_adjustment,weeks_1_10__10_edps,prefix,10,10,4.511348036309804e-05
provider_eval_mixed_funnel_portfolio,mixed_funnel_portfolio,panel_fixed_log_pairwise,cell_l1_adjustment,weeks_1_10__10_edps,prefix,10,10,0.04131982799001019
provider_eval_mixed_funnel_portfolio,mixed_funnel_portfolio,panel_fixed_log_pairwise,temporal_projection_used,weeks_1_10__10_edps,prefix,10,10,1.0
provider_eval_mixed_funnel_portfolio,mixed_funnel_portfolio,panel_fixed_log_pairwise,reconciliation_seconds,weeks_1_10__10_edps,prefix,10,10,0.2293484170222655
provider_eval_mixed_funnel_portfolio,mixed_funnel_portfolio,panel_fixed_log_pairwise,raw_prefix_error,weeks_1_11__10_edps,prefix,10,11,0.07724028216118817
provider_eval_mixed_funnel_portfolio,mixed_funnel_portfolio,panel_fixed_log_pairwise,reconciled_prefix_error,weeks_1_11__10_edps,prefix,10,11,0.07721749114917233
provider_eval_mixed_funnel_portfolio,mixed_funnel_portfolio,panel_fixed_log_pairwise,union_adjustment,weeks_1_11__10_edps,prefix,10,11,2.46987504711946e-05
provider_eval_mixed_funnel_portfolio,mixed_funnel_portfolio,panel_fixed_log_pairwise,cell_l1_adjustment,weeks_1_11__10_edps,prefix,10,11,0.04994877906780477
provider_eval_mixed_funnel_portfolio,mixed_funnel_portfolio,panel_fixed_log_pairwise,temporal_projection_used,weeks_1_11__10_edps,prefix,10,11,1.0
provider_eval_mixed_funnel_portfolio,mixed_funnel_portfolio,panel_fixed_log_pairwise,reconciliation_seconds,weeks_1_11__10_edps,prefix,10,11,0.2592221670784056
provider_eval_mixed_funnel_portfolio,mixed_funnel_portfolio,panel_fixed_log_pairwise,raw_prefix_error,weeks_1_12__10_edps,prefix,10,12,0.07643114178489392
provider_eval_mixed_funnel_portfolio,mixed_funnel_portfolio,panel_fixed_log_pairwise,reconciled_prefix_error,weeks_1_12__10_edps,prefix,10,12,0.07639875035501278
provider_eval_mixed_funnel_portfolio,mixed_funnel_portfolio,panel_fixed_log_pairwise,union_adjustment,weeks_1_12__10_edps,prefix,10,12,3.507202478010061e-05
provider_eval_mixed_funnel_portfolio,mixed_funnel_portfolio,panel_fixed_log_pairwise,cell_l1_adjustment,weeks_1_12__10_edps,prefix,10,12,0.047979835382020816
provider_eval_mixed_funnel_portfolio,mixed_funnel_portfolio,panel_fixed_log_pairwise,temporal_projection_used,weeks_1_12__10_edps,prefix,10,12,1.0
provider_eval_mixed_funnel_portfolio,mixed_funnel_portfolio,panel_fixed_log_pairwise,reconciliation_seconds,weeks_1_12__10_edps,prefix,10,12,0.26859129103831947
provider_eval_mixed_funnel_portfolio,mixed_funnel_portfolio,panel_fixed_log_pairwise,raw_prefix_error,weeks_1_13__10_edps,prefix,10,13,0.08217422993979583
provider_eval_mixed_funnel_portfolio,mixed_funnel_portfolio,panel_fixed_log_pairwise,reconciled_prefix_error,weeks_1_13__10_edps,prefix,10,13,0.08214285714285714
provider_eval_mixed_funnel_portfolio,mixed_funnel_portfolio,panel_fixed_log_pairwise,union_adjustment,weeks_1_13__10_edps,prefix,10,13,3.418164750021191e-05
provider_eval_mixed_funnel_portfolio,mixed_funnel_portfolio,panel_fixed_log_pairwise,cell_l1_adjustment,weeks_1_13__10_edps,prefix,10,13,0.05266564195129031
provider_eval_mixed_funnel_portfolio,mixed_funnel_portfolio,panel_fixed_log_pairwise,temporal_projection_used,weeks_1_13__10_edps,prefix,10,13,1.0
provider_eval_mixed_funnel_portfolio,mixed_funnel_portfolio,panel_fixed_log_pairwise,reconciliation_seconds,weeks_1_13__10_edps,prefix,10,13,0.2766841660486534
provider_eval_mixed_funnel_portfolio,mixed_funnel_portfolio,panel_fixed_log_pairwise__active_today,report_error,weeks_1_3__2_edps,prefix,2,3,0.0016313213703099511
provider_eval_mixed_funnel_portfolio,mixed_funnel_portfolio,panel_fixed_log_pairwise__active_today,report_error,weeks_1_12__2_edps,prefix,2,12,0.00585746827204686
provider_eval_mixed_funnel_portfolio,mixed_funnel_portfolio,panel_fixed_log_pairwise__active_today,report_error,weeks_5_12__2_edps,interval,2,12,0.010731174972717352
provider_eval_mixed_funnel_portfolio,mixed_funnel_portfolio,panel_fixed_log_pairwise__active_today,report_error,weeks_1_3__5_edps,prefix,5,3,0.0035087719298245615
provider_eval_mixed_funnel_portfolio,mixed_funnel_portfolio,panel_fixed_log_pairwise__active_today,report_error,weeks_1_12__5_edps,prefix,5,12,0.06335616438356165
provider_eval_mixed_funnel_portfolio,mixed_funnel_portfolio,panel_fixed_log_pairwise__active_today,report_error,weeks_7_13__5_edps,interval,5,13,0.02100231749710313
provider_eval_mixed_funnel_portfolio,mixed_funnel_portfolio,panel_fixed_log_pairwise__active_today,report_error,all_weeks__5_edps,prefix,5,13,0.0728395061728395
provider_eval_mixed_funnel_portfolio,mixed_funnel_portfolio,panel_fixed_log_pairwise__active_today,report_error,noncontiguous__5_edps,noncontiguous,5,13,0.08018518518518518
provider_eval_mixed_funnel_portfolio,mixed_funnel_portfolio,panel_fixed_log_pairwise__active_today,report_error,weeks_1_3__10_edps,prefix,10,3,0.010560675883256529
provider_eval_mixed_funnel_portfolio,mixed_funnel_portfolio,panel_fixed_log_pairwise__active_today,report_error,weeks_1_12__10_edps,prefix,10,12,0.07639875035501278
provider_eval_mixed_funnel_portfolio,mixed_funnel_portfolio,panel_fixed_log_pairwise__active_today,report_error,all_weeks__10_edps,prefix,10,13,0.08214285714285714
provider_eval_mixed_funnel_portfolio,mixed_funnel_portfolio,panel_fixed_log_pairwise__active_today,report_error,weeks_5_12__10_edps,interval,10,12,0.009713919726729291
provider_eval_mixed_funnel_portfolio,mixed_funnel_portfolio,panel_fixed_log_pairwise__active_today,report_error,weeks_7_13__10_edps,interval,10,13,0.028782799676337997
provider_eval_mixed_funnel_portfolio,mixed_funnel_portfolio,panel_fixed_log_pairwise__active_today,report_error,noncontiguous__10_edps,noncontiguous,10,13,0.10278481012658228
provider_eval_mixed_funnel_portfolio,mixed_funnel_portfolio,panel_fixed_log_pairwise__active_today,report_error,noncontiguous__2_edps,noncontiguous,2,13,0.02023298589822195
provider_eval_mixed_funnel_portfolio,mixed_funnel_portfolio,panel_fixed_log_pairwise__recent_creation,report_error,weeks_1_3__2_edps,prefix,2,3,0.0016313213703099511
provider_eval_mixed_funnel_portfolio,mixed_funnel_portfolio,panel_fixed_log_pairwise__recent_creation,report_error,weeks_1_12__2_edps,prefix,2,12,0.00585746827204686
provider_eval_mixed_funnel_portfolio,mixed_funnel_portfolio,panel_fixed_log_pairwise__recent_creation,report_error,weeks_5_12__2_edps,interval,2,12,0.001636958894143325
provider_eval_mixed_funnel_portfolio,mixed_funnel_portfolio,panel_fixed_log_pairwise__recent_creation,report_error,weeks_1_3__5_edps,prefix,5,3,0.0035087719298245615
provider_eval_mixed_funnel_portfolio,mixed_funnel_portfolio,panel_fixed_log_pairwise__recent_creation,report_error,weeks_1_12__5_edps,prefix,5,12,0.06335616438356165
provider_eval_mixed_funnel_portfolio,mixed_funnel_portfolio,panel_fixed_log_pairwise__recent_creation,report_error,weeks_7_13__5_edps,interval,5,13,0.07865005793742758
provider_eval_mixed_funnel_portfolio,mixed_funnel_portfolio,panel_fixed_log_pairwise__recent_creation,report_error,all_weeks__5_edps,prefix,5,13,0.0728395061728395
provider_eval_mixed_funnel_portfolio,mixed_funnel_portfolio,panel_fixed_log_pairwise__recent_creation,report_error,noncontiguous__5_edps,noncontiguous,5,13,0.09685185185185186
provider_eval_mixed_funnel_portfolio,mixed_funnel_portfolio,panel_fixed_log_pairwise__recent_creation,report_error,weeks_1_3__10_edps,prefix,10,3,0.010560675883256529
provider_eval_mixed_funnel_portfolio,mixed_funnel_portfolio,panel_fixed_log_pairwise__recent_creation,report_error,weeks_1_12__10_edps,prefix,10,12,0.07639875035501278
provider_eval_mixed_funnel_portfolio,mixed_funnel_portfolio,panel_fixed_log_pairwise__recent_creation,report_error,all_weeks__10_edps,prefix,10,13,0.08214285714285714
provider_eval_mixed_funnel_portfolio,mixed_funnel_portfolio,panel_fixed_log_pairwise__recent_creation,report_error,weeks_5_12__10_edps,interval,10,12,0.06853116994022203
provider_eval_mixed_funnel_portfolio,mixed_funnel_portfolio,panel_fixed_log_pairwise__recent_creation,report_error,weeks_7_13__10_edps,interval,10,13,0.11640272800832274
provider_eval_mixed_funnel_portfolio,mixed_funnel_portfolio,panel_fixed_log_pairwise__recent_creation,report_error,noncontiguous__10_edps,noncontiguous,10,13,0.11658227848101266
provider_eval_mixed_funnel_portfolio,mixed_funnel_portfolio,panel_fixed_log_pairwise__recent_creation,report_error,noncontiguous__2_edps,noncontiguous,2,13,0.01747394236664623
provider_eval_mixed_funnel_portfolio,mixed_funnel_portfolio,panel_fixed_log_pairwise__oldest_creation,report_error,weeks_1_3__2_edps,prefix,2,3,0.0016313213703099511
provider_eval_mixed_funnel_portfolio,mixed_funnel_portfolio,panel_fixed_log_pairwise__oldest_creation,report_error,weeks_1_12__2_edps,prefix,2,12,0.00585746827204686
provider_eval_mixed_funnel_portfolio,mixed_funnel_portfolio,panel_fixed_log_pairwise__oldest_creation,report_error,weeks_5_12__2_edps,interval,2,12,0.004183339396144053
provider_eval_mixed_funnel_portfolio,mixed_funnel_portfolio,panel_fixed_log_pairwise__oldest_creation,report_error,weeks_1_3__5_edps,prefix,5,3,0.0035087719298245615
provider_eval_mixed_funnel_portfolio,mixed_funnel_portfolio,panel_fixed_log_pairwise__oldest_creation,report_error,weeks_1_12__5_edps,prefix,5,12,0.06335616438356165
provider_eval_mixed_funnel_portfolio,mixed_funnel_portfolio,panel_fixed_log_pairwise__oldest_creation,report_error,weeks_7_13__5_edps,interval,5,13,0.15063731170336037
provider_eval_mixed_funnel_portfolio,mixed_funnel_portfolio,panel_fixed_log_pairwise__oldest_creation,report_error,all_weeks__5_edps,prefix,5,13,0.0728395061728395
provider_eval_mixed_funnel_portfolio,mixed_funnel_portfolio,panel_fixed_log_pairwise__oldest_creation,report_error,noncontiguous__5_edps,noncontiguous,5,13,0.06018518518518518
provider_eval_mixed_funnel_portfolio,mixed_funnel_portfolio,panel_fixed_log_pairwise__oldest_creation,report_error,weeks_1_3__10_edps,prefix,10,3,0.010560675883256529
provider_eval_mixed_funnel_portfolio,mixed_funnel_portfolio,panel_fixed_log_pairwise__oldest_creation,report_error,weeks_1_12__10_edps,prefix,10,12,0.07639875035501278
provider_eval_mixed_funnel_portfolio,mixed_funnel_portfolio,panel_fixed_log_pairwise__oldest_creation,report_error,all_weeks__10_edps,prefix,10,13,0.08214285714285714
provider_eval_mixed_funnel_portfolio,mixed_funnel_portfolio,panel_fixed_log_pairwise__oldest_creation,report_error,weeks_5_12__10_edps,interval,10,12,0.1700469684030743
provider_eval_mixed_funnel_portfolio,mixed_funnel_portfolio,panel_fixed_log_pairwise__oldest_creation,report_error,weeks_7_13__10_edps,interval,10,13,0.1736215466420067
provider_eval_mixed_funnel_portfolio,mixed_funnel_portfolio,panel_fixed_log_pairwise__oldest_creation,report_error,noncontiguous__10_edps,noncontiguous,10,13,0.03379746835443038
provider_eval_mixed_funnel_portfolio,mixed_funnel_portfolio,panel_fixed_log_pairwise__oldest_creation,report_error,noncontiguous__2_edps,noncontiguous,2,13,0.008583690987124463
provider_eval_linkage_shift_-1.0,linkage_shift_-1.0,existing_vid,report_error,weeks_1_3__2_edps,prefix,2,3,0.02658211233211218
provider_eval_linkage_shift_-1.0,linkage_shift_-1.0,existing_vid,report_error,weeks_1_12__2_edps,prefix,2,12,0.3493877394636019
provider_eval_linkage_shift_-1.0,linkage_shift_-1.0,existing_vid,report_error,weeks_5_12__2_edps,interval,2,12,0.254158148779103
provider_eval_linkage_shift_-1.0,linkage_shift_-1.0,existing_vid,report_error,weeks_1_3__5_edps,prefix,5,3,0.2763205225509101
provider_eval_linkage_shift_-1.0,linkage_shift_-1.0,existing_vid,report_error,weeks_1_12__5_edps,prefix,5,12,0.9957763028194184
provider_eval_linkage_shift_-1.0,linkage_shift_-1.0,existing_vid,report_error,weeks_7_13__5_edps,interval,5,13,0.6888045190123108
provider_eval_linkage_shift_-1.0,linkage_shift_-1.0,existing_vid,report_error,all_weeks__5_edps,prefix,5,13,1.0372844836852333
provider_eval_linkage_shift_-1.0,linkage_shift_-1.0,existing_vid,report_error,noncontiguous__5_edps,noncontiguous,5,13,0.5975076848552822
provider_eval_linkage_shift_-1.0,linkage_shift_-1.0,existing_vid,report_error,weeks_1_3__10_edps,prefix,10,3,0.4677138855603095
provider_eval_linkage_shift_-1.0,linkage_shift_-1.0,existing_vid,report_error,weeks_1_12__10_edps,prefix,10,12,1.388928157938604
provider_eval_linkage_shift_-1.0,linkage_shift_-1.0,existing_vid,report_error,all_weeks__10_edps,prefix,10,13,1.431440061845107
provider_eval_linkage_shift_-1.0,linkage_shift_-1.0,existing_vid,report_error,weeks_5_12__10_edps,interval,10,12,1.1605357077377483
provider_eval_linkage_shift_-1.0,linkage_shift_-1.0,existing_vid,report_error,weeks_7_13__10_edps,interval,10,13,1.0506601347222762
provider_eval_linkage_shift_-1.0,linkage_shift_-1.0,existing_vid,report_error,noncontiguous__10_edps,noncontiguous,10,13,0.9746230428719383
provider_eval_linkage_shift_-1.0,linkage_shift_-1.0,existing_vid,report_error,noncontiguous__2_edps,noncontiguous,2,13,0.1394214695979402
provider_eval_linkage_shift_-1.0,linkage_shift_-1.0,panel_fixed_log_pairwise,raw_prefix_error,weeks_1_1__10_edps,prefix,10,1,0.11079666370897343
provider_eval_linkage_shift_-1.0,linkage_shift_-1.0,panel_fixed_log_pairwise,reconciled_prefix_error,weeks_1_1__10_edps,prefix,10,1,0.11096075778078485
provider_eval_linkage_shift_-1.0,linkage_shift_-1.0,panel_fixed_log_pairwise,union_adjustment,weeks_1_1__10_edps,prefix,10,1,0.00014772647161261445
provider_eval_linkage_shift_-1.0,linkage_shift_-1.0,panel_fixed_log_pairwise,cell_l1_adjustment,weeks_1_1__10_edps,prefix,10,1,0.019563638721343344
provider_eval_linkage_shift_-1.0,linkage_shift_-1.0,panel_fixed_log_pairwise,temporal_projection_used,weeks_1_1__10_edps,prefix,10,1,1.0
provider_eval_linkage_shift_-1.0,linkage_shift_-1.0,panel_fixed_log_pairwise,reconciliation_seconds,weeks_1_1__10_edps,prefix,10,1,0.010752915986813605
provider_eval_linkage_shift_-1.0,linkage_shift_-1.0,panel_fixed_log_pairwise,raw_prefix_error,weeks_1_2__10_edps,prefix,10,2,0.2622371297924142
provider_eval_linkage_shift_-1.0,linkage_shift_-1.0,panel_fixed_log_pairwise,reconciled_prefix_error,weeks_1_2__10_edps,prefix,10,2,0.26238390092879255
provider_eval_linkage_shift_-1.0,linkage_shift_-1.0,panel_fixed_log_pairwise,union_adjustment,weeks_1_2__10_edps,prefix,10,2,0.00011627857627725733
provider_eval_linkage_shift_-1.0,linkage_shift_-1.0,panel_fixed_log_pairwise,cell_l1_adjustment,weeks_1_2__10_edps,prefix,10,2,0.05078610568530917
provider_eval_linkage_shift_-1.0,linkage_shift_-1.0,panel_fixed_log_pairwise,temporal_projection_used,weeks_1_2__10_edps,prefix,10,2,1.0
provider_eval_linkage_shift_-1.0,linkage_shift_-1.0,panel_fixed_log_pairwise,reconciliation_seconds,weeks_1_2__10_edps,prefix,10,2,0.023527166922576725
provider_eval_linkage_shift_-1.0,linkage_shift_-1.0,panel_fixed_log_pairwise,raw_prefix_error,weeks_1_3__10_edps,prefix,10,3,0.457153323460234
provider_eval_linkage_shift_-1.0,linkage_shift_-1.0,panel_fixed_log_pairwise,reconciled_prefix_error,weeks_1_3__10_edps,prefix,10,3,0.45735129068462405
provider_eval_linkage_shift_-1.0,linkage_shift_-1.0,panel_fixed_log_pairwise,union_adjustment,weeks_1_3__10_edps,prefix,10,3,0.00013585888403256456
provider_eval_linkage_shift_-1.0,linkage_shift_-1.0,panel_fixed_log_pairwise,cell_l1_adjustment,weeks_1_3__10_edps,prefix,10,3,0.07456935660306159
provider_eval_linkage_shift_-1.0,linkage_shift_-1.0,panel_fixed_log_pairwise,temporal_projection_used,weeks_1_3__10_edps,prefix,10,3,1.0
provider_eval_linkage_shift_-1.0,linkage_shift_-1.0,panel_fixed_log_pairwise,reconciliation_seconds,weeks_1_3__10_edps,prefix,10,3,0.03233350010123104
provider_eval_linkage_shift_-1.0,linkage_shift_-1.0,panel_fixed_log_pairwise,raw_prefix_error,weeks_1_4__10_edps,prefix,10,4,0.6659394918125148
provider_eval_linkage_shift_-1.0,linkage_shift_-1.0,panel_fixed_log_pairwise,reconciled_prefix_error,weeks_1_4__10_edps,prefix,10,4,0.6657223796033994
provider_eval_linkage_shift_-1.0,linkage_shift_-1.0,panel_fixed_log_pairwise,union_adjustment,weeks_1_4__10_edps,prefix,10,4,0.000130324186552135
provider_eval_linkage_shift_-1.0,linkage_shift_-1.0,panel_fixed_log_pairwise,cell_l1_adjustment,weeks_1_4__10_edps,prefix,10,4,0.09559289597452623
provider_eval_linkage_shift_-1.0,linkage_shift_-1.0,panel_fixed_log_pairwise,temporal_projection_used,weeks_1_4__10_edps,prefix,10,4,1.0
provider_eval_linkage_shift_-1.0,linkage_shift_-1.0,panel_fixed_log_pairwise,reconciliation_seconds,weeks_1_4__10_edps,prefix,10,4,0.04355283291079104
provider_eval_linkage_shift_-1.0,linkage_shift_-1.0,panel_fixed_log_pairwise,raw_prefix_error,weeks_1_5__10_edps,prefix,10,5,0.8453112307645222
provider_eval_linkage_shift_-1.0,linkage_shift_-1.0,panel_fixed_log_pairwise,reconciled_prefix_error,weeks_1_5__10_edps,prefix,10,5,0.845404489623041
provider_eval_linkage_shift_-1.0,linkage_shift_-1.0,panel_fixed_log_pairwise,union_adjustment,weeks_1_5__10_edps,prefix,10,5,5.053828154622406e-05
provider_eval_linkage_shift_-1.0,linkage_shift_-1.0,panel_fixed_log_pairwise,cell_l1_adjustment,weeks_1_5__10_edps,prefix,10,5,0.06031965263390892
provider_eval_linkage_shift_-1.0,linkage_shift_-1.0,panel_fixed_log_pairwise,temporal_projection_used,weeks_1_5__10_edps,prefix,10,5,1.0
provider_eval_linkage_shift_-1.0,linkage_shift_-1.0,panel_fixed_log_pairwise,reconciliation_seconds,weeks_1_5__10_edps,prefix,10,5,0.05414795805700123
provider_eval_linkage_shift_-1.0,linkage_shift_-1.0,panel_fixed_log_pairwise,raw_prefix_error,weeks_1_6__10_edps,prefix,10,6,0.9732525234597807
provider_eval_linkage_shift_-1.0,linkage_shift_-1.0,panel_fixed_log_pairwise,reconciled_prefix_error,weeks_1_6__10_edps,prefix,10,6,0.9734126984126984
provider_eval_linkage_shift_-1.0,linkage_shift_-1.0,panel_fixed_log_pairwise,union_adjustment,weeks_1_6__10_edps,prefix,10,6,8.117306376846348e-05
provider_eval_linkage_shift_-1.0,linkage_shift_-1.0,panel_fixed_log_pairwise,cell_l1_adjustment,weeks_1_6__10_edps,prefix,10,6,0.06892692380737186
provider_eval_linkage_shift_-1.0,linkage_shift_-1.0,panel_fixed_log_pairwise,temporal_projection_used,weeks_1_6__10_edps,prefix,10,6,1.0
provider_eval_linkage_shift_-1.0,linkage_shift_-1.0,panel_fixed_log_pairwise,reconciliation_seconds,weeks_1_6__10_edps,prefix,10,6,0.07972183299716562
provider_eval_linkage_shift_-1.0,linkage_shift_-1.0,panel_fixed_log_pairwise,raw_prefix_error,weeks_1_7__10_edps,prefix,10,7,1.0605136368326653
provider_eval_linkage_shift_-1.0,linkage_shift_-1.0,panel_fixed_log_pairwise,reconciled_prefix_error,weeks_1_7__10_edps,prefix,10,7,1.0606638687523846
provider_eval_linkage_shift_-1.0,linkage_shift_-1.0,panel_fixed_log_pairwise,union_adjustment,weeks_1_7__10_edps,prefix,10,7,7.290993713110461e-05
provider_eval_linkage_shift_-1.0,linkage_shift_-1.0,panel_fixed_log_pairwise,cell_l1_adjustment,weeks_1_7__10_edps,prefix,10,7,0.0452275593178072
provider_eval_linkage_shift_-1.0,linkage_shift_-1.0,panel_fixed_log_pairwise,temporal_projection_used,weeks_1_7__10_edps,prefix,10,7,1.0
provider_eval_linkage_shift_-1.0,linkage_shift_-1.0,panel_fixed_log_pairwise,reconciliation_seconds,weeks_1_7__10_edps,prefix,10,7,0.09497870795894414
provider_eval_linkage_shift_-1.0,linkage_shift_-1.0,panel_fixed_log_pairwise,raw_prefix_error,weeks_1_8__10_edps,prefix,10,8,1.1255616240224555
provider_eval_linkage_shift_-1.0,linkage_shift_-1.0,panel_fixed_log_pairwise,reconciled_prefix_error,weeks_1_8__10_edps,prefix,10,8,1.125728862973761
provider_eval_linkage_shift_-1.0,linkage_shift_-1.0,panel_fixed_log_pairwise,union_adjustment,weeks_1_8__10_edps,prefix,10,8,7.867988837204017e-05
provider_eval_linkage_shift_-1.0,linkage_shift_-1.0,panel_fixed_log_pairwise,cell_l1_adjustment,weeks_1_8__10_edps,prefix,10,8,0.0434192745896989
provider_eval_linkage_shift_-1.0,linkage_shift_-1.0,panel_fixed_log_pairwise,temporal_projection_used,weeks_1_8__10_edps,prefix,10,8,1.0
provider_eval_linkage_shift_-1.0,linkage_shift_-1.0,panel_fixed_log_pairwise,reconciliation_seconds,weeks_1_8__10_edps,prefix,10,8,0.10965750005561858
provider_eval_linkage_shift_-1.0,linkage_shift_-1.0,panel_fixed_log_pairwise,raw_prefix_error,weeks_1_9__10_edps,prefix,10,9,1.1824021571117727
provider_eval_linkage_shift_-1.0,linkage_shift_-1.0,panel_fixed_log_pairwise,reconciled_prefix_error,weeks_1_9__10_edps,prefix,10,9,1.1823469038658911
provider_eval_linkage_shift_-1.0,linkage_shift_-1.0,panel_fixed_log_pairwise,union_adjustment,weeks_1_9__10_edps,prefix,10,9,2.531762796443662e-05
provider_eval_linkage_shift_-1.0,linkage_shift_-1.0,panel_fixed_log_pairwise,cell_l1_adjustment,weeks_1_9__10_edps,prefix,10,9,0.036845463817056175
provider_eval_linkage_shift_-1.0,linkage_shift_-1.0,panel_fixed_log_pairwise,temporal_projection_used,weeks_1_9__10_edps,prefix,10,9,1.0
provider_eval_linkage_shift_-1.0,linkage_shift_-1.0,panel_fixed_log_pairwise,reconciliation_seconds,weeks_1_9__10_edps,prefix,10,9,0.12347599992062896
provider_eval_linkage_shift_-1.0,linkage_shift_-1.0,panel_fixed_log_pairwise,raw_prefix_error,weeks_1_10__10_edps,prefix,10,10,1.2409517013327171
provider_eval_linkage_shift_-1.0,linkage_shift_-1.0,panel_fixed_log_pairwise,reconciled_prefix_error,weeks_1_10__10_edps,prefix,10,10,1.240904621435595
provider_eval_linkage_shift_-1.0,linkage_shift_-1.0,panel_fixed_log_pairwise,union_adjustment,weeks_1_10__10_edps,prefix,10,10,2.100888524030993e-05
provider_eval_linkage_shift_-1.0,linkage_shift_-1.0,panel_fixed_log_pairwise,cell_l1_adjustment,weeks_1_10__10_edps,prefix,10,10,0.04338280911955131
provider_eval_linkage_shift_-1.0,linkage_shift_-1.0,panel_fixed_log_pairwise,temporal_projection_used,weeks_1_10__10_edps,prefix,10,10,1.0
provider_eval_linkage_shift_-1.0,linkage_shift_-1.0,panel_fixed_log_pairwise,reconciliation_seconds,weeks_1_10__10_edps,prefix,10,10,0.13905599992722273
provider_eval_linkage_shift_-1.0,linkage_shift_-1.0,panel_fixed_log_pairwise,raw_prefix_error,weeks_1_11__10_edps,prefix,10,11,1.31372520490681
provider_eval_linkage_shift_-1.0,linkage_shift_-1.0,panel_fixed_log_pairwise,reconciled_prefix_error,weeks_1_11__10_edps,prefix,10,11,1.3137942019751514
provider_eval_linkage_shift_-1.0,linkage_shift_-1.0,panel_fixed_log_pairwise,union_adjustment,weeks_1_11__10_edps,prefix,10,11,2.982077050239958e-05
provider_eval_linkage_shift_-1.0,linkage_shift_-1.0,panel_fixed_log_pairwise,cell_l1_adjustment,weeks_1_11__10_edps,prefix,10,11,0.04775564588874321
provider_eval_linkage_shift_-1.0,linkage_shift_-1.0,panel_fixed_log_pairwise,temporal_projection_used,weeks_1_11__10_edps,prefix,10,11,1.0
provider_eval_linkage_shift_-1.0,linkage_shift_-1.0,panel_fixed_log_pairwise,reconciliation_seconds,weeks_1_11__10_edps,prefix,10,11,0.14766941696871072
provider_eval_linkage_shift_-1.0,linkage_shift_-1.0,panel_fixed_log_pairwise,raw_prefix_error,weeks_1_12__10_edps,prefix,10,12,1.3499123216376514
provider_eval_linkage_shift_-1.0,linkage_shift_-1.0,panel_fixed_log_pairwise,reconciled_prefix_error,weeks_1_12__10_edps,prefix,10,12,1.3500619578686492
provider_eval_linkage_shift_-1.0,linkage_shift_-1.0,panel_fixed_log_pairwise,union_adjustment,weeks_1_12__10_edps,prefix,10,12,6.367736771228649e-05
provider_eval_linkage_shift_-1.0,linkage_shift_-1.0,panel_fixed_log_pairwise,cell_l1_adjustment,weeks_1_12__10_edps,prefix,10,12,0.04538063453087039
provider_eval_linkage_shift_-1.0,linkage_shift_-1.0,panel_fixed_log_pairwise,temporal_projection_used,weeks_1_12__10_edps,prefix,10,12,1.0
provider_eval_linkage_shift_-1.0,linkage_shift_-1.0,panel_fixed_log_pairwise,reconciliation_seconds,weeks_1_12__10_edps,prefix,10,12,0.1626380831003189
provider_eval_linkage_shift_-1.0,linkage_shift_-1.0,panel_fixed_log_pairwise,raw_prefix_error,weeks_1_13__10_edps,prefix,10,13,1.375726772530841
provider_eval_linkage_shift_-1.0,linkage_shift_-1.0,panel_fixed_log_pairwise,reconciled_prefix_error,weeks_1_13__10_edps,prefix,10,13,1.3757225433526012
provider_eval_linkage_shift_-1.0,linkage_shift_-1.0,panel_fixed_log_pairwise,union_adjustment,weeks_1_13__10_edps,prefix,10,13,1.7801618810339938e-06
provider_eval_linkage_shift_-1.0,linkage_shift_-1.0,panel_fixed_log_pairwise,cell_l1_adjustment,weeks_1_13__10_edps,prefix,10,13,0.03740987882902142
provider_eval_linkage_shift_-1.0,linkage_shift_-1.0,panel_fixed_log_pairwise,temporal_projection_used,weeks_1_13__10_edps,prefix,10,13,1.0
provider_eval_linkage_shift_-1.0,linkage_shift_-1.0,panel_fixed_log_pairwise,reconciliation_seconds,weeks_1_13__10_edps,prefix,10,13,0.16741279105190188
provider_eval_linkage_shift_-1.0,linkage_shift_-1.0,panel_fixed_log_pairwise__active_today,report_error,weeks_1_3__2_edps,prefix,2,3,0.029304029304029304
provider_eval_linkage_shift_-1.0,linkage_shift_-1.0,panel_fixed_log_pairwise__active_today,report_error,weeks_1_12__2_edps,prefix,2,12,0.24942528735632183
provider_eval_linkage_shift_-1.0,linkage_shift_-1.0,panel_fixed_log_pairwise__active_today,report_error,weeks_5_12__2_edps,interval,2,12,0.2218909710391823
provider_eval_linkage_shift_-1.0,linkage_shift_-1.0,panel_fixed_log_pairwise__active_today,report_error,weeks_1_3__5_edps,prefix,5,3,0.2305334150827713
provider_eval_linkage_shift_-1.0,linkage_shift_-1.0,panel_fixed_log_pairwise__active_today,report_error,weeks_1_12__5_edps,prefix,5,12,0.8779014308426073
provider_eval_linkage_shift_-1.0,linkage_shift_-1.0,panel_fixed_log_pairwise__active_today,report_error,weeks_7_13__5_edps,interval,5,13,0.6924991112691077
provider_eval_linkage_shift_-1.0,linkage_shift_-1.0,panel_fixed_log_pairwise__active_today,report_error,all_weeks__5_edps,prefix,5,13,0.927170868347339
provider_eval_linkage_shift_-1.0,linkage_shift_-1.0,panel_fixed_log_pairwise__active_today,report_error,noncontiguous__5_edps,noncontiguous,5,13,0.5086728519564341
provider_eval_linkage_shift_-1.0,linkage_shift_-1.0,panel_fixed_log_pairwise__active_today,report_error,weeks_1_3__10_edps,prefix,10,3,0.45735129068462405
provider_eval_linkage_shift_-1.0,linkage_shift_-1.0,panel_fixed_log_pairwise__active_today,report_error,weeks_1_12__10_edps,prefix,10,12,1.3500619578686492
provider_eval_linkage_shift_-1.0,linkage_shift_-1.0,panel_fixed_log_pairwise__active_today,report_error,all_weeks__10_edps,prefix,10,13,1.3757225433526012
provider_eval_linkage_shift_-1.0,linkage_shift_-1.0,panel_fixed_log_pairwise__active_today,report_error,weeks_5_12__10_edps,interval,10,12,1.2762893503014066
provider_eval_linkage_shift_-1.0,linkage_shift_-1.0,panel_fixed_log_pairwise__active_today,report_error,weeks_7_13__10_edps,interval,10,13,1.1376936316695352
provider_eval_linkage_shift_-1.0,linkage_shift_-1.0,panel_fixed_log_pairwise__active_today,report_error,noncontiguous__10_edps,noncontiguous,10,13,0.8663121914166351
provider_eval_linkage_shift_-1.0,linkage_shift_-1.0,panel_fixed_log_pairwise__active_today,report_error,noncontiguous__2_edps,noncontiguous,2,13,0.12061794414735591
provider_eval_linkage_shift_-1.0,linkage_shift_-1.0,panel_fixed_log_pairwise__recent_creation,report_error,weeks_1_3__2_edps,prefix,2,3,0.029304029304029304
provider_eval_linkage_shift_-1.0,linkage_shift_-1.0,panel_fixed_log_pairwise__recent_creation,report_error,weeks_1_12__2_edps,prefix,2,12,0.24942528735632183
provider_eval_linkage_shift_-1.0,linkage_shift_-1.0,panel_fixed_log_pairwise__recent_creation,report_error,weeks_5_12__2_edps,interval,2,12,0.19889267461669505
provider_eval_linkage_shift_-1.0,linkage_shift_-1.0,panel_fixed_log_pairwise__recent_creation,report_error,weeks_1_3__5_edps,prefix,5,3,0.2305334150827713
provider_eval_linkage_shift_-1.0,linkage_shift_-1.0,panel_fixed_log_pairwise__recent_creation,report_error,weeks_1_12__5_edps,prefix,5,12,0.8779014308426073
provider_eval_linkage_shift_-1.0,linkage_shift_-1.0,panel_fixed_log_pairwise__recent_creation,report_error,weeks_7_13__5_edps,interval,5,13,0.6178457163170992
provider_eval_linkage_shift_-1.0,linkage_shift_-1.0,panel_fixed_log_pairwise__recent_creation,report_error,all_weeks__5_edps,prefix,5,13,0.927170868347339
provider_eval_linkage_shift_-1.0,linkage_shift_-1.0,panel_fixed_log_pairwise__recent_creation,report_error,noncontiguous__5_edps,noncontiguous,5,13,0.4824526018555869
provider_eval_linkage_shift_-1.0,linkage_shift_-1.0,panel_fixed_log_pairwise__recent_creation,report_error,weeks_1_3__10_edps,prefix,10,3,0.45735129068462405
provider_eval_linkage_shift_-1.0,linkage_shift_-1.0,panel_fixed_log_pairwise__recent_creation,report_error,weeks_1_12__10_edps,prefix,10,12,1.3500619578686492
provider_eval_linkage_shift_-1.0,linkage_shift_-1.0,panel_fixed_log_pairwise__recent_creation,report_error,all_weeks__10_edps,prefix,10,13,1.3757225433526012
provider_eval_linkage_shift_-1.0,linkage_shift_-1.0,panel_fixed_log_pairwise__recent_creation,report_error,weeks_5_12__10_edps,interval,10,12,1.1620897521768252
provider_eval_linkage_shift_-1.0,linkage_shift_-1.0,panel_fixed_log_pairwise__recent_creation,report_error,weeks_7_13__10_edps,interval,10,13,0.9934595524956971
provider_eval_linkage_shift_-1.0,linkage_shift_-1.0,panel_fixed_log_pairwise__recent_creation,report_error,noncontiguous__10_edps,noncontiguous,10,13,0.8127611090011394
provider_eval_linkage_shift_-1.0,linkage_shift_-1.0,panel_fixed_log_pairwise__recent_creation,report_error,noncontiguous__2_edps,noncontiguous,2,13,0.11942959001782531
provider_eval_linkage_shift_-1.0,linkage_shift_-1.0,panel_fixed_log_pairwise__oldest_creation,report_error,weeks_1_3__2_edps,prefix,2,3,0.029304029304029304
provider_eval_linkage_shift_-1.0,linkage_shift_-1.0,panel_fixed_log_pairwise__oldest_creation,report_error,weeks_1_12__2_edps,prefix,2,12,0.24942528735632183
provider_eval_linkage_shift_-1.0,linkage_shift_-1.0,panel_fixed_log_pairwise__oldest_creation,report_error,weeks_5_12__2_edps,interval,2,12,0.11201022146507666
provider_eval_linkage_shift_-1.0,linkage_shift_-1.0,panel_fixed_log_pairwise__oldest_creation,report_error,weeks_1_3__5_edps,prefix,5,3,0.2305334150827713
provider_eval_linkage_shift_-1.0,linkage_shift_-1.0,panel_fixed_log_pairwise__oldest_creation,report_error,weeks_1_12__5_edps,prefix,5,12,0.8779014308426073
provider_eval_linkage_shift_-1.0,linkage_shift_-1.0,panel_fixed_log_pairwise__oldest_creation,report_error,weeks_7_13__5_edps,interval,5,13,0.46640597227159614
provider_eval_linkage_shift_-1.0,linkage_shift_-1.0,panel_fixed_log_pairwise__oldest_creation,report_error,all_weeks__5_edps,prefix,5,13,0.927170868347339
provider_eval_linkage_shift_-1.0,linkage_shift_-1.0,panel_fixed_log_pairwise__oldest_creation,report_error,noncontiguous__5_edps,noncontiguous,5,13,0.6256555062525212
provider_eval_linkage_shift_-1.0,linkage_shift_-1.0,panel_fixed_log_pairwise__oldest_creation,report_error,weeks_1_3__10_edps,prefix,10,3,0.45735129068462405
provider_eval_linkage_shift_-1.0,linkage_shift_-1.0,panel_fixed_log_pairwise__oldest_creation,report_error,weeks_1_12__10_edps,prefix,10,12,1.3500619578686492
provider_eval_linkage_shift_-1.0,linkage_shift_-1.0,panel_fixed_log_pairwise__oldest_creation,report_error,all_weeks__10_edps,prefix,10,13,1.3757225433526012
provider_eval_linkage_shift_-1.0,linkage_shift_-1.0,panel_fixed_log_pairwise__oldest_creation,report_error,weeks_5_12__10_edps,interval,10,12,0.891828533154722
provider_eval_linkage_shift_-1.0,linkage_shift_-1.0,panel_fixed_log_pairwise__oldest_creation,report_error,weeks_7_13__10_edps,interval,10,13,0.7614457831325301
provider_eval_linkage_shift_-1.0,linkage_shift_-1.0,panel_fixed_log_pairwise__oldest_creation,report_error,noncontiguous__10_edps,noncontiguous,10,13,1.0824154956323586
provider_eval_linkage_shift_-1.0,linkage_shift_-1.0,panel_fixed_log_pairwise__oldest_creation,report_error,noncontiguous__2_edps,noncontiguous,2,13,0.14557338086749852
provider_eval_linkage_shift_0.0,linkage_shift_0.0,existing_vid,report_error,weeks_1_3__2_edps,prefix,2,3,0.01040081923180171
provider_eval_linkage_shift_0.0,linkage_shift_0.0,existing_vid,report_error,weeks_1_12__2_edps,prefix,2,12,0.03815401827774637
provider_eval_linkage_shift_0.0,linkage_shift_0.0,existing_vid,report_error,weeks_5_12__2_edps,interval,2,12,0.0261793090499433
provider_eval_linkage_shift_0.0,linkage_shift_0.0,existing_vid,report_error,weeks_1_3__5_edps,prefix,5,3,0.018784716194237137
provider_eval_linkage_shift_0.0,linkage_shift_0.0,existing_vid,report_error,weeks_1_12__5_edps,prefix,5,12,0.10234127567327903
provider_eval_linkage_shift_0.0,linkage_shift_0.0,existing_vid,report_error,weeks_7_13__5_edps,interval,5,13,0.07806155584625893
provider_eval_linkage_shift_0.0,linkage_shift_0.0,existing_vid,report_error,all_weeks__5_edps,prefix,5,13,0.10664328758760014
provider_eval_linkage_shift_0.0,linkage_shift_0.0,existing_vid,report_error,noncontiguous__5_edps,noncontiguous,5,13,0.05093108545099101
provider_eval_linkage_shift_0.0,linkage_shift_0.0,existing_vid,report_error,weeks_1_3__10_edps,prefix,10,3,0.06174719840578352
provider_eval_linkage_shift_0.0,linkage_shift_0.0,existing_vid,report_error,weeks_1_12__10_edps,prefix,10,12,0.1443033484250003
provider_eval_linkage_shift_0.0,linkage_shift_0.0,existing_vid,report_error,all_weeks__10_edps,prefix,10,13,0.14763691603745935
provider_eval_linkage_shift_0.0,linkage_shift_0.0,existing_vid,report_error,weeks_5_12__10_edps,interval,10,12,0.1228054743948184
provider_eval_linkage_shift_0.0,linkage_shift_0.0,existing_vid,report_error,weeks_7_13__10_edps,interval,10,13,0.10451246594041444
provider_eval_linkage_shift_0.0,linkage_shift_0.0,existing_vid,report_error,noncontiguous__10_edps,noncontiguous,10,13,0.08138938812196811
provider_eval_linkage_shift_0.0,linkage_shift_0.0,existing_vid,report_error,noncontiguous__2_edps,noncontiguous,2,13,0.014135391638635033
provider_eval_linkage_shift_0.0,linkage_shift_0.0,panel_fixed_log_pairwise,raw_prefix_error,weeks_1_1__10_edps,prefix,10,1,0.016332600457713616
provider_eval_linkage_shift_0.0,linkage_shift_0.0,panel_fixed_log_pairwise,reconciled_prefix_error,weeks_1_1__10_edps,prefix,10,1,0.016666666666666666
provider_eval_linkage_shift_0.0,linkage_shift_0.0,panel_fixed_log_pairwise,union_adjustment,weeks_1_1__10_edps,prefix,10,1,0.0003286977204160057
provider_eval_linkage_shift_0.0,linkage_shift_0.0,panel_fixed_log_pairwise,cell_l1_adjustment,weeks_1_1__10_edps,prefix,10,1,0.04267277791762738
provider_eval_linkage_shift_0.0,linkage_shift_0.0,panel_fixed_log_pairwise,temporal_projection_used,weeks_1_1__10_edps,prefix,10,1,1.0
provider_eval_linkage_shift_0.0,linkage_shift_0.0,panel_fixed_log_pairwise,reconciliation_seconds,weeks_1_1__10_edps,prefix,10,1,0.011599375051446259
provider_eval_linkage_shift_0.0,linkage_shift_0.0,panel_fixed_log_pairwise,raw_prefix_error,weeks_1_2__10_edps,prefix,10,2,0.041832757066302954
provider_eval_linkage_shift_0.0,linkage_shift_0.0,panel_fixed_log_pairwise,reconciled_prefix_error,weeks_1_2__10_edps,prefix,10,2,0.041826923076923074
provider_eval_linkage_shift_0.0,linkage_shift_0.0,panel_fixed_log_pairwise,union_adjustment,weeks_1_2__10_edps,prefix,10,2,5.599736943271686e-06
provider_eval_linkage_shift_0.0,linkage_shift_0.0,panel_fixed_log_pairwise,cell_l1_adjustment,weeks_1_2__10_edps,prefix,10,2,0.07713962485365597
provider_eval_linkage_shift_0.0,linkage_shift_0.0,panel_fixed_log_pairwise,temporal_projection_used,weeks_1_2__10_edps,prefix,10,2,1.0
provider_eval_linkage_shift_0.0,linkage_shift_0.0,panel_fixed_log_pairwise,reconciliation_seconds,weeks_1_2__10_edps,prefix,10,2,0.025788750033825636
provider_eval_linkage_shift_0.0,linkage_shift_0.0,panel_fixed_log_pairwise,raw_prefix_error,weeks_1_3__10_edps,prefix,10,3,0.05201097347766339
provider_eval_linkage_shift_0.0,linkage_shift_0.0,panel_fixed_log_pairwise,reconciled_prefix_error,weeks_1_3__10_edps,prefix,10,3,0.05197132616487455
provider_eval_linkage_shift_0.0,linkage_shift_0.0,panel_fixed_log_pairwise,union_adjustment,weeks_1_3__10_edps,prefix,10,3,3.768716656780209e-05
provider_eval_linkage_shift_0.0,linkage_shift_0.0,panel_fixed_log_pairwise,cell_l1_adjustment,weeks_1_3__10_edps,prefix,10,3,0.06716111728560085
provider_eval_linkage_shift_0.0,linkage_shift_0.0,panel_fixed_log_pairwise,temporal_projection_used,weeks_1_3__10_edps,prefix,10,3,1.0
provider_eval_linkage_shift_0.0,linkage_shift_0.0,panel_fixed_log_pairwise,reconciliation_seconds,weeks_1_3__10_edps,prefix,10,3,0.0350389169761911
provider_eval_linkage_shift_0.0,linkage_shift_0.0,panel_fixed_log_pairwise,raw_prefix_error,weeks_1_4__10_edps,prefix,10,4,0.0468523301078571
provider_eval_linkage_shift_0.0,linkage_shift_0.0,panel_fixed_log_pairwise,reconciled_prefix_error,weeks_1_4__10_edps,prefix,10,4,0.04696616102683781
provider_eval_linkage_shift_0.0,linkage_shift_0.0,panel_fixed_log_pairwise,union_adjustment,weeks_1_4__10_edps,prefix,10,4,0.00010873636682799399
provider_eval_linkage_shift_0.0,linkage_shift_0.0,panel_fixed_log_pairwise,cell_l1_adjustment,weeks_1_4__10_edps,prefix,10,4,0.030090986642215996
provider_eval_linkage_shift_0.0,linkage_shift_0.0,panel_fixed_log_pairwise,temporal_projection_used,weeks_1_4__10_edps,prefix,10,4,1.0
provider_eval_linkage_shift_0.0,linkage_shift_0.0,panel_fixed_log_pairwise,reconciliation_seconds,weeks_1_4__10_edps,prefix,10,4,0.05371512507554144
provider_eval_linkage_shift_0.0,linkage_shift_0.0,panel_fixed_log_pairwise,raw_prefix_error,weeks_1_5__10_edps,prefix,10,5,0.04914731935550379
provider_eval_linkage_shift_0.0,linkage_shift_0.0,panel_fixed_log_pairwise,reconciled_prefix_error,weeks_1_5__10_edps,prefix,10,5,0.04914004914004914
provider_eval_linkage_shift_0.0,linkage_shift_0.0,panel_fixed_log_pairwise,union_adjustment,weeks_1_5__10_edps,prefix,10,5,6.929642120274987e-06
provider_eval_linkage_shift_0.0,linkage_shift_0.0,panel_fixed_log_pairwise,cell_l1_adjustment,weeks_1_5__10_edps,prefix,10,5,0.04578012344685085
provider_eval_linkage_shift_0.0,linkage_shift_0.0,panel_fixed_log_pairwise,temporal_projection_used,weeks_1_5__10_edps,prefix,10,5,1.0
provider_eval_linkage_shift_0.0,linkage_shift_0.0,panel_fixed_log_pairwise,reconciliation_seconds,weeks_1_5__10_edps,prefix,10,5,0.08150179195217788
provider_eval_linkage_shift_0.0,linkage_shift_0.0,panel_fixed_log_pairwise,raw_prefix_error,weeks_1_6__10_edps,prefix,10,6,0.05196982830790391
provider_eval_linkage_shift_0.0,linkage_shift_0.0,panel_fixed_log_pairwise,reconciled_prefix_error,weeks_1_6__10_edps,prefix,10,6,0.05198387438998515
provider_eval_linkage_shift_0.0,linkage_shift_0.0,panel_fixed_log_pairwise,union_adjustment,weeks_1_6__10_edps,prefix,10,6,1.3352171995182084e-05
provider_eval_linkage_shift_0.0,linkage_shift_0.0,panel_fixed_log_pairwise,cell_l1_adjustment,weeks_1_6__10_edps,prefix,10,6,0.0651205167899236
provider_eval_linkage_shift_0.0,linkage_shift_0.0,panel_fixed_log_pairwise,temporal_projection_used,weeks_1_6__10_edps,prefix,10,6,1.0
provider_eval_linkage_shift_0.0,linkage_shift_0.0,panel_fixed_log_pairwise,reconciliation_seconds,weeks_1_6__10_edps,prefix,10,6,0.10122499999124557
provider_eval_linkage_shift_0.0,linkage_shift_0.0,panel_fixed_log_pairwise,raw_prefix_error,weeks_1_7__10_edps,prefix,10,7,0.055414627338740315
provider_eval_linkage_shift_0.0,linkage_shift_0.0,panel_fixed_log_pairwise,reconciled_prefix_error,weeks_1_7__10_edps,prefix,10,7,0.05541801561607313
provider_eval_linkage_shift_0.0,linkage_shift_0.0,panel_fixed_log_pairwise,union_adjustment,weeks_1_7__10_edps,prefix,10,7,3.2103755673879616e-06
provider_eval_linkage_shift_0.0,linkage_shift_0.0,panel_fixed_log_pairwise,cell_l1_adjustment,weeks_1_7__10_edps,prefix,10,7,0.06761914809581174
provider_eval_linkage_shift_0.0,linkage_shift_0.0,panel_fixed_log_pairwise,temporal_projection_used,weeks_1_7__10_edps,prefix,10,7,1.0
provider_eval_linkage_shift_0.0,linkage_shift_0.0,panel_fixed_log_pairwise,reconciliation_seconds,weeks_1_7__10_edps,prefix,10,7,0.1213061660528183
provider_eval_linkage_shift_0.0,linkage_shift_0.0,panel_fixed_log_pairwise,raw_prefix_error,weeks_1_8__10_edps,prefix,10,8,0.05546071176902067
provider_eval_linkage_shift_0.0,linkage_shift_0.0,panel_fixed_log_pairwise,reconciled_prefix_error,weeks_1_8__10_edps,prefix,10,8,0.05551675977653631
provider_eval_linkage_shift_0.0,linkage_shift_0.0,panel_fixed_log_pairwise,union_adjustment,weeks_1_8__10_edps,prefix,10,8,5.310288378429919e-05
provider_eval_linkage_shift_0.0,linkage_shift_0.0,panel_fixed_log_pairwise,cell_l1_adjustment,weeks_1_8__10_edps,prefix,10,8,0.05796353350411471
provider_eval_linkage_shift_0.0,linkage_shift_0.0,panel_fixed_log_pairwise,temporal_projection_used,weeks_1_8__10_edps,prefix,10,8,1.0
provider_eval_linkage_shift_0.0,linkage_shift_0.0,panel_fixed_log_pairwise,reconciliation_seconds,weeks_1_8__10_edps,prefix,10,8,0.14055975002702326
provider_eval_linkage_shift_0.0,linkage_shift_0.0,panel_fixed_log_pairwise,raw_prefix_error,weeks_1_9__10_edps,prefix,10,9,0.05932840448291487
provider_eval_linkage_shift_0.0,linkage_shift_0.0,panel_fixed_log_pairwise,reconciled_prefix_error,weeks_1_9__10_edps,prefix,10,9,0.0594059405940594
provider_eval_linkage_shift_0.0,linkage_shift_0.0,panel_fixed_log_pairwise,union_adjustment,weeks_1_9__10_edps,prefix,10,9,7.319364874695838e-05
provider_eval_linkage_shift_0.0,linkage_shift_0.0,panel_fixed_log_pairwise,cell_l1_adjustment,weeks_1_9__10_edps,prefix,10,9,0.042605713216278714
provider_eval_linkage_shift_0.0,linkage_shift_0.0,panel_fixed_log_pairwise,temporal_projection_used,weeks_1_9__10_edps,prefix,10,9,1.0
provider_eval_linkage_shift_0.0,linkage_shift_0.0,panel_fixed_log_pairwise,reconciliation_seconds,weeks_1_9__10_edps,prefix,10,9,0.16683204204309732
provider_eval_linkage_shift_0.0,linkage_shift_0.0,panel_fixed_log_pairwise,raw_prefix_error,weeks_1_10__10_edps,prefix,10,10,0.061977362627818555
provider_eval_linkage_shift_0.0,linkage_shift_0.0,panel_fixed_log_pairwise,reconciled_prefix_error,weeks_1_10__10_edps,prefix,10,10,0.06192587899904973
provider_eval_linkage_shift_0.0,linkage_shift_0.0,panel_fixed_log_pairwise,union_adjustment,weeks_1_10__10_edps,prefix,10,10,4.8479026559664815e-05
provider_eval_linkage_shift_0.0,linkage_shift_0.0,panel_fixed_log_pairwise,cell_l1_adjustment,weeks_1_10__10_edps,prefix,10,10,0.037195749892817626
provider_eval_linkage_shift_0.0,linkage_shift_0.0,panel_fixed_log_pairwise,temporal_projection_used,weeks_1_10__10_edps,prefix,10,10,1.0
provider_eval_linkage_shift_0.0,linkage_shift_0.0,panel_fixed_log_pairwise,reconciliation_seconds,weeks_1_10__10_edps,prefix,10,10,0.17399333394132555
provider_eval_linkage_shift_0.0,linkage_shift_0.0,panel_fixed_log_pairwise,raw_prefix_error,weeks_1_11__10_edps,prefix,10,11,0.06198778878880992
provider_eval_linkage_shift_0.0,linkage_shift_0.0,panel_fixed_log_pairwise,reconciled_prefix_error,weeks_1_11__10_edps,prefix,10,11,0.06199787782325299
provider_eval_linkage_shift_0.0,linkage_shift_0.0,panel_fixed_log_pairwise,union_adjustment,weeks_1_11__10_edps,prefix,10,11,9.500141668287223e-06
provider_eval_linkage_shift_0.0,linkage_shift_0.0,panel_fixed_log_pairwise,cell_l1_adjustment,weeks_1_11__10_edps,prefix,10,11,0.044875351473201854
provider_eval_linkage_shift_0.0,linkage_shift_0.0,panel_fixed_log_pairwise,temporal_projection_used,weeks_1_11__10_edps,prefix,10,11,1.0
provider_eval_linkage_shift_0.0,linkage_shift_0.0,panel_fixed_log_pairwise,reconciliation_seconds,weeks_1_11__10_edps,prefix,10,11,0.1934935839381069
provider_eval_linkage_shift_0.0,linkage_shift_0.0,panel_fixed_log_pairwise,raw_prefix_error,weeks_1_12__10_edps,prefix,10,12,0.06098675719862889
provider_eval_linkage_shift_0.0,linkage_shift_0.0,panel_fixed_log_pairwise,reconciled_prefix_error,weeks_1_12__10_edps,prefix,10,12,0.06102736718864335
provider_eval_linkage_shift_0.0,linkage_shift_0.0,panel_fixed_log_pairwise,union_adjustment,weeks_1_12__10_edps,prefix,10,12,3.827568038779419e-05
provider_eval_linkage_shift_0.0,linkage_shift_0.0,panel_fixed_log_pairwise,cell_l1_adjustment,weeks_1_12__10_edps,prefix,10,12,0.0463097523104349
provider_eval_linkage_shift_0.0,linkage_shift_0.0,panel_fixed_log_pairwise,temporal_projection_used,weeks_1_12__10_edps,prefix,10,12,1.0
provider_eval_linkage_shift_0.0,linkage_shift_0.0,panel_fixed_log_pairwise,reconciliation_seconds,weeks_1_12__10_edps,prefix,10,12,0.19914112496189773
provider_eval_linkage_shift_0.0,linkage_shift_0.0,panel_fixed_log_pairwise,raw_prefix_error,weeks_1_13__10_edps,prefix,10,13,0.0597278251787098
provider_eval_linkage_shift_0.0,linkage_shift_0.0,panel_fixed_log_pairwise,reconciled_prefix_error,weeks_1_13__10_edps,prefix,10,13,0.05973578403216542
provider_eval_linkage_shift_0.0,linkage_shift_0.0,panel_fixed_log_pairwise,union_adjustment,weeks_1_13__10_edps,prefix,10,13,7.510280721699248e-06
provider_eval_linkage_shift_0.0,linkage_shift_0.0,panel_fixed_log_pairwise,cell_l1_adjustment,weeks_1_13__10_edps,prefix,10,13,0.041115736932777376
provider_eval_linkage_shift_0.0,linkage_shift_0.0,panel_fixed_log_pairwise,temporal_projection_used,weeks_1_13__10_edps,prefix,10,13,1.0
provider_eval_linkage_shift_0.0,linkage_shift_0.0,panel_fixed_log_pairwise,reconciliation_seconds,weeks_1_13__10_edps,prefix,10,13,0.20558487495873123
provider_eval_linkage_shift_0.0,linkage_shift_0.0,panel_fixed_log_pairwise__active_today,report_error,weeks_1_3__2_edps,prefix,2,3,0.014504431909750202
provider_eval_linkage_shift_0.0,linkage_shift_0.0,panel_fixed_log_pairwise__active_today,report_error,weeks_1_12__2_edps,prefix,2,12,0.012719050310910118
provider_eval_linkage_shift_0.0,linkage_shift_0.0,panel_fixed_log_pairwise__active_today,report_error,weeks_5_12__2_edps,interval,2,12,0.027788208787082238
provider_eval_linkage_shift_0.0,linkage_shift_0.0,panel_fixed_log_pairwise__active_today,report_error,weeks_1_3__5_edps,prefix,5,3,0.002772002772002772
provider_eval_linkage_shift_0.0,linkage_shift_0.0,panel_fixed_log_pairwise__active_today,report_error,weeks_1_12__5_edps,prefix,5,12,0.016747237569060772
provider_eval_linkage_shift_0.0,linkage_shift_0.0,panel_fixed_log_pairwise__active_today,report_error,weeks_7_13__5_edps,interval,5,13,0.06743566992014197
provider_eval_linkage_shift_0.0,linkage_shift_0.0,panel_fixed_log_pairwise__active_today,report_error,all_weeks__5_edps,prefix,5,13,0.02147083685545224
provider_eval_linkage_shift_0.0,linkage_shift_0.0,panel_fixed_log_pairwise__active_today,report_error,noncontiguous__5_edps,noncontiguous,5,13,0.03090507726269316
provider_eval_linkage_shift_0.0,linkage_shift_0.0,panel_fixed_log_pairwise__active_today,report_error,weeks_1_3__10_edps,prefix,10,3,0.05197132616487455
provider_eval_linkage_shift_0.0,linkage_shift_0.0,panel_fixed_log_pairwise__active_today,report_error,weeks_1_12__10_edps,prefix,10,12,0.06102736718864335
provider_eval_linkage_shift_0.0,linkage_shift_0.0,panel_fixed_log_pairwise__active_today,report_error,all_weeks__10_edps,prefix,10,13,0.05973578403216542
provider_eval_linkage_shift_0.0,linkage_shift_0.0,panel_fixed_log_pairwise__active_today,report_error,weeks_5_12__10_edps,interval,10,12,0.10168907273354016
provider_eval_linkage_shift_0.0,linkage_shift_0.0,panel_fixed_log_pairwise__active_today,report_error,weeks_7_13__10_edps,interval,10,13,0.09837631327602674
provider_eval_linkage_shift_0.0,linkage_shift_0.0,panel_fixed_log_pairwise__active_today,report_error,noncontiguous__10_edps,noncontiguous,10,13,0.009550084889643463
provider_eval_linkage_shift_0.0,linkage_shift_0.0,panel_fixed_log_pairwise__active_today,report_error,noncontiguous__2_edps,noncontiguous,2,13,0.019702066314271984
provider_eval_linkage_shift_0.0,linkage_shift_0.0,panel_fixed_log_pairwise__recent_creation,report_error,weeks_1_3__2_edps,prefix,2,3,0.014504431909750202
provider_eval_linkage_shift_0.0,linkage_shift_0.0,panel_fixed_log_pairwise__recent_creation,report_error,weeks_1_12__2_edps,prefix,2,12,0.012719050310910118
provider_eval_linkage_shift_0.0,linkage_shift_0.0,panel_fixed_log_pairwise__recent_creation,report_error,weeks_5_12__2_edps,interval,2,12,0.020277882087870822
provider_eval_linkage_shift_0.0,linkage_shift_0.0,panel_fixed_log_pairwise__recent_creation,report_error,weeks_1_3__5_edps,prefix,5,3,0.002772002772002772
provider_eval_linkage_shift_0.0,linkage_shift_0.0,panel_fixed_log_pairwise__recent_creation,report_error,weeks_1_12__5_edps,prefix,5,12,0.016747237569060772
provider_eval_linkage_shift_0.0,linkage_shift_0.0,panel_fixed_log_pairwise__recent_creation,report_error,weeks_7_13__5_edps,interval,5,13,0.020629991126885537
provider_eval_linkage_shift_0.0,linkage_shift_0.0,panel_fixed_log_pairwise__recent_creation,report_error,all_weeks__5_edps,prefix,5,13,0.02147083685545224
provider_eval_linkage_shift_0.0,linkage_shift_0.0,panel_fixed_log_pairwise__recent_creation,report_error,noncontiguous__5_edps,noncontiguous,5,13,0.05601545253863135
provider_eval_linkage_shift_0.0,linkage_shift_0.0,panel_fixed_log_pairwise__recent_creation,report_error,weeks_1_3__10_edps,prefix,10,3,0.05197132616487455
provider_eval_linkage_shift_0.0,linkage_shift_0.0,panel_fixed_log_pairwise__recent_creation,report_error,weeks_1_12__10_edps,prefix,10,12,0.06102736718864335
provider_eval_linkage_shift_0.0,linkage_shift_0.0,panel_fixed_log_pairwise__recent_creation,report_error,all_weeks__10_edps,prefix,10,13,0.05973578403216542
provider_eval_linkage_shift_0.0,linkage_shift_0.0,panel_fixed_log_pairwise__recent_creation,report_error,weeks_5_12__10_edps,interval,10,12,0.05325749741468459
provider_eval_linkage_shift_0.0,linkage_shift_0.0,panel_fixed_log_pairwise__recent_creation,report_error,weeks_7_13__10_edps,interval,10,13,0.02979942693409742
provider_eval_linkage_shift_0.0,linkage_shift_0.0,panel_fixed_log_pairwise__recent_creation,report_error,noncontiguous__10_edps,noncontiguous,10,13,0.024193548387096774
provider_eval_linkage_shift_0.0,linkage_shift_0.0,panel_fixed_log_pairwise__recent_creation,report_error,noncontiguous__2_edps,noncontiguous,2,13,0.029312830370014416
provider_eval_linkage_shift_0.0,linkage_shift_0.0,panel_fixed_log_pairwise__oldest_creation,report_error,weeks_1_3__2_edps,prefix,2,3,0.014504431909750202
provider_eval_linkage_shift_0.0,linkage_shift_0.0,panel_fixed_log_pairwise__oldest_creation,report_error,weeks_1_12__2_edps,prefix,2,12,0.012719050310910118
provider_eval_linkage_shift_0.0,linkage_shift_0.0,panel_fixed_log_pairwise__oldest_creation,report_error,weeks_5_12__2_edps,interval,2,12,0.041682313180623355
provider_eval_linkage_shift_0.0,linkage_shift_0.0,panel_fixed_log_pairwise__oldest_creation,report_error,weeks_1_3__5_edps,prefix,5,3,0.002772002772002772
provider_eval_linkage_shift_0.0,linkage_shift_0.0,panel_fixed_log_pairwise__oldest_creation,report_error,weeks_1_12__5_edps,prefix,5,12,0.016747237569060772
provider_eval_linkage_shift_0.0,linkage_shift_0.0,panel_fixed_log_pairwise__oldest_creation,report_error,weeks_7_13__5_edps,interval,5,13,0.0834072759538598
provider_eval_linkage_shift_0.0,linkage_shift_0.0,panel_fixed_log_pairwise__oldest_creation,report_error,all_weeks__5_edps,prefix,5,13,0.02147083685545224
provider_eval_linkage_shift_0.0,linkage_shift_0.0,panel_fixed_log_pairwise__oldest_creation,report_error,noncontiguous__5_edps,noncontiguous,5,13,0.00717439293598234
provider_eval_linkage_shift_0.0,linkage_shift_0.0,panel_fixed_log_pairwise__oldest_creation,report_error,weeks_1_3__10_edps,prefix,10,3,0.05197132616487455
provider_eval_linkage_shift_0.0,linkage_shift_0.0,panel_fixed_log_pairwise__oldest_creation,report_error,weeks_1_12__10_edps,prefix,10,12,0.06102736718864335
provider_eval_linkage_shift_0.0,linkage_shift_0.0,panel_fixed_log_pairwise__oldest_creation,report_error,all_weeks__10_edps,prefix,10,13,0.05973578403216542
provider_eval_linkage_shift_0.0,linkage_shift_0.0,panel_fixed_log_pairwise__oldest_creation,report_error,weeks_5_12__10_edps,interval,10,12,0.0725611857980007
provider_eval_linkage_shift_0.0,linkage_shift_0.0,panel_fixed_log_pairwise__oldest_creation,report_error,weeks_7_13__10_edps,interval,10,13,0.08175740210124165
provider_eval_linkage_shift_0.0,linkage_shift_0.0,panel_fixed_log_pairwise__oldest_creation,report_error,noncontiguous__10_edps,noncontiguous,10,13,0.06727504244482173
provider_eval_linkage_shift_0.0,linkage_shift_0.0,panel_fixed_log_pairwise__oldest_creation,report_error,noncontiguous__2_edps,noncontiguous,2,13,0.0177799135031235
provider_eval_linkage_shift_1.0,linkage_shift_1.0,existing_vid,report_error,weeks_1_3__2_edps,prefix,2,3,0.08702928127772892
provider_eval_linkage_shift_1.0,linkage_shift_1.0,existing_vid,report_error,weeks_1_12__2_edps,prefix,2,12,0.3777860710321865
provider_eval_linkage_shift_1.0,linkage_shift_1.0,existing_vid,report_error,weeks_5_12__2_edps,interval,2,12,0.21778689655172415
provider_eval_linkage_shift_1.0,linkage_shift_1.0,existing_vid,report_error,weeks_1_3__5_edps,prefix,5,3,0.32893031439778825
provider_eval_linkage_shift_1.0,linkage_shift_1.0,existing_vid,report_error,weeks_1_12__5_edps,prefix,5,12,1.0424556058482246
provider_eval_linkage_shift_1.0,linkage_shift_1.0,existing_vid,report_error,weeks_7_13__5_edps,interval,5,13,0.6028802930851102
provider_eval_linkage_shift_1.0,linkage_shift_1.0,existing_vid,report_error,all_weeks__5_edps,prefix,5,13,1.0532606794481352
provider_eval_linkage_shift_1.0,linkage_shift_1.0,existing_vid,report_error,noncontiguous__5_edps,noncontiguous,5,13,0.5704008353754196
provider_eval_linkage_shift_1.0,linkage_shift_1.0,existing_vid,report_error,weeks_1_3__10_edps,prefix,10,3,0.5909982955046599
provider_eval_linkage_shift_1.0,linkage_shift_1.0,existing_vid,report_error,weeks_1_12__10_edps,prefix,10,12,1.4398916207501697
provider_eval_linkage_shift_1.0,linkage_shift_1.0,existing_vid,report_error,all_weeks__10_edps,prefix,10,13,1.459121071779959
provider_eval_linkage_shift_1.0,linkage_shift_1.0,existing_vid,report_error,weeks_5_12__10_edps,interval,10,12,1.1825510354980473
provider_eval_linkage_shift_1.0,linkage_shift_1.0,existing_vid,report_error,weeks_7_13__10_edps,interval,10,13,1.0936970888696904
provider_eval_linkage_shift_1.0,linkage_shift_1.0,existing_vid,report_error,noncontiguous__10_edps,noncontiguous,10,13,0.9380657464808425
provider_eval_linkage_shift_1.0,linkage_shift_1.0,existing_vid,report_error,noncontiguous__2_edps,noncontiguous,2,13,0.16266281172663255
provider_eval_linkage_shift_1.0,linkage_shift_1.0,panel_fixed_log_pairwise,raw_prefix_error,weeks_1_1__10_edps,prefix,10,1,0.060893428338196144
provider_eval_linkage_shift_1.0,linkage_shift_1.0,panel_fixed_log_pairwise,reconciled_prefix_error,weeks_1_1__10_edps,prefix,10,1,0.06060606060606061
provider_eval_linkage_shift_1.0,linkage_shift_1.0,panel_fixed_log_pairwise,union_adjustment,weeks_1_1__10_edps,prefix,10,1,0.0002708733266320359
provider_eval_linkage_shift_1.0,linkage_shift_1.0,panel_fixed_log_pairwise,cell_l1_adjustment,weeks_1_1__10_edps,prefix,10,1,0.1132337840315879
provider_eval_linkage_shift_1.0,linkage_shift_1.0,panel_fixed_log_pairwise,temporal_projection_used,weeks_1_1__10_edps,prefix,10,1,1.0
provider_eval_linkage_shift_1.0,linkage_shift_1.0,panel_fixed_log_pairwise,reconciliation_seconds,weeks_1_1__10_edps,prefix,10,1,0.01260270900093019
provider_eval_linkage_shift_1.0,linkage_shift_1.0,panel_fixed_log_pairwise,raw_prefix_error,weeks_1_2__10_edps,prefix,10,2,0.011556810440722797
provider_eval_linkage_shift_1.0,linkage_shift_1.0,panel_fixed_log_pairwise,reconciled_prefix_error,weeks_1_2__10_edps,prefix,10,2,0.011665586519766688
provider_eval_linkage_shift_1.0,linkage_shift_1.0,panel_fixed_log_pairwise,union_adjustment,weeks_1_2__10_edps,prefix,10,2,0.00011004788154905245
provider_eval_linkage_shift_1.0,linkage_shift_1.0,panel_fixed_log_pairwise,cell_l1_adjustment,weeks_1_2__10_edps,prefix,10,2,0.25747400425995004
provider_eval_linkage_shift_1.0,linkage_shift_1.0,panel_fixed_log_pairwise,temporal_projection_used,weeks_1_2__10_edps,prefix,10,2,1.0
provider_eval_linkage_shift_1.0,linkage_shift_1.0,panel_fixed_log_pairwise,reconciliation_seconds,weeks_1_2__10_edps,prefix,10,2,0.02821283310186118
provider_eval_linkage_shift_1.0,linkage_shift_1.0,panel_fixed_log_pairwise,raw_prefix_error,weeks_1_3__10_edps,prefix,10,3,0.11651721433878531
provider_eval_linkage_shift_1.0,linkage_shift_1.0,panel_fixed_log_pairwise,reconciled_prefix_error,weeks_1_3__10_edps,prefix,10,3,0.11665817626082527
provider_eval_linkage_shift_1.0,linkage_shift_1.0,panel_fixed_log_pairwise,union_adjustment,weeks_1_3__10_edps,prefix,10,3,0.0001595525394775596
provider_eval_linkage_shift_1.0,linkage_shift_1.0,panel_fixed_log_pairwise,cell_l1_adjustment,weeks_1_3__10_edps,prefix,10,3,0.2587563193236253
provider_eval_linkage_shift_1.0,linkage_shift_1.0,panel_fixed_log_pairwise,temporal_projection_used,weeks_1_3__10_edps,prefix,10,3,1.0
provider_eval_linkage_shift_1.0,linkage_shift_1.0,panel_fixed_log_pairwise,reconciliation_seconds,weeks_1_3__10_edps,prefix,10,3,0.05204195901751518
provider_eval_linkage_shift_1.0,linkage_shift_1.0,panel_fixed_log_pairwise,raw_prefix_error,weeks_1_4__10_edps,prefix,10,4,0.15103010313597612
provider_eval_linkage_shift_1.0,linkage_shift_1.0,panel_fixed_log_pairwise,reconciled_prefix_error,weeks_1_4__10_edps,prefix,10,4,0.15100087032201914
provider_eval_linkage_shift_1.0,linkage_shift_1.0,panel_fixed_log_pairwise,union_adjustment,weeks_1_4__10_edps,prefix,10,4,3.443327503638049e-05
provider_eval_linkage_shift_1.0,linkage_shift_1.0,panel_fixed_log_pairwise,cell_l1_adjustment,weeks_1_4__10_edps,prefix,10,4,0.24640165921840174
provider_eval_linkage_shift_1.0,linkage_shift_1.0,panel_fixed_log_pairwise,temporal_projection_used,weeks_1_4__10_edps,prefix,10,4,1.0
provider_eval_linkage_shift_1.0,linkage_shift_1.0,panel_fixed_log_pairwise,reconciliation_seconds,weeks_1_4__10_edps,prefix,10,4,0.06870320904999971
provider_eval_linkage_shift_1.0,linkage_shift_1.0,panel_fixed_log_pairwise,raw_prefix_error,weeks_1_5__10_edps,prefix,10,5,0.21858283748169302
provider_eval_linkage_shift_1.0,linkage_shift_1.0,panel_fixed_log_pairwise,reconciled_prefix_error,weeks_1_5__10_edps,prefix,10,5,0.21860282574568288
provider_eval_linkage_shift_1.0,linkage_shift_1.0,panel_fixed_log_pairwise,union_adjustment,weeks_1_5__10_edps,prefix,10,5,2.5579504709376038e-05
provider_eval_linkage_shift_1.0,linkage_shift_1.0,panel_fixed_log_pairwise,cell_l1_adjustment,weeks_1_5__10_edps,prefix,10,5,0.23504905961812972
provider_eval_linkage_shift_1.0,linkage_shift_1.0,panel_fixed_log_pairwise,temporal_projection_used,weeks_1_5__10_edps,prefix,10,5,1.0
provider_eval_linkage_shift_1.0,linkage_shift_1.0,panel_fixed_log_pairwise,reconciliation_seconds,weeks_1_5__10_edps,prefix,10,5,0.07160704198759049
provider_eval_linkage_shift_1.0,linkage_shift_1.0,panel_fixed_log_pairwise,raw_prefix_error,weeks_1_6__10_edps,prefix,10,6,0.26365805825351746
provider_eval_linkage_shift_1.0,linkage_shift_1.0,panel_fixed_log_pairwise,reconciled_prefix_error,weeks_1_6__10_edps,prefix,10,6,0.26376062061322497
provider_eval_linkage_shift_1.0,linkage_shift_1.0,panel_fixed_log_pairwise,union_adjustment,weeks_1_6__10_edps,prefix,10,6,0.00013928632051400265
provider_eval_linkage_shift_1.0,linkage_shift_1.0,panel_fixed_log_pairwise,cell_l1_adjustment,weeks_1_6__10_edps,prefix,10,6,0.27638369743942415
provider_eval_linkage_shift_1.0,linkage_shift_1.0,panel_fixed_log_pairwise,temporal_projection_used,weeks_1_6__10_edps,prefix,10,6,1.0
provider_eval_linkage_shift_1.0,linkage_shift_1.0,panel_fixed_log_pairwise,reconciliation_seconds,weeks_1_6__10_edps,prefix,10,6,0.07058379088994116
provider_eval_linkage_shift_1.0,linkage_shift_1.0,panel_fixed_log_pairwise,raw_prefix_error,weeks_1_7__10_edps,prefix,10,7,0.3168602418534612
provider_eval_linkage_shift_1.0,linkage_shift_1.0,panel_fixed_log_pairwise,reconciled_prefix_error,weeks_1_7__10_edps,prefix,10,7,0.2962570621468927
provider_eval_linkage_shift_1.0,linkage_shift_1.0,panel_fixed_log_pairwise,union_adjustment,weeks_1_7__10_edps,prefix,10,7,0.03015953830950942
provider_eval_linkage_shift_1.0,linkage_shift_1.0,panel_fixed_log_pairwise,cell_l1_adjustment,weeks_1_7__10_edps,prefix,10,7,0.3927388429879855
provider_eval_linkage_shift_1.0,linkage_shift_1.0,panel_fixed_log_pairwise,temporal_projection_used,weeks_1_7__10_edps,prefix,10,7,1.0
provider_eval_linkage_shift_1.0,linkage_shift_1.0,panel_fixed_log_pairwise,reconciliation_seconds,weeks_1_7__10_edps,prefix,10,7,0.06993149989284575
provider_eval_linkage_shift_1.0,linkage_shift_1.0,panel_fixed_log_pairwise,raw_prefix_error,weeks_1_8__10_edps,prefix,10,8,0.30066735419951596
provider_eval_linkage_shift_1.0,linkage_shift_1.0,panel_fixed_log_pairwise,reconciled_prefix_error,weeks_1_8__10_edps,prefix,10,8,0.30073924731182794
provider_eval_linkage_shift_1.0,linkage_shift_1.0,panel_fixed_log_pairwise,union_adjustment,weeks_1_8__10_edps,prefix,10,8,0.00010280245423122803
provider_eval_linkage_shift_1.0,linkage_shift_1.0,panel_fixed_log_pairwise,cell_l1_adjustment,weeks_1_8__10_edps,prefix,10,8,0.2946558586620734
provider_eval_linkage_shift_1.0,linkage_shift_1.0,panel_fixed_log_pairwise,temporal_projection_used,weeks_1_8__10_edps,prefix,10,8,1.0
provider_eval_linkage_shift_1.0,linkage_shift_1.0,panel_fixed_log_pairwise,reconciliation_seconds,weeks_1_8__10_edps,prefix,10,8,0.07292979198973626
provider_eval_linkage_shift_1.0,linkage_shift_1.0,panel_fixed_log_pairwise,raw_prefix_error,weeks_1_9__10_edps,prefix,10,9,0.31422795168089634
provider_eval_linkage_shift_1.0,linkage_shift_1.0,panel_fixed_log_pairwise,reconciled_prefix_error,weeks_1_9__10_edps,prefix,10,9,0.31423948220064724
provider_eval_linkage_shift_1.0,linkage_shift_1.0,panel_fixed_log_pairwise,union_adjustment,weeks_1_9__10_edps,prefix,10,9,1.6813924944913446e-05
provider_eval_linkage_shift_1.0,linkage_shift_1.0,panel_fixed_log_pairwise,cell_l1_adjustment,weeks_1_9__10_edps,prefix,10,9,0.29653513541110244
provider_eval_linkage_shift_1.0,linkage_shift_1.0,panel_fixed_log_pairwise,temporal_projection_used,weeks_1_9__10_edps,prefix,10,9,1.0
provider_eval_linkage_shift_1.0,linkage_shift_1.0,panel_fixed_log_pairwise,reconciliation_seconds,weeks_1_9__10_edps,prefix,10,9,0.08074308396317065
provider_eval_linkage_shift_1.0,linkage_shift_1.0,panel_fixed_log_pairwise,raw_prefix_error,weeks_1_10__10_edps,prefix,10,10,0.3133943194773502
provider_eval_linkage_shift_1.0,linkage_shift_1.0,panel_fixed_log_pairwise,reconciled_prefix_error,weeks_1_10__10_edps,prefix,10,10,0.3134895503483217
provider_eval_linkage_shift_1.0,linkage_shift_1.0,panel_fixed_log_pairwise,union_adjustment,weeks_1_10__10_edps,prefix,10,10,0.00013869805286065168
provider_eval_linkage_shift_1.0,linkage_shift_1.0,panel_fixed_log_pairwise,cell_l1_adjustment,weeks_1_10__10_edps,prefix,10,10,0.26499595951954
provider_eval_linkage_shift_1.0,linkage_shift_1.0,panel_fixed_log_pairwise,temporal_projection_used,weeks_1_10__10_edps,prefix,10,10,1.0
provider_eval_linkage_shift_1.0,linkage_shift_1.0,panel_fixed_log_pairwise,reconciliation_seconds,weeks_1_10__10_edps,prefix,10,10,0.08120008301921189
provider_eval_linkage_shift_1.0,linkage_shift_1.0,panel_fixed_log_pairwise,raw_prefix_error,weeks_1_11__10_edps,prefix,10,11,0.3097084590386371
provider_eval_linkage_shift_1.0,linkage_shift_1.0,panel_fixed_log_pairwise,reconciled_prefix_error,weeks_1_11__10_edps,prefix,10,11,0.3098283931357254
provider_eval_linkage_shift_1.0,linkage_shift_1.0,panel_fixed_log_pairwise,union_adjustment,weeks_1_11__10_edps,prefix,10,11,0.00017374412110077243
provider_eval_linkage_shift_1.0,linkage_shift_1.0,panel_fixed_log_pairwise,cell_l1_adjustment,weeks_1_11__10_edps,prefix,10,11,0.23304972924439182
provider_eval_linkage_shift_1.0,linkage_shift_1.0,panel_fixed_log_pairwise,temporal_projection_used,weeks_1_11__10_edps,prefix,10,11,1.0
provider_eval_linkage_shift_1.0,linkage_shift_1.0,panel_fixed_log_pairwise,reconciliation_seconds,weeks_1_11__10_edps,prefix,10,11,0.07594295800663531
provider_eval_linkage_shift_1.0,linkage_shift_1.0,panel_fixed_log_pairwise,raw_prefix_error,weeks_1_12__10_edps,prefix,10,12,0.30530953216305523
provider_eval_linkage_shift_1.0,linkage_shift_1.0,panel_fixed_log_pairwise,reconciled_prefix_error,weeks_1_12__10_edps,prefix,10,12,0.30533168009919404
provider_eval_linkage_shift_1.0,linkage_shift_1.0,panel_fixed_log_pairwise,union_adjustment,weeks_1_12__10_edps,prefix,10,12,3.1881733181605504e-05
provider_eval_linkage_shift_1.0,linkage_shift_1.0,panel_fixed_log_pairwise,cell_l1_adjustment,weeks_1_12__10_edps,prefix,10,12,0.2343272358171989
provider_eval_linkage_shift_1.0,linkage_shift_1.0,panel_fixed_log_pairwise,temporal_projection_used,weeks_1_12__10_edps,prefix,10,12,1.0
provider_eval_linkage_shift_1.0,linkage_shift_1.0,panel_fixed_log_pairwise,reconciliation_seconds,weeks_1_12__10_edps,prefix,10,12,0.06503216701094061
provider_eval_linkage_shift_1.0,linkage_shift_1.0,panel_fixed_log_pairwise,raw_prefix_error,weeks_1_13__10_edps,prefix,10,13,0.30425595078294826
provider_eval_linkage_shift_1.0,linkage_shift_1.0,panel_fixed_log_pairwise,reconciled_prefix_error,weeks_1_13__10_edps,prefix,10,13,0.30430769230769233
provider_eval_linkage_shift_1.0,linkage_shift_1.0,panel_fixed_log_pairwise,union_adjustment,weeks_1_13__10_edps,prefix,10,13,7.436861989937158e-05
provider_eval_linkage_shift_1.0,linkage_shift_1.0,panel_fixed_log_pairwise,cell_l1_adjustment,weeks_1_13__10_edps,prefix,10,13,0.21911078178706314
provider_eval_linkage_shift_1.0,linkage_shift_1.0,panel_fixed_log_pairwise,temporal_projection_used,weeks_1_13__10_edps,prefix,10,13,1.0
provider_eval_linkage_shift_1.0,linkage_shift_1.0,panel_fixed_log_pairwise,reconciliation_seconds,weeks_1_13__10_edps,prefix,10,13,0.07271149998996407
provider_eval_linkage_shift_1.0,linkage_shift_1.0,panel_fixed_log_pairwise__active_today,report_error,weeks_1_3__2_edps,prefix,2,3,0.055013309671694766
provider_eval_linkage_shift_1.0,linkage_shift_1.0,panel_fixed_log_pairwise__active_today,report_error,weeks_1_12__2_edps,prefix,2,12,0.20865704772475027
provider_eval_linkage_shift_1.0,linkage_shift_1.0,panel_fixed_log_pairwise__active_today,report_error,weeks_5_12__2_edps,interval,2,12,0.12643678160919541
provider_eval_linkage_shift_1.0,linkage_shift_1.0,panel_fixed_log_pairwise__active_today,report_error,weeks_1_3__5_edps,prefix,5,3,0.04419263456090652
provider_eval_linkage_shift_1.0,linkage_shift_1.0,panel_fixed_log_pairwise__active_today,report_error,weeks_1_12__5_edps,prefix,5,12,0.3198610672560783
provider_eval_linkage_shift_1.0,linkage_shift_1.0,panel_fixed_log_pairwise__active_today,report_error,weeks_7_13__5_edps,interval,5,13,0.20767144517628827
provider_eval_linkage_shift_1.0,linkage_shift_1.0,panel_fixed_log_pairwise__active_today,report_error,all_weeks__5_edps,prefix,5,13,0.3180677540777917
provider_eval_linkage_shift_1.0,linkage_shift_1.0,panel_fixed_log_pairwise__active_today,report_error,noncontiguous__5_edps,noncontiguous,5,13,0.1804480651731161
provider_eval_linkage_shift_1.0,linkage_shift_1.0,panel_fixed_log_pairwise__active_today,report_error,weeks_1_3__10_edps,prefix,10,3,0.11665817626082527
provider_eval_linkage_shift_1.0,linkage_shift_1.0,panel_fixed_log_pairwise__active_today,report_error,weeks_1_12__10_edps,prefix,10,12,0.30533168009919404
provider_eval_linkage_shift_1.0,linkage_shift_1.0,panel_fixed_log_pairwise__active_today,report_error,all_weeks__10_edps,prefix,10,13,0.30430769230769233
provider_eval_linkage_shift_1.0,linkage_shift_1.0,panel_fixed_log_pairwise__active_today,report_error,weeks_5_12__10_edps,interval,10,12,0.25808648280558394
provider_eval_linkage_shift_1.0,linkage_shift_1.0,panel_fixed_log_pairwise__active_today,report_error,weeks_7_13__10_edps,interval,10,13,0.2085640457733481
provider_eval_linkage_shift_1.0,linkage_shift_1.0,panel_fixed_log_pairwise__active_today,report_error,noncontiguous__10_edps,noncontiguous,10,13,0.21346595256312165
provider_eval_linkage_shift_1.0,linkage_shift_1.0,panel_fixed_log_pairwise__active_today,report_error,noncontiguous__2_edps,noncontiguous,2,13,0.038834951456310676
provider_eval_linkage_shift_1.0,linkage_shift_1.0,panel_fixed_log_pairwise__recent_creation,report_error,weeks_1_3__2_edps,prefix,2,3,0.055013309671694766
provider_eval_linkage_shift_1.0,linkage_shift_1.0,panel_fixed_log_pairwise__recent_creation,report_error,weeks_1_12__2_edps,prefix,2,12,0.20865704772475027
provider_eval_linkage_shift_1.0,linkage_shift_1.0,panel_fixed_log_pairwise__recent_creation,report_error,weeks_5_12__2_edps,interval,2,12,0.13333333333333333
provider_eval_linkage_shift_1.0,linkage_shift_1.0,panel_fixed_log_pairwise__recent_creation,report_error,weeks_1_3__5_edps,prefix,5,3,0.04419263456090652
provider_eval_linkage_shift_1.0,linkage_shift_1.0,panel_fixed_log_pairwise__recent_creation,report_error,weeks_1_12__5_edps,prefix,5,12,0.3198610672560783
provider_eval_linkage_shift_1.0,linkage_shift_1.0,panel_fixed_log_pairwise__recent_creation,report_error,weeks_7_13__5_edps,interval,5,13,0.2115459124370399
provider_eval_linkage_shift_1.0,linkage_shift_1.0,panel_fixed_log_pairwise__recent_creation,report_error,all_weeks__5_edps,prefix,5,13,0.3180677540777917
provider_eval_linkage_shift_1.0,linkage_shift_1.0,panel_fixed_log_pairwise__recent_creation,report_error,noncontiguous__5_edps,noncontiguous,5,13,0.20244399185336048
provider_eval_linkage_shift_1.0,linkage_shift_1.0,panel_fixed_log_pairwise__recent_creation,report_error,weeks_1_3__10_edps,prefix,10,3,0.11665817626082527
provider_eval_linkage_shift_1.0,linkage_shift_1.0,panel_fixed_log_pairwise__recent_creation,report_error,weeks_1_12__10_edps,prefix,10,12,0.30533168009919404
provider_eval_linkage_shift_1.0,linkage_shift_1.0,panel_fixed_log_pairwise__recent_creation,report_error,all_weeks__10_edps,prefix,10,13,0.30430769230769233
provider_eval_linkage_shift_1.0,linkage_shift_1.0,panel_fixed_log_pairwise__recent_creation,report_error,weeks_5_12__10_edps,interval,10,12,0.26455566905005107
provider_eval_linkage_shift_1.0,linkage_shift_1.0,panel_fixed_log_pairwise__recent_creation,report_error,weeks_7_13__10_edps,interval,10,13,0.21114802510151348
provider_eval_linkage_shift_1.0,linkage_shift_1.0,panel_fixed_log_pairwise__recent_creation,report_error,noncontiguous__10_edps,noncontiguous,10,13,0.23182861514919664
provider_eval_linkage_shift_1.0,linkage_shift_1.0,panel_fixed_log_pairwise__recent_creation,report_error,noncontiguous__2_edps,noncontiguous,2,13,0.05311250713877784
provider_eval_linkage_shift_1.0,linkage_shift_1.0,panel_fixed_log_pairwise__oldest_creation,report_error,weeks_1_3__2_edps,prefix,2,3,0.055013309671694766
provider_eval_linkage_shift_1.0,linkage_shift_1.0,panel_fixed_log_pairwise__oldest_creation,report_error,weeks_1_12__2_edps,prefix,2,12,0.20865704772475027
provider_eval_linkage_shift_1.0,linkage_shift_1.0,panel_fixed_log_pairwise__oldest_creation,report_error,weeks_5_12__2_edps,interval,2,12,0.14666666666666667
provider_eval_linkage_shift_1.0,linkage_shift_1.0,panel_fixed_log_pairwise__oldest_creation,report_error,weeks_1_3__5_edps,prefix,5,3,0.04419263456090652
provider_eval_linkage_shift_1.0,linkage_shift_1.0,panel_fixed_log_pairwise__oldest_creation,report_error,weeks_1_12__5_edps,prefix,5,12,0.3198610672560783
provider_eval_linkage_shift_1.0,linkage_shift_1.0,panel_fixed_log_pairwise__oldest_creation,report_error,weeks_7_13__5_edps,interval,5,13,0.2127082526152654
provider_eval_linkage_shift_1.0,linkage_shift_1.0,panel_fixed_log_pairwise__oldest_creation,report_error,all_weeks__5_edps,prefix,5,13,0.3180677540777917
provider_eval_linkage_shift_1.0,linkage_shift_1.0,panel_fixed_log_pairwise__oldest_creation,report_error,noncontiguous__5_edps,noncontiguous,5,13,0.195112016293279
provider_eval_linkage_shift_1.0,linkage_shift_1.0,panel_fixed_log_pairwise__oldest_creation,report_error,weeks_1_3__10_edps,prefix,10,3,0.11665817626082527
provider_eval_linkage_shift_1.0,linkage_shift_1.0,panel_fixed_log_pairwise__oldest_creation,report_error,weeks_1_12__10_edps,prefix,10,12,0.30533168009919404
provider_eval_linkage_shift_1.0,linkage_shift_1.0,panel_fixed_log_pairwise__oldest_creation,report_error,all_weeks__10_edps,prefix,10,13,0.30430769230769233
provider_eval_linkage_shift_1.0,linkage_shift_1.0,panel_fixed_log_pairwise__oldest_creation,report_error,weeks_5_12__10_edps,interval,10,12,0.27511065713312904
provider_eval_linkage_shift_1.0,linkage_shift_1.0,panel_fixed_log_pairwise__oldest_creation,report_error,weeks_7_13__10_edps,interval,10,13,0.21373200442967885
provider_eval_linkage_shift_1.0,linkage_shift_1.0,panel_fixed_log_pairwise__oldest_creation,report_error,noncontiguous__10_edps,noncontiguous,10,13,0.2249426166794185
provider_eval_linkage_shift_1.0,linkage_shift_1.0,panel_fixed_log_pairwise__oldest_creation,report_error,noncontiguous__2_edps,noncontiguous,2,13,0.04683038263849229
provider_eval_staggered_retargeting,staggered_retargeting,existing_vid,report_error,weeks_1_3__2_edps,prefix,2,3,0.6344499041227222
provider_eval_staggered_retargeting,staggered_retargeting,existing_vid,report_error,weeks_1_12__2_edps,prefix,2,12,0.4624355072463759
provider_eval_staggered_retargeting,staggered_retargeting,existing_vid,report_error,weeks_5_12__2_edps,interval,2,12,0.004683976261126675
provider_eval_staggered_retargeting,staggered_retargeting,existing_vid,report_error,weeks_1_3__5_edps,prefix,5,3,0.870166246431969
provider_eval_staggered_retargeting,staggered_retargeting,existing_vid,report_error,weeks_1_12__5_edps,prefix,5,12,1.3228649115397924
provider_eval_staggered_retargeting,staggered_retargeting,existing_vid,report_error,weeks_7_13__5_edps,interval,5,13,0.01918347089003715
provider_eval_staggered_retargeting,staggered_retargeting,existing_vid,report_error,all_weeks__5_edps,prefix,5,13,1.155852099043942
provider_eval_staggered_retargeting,staggered_retargeting,existing_vid,report_error,noncontiguous__5_edps,noncontiguous,5,13,0.7623693487955495
provider_eval_staggered_retargeting,staggered_retargeting,existing_vid,report_error,weeks_1_3__10_edps,prefix,10,3,0.870166246431969
provider_eval_staggered_retargeting,staggered_retargeting,existing_vid,report_error,weeks_1_12__10_edps,prefix,10,12,1.5083974812073377
provider_eval_staggered_retargeting,staggered_retargeting,existing_vid,report_error,all_weeks__10_edps,prefix,10,13,1.4133088627416244
provider_eval_staggered_retargeting,staggered_retargeting,existing_vid,report_error,weeks_5_12__10_edps,interval,10,12,1.011142814536149
provider_eval_staggered_retargeting,staggered_retargeting,existing_vid,report_error,weeks_7_13__10_edps,interval,10,13,0.759374888861705
provider_eval_staggered_retargeting,staggered_retargeting,existing_vid,report_error,noncontiguous__10_edps,noncontiguous,10,13,1.3246331548671522
provider_eval_staggered_retargeting,staggered_retargeting,existing_vid,report_error,noncontiguous__2_edps,noncontiguous,2,13,0.2799042936742042
provider_eval_staggered_retargeting,staggered_retargeting,panel_fixed_log_pairwise,raw_prefix_error,weeks_1_1__10_edps,prefix,10,1,0.014004428080939746
provider_eval_staggered_retargeting,staggered_retargeting,panel_fixed_log_pairwise,reconciled_prefix_error,weeks_1_1__10_edps,prefix,10,1,0.014326647564469915
provider_eval_staggered_retargeting,staggered_retargeting,panel_fixed_log_pairwise,union_adjustment,weeks_1_1__10_edps,prefix,10,1,0.00031776930613605143
provider_eval_staggered_retargeting,staggered_retargeting,panel_fixed_log_pairwise,cell_l1_adjustment,weeks_1_1__10_edps,prefix,10,1,0.0006355378900830944
provider_eval_staggered_retargeting,staggered_retargeting,panel_fixed_log_pairwise,temporal_projection_used,weeks_1_1__10_edps,prefix,10,1,1.0
provider_eval_staggered_retargeting,staggered_retargeting,panel_fixed_log_pairwise,reconciliation_seconds,weeks_1_1__10_edps,prefix,10,1,0.001841292018070817
provider_eval_staggered_retargeting,staggered_retargeting,panel_fixed_log_pairwise,raw_prefix_error,weeks_1_2__10_edps,prefix,10,2,0.012118839885431738
provider_eval_staggered_retargeting,staggered_retargeting,panel_fixed_log_pairwise,reconciled_prefix_error,weeks_1_2__10_edps,prefix,10,2,0.012195121951219513
provider_eval_staggered_retargeting,staggered_retargeting,panel_fixed_log_pairwise,union_adjustment,weeks_1_2__10_edps,prefix,10,2,7.721785662809284e-05
provider_eval_staggered_retargeting,staggered_retargeting,panel_fixed_log_pairwise,cell_l1_adjustment,weeks_1_2__10_edps,prefix,10,2,0.00015443521370815924
provider_eval_staggered_retargeting,staggered_retargeting,panel_fixed_log_pairwise,temporal_projection_used,weeks_1_2__10_edps,prefix,10,2,1.0
provider_eval_staggered_retargeting,staggered_retargeting,panel_fixed_log_pairwise,reconciliation_seconds,weeks_1_2__10_edps,prefix,10,2,0.001924959011375904
provider_eval_staggered_retargeting,staggered_retargeting,panel_fixed_log_pairwise,raw_prefix_error,weeks_1_3__10_edps,prefix,10,3,0.0004227145874288549
provider_eval_staggered_retargeting,staggered_retargeting,panel_fixed_log_pairwise,reconciled_prefix_error,weeks_1_3__10_edps,prefix,10,3,0.0
provider_eval_staggered_retargeting,staggered_retargeting,panel_fixed_log_pairwise,union_adjustment,weeks_1_3__10_edps,prefix,10,3,0.00042289335061613723
provider_eval_staggered_retargeting,staggered_retargeting,panel_fixed_log_pairwise,cell_l1_adjustment,weeks_1_3__10_edps,prefix,10,3,0.06714305970849037
provider_eval_staggered_retargeting,staggered_retargeting,panel_fixed_log_pairwise,temporal_projection_used,weeks_1_3__10_edps,prefix,10,3,1.0
provider_eval_staggered_retargeting,staggered_retargeting,panel_fixed_log_pairwise,reconciliation_seconds,weeks_1_3__10_edps,prefix,10,3,0.0023442499805241823
provider_eval_staggered_retargeting,staggered_retargeting,panel_fixed_log_pairwise,raw_prefix_error,weeks_1_4__10_edps,prefix,10,4,0.07030847067460744
provider_eval_staggered_retargeting,staggered_retargeting,panel_fixed_log_pairwise,reconciled_prefix_error,weeks_1_4__10_edps,prefix,10,4,0.07035647279549719
provider_eval_staggered_retargeting,staggered_retargeting,panel_fixed_log_pairwise,union_adjustment,weeks_1_4__10_edps,prefix,10,4,4.484886572908776e-05
provider_eval_staggered_retargeting,staggered_retargeting,panel_fixed_log_pairwise,cell_l1_adjustment,weeks_1_4__10_edps,prefix,10,4,0.08689460566411543
provider_eval_staggered_retargeting,staggered_retargeting,panel_fixed_log_pairwise,temporal_projection_used,weeks_1_4__10_edps,prefix,10,4,1.0
provider_eval_staggered_retargeting,staggered_retargeting,panel_fixed_log_pairwise,reconciliation_seconds,weeks_1_4__10_edps,prefix,10,4,0.0031672919867560267
provider_eval_staggered_retargeting,staggered_retargeting,panel_fixed_log_pairwise,raw_prefix_error,weeks_1_5__10_edps,prefix,10,5,0.155379819335623
provider_eval_staggered_retargeting,staggered_retargeting,panel_fixed_log_pairwise,reconciled_prefix_error,weeks_1_5__10_edps,prefix,10,5,0.1556997219647822
provider_eval_staggered_retargeting,staggered_retargeting,panel_fixed_log_pairwise,union_adjustment,weeks_1_5__10_edps,prefix,10,5,0.0002768809215839264
provider_eval_staggered_retargeting,staggered_retargeting,panel_fixed_log_pairwise,cell_l1_adjustment,weeks_1_5__10_edps,prefix,10,5,0.1442808276618304
provider_eval_staggered_retargeting,staggered_retargeting,panel_fixed_log_pairwise,temporal_projection_used,weeks_1_5__10_edps,prefix,10,5,1.0
provider_eval_staggered_retargeting,staggered_retargeting,panel_fixed_log_pairwise,reconciliation_seconds,weeks_1_5__10_edps,prefix,10,5,0.005438665975816548
provider_eval_staggered_retargeting,staggered_retargeting,panel_fixed_log_pairwise,raw_prefix_error,weeks_1_6__10_edps,prefix,10,6,0.14796212624377306
provider_eval_staggered_retargeting,staggered_retargeting,panel_fixed_log_pairwise,reconciled_prefix_error,weeks_1_6__10_edps,prefix,10,6,0.15462962962962962
provider_eval_staggered_retargeting,staggered_retargeting,panel_fixed_log_pairwise,union_adjustment,weeks_1_6__10_edps,prefix,10,6,0.005808121394798933
provider_eval_staggered_retargeting,staggered_retargeting,panel_fixed_log_pairwise,cell_l1_adjustment,weeks_1_6__10_edps,prefix,10,6,0.13732275599441748
provider_eval_staggered_retargeting,staggered_retargeting,panel_fixed_log_pairwise,temporal_projection_used,weeks_1_6__10_edps,prefix,10,6,1.0
provider_eval_staggered_retargeting,staggered_retargeting,panel_fixed_log_pairwise,reconciliation_seconds,weeks_1_6__10_edps,prefix,10,6,0.004301707958802581
provider_eval_staggered_retargeting,staggered_retargeting,panel_fixed_log_pairwise,raw_prefix_error,weeks_1_7__10_edps,prefix,10,7,0.13704774598960157
provider_eval_staggered_retargeting,staggered_retargeting,panel_fixed_log_pairwise,reconciled_prefix_error,weeks_1_7__10_edps,prefix,10,7,0.15462962962962962
provider_eval_staggered_retargeting,staggered_retargeting,panel_fixed_log_pairwise,union_adjustment,weeks_1_7__10_edps,prefix,10,7,0.01546274877377623
provider_eval_staggered_retargeting,staggered_retargeting,panel_fixed_log_pairwise,cell_l1_adjustment,weeks_1_7__10_edps,prefix,10,7,0.23629210060966865
provider_eval_staggered_retargeting,staggered_retargeting,panel_fixed_log_pairwise,temporal_projection_used,weeks_1_7__10_edps,prefix,10,7,1.0
provider_eval_staggered_retargeting,staggered_retargeting,panel_fixed_log_pairwise,reconciliation_seconds,weeks_1_7__10_edps,prefix,10,7,0.0060891249449923635
provider_eval_staggered_retargeting,staggered_retargeting,panel_fixed_log_pairwise,raw_prefix_error,weeks_1_8__10_edps,prefix,10,8,0.2248154780291444
provider_eval_staggered_retargeting,staggered_retargeting,panel_fixed_log_pairwise,reconciled_prefix_error,weeks_1_8__10_edps,prefix,10,8,0.225
provider_eval_staggered_retargeting,staggered_retargeting,panel_fixed_log_pairwise,union_adjustment,weeks_1_8__10_edps,prefix,10,8,0.000150652873160593
provider_eval_staggered_retargeting,staggered_retargeting,panel_fixed_log_pairwise,cell_l1_adjustment,weeks_1_8__10_edps,prefix,10,8,0.2273090992109579
provider_eval_staggered_retargeting,staggered_retargeting,panel_fixed_log_pairwise,temporal_projection_used,weeks_1_8__10_edps,prefix,10,8,1.0
provider_eval_staggered_retargeting,staggered_retargeting,panel_fixed_log_pairwise,reconciliation_seconds,weeks_1_8__10_edps,prefix,10,8,0.008411457994952798
provider_eval_staggered_retargeting,staggered_retargeting,panel_fixed_log_pairwise,raw_prefix_error,weeks_1_9__10_edps,prefix,10,9,0.02669033183959774
provider_eval_staggered_retargeting,staggered_retargeting,panel_fixed_log_pairwise,reconciled_prefix_error,weeks_1_9__10_edps,prefix,10,9,0.026385224274406333
provider_eval_staggered_retargeting,staggered_retargeting,panel_fixed_log_pairwise,union_adjustment,weeks_1_9__10_edps,prefix,10,9,0.00031347429823340954
provider_eval_staggered_retargeting,staggered_retargeting,panel_fixed_log_pairwise,cell_l1_adjustment,weeks_1_9__10_edps,prefix,10,9,0.34067650971136915
provider_eval_staggered_retargeting,staggered_retargeting,panel_fixed_log_pairwise,temporal_projection_used,weeks_1_9__10_edps,prefix,10,9,1.0
provider_eval_staggered_retargeting,staggered_retargeting,panel_fixed_log_pairwise,reconciliation_seconds,weeks_1_9__10_edps,prefix,10,9,0.046304042101837695
provider_eval_staggered_retargeting,staggered_retargeting,panel_fixed_log_pairwise,raw_prefix_error,weeks_1_10__10_edps,prefix,10,10,0.13291657462321507
provider_eval_staggered_retargeting,staggered_retargeting,panel_fixed_log_pairwise,reconciled_prefix_error,weeks_1_10__10_edps,prefix,10,10,0.13312693498452013
provider_eval_staggered_retargeting,staggered_retargeting,panel_fixed_log_pairwise,union_adjustment,weeks_1_10__10_edps,prefix,10,10,0.00024260683015041797
provider_eval_staggered_retargeting,staggered_retargeting,panel_fixed_log_pairwise,cell_l1_adjustment,weeks_1_10__10_edps,prefix,10,10,0.3348870691699493
provider_eval_staggered_retargeting,staggered_retargeting,panel_fixed_log_pairwise,temporal_projection_used,weeks_1_10__10_edps,prefix,10,10,1.0
provider_eval_staggered_retargeting,staggered_retargeting,panel_fixed_log_pairwise,reconciliation_seconds,weeks_1_10__10_edps,prefix,10,10,0.05602116696536541
provider_eval_staggered_retargeting,staggered_retargeting,panel_fixed_log_pairwise,raw_prefix_error,weeks_1_11__10_edps,prefix,10,11,0.2498400023538434
provider_eval_staggered_retargeting,staggered_retargeting,panel_fixed_log_pairwise,reconciled_prefix_error,weeks_1_11__10_edps,prefix,10,11,0.24989247311827956
provider_eval_staggered_retargeting,staggered_retargeting,panel_fixed_log_pairwise,union_adjustment,weeks_1_11__10_edps,prefix,10,11,6.994609763273542e-05
provider_eval_staggered_retargeting,staggered_retargeting,panel_fixed_log_pairwise,cell_l1_adjustment,weeks_1_11__10_edps,prefix,10,11,0.3742205035599362
provider_eval_staggered_retargeting,staggered_retargeting,panel_fixed_log_pairwise,temporal_projection_used,weeks_1_11__10_edps,prefix,10,11,1.0
provider_eval_staggered_retargeting,staggered_retargeting,panel_fixed_log_pairwise,reconciliation_seconds,weeks_1_11__10_edps,prefix,10,11,0.07290316605940461
provider_eval_staggered_retargeting,staggered_retargeting,panel_fixed_log_pairwise,raw_prefix_error,weeks_1_12__10_edps,prefix,10,12,0.3145318684938721
provider_eval_staggered_retargeting,staggered_retargeting,panel_fixed_log_pairwise,reconciled_prefix_error,weeks_1_12__10_edps,prefix,10,12,0.31465201465201464
provider_eval_staggered_retargeting,staggered_retargeting,panel_fixed_log_pairwise,union_adjustment,weeks_1_12__10_edps,prefix,10,12,0.00017527606700070363
provider_eval_staggered_retargeting,staggered_retargeting,panel_fixed_log_pairwise,cell_l1_adjustment,weeks_1_12__10_edps,prefix,10,12,0.6105032732508979
provider_eval_staggered_retargeting,staggered_retargeting,panel_fixed_log_pairwise,temporal_projection_used,weeks_1_12__10_edps,prefix,10,12,1.0
provider_eval_staggered_retargeting,staggered_retargeting,panel_fixed_log_pairwise,reconciliation_seconds,weeks_1_12__10_edps,prefix,10,12,0.09354008303489536
provider_eval_staggered_retargeting,staggered_retargeting,panel_fixed_log_pairwise,raw_prefix_error,weeks_1_13__10_edps,prefix,10,13,0.6172819152630452
provider_eval_staggered_retargeting,staggered_retargeting,panel_fixed_log_pairwise,reconciled_prefix_error,weeks_1_13__10_edps,prefix,10,13,0.3911487146111292
provider_eval_staggered_retargeting,staggered_retargeting,panel_fixed_log_pairwise,union_adjustment,weeks_1_13__10_edps,prefix,10,13,0.590861027137873
provider_eval_staggered_retargeting,staggered_retargeting,panel_fixed_log_pairwise,cell_l1_adjustment,weeks_1_13__10_edps,prefix,10,13,0.9565304411484027
provider_eval_staggered_retargeting,staggered_retargeting,panel_fixed_log_pairwise,temporal_projection_used,weeks_1_13__10_edps,prefix,10,13,1.0
provider_eval_staggered_retargeting,staggered_retargeting,panel_fixed_log_pairwise,reconciliation_seconds,weeks_1_13__10_edps,prefix,10,13,0.13359612505882978
provider_eval_staggered_retargeting,staggered_retargeting,panel_fixed_log_pairwise__active_today,report_error,weeks_1_3__2_edps,prefix,2,3,0.007670182166826462
provider_eval_staggered_retargeting,staggered_retargeting,panel_fixed_log_pairwise__active_today,report_error,weeks_1_12__2_edps,prefix,2,12,0.07318840579710145
provider_eval_staggered_retargeting,staggered_retargeting,panel_fixed_log_pairwise__active_today,report_error,weeks_5_12__2_edps,interval,2,12,0.18397626112759644
provider_eval_staggered_retargeting,staggered_retargeting,panel_fixed_log_pairwise__active_today,report_error,weeks_1_3__5_edps,prefix,5,3,0.0
provider_eval_staggered_retargeting,staggered_retargeting,panel_fixed_log_pairwise__active_today,report_error,weeks_1_12__5_edps,prefix,5,12,0.1559873949579832
provider_eval_staggered_retargeting,staggered_retargeting,panel_fixed_log_pairwise__active_today,report_error,weeks_7_13__5_edps,interval,5,13,0.27466863033873345
provider_eval_staggered_retargeting,staggered_retargeting,panel_fixed_log_pairwise__active_today,report_error,all_weeks__5_edps,prefix,5,13,0.2257761053621825
provider_eval_staggered_retargeting,staggered_retargeting,panel_fixed_log_pairwise__active_today,report_error,noncontiguous__5_edps,noncontiguous,5,13,0.04722222222222222
provider_eval_staggered_retargeting,staggered_retargeting,panel_fixed_log_pairwise__active_today,report_error,weeks_1_3__10_edps,prefix,10,3,0.0
provider_eval_staggered_retargeting,staggered_retargeting,panel_fixed_log_pairwise__active_today,report_error,weeks_1_12__10_edps,prefix,10,12,0.31465201465201464
provider_eval_staggered_retargeting,staggered_retargeting,panel_fixed_log_pairwise__active_today,report_error,all_weeks__10_edps,prefix,10,13,0.3911487146111292
provider_eval_staggered_retargeting,staggered_retargeting,panel_fixed_log_pairwise__active_today,report_error,weeks_5_12__10_edps,interval,10,12,0.31465201465201464
provider_eval_staggered_retargeting,staggered_retargeting,panel_fixed_log_pairwise__active_today,report_error,weeks_7_13__10_edps,interval,10,13,0.3911487146111292
provider_eval_staggered_retargeting,staggered_retargeting,panel_fixed_log_pairwise__active_today,report_error,noncontiguous__10_edps,noncontiguous,10,13,0.16
provider_eval_staggered_retargeting,staggered_retargeting,panel_fixed_log_pairwise__active_today,report_error,noncontiguous__2_edps,noncontiguous,2,13,0.09537856440511308
provider_eval_staggered_retargeting,staggered_retargeting,panel_fixed_log_pairwise__recent_creation,report_error,weeks_1_3__2_edps,prefix,2,3,0.007670182166826462
provider_eval_staggered_retargeting,staggered_retargeting,panel_fixed_log_pairwise__recent_creation,report_error,weeks_1_12__2_edps,prefix,2,12,0.07318840579710145
provider_eval_staggered_retargeting,staggered_retargeting,panel_fixed_log_pairwise__recent_creation,report_error,weeks_5_12__2_edps,interval,2,12,0.18100890207715134
provider_eval_staggered_retargeting,staggered_retargeting,panel_fixed_log_pairwise__recent_creation,report_error,weeks_1_3__5_edps,prefix,5,3,0.0
provider_eval_staggered_retargeting,staggered_retargeting,panel_fixed_log_pairwise__recent_creation,report_error,weeks_1_12__5_edps,prefix,5,12,0.1559873949579832
provider_eval_staggered_retargeting,staggered_retargeting,panel_fixed_log_pairwise__recent_creation,report_error,weeks_7_13__5_edps,interval,5,13,0.2761413843888071
provider_eval_staggered_retargeting,staggered_retargeting,panel_fixed_log_pairwise__recent_creation,report_error,all_weeks__5_edps,prefix,5,13,0.2257761053621825
provider_eval_staggered_retargeting,staggered_retargeting,panel_fixed_log_pairwise__recent_creation,report_error,noncontiguous__5_edps,noncontiguous,5,13,0.04513888888888889
provider_eval_staggered_retargeting,staggered_retargeting,panel_fixed_log_pairwise__recent_creation,report_error,weeks_1_3__10_edps,prefix,10,3,0.0
provider_eval_staggered_retargeting,staggered_retargeting,panel_fixed_log_pairwise__recent_creation,report_error,weeks_1_12__10_edps,prefix,10,12,0.31465201465201464
provider_eval_staggered_retargeting,staggered_retargeting,panel_fixed_log_pairwise__recent_creation,report_error,all_weeks__10_edps,prefix,10,13,0.3911487146111292
provider_eval_staggered_retargeting,staggered_retargeting,panel_fixed_log_pairwise__recent_creation,report_error,weeks_5_12__10_edps,interval,10,12,0.31465201465201464
provider_eval_staggered_retargeting,staggered_retargeting,panel_fixed_log_pairwise__recent_creation,report_error,weeks_7_13__10_edps,interval,10,13,0.3911487146111292
provider_eval_staggered_retargeting,staggered_retargeting,panel_fixed_log_pairwise__recent_creation,report_error,noncontiguous__10_edps,noncontiguous,10,13,0.1616
provider_eval_staggered_retargeting,staggered_retargeting,panel_fixed_log_pairwise__recent_creation,report_error,noncontiguous__2_edps,noncontiguous,2,13,0.09537856440511308
provider_eval_staggered_retargeting,staggered_retargeting,panel_fixed_log_pairwise__oldest_creation,report_error,weeks_1_3__2_edps,prefix,2,3,0.007670182166826462
provider_eval_staggered_retargeting,staggered_retargeting,panel_fixed_log_pairwise__oldest_creation,report_error,weeks_1_12__2_edps,prefix,2,12,0.07318840579710145
provider_eval_staggered_retargeting,staggered_retargeting,panel_fixed_log_pairwise__oldest_creation,report_error,weeks_5_12__2_edps,interval,2,12,0.19287833827893175
provider_eval_staggered_retargeting,staggered_retargeting,panel_fixed_log_pairwise__oldest_creation,report_error,weeks_1_3__5_edps,prefix,5,3,0.0
provider_eval_staggered_retargeting,staggered_retargeting,panel_fixed_log_pairwise__oldest_creation,report_error,weeks_1_12__5_edps,prefix,5,12,0.1559873949579832
provider_eval_staggered_retargeting,staggered_retargeting,panel_fixed_log_pairwise__oldest_creation,report_error,weeks_7_13__5_edps,interval,5,13,0.29823269513991163
provider_eval_staggered_retargeting,staggered_retargeting,panel_fixed_log_pairwise__oldest_creation,report_error,all_weeks__5_edps,prefix,5,13,0.2257761053621825
provider_eval_staggered_retargeting,staggered_retargeting,panel_fixed_log_pairwise__oldest_creation,report_error,noncontiguous__5_edps,noncontiguous,5,13,0.075
provider_eval_staggered_retargeting,staggered_retargeting,panel_fixed_log_pairwise__oldest_creation,report_error,weeks_1_3__10_edps,prefix,10,3,0.0
provider_eval_staggered_retargeting,staggered_retargeting,panel_fixed_log_pairwise__oldest_creation,report_error,weeks_1_12__10_edps,prefix,10,12,0.31465201465201464
provider_eval_staggered_retargeting,staggered_retargeting,panel_fixed_log_pairwise__oldest_creation,report_error,all_weeks__10_edps,prefix,10,13,0.3911487146111292
provider_eval_staggered_retargeting,staggered_retargeting,panel_fixed_log_pairwise__oldest_creation,report_error,weeks_5_12__10_edps,interval,10,12,0.31465201465201464
provider_eval_staggered_retargeting,staggered_retargeting,panel_fixed_log_pairwise__oldest_creation,report_error,weeks_7_13__10_edps,interval,10,13,0.3911487146111292
provider_eval_staggered_retargeting,staggered_retargeting,panel_fixed_log_pairwise__oldest_creation,report_error,noncontiguous__10_edps,noncontiguous,10,13,0.15733333333333333
provider_eval_staggered_retargeting,staggered_retargeting,panel_fixed_log_pairwise__oldest_creation,report_error,noncontiguous__2_edps,noncontiguous,2,13,0.09341199606686332
provider_eval_synchronized_retargeting,synchronized_retargeting,existing_vid,report_error,weeks_1_3__2_edps,prefix,2,3,0.0
provider_eval_synchronized_retargeting,synchronized_retargeting,existing_vid,report_error,weeks_1_12__2_edps,prefix,2,12,0.452837287323269
provider_eval_synchronized_retargeting,synchronized_retargeting,existing_vid,report_error,weeks_5_12__2_edps,interval,2,12,0.452837287323269
provider_eval_synchronized_retargeting,synchronized_retargeting,existing_vid,report_error,weeks_1_3__5_edps,prefix,5,3,0.0
provider_eval_synchronized_retargeting,synchronized_retargeting,existing_vid,report_error,weeks_1_12__5_edps,prefix,5,12,1.321131400823123
provider_eval_synchronized_retargeting,synchronized_retargeting,existing_vid,report_error,weeks_7_13__5_edps,interval,5,13,0.23961198221148355
provider_eval_synchronized_retargeting,synchronized_retargeting,existing_vid,report_error,all_weeks__5_edps,prefix,5,13,1.1650172709340674
provider_eval_synchronized_retargeting,synchronized_retargeting,existing_vid,report_error,noncontiguous__5_edps,noncontiguous,5,13,0.4065184763855001
provider_eval_synchronized_retargeting,synchronized_retargeting,existing_vid,report_error,weeks_1_3__10_edps,prefix,10,3,0.0
provider_eval_synchronized_retargeting,synchronized_retargeting,existing_vid,report_error,weeks_1_12__10_edps,prefix,10,12,1.6966170795142257
provider_eval_synchronized_retargeting,synchronized_retargeting,existing_vid,report_error,all_weeks__10_edps,prefix,10,13,1.4283228995432258
provider_eval_synchronized_retargeting,synchronized_retargeting,existing_vid,report_error,weeks_5_12__10_edps,interval,10,12,1.6966170795142257
provider_eval_synchronized_retargeting,synchronized_retargeting,existing_vid,report_error,weeks_7_13__10_edps,interval,10,13,0.39697668959232296
provider_eval_synchronized_retargeting,synchronized_retargeting,existing_vid,report_error,noncontiguous__10_edps,noncontiguous,10,13,0.8208340247759088
provider_eval_synchronized_retargeting,synchronized_retargeting,existing_vid,report_error,noncontiguous__2_edps,noncontiguous,2,13,0.10328709349593344
provider_eval_synchronized_retargeting,synchronized_retargeting,panel_fixed_log_pairwise,raw_prefix_error,weeks_1_1__10_edps,prefix,10,1,0.0
provider_eval_synchronized_retargeting,synchronized_retargeting,panel_fixed_log_pairwise,reconciled_prefix_error,weeks_1_1__10_edps,prefix,10,1,0.0
provider_eval_synchronized_retargeting,synchronized_retargeting,panel_fixed_log_pairwise,union_adjustment,weeks_1_1__10_edps,prefix,10,1,0.0
provider_eval_synchronized_retargeting,synchronized_retargeting,panel_fixed_log_pairwise,cell_l1_adjustment,weeks_1_1__10_edps,prefix,10,1,0.0
provider_eval_synchronized_retargeting,synchronized_retargeting,panel_fixed_log_pairwise,temporal_projection_used,weeks_1_1__10_edps,prefix,10,1,0.0
provider_eval_synchronized_retargeting,synchronized_retargeting,panel_fixed_log_pairwise,reconciliation_seconds,weeks_1_1__10_edps,prefix,10,1,0.0009205830283463001
provider_eval_synchronized_retargeting,synchronized_retargeting,panel_fixed_log_pairwise,raw_prefix_error,weeks_1_2__10_edps,prefix,10,2,0.0
provider_eval_synchronized_retargeting,synchronized_retargeting,panel_fixed_log_pairwise,reconciled_prefix_error,weeks_1_2__10_edps,prefix,10,2,0.0
provider_eval_synchronized_retargeting,synchronized_retargeting,panel_fixed_log_pairwise,union_adjustment,weeks_1_2__10_edps,prefix,10,2,0.0
provider_eval_synchronized_retargeting,synchronized_retargeting,panel_fixed_log_pairwise,cell_l1_adjustment,weeks_1_2__10_edps,prefix,10,2,0.0
provider_eval_synchronized_retargeting,synchronized_retargeting,panel_fixed_log_pairwise,temporal_projection_used,weeks_1_2__10_edps,prefix,10,2,0.0
provider_eval_synchronized_retargeting,synchronized_retargeting,panel_fixed_log_pairwise,reconciliation_seconds,weeks_1_2__10_edps,prefix,10,2,0.0008945839945226908
provider_eval_synchronized_retargeting,synchronized_retargeting,panel_fixed_log_pairwise,raw_prefix_error,weeks_1_3__10_edps,prefix,10,3,0.0
provider_eval_synchronized_retargeting,synchronized_retargeting,panel_fixed_log_pairwise,reconciled_prefix_error,weeks_1_3__10_edps,prefix,10,3,0.0
provider_eval_synchronized_retargeting,synchronized_retargeting,panel_fixed_log_pairwise,union_adjustment,weeks_1_3__10_edps,prefix,10,3,0.0
provider_eval_synchronized_retargeting,synchronized_retargeting,panel_fixed_log_pairwise,cell_l1_adjustment,weeks_1_3__10_edps,prefix,10,3,0.0
provider_eval_synchronized_retargeting,synchronized_retargeting,panel_fixed_log_pairwise,temporal_projection_used,weeks_1_3__10_edps,prefix,10,3,0.0
provider_eval_synchronized_retargeting,synchronized_retargeting,panel_fixed_log_pairwise,reconciliation_seconds,weeks_1_3__10_edps,prefix,10,3,0.0008937909733504057
provider_eval_synchronized_retargeting,synchronized_retargeting,panel_fixed_log_pairwise,raw_prefix_error,weeks_1_4__10_edps,prefix,10,4,0.0
provider_eval_synchronized_retargeting,synchronized_retargeting,panel_fixed_log_pairwise,reconciled_prefix_error,weeks_1_4__10_edps,prefix,10,4,0.0
provider_eval_synchronized_retargeting,synchronized_retargeting,panel_fixed_log_pairwise,union_adjustment,weeks_1_4__10_edps,prefix,10,4,0.0
provider_eval_synchronized_retargeting,synchronized_retargeting,panel_fixed_log_pairwise,cell_l1_adjustment,weeks_1_4__10_edps,prefix,10,4,0.0
provider_eval_synchronized_retargeting,synchronized_retargeting,panel_fixed_log_pairwise,temporal_projection_used,weeks_1_4__10_edps,prefix,10,4,0.0
provider_eval_synchronized_retargeting,synchronized_retargeting,panel_fixed_log_pairwise,reconciliation_seconds,weeks_1_4__10_edps,prefix,10,4,0.000906334025785327
provider_eval_synchronized_retargeting,synchronized_retargeting,panel_fixed_log_pairwise,raw_prefix_error,weeks_1_5__10_edps,prefix,10,5,0.8518490493650155
provider_eval_synchronized_retargeting,synchronized_retargeting,panel_fixed_log_pairwise,reconciled_prefix_error,weeks_1_5__10_edps,prefix,10,5,0.8518155053974484
provider_eval_synchronized_retargeting,synchronized_retargeting,panel_fixed_log_pairwise,union_adjustment,weeks_1_5__10_edps,prefix,10,5,1.811376989844828e-05
provider_eval_synchronized_retargeting,synchronized_retargeting,panel_fixed_log_pairwise,cell_l1_adjustment,weeks_1_5__10_edps,prefix,10,5,0.4591659166247197
provider_eval_synchronized_retargeting,synchronized_retargeting,panel_fixed_log_pairwise,temporal_projection_used,weeks_1_5__10_edps,prefix,10,5,1.0
provider_eval_synchronized_retargeting,synchronized_retargeting,panel_fixed_log_pairwise,reconciliation_seconds,weeks_1_5__10_edps,prefix,10,5,0.015291415969841182
provider_eval_synchronized_retargeting,synchronized_retargeting,panel_fixed_log_pairwise,raw_prefix_error,weeks_1_6__10_edps,prefix,10,6,1.0212158119415422
provider_eval_synchronized_retargeting,synchronized_retargeting,panel_fixed_log_pairwise,reconciled_prefix_error,weeks_1_6__10_edps,prefix,10,6,1.0213160333642262
provider_eval_synchronized_retargeting,synchronized_retargeting,panel_fixed_log_pairwise,union_adjustment,weeks_1_6__10_edps,prefix,10,6,4.958472128098728e-05
provider_eval_synchronized_retargeting,synchronized_retargeting,panel_fixed_log_pairwise,cell_l1_adjustment,weeks_1_6__10_edps,prefix,10,6,0.5210681641144566
provider_eval_synchronized_retargeting,synchronized_retargeting,panel_fixed_log_pairwise,temporal_projection_used,weeks_1_6__10_edps,prefix,10,6,1.0
provider_eval_synchronized_retargeting,synchronized_retargeting,panel_fixed_log_pairwise,reconciliation_seconds,weeks_1_6__10_edps,prefix,10,6,0.07283029099926353
provider_eval_synchronized_retargeting,synchronized_retargeting,panel_fixed_log_pairwise,raw_prefix_error,weeks_1_7__10_edps,prefix,10,7,0.6240552894463436
provider_eval_synchronized_retargeting,synchronized_retargeting,panel_fixed_log_pairwise,reconciled_prefix_error,weeks_1_7__10_edps,prefix,10,7,1.0194444444444444
provider_eval_synchronized_retargeting,synchronized_retargeting,panel_fixed_log_pairwise,union_adjustment,weeks_1_7__10_edps,prefix,10,7,0.24345793986662506
provider_eval_synchronized_retargeting,synchronized_retargeting,panel_fixed_log_pairwise,cell_l1_adjustment,weeks_1_7__10_edps,prefix,10,7,1.137740762829818
provider_eval_synchronized_retargeting,synchronized_retargeting,panel_fixed_log_pairwise,temporal_projection_used,weeks_1_7__10_edps,prefix,10,7,1.0
provider_eval_synchronized_retargeting,synchronized_retargeting,panel_fixed_log_pairwise,reconciliation_seconds,weeks_1_7__10_edps,prefix,10,7,0.16049745795316994
provider_eval_synchronized_retargeting,synchronized_retargeting,panel_fixed_log_pairwise,raw_prefix_error,weeks_1_8__10_edps,prefix,10,8,0.12050766228123948
provider_eval_synchronized_retargeting,synchronized_retargeting,panel_fixed_log_pairwise,reconciled_prefix_error,weeks_1_8__10_edps,prefix,10,8,1.0194444444444444
provider_eval_synchronized_retargeting,synchronized_retargeting,panel_fixed_log_pairwise,union_adjustment,weeks_1_8__10_edps,prefix,10,8,1.2961478546618268
provider_eval_synchronized_retargeting,synchronized_retargeting,panel_fixed_log_pairwise,cell_l1_adjustment,weeks_1_8__10_edps,prefix,10,8,2.2690764575692124
provider_eval_synchronized_retargeting,synchronized_retargeting,panel_fixed_log_pairwise,temporal_projection_used,weeks_1_8__10_edps,prefix,10,8,1.0
provider_eval_synchronized_retargeting,synchronized_retargeting,panel_fixed_log_pairwise,reconciliation_seconds,weeks_1_8__10_edps,prefix,10,8,0.0009161659982055426
provider_eval_synchronized_retargeting,synchronized_retargeting,panel_fixed_log_pairwise,raw_prefix_error,weeks_1_9__10_edps,prefix,10,9,0.3312070736481079
provider_eval_synchronized_retargeting,synchronized_retargeting,panel_fixed_log_pairwise,reconciled_prefix_error,weeks_1_9__10_edps,prefix,10,9,0.47564276048714477
provider_eval_synchronized_retargeting,synchronized_retargeting,panel_fixed_log_pairwise,union_adjustment,weeks_1_9__10_edps,prefix,10,9,1.2064269856088745
provider_eval_synchronized_retargeting,synchronized_retargeting,panel_fixed_log_pairwise,cell_l1_adjustment,weeks_1_9__10_edps,prefix,10,9,2.084261672769882
provider_eval_synchronized_retargeting,synchronized_retargeting,panel_fixed_log_pairwise,temporal_projection_used,weeks_1_9__10_edps,prefix,10,9,1.0
provider_eval_synchronized_retargeting,synchronized_retargeting,panel_fixed_log_pairwise,reconciliation_seconds,weeks_1_9__10_edps,prefix,10,9,0.17995958297979087
provider_eval_synchronized_retargeting,synchronized_retargeting,panel_fixed_log_pairwise,raw_prefix_error,weeks_1_10__10_edps,prefix,10,10,0.13420793336945214
provider_eval_synchronized_retargeting,synchronized_retargeting,panel_fixed_log_pairwise,reconciled_prefix_error,weeks_1_10__10_edps,prefix,10,10,0.14548319327731093
provider_eval_synchronized_retargeting,synchronized_retargeting,panel_fixed_log_pairwise,union_adjustment,weeks_1_10__10_edps,prefix,10,10,0.3230465344124175
provider_eval_synchronized_retargeting,synchronized_retargeting,panel_fixed_log_pairwise,cell_l1_adjustment,weeks_1_10__10_edps,prefix,10,10,1.1775982733108468
provider_eval_synchronized_retargeting,synchronized_retargeting,panel_fixed_log_pairwise,temporal_projection_used,weeks_1_10__10_edps,prefix,10,10,1.0
provider_eval_synchronized_retargeting,synchronized_retargeting,panel_fixed_log_pairwise,reconciliation_seconds,weeks_1_10__10_edps,prefix,10,10,0.20212595909833908
provider_eval_synchronized_retargeting,synchronized_retargeting,panel_fixed_log_pairwise,raw_prefix_error,weeks_1_11__10_edps,prefix,10,11,0.1543487616551726
provider_eval_synchronized_retargeting,synchronized_retargeting,panel_fixed_log_pairwise,reconciled_prefix_error,weeks_1_11__10_edps,prefix,10,11,0.047182175622542594
provider_eval_synchronized_retargeting,synchronized_retargeting,panel_fixed_log_pairwise,union_adjustment,weeks_1_11__10_edps,prefix,10,11,0.12672669437862277
provider_eval_synchronized_retargeting,synchronized_retargeting,panel_fixed_log_pairwise,cell_l1_adjustment,weeks_1_11__10_edps,prefix,10,11,0.9664986762109427
provider_eval_synchronized_retargeting,synchronized_retargeting,panel_fixed_log_pairwise,temporal_projection_used,weeks_1_11__10_edps,prefix,10,11,1.0
provider_eval_synchronized_retargeting,synchronized_retargeting,panel_fixed_log_pairwise,reconciliation_seconds,weeks_1_11__10_edps,prefix,10,11,0.21486141602508724
provider_eval_synchronized_retargeting,synchronized_retargeting,panel_fixed_log_pairwise,raw_prefix_error,weeks_1_12__10_edps,prefix,10,12,0.2655157373650011
provider_eval_synchronized_retargeting,synchronized_retargeting,panel_fixed_log_pairwise,reconciled_prefix_error,weeks_1_12__10_edps,prefix,10,12,0.18558625840179238
provider_eval_synchronized_retargeting,synchronized_retargeting,panel_fixed_log_pairwise,union_adjustment,weeks_1_12__10_edps,prefix,10,12,0.1088239503954221
provider_eval_synchronized_retargeting,synchronized_retargeting,panel_fixed_log_pairwise,cell_l1_adjustment,weeks_1_12__10_edps,prefix,10,12,0.9374802108202933
provider_eval_synchronized_retargeting,synchronized_retargeting,panel_fixed_log_pairwise,temporal_projection_used,weeks_1_12__10_edps,prefix,10,12,1.0
provider_eval_synchronized_retargeting,synchronized_retargeting,panel_fixed_log_pairwise,reconciliation_seconds,weeks_1_12__10_edps,prefix,10,12,0.21714808407705277
provider_eval_synchronized_retargeting,synchronized_retargeting,panel_fixed_log_pairwise,raw_prefix_error,weeks_1_13__10_edps,prefix,10,13,0.3661073225558181
provider_eval_synchronized_retargeting,synchronized_retargeting,panel_fixed_log_pairwise,reconciled_prefix_error,weeks_1_13__10_edps,prefix,10,13,0.28585461689587427
provider_eval_synchronized_retargeting,synchronized_retargeting,panel_fixed_log_pairwise,union_adjustment,weeks_1_13__10_edps,prefix,10,13,0.12660298582958657
provider_eval_synchronized_retargeting,synchronized_retargeting,panel_fixed_log_pairwise,cell_l1_adjustment,weeks_1_13__10_edps,prefix,10,13,0.8821890674737614
provider_eval_synchronized_retargeting,synchronized_retargeting,panel_fixed_log_pairwise,temporal_projection_used,weeks_1_13__10_edps,prefix,10,13,1.0
provider_eval_synchronized_retargeting,synchronized_retargeting,panel_fixed_log_pairwise,reconciliation_seconds,weeks_1_13__10_edps,prefix,10,13,0.22289754205849022
provider_eval_synchronized_retargeting,synchronized_retargeting,panel_fixed_log_pairwise__active_today,report_error,weeks_1_3__2_edps,prefix,2,3,0.0
provider_eval_synchronized_retargeting,synchronized_retargeting,panel_fixed_log_pairwise__active_today,report_error,weeks_1_12__2_edps,prefix,2,12,0.06398274622573688
provider_eval_synchronized_retargeting,synchronized_retargeting,panel_fixed_log_pairwise__active_today,report_error,weeks_5_12__2_edps,interval,2,12,0.06398274622573688
provider_eval_synchronized_retargeting,synchronized_retargeting,panel_fixed_log_pairwise__active_today,report_error,weeks_1_3__5_edps,prefix,5,3,0.0
provider_eval_synchronized_retargeting,synchronized_retargeting,panel_fixed_log_pairwise__active_today,report_error,weeks_1_12__5_edps,prefix,5,12,0.12152959664745941
provider_eval_synchronized_retargeting,synchronized_retargeting,panel_fixed_log_pairwise__active_today,report_error,weeks_7_13__5_edps,interval,5,13,0.2417465388711395
provider_eval_synchronized_retargeting,synchronized_retargeting,panel_fixed_log_pairwise__active_today,report_error,all_weeks__5_edps,prefix,5,13,0.013226263580538498
provider_eval_synchronized_retargeting,synchronized_retargeting,panel_fixed_log_pairwise__active_today,report_error,noncontiguous__5_edps,noncontiguous,5,13,0.27808326787117044
provider_eval_synchronized_retargeting,synchronized_retargeting,panel_fixed_log_pairwise__active_today,report_error,weeks_1_3__10_edps,prefix,10,3,0.0
provider_eval_synchronized_retargeting,synchronized_retargeting,panel_fixed_log_pairwise__active_today,report_error,weeks_1_12__10_edps,prefix,10,12,0.18558625840179238
provider_eval_synchronized_retargeting,synchronized_retargeting,panel_fixed_log_pairwise__active_today,report_error,all_weeks__10_edps,prefix,10,13,0.28585461689587427
provider_eval_synchronized_retargeting,synchronized_retargeting,panel_fixed_log_pairwise__active_today,report_error,weeks_5_12__10_edps,interval,10,12,0.18558625840179238
provider_eval_synchronized_retargeting,synchronized_retargeting,panel_fixed_log_pairwise__active_today,report_error,weeks_7_13__10_edps,interval,10,13,0.4242323097463284
provider_eval_synchronized_retargeting,synchronized_retargeting,panel_fixed_log_pairwise__active_today,report_error,noncontiguous__10_edps,noncontiguous,10,13,0.073735199138859
provider_eval_synchronized_retargeting,synchronized_retargeting,panel_fixed_log_pairwise__active_today,report_error,noncontiguous__2_edps,noncontiguous,2,13,0.08384146341463415
provider_eval_synchronized_retargeting,synchronized_retargeting,panel_fixed_log_pairwise__recent_creation,report_error,weeks_1_3__2_edps,prefix,2,3,0.0
provider_eval_synchronized_retargeting,synchronized_retargeting,panel_fixed_log_pairwise__recent_creation,report_error,weeks_1_12__2_edps,prefix,2,12,0.06398274622573688
provider_eval_synchronized_retargeting,synchronized_retargeting,panel_fixed_log_pairwise__recent_creation,report_error,weeks_5_12__2_edps,interval,2,12,0.06398274622573688
provider_eval_synchronized_retargeting,synchronized_retargeting,panel_fixed_log_pairwise__recent_creation,report_error,weeks_1_3__5_edps,prefix,5,3,0.0
provider_eval_synchronized_retargeting,synchronized_retargeting,panel_fixed_log_pairwise__recent_creation,report_error,weeks_1_12__5_edps,prefix,5,12,0.12152959664745941
provider_eval_synchronized_retargeting,synchronized_retargeting,panel_fixed_log_pairwise__recent_creation,report_error,weeks_7_13__5_edps,interval,5,13,0.24121405750798722
provider_eval_synchronized_retargeting,synchronized_retargeting,panel_fixed_log_pairwise__recent_creation,report_error,all_weeks__5_edps,prefix,5,13,0.013226263580538498
provider_eval_synchronized_retargeting,synchronized_retargeting,panel_fixed_log_pairwise__recent_creation,report_error,noncontiguous__5_edps,noncontiguous,5,13,0.24666142969363708
provider_eval_synchronized_retargeting,synchronized_retargeting,panel_fixed_log_pairwise__recent_creation,report_error,weeks_1_3__10_edps,prefix,10,3,0.0
provider_eval_synchronized_retargeting,synchronized_retargeting,panel_fixed_log_pairwise__recent_creation,report_error,weeks_1_12__10_edps,prefix,10,12,0.18558625840179238
provider_eval_synchronized_retargeting,synchronized_retargeting,panel_fixed_log_pairwise__recent_creation,report_error,all_weeks__10_edps,prefix,10,13,0.28585461689587427
provider_eval_synchronized_retargeting,synchronized_retargeting,panel_fixed_log_pairwise__recent_creation,report_error,weeks_5_12__10_edps,interval,10,12,0.18558625840179238
provider_eval_synchronized_retargeting,synchronized_retargeting,panel_fixed_log_pairwise__recent_creation,report_error,weeks_7_13__10_edps,interval,10,13,0.42857142857142855
provider_eval_synchronized_retargeting,synchronized_retargeting,panel_fixed_log_pairwise__recent_creation,report_error,noncontiguous__10_edps,noncontiguous,10,13,0.07319698600645856
provider_eval_synchronized_retargeting,synchronized_retargeting,panel_fixed_log_pairwise__recent_creation,report_error,noncontiguous__2_edps,noncontiguous,2,13,0.07926829268292683
provider_eval_synchronized_retargeting,synchronized_retargeting,panel_fixed_log_pairwise__oldest_creation,report_error,weeks_1_3__2_edps,prefix,2,3,0.0
provider_eval_synchronized_retargeting,synchronized_retargeting,panel_fixed_log_pairwise__oldest_creation,report_error,weeks_1_12__2_edps,prefix,2,12,0.06398274622573688
provider_eval_synchronized_retargeting,synchronized_retargeting,panel_fixed_log_pairwise__oldest_creation,report_error,weeks_5_12__2_edps,interval,2,12,0.06398274622573688
provider_eval_synchronized_retargeting,synchronized_retargeting,panel_fixed_log_pairwise__oldest_creation,report_error,weeks_1_3__5_edps,prefix,5,3,0.0
provider_eval_synchronized_retargeting,synchronized_retargeting,panel_fixed_log_pairwise__oldest_creation,report_error,weeks_1_12__5_edps,prefix,5,12,0.12152959664745941
provider_eval_synchronized_retargeting,synchronized_retargeting,panel_fixed_log_pairwise__oldest_creation,report_error,weeks_7_13__5_edps,interval,5,13,0.2417465388711395
provider_eval_synchronized_retargeting,synchronized_retargeting,panel_fixed_log_pairwise__oldest_creation,report_error,all_weeks__5_edps,prefix,5,13,0.013226263580538498
provider_eval_synchronized_retargeting,synchronized_retargeting,panel_fixed_log_pairwise__oldest_creation,report_error,noncontiguous__5_edps,noncontiguous,5,13,0.2898664571877455
provider_eval_synchronized_retargeting,synchronized_retargeting,panel_fixed_log_pairwise__oldest_creation,report_error,weeks_1_3__10_edps,prefix,10,3,0.0
provider_eval_synchronized_retargeting,synchronized_retargeting,panel_fixed_log_pairwise__oldest_creation,report_error,weeks_1_12__10_edps,prefix,10,12,0.18558625840179238
provider_eval_synchronized_retargeting,synchronized_retargeting,panel_fixed_log_pairwise__oldest_creation,report_error,all_weeks__10_edps,prefix,10,13,0.28585461689587427
provider_eval_synchronized_retargeting,synchronized_retargeting,panel_fixed_log_pairwise__oldest_creation,report_error,weeks_5_12__10_edps,interval,10,12,0.18558625840179238
provider_eval_synchronized_retargeting,synchronized_retargeting,panel_fixed_log_pairwise__oldest_creation,report_error,weeks_7_13__10_edps,interval,10,13,0.4252336448598131
provider_eval_synchronized_retargeting,synchronized_retargeting,panel_fixed_log_pairwise__oldest_creation,report_error,noncontiguous__10_edps,noncontiguous,10,13,0.10226049515608181
provider_eval_synchronized_retargeting,synchronized_retargeting,panel_fixed_log_pairwise__oldest_creation,report_error,noncontiguous__2_edps,noncontiguous,2,13,0.08384146341463415
provider_eval_shared_seed_then_expansion,shared_seed_then_expansion,existing_vid,report_error,weeks_1_3__2_edps,prefix,2,3,0.6282055873925494
provider_eval_shared_seed_then_expansion,shared_seed_then_expansion,existing_vid,report_error,weeks_1_12__2_edps,prefix,2,12,0.17990816678152982
provider_eval_shared_seed_then_expansion,shared_seed_then_expansion,existing_vid,report_error,weeks_5_12__2_edps,interval,2,12,0.0040490566037733175
provider_eval_shared_seed_then_expansion,shared_seed_then_expansion,existing_vid,report_error,weeks_1_3__5_edps,prefix,5,3,2.5358327596130024
provider_eval_shared_seed_then_expansion,shared_seed_then_expansion,existing_vid,report_error,weeks_1_12__5_edps,prefix,5,12,0.3318389950216621
provider_eval_shared_seed_then_expansion,shared_seed_then_expansion,existing_vid,report_error,weeks_7_13__5_edps,interval,5,13,0.018892805307899236
provider_eval_shared_seed_then_expansion,shared_seed_then_expansion,existing_vid,report_error,all_weeks__5_edps,prefix,5,13,0.25003759269753784
provider_eval_shared_seed_then_expansion,shared_seed_then_expansion,existing_vid,report_error,noncontiguous__5_edps,noncontiguous,5,13,0.37131456496129905
provider_eval_shared_seed_then_expansion,shared_seed_then_expansion,existing_vid,report_error,weeks_1_3__10_edps,prefix,10,3,4.946475321870281
provider_eval_shared_seed_then_expansion,shared_seed_then_expansion,existing_vid,report_error,weeks_1_12__10_edps,prefix,10,12,0.270740560759941
provider_eval_shared_seed_then_expansion,shared_seed_then_expansion,existing_vid,report_error,all_weeks__10_edps,prefix,10,13,0.18320308895383644
provider_eval_shared_seed_then_expansion,shared_seed_then_expansion,existing_vid,report_error,weeks_5_12__10_edps,interval,10,12,0.027861443284211522
provider_eval_shared_seed_then_expansion,shared_seed_then_expansion,existing_vid,report_error,weeks_7_13__10_edps,interval,10,13,0.03411732188409611
provider_eval_shared_seed_then_expansion,shared_seed_then_expansion,existing_vid,report_error,noncontiguous__10_edps,noncontiguous,10,13,0.43555190491567614
provider_eval_shared_seed_then_expansion,shared_seed_then_expansion,existing_vid,report_error,noncontiguous__2_edps,noncontiguous,2,13,0.13627734877734932
provider_eval_shared_seed_then_expansion,shared_seed_then_expansion,panel_fixed_log_pairwise,raw_prefix_error,weeks_1_1__10_edps,prefix,10,1,0.8690550648103034
provider_eval_shared_seed_then_expansion,shared_seed_then_expansion,panel_fixed_log_pairwise,reconciled_prefix_error,weeks_1_1__10_edps,prefix,10,1,0.8688524590163934
provider_eval_shared_seed_then_expansion,shared_seed_then_expansion,panel_fixed_log_pairwise,union_adjustment,weeks_1_1__10_edps,prefix,10,1,0.00010840012031926244
provider_eval_shared_seed_then_expansion,shared_seed_then_expansion,panel_fixed_log_pairwise,cell_l1_adjustment,weeks_1_1__10_edps,prefix,10,1,0.40177665341531
provider_eval_shared_seed_then_expansion,shared_seed_then_expansion,panel_fixed_log_pairwise,temporal_projection_used,weeks_1_1__10_edps,prefix,10,1,1.0
provider_eval_shared_seed_then_expansion,shared_seed_then_expansion,panel_fixed_log_pairwise,reconciliation_seconds,weeks_1_1__10_edps,prefix,10,1,0.016130291973240674
provider_eval_shared_seed_then_expansion,shared_seed_then_expansion,panel_fixed_log_pairwise,raw_prefix_error,weeks_1_2__10_edps,prefix,10,2,1.1079892194541903
provider_eval_shared_seed_then_expansion,shared_seed_then_expansion,panel_fixed_log_pairwise,reconciled_prefix_error,weeks_1_2__10_edps,prefix,10,2,1.1083333333333334
provider_eval_shared_seed_then_expansion,shared_seed_then_expansion,panel_fixed_log_pairwise,union_adjustment,weeks_1_2__10_edps,prefix,10,2,0.00016324271299383522
provider_eval_shared_seed_then_expansion,shared_seed_then_expansion,panel_fixed_log_pairwise,cell_l1_adjustment,weeks_1_2__10_edps,prefix,10,2,0.5168556041676879
provider_eval_shared_seed_then_expansion,shared_seed_then_expansion,panel_fixed_log_pairwise,temporal_projection_used,weeks_1_2__10_edps,prefix,10,2,1.0
provider_eval_shared_seed_then_expansion,shared_seed_then_expansion,panel_fixed_log_pairwise,reconciliation_seconds,weeks_1_2__10_edps,prefix,10,2,0.08600883395411074
provider_eval_shared_seed_then_expansion,shared_seed_then_expansion,panel_fixed_log_pairwise,raw_prefix_error,weeks_1_3__10_edps,prefix,10,3,0.6232770998231184
provider_eval_shared_seed_then_expansion,shared_seed_then_expansion,panel_fixed_log_pairwise,reconciled_prefix_error,weeks_1_3__10_edps,prefix,10,3,1.1083333333333334
provider_eval_shared_seed_then_expansion,shared_seed_then_expansion,panel_fixed_log_pairwise,union_adjustment,weeks_1_3__10_edps,prefix,10,3,0.29881295902163874
provider_eval_shared_seed_then_expansion,shared_seed_then_expansion,panel_fixed_log_pairwise,cell_l1_adjustment,weeks_1_3__10_edps,prefix,10,3,1.189448258657674
provider_eval_shared_seed_then_expansion,shared_seed_then_expansion,panel_fixed_log_pairwise,temporal_projection_used,weeks_1_3__10_edps,prefix,10,3,1.0
provider_eval_shared_seed_then_expansion,shared_seed_then_expansion,panel_fixed_log_pairwise,reconciliation_seconds,weeks_1_3__10_edps,prefix,10,3,0.1881902499590069
provider_eval_shared_seed_then_expansion,shared_seed_then_expansion,panel_fixed_log_pairwise,raw_prefix_error,weeks_1_4__10_edps,prefix,10,4,0.5424763453259493
provider_eval_shared_seed_then_expansion,shared_seed_then_expansion,panel_fixed_log_pairwise,reconciled_prefix_error,weeks_1_4__10_edps,prefix,10,4,1.1083333333333334
provider_eval_shared_seed_then_expansion,shared_seed_then_expansion,panel_fixed_log_pairwise,union_adjustment,weeks_1_4__10_edps,prefix,10,4,0.3668497022479858
provider_eval_shared_seed_then_expansion,shared_seed_then_expansion,panel_fixed_log_pairwise,cell_l1_adjustment,weeks_1_4__10_edps,prefix,10,4,1.2877639382553756
provider_eval_shared_seed_then_expansion,shared_seed_then_expansion,panel_fixed_log_pairwise,temporal_projection_used,weeks_1_4__10_edps,prefix,10,4,1.0
provider_eval_shared_seed_then_expansion,shared_seed_then_expansion,panel_fixed_log_pairwise,reconciliation_seconds,weeks_1_4__10_edps,prefix,10,4,0.0009126249933615327
provider_eval_shared_seed_then_expansion,shared_seed_then_expansion,panel_fixed_log_pairwise,raw_prefix_error,weeks_1_5__10_edps,prefix,10,5,0.2758862175817015
provider_eval_shared_seed_then_expansion,shared_seed_then_expansion,panel_fixed_log_pairwise,reconciled_prefix_error,weeks_1_5__10_edps,prefix,10,5,1.1083333333333334
provider_eval_shared_seed_then_expansion,shared_seed_then_expansion,panel_fixed_log_pairwise,union_adjustment,weeks_1_5__10_edps,prefix,10,5,0.6524462011427983
provider_eval_shared_seed_then_expansion,shared_seed_then_expansion,panel_fixed_log_pairwise,cell_l1_adjustment,weeks_1_5__10_edps,prefix,10,5,1.4673554880803332
provider_eval_shared_seed_then_expansion,shared_seed_then_expansion,panel_fixed_log_pairwise,temporal_projection_used,weeks_1_5__10_edps,prefix,10,5,1.0
provider_eval_shared_seed_then_expansion,shared_seed_then_expansion,panel_fixed_log_pairwise,reconciliation_seconds,weeks_1_5__10_edps,prefix,10,5,0.0009473339887335896
provider_eval_shared_seed_then_expansion,shared_seed_then_expansion,panel_fixed_log_pairwise,raw_prefix_error,weeks_1_6__10_edps,prefix,10,6,0.26068414985025923
provider_eval_shared_seed_then_expansion,shared_seed_then_expansion,panel_fixed_log_pairwise,reconciled_prefix_error,weeks_1_6__10_edps,prefix,10,6,1.1083333333333334
provider_eval_shared_seed_then_expansion,shared_seed_then_expansion,panel_fixed_log_pairwise,union_adjustment,weeks_1_6__10_edps,prefix,10,6,0.6723723651033132
provider_eval_shared_seed_then_expansion,shared_seed_then_expansion,panel_fixed_log_pairwise,cell_l1_adjustment,weeks_1_6__10_edps,prefix,10,6,1.503951842850503
provider_eval_shared_seed_then_expansion,shared_seed_then_expansion,panel_fixed_log_pairwise,temporal_projection_used,weeks_1_6__10_edps,prefix,10,6,1.0
provider_eval_shared_seed_then_expansion,shared_seed_then_expansion,panel_fixed_log_pairwise,reconciliation_seconds,weeks_1_6__10_edps,prefix,10,6,0.0009173750877380371
provider_eval_shared_seed_then_expansion,shared_seed_then_expansion,panel_fixed_log_pairwise,raw_prefix_error,weeks_1_7__10_edps,prefix,10,7,0.42570257813099543
provider_eval_shared_seed_then_expansion,shared_seed_then_expansion,panel_fixed_log_pairwise,reconciled_prefix_error,weeks_1_7__10_edps,prefix,10,7,1.1083333333333334
provider_eval_shared_seed_then_expansion,shared_seed_then_expansion,panel_fixed_log_pairwise,union_adjustment,weeks_1_7__10_edps,prefix,10,7,0.47880305869771245
provider_eval_shared_seed_then_expansion,shared_seed_then_expansion,panel_fixed_log_pairwise,cell_l1_adjustment,weeks_1_7__10_edps,prefix,10,7,1.3778537784732399
provider_eval_shared_seed_then_expansion,shared_seed_then_expansion,panel_fixed_log_pairwise,temporal_projection_used,weeks_1_7__10_edps,prefix,10,7,1.0
provider_eval_shared_seed_then_expansion,shared_seed_then_expansion,panel_fixed_log_pairwise,reconciliation_seconds,weeks_1_7__10_edps,prefix,10,7,0.0009156250162050128
provider_eval_shared_seed_then_expansion,shared_seed_then_expansion,panel_fixed_log_pairwise,raw_prefix_error,weeks_1_8__10_edps,prefix,10,8,0.12175075764257783
provider_eval_shared_seed_then_expansion,shared_seed_then_expansion,panel_fixed_log_pairwise,reconciled_prefix_error,weeks_1_8__10_edps,prefix,10,8,1.1083333333333334
provider_eval_shared_seed_then_expansion,shared_seed_then_expansion,panel_fixed_log_pairwise,union_adjustment,weeks_1_8__10_edps,prefix,10,8,0.879502482141499
provider_eval_shared_seed_then_expansion,shared_seed_then_expansion,panel_fixed_log_pairwise,cell_l1_adjustment,weeks_1_8__10_edps,prefix,10,8,1.7348887064800609
provider_eval_shared_seed_then_expansion,shared_seed_then_expansion,panel_fixed_log_pairwise,temporal_projection_used,weeks_1_8__10_edps,prefix,10,8,1.0
provider_eval_shared_seed_then_expansion,shared_seed_then_expansion,panel_fixed_log_pairwise,reconciliation_seconds,weeks_1_8__10_edps,prefix,10,8,0.0008981249993667006
provider_eval_shared_seed_then_expansion,shared_seed_then_expansion,panel_fixed_log_pairwise,raw_prefix_error,weeks_1_9__10_edps,prefix,10,9,0.281129875709144
provider_eval_shared_seed_then_expansion,shared_seed_then_expansion,panel_fixed_log_pairwise,reconciled_prefix_error,weeks_1_9__10_edps,prefix,10,9,0.2792022792022792
provider_eval_shared_seed_then_expansion,shared_seed_then_expansion,panel_fixed_log_pairwise,union_adjustment,weeks_1_9__10_edps,prefix,10,9,0.002681425255732494
provider_eval_shared_seed_then_expansion,shared_seed_then_expansion,panel_fixed_log_pairwise,cell_l1_adjustment,weeks_1_9__10_edps,prefix,10,9,0.7337071703355312
provider_eval_shared_seed_then_expansion,shared_seed_then_expansion,panel_fixed_log_pairwise,temporal_projection_used,weeks_1_9__10_edps,prefix,10,9,1.0
provider_eval_shared_seed_then_expansion,shared_seed_then_expansion,panel_fixed_log_pairwise,reconciliation_seconds,weeks_1_9__10_edps,prefix,10,9,0.2169165830127895
provider_eval_shared_seed_then_expansion,shared_seed_then_expansion,panel_fixed_log_pairwise,raw_prefix_error,weeks_1_10__10_edps,prefix,10,10,0.3065401984145703
provider_eval_shared_seed_then_expansion,shared_seed_then_expansion,panel_fixed_log_pairwise,reconciled_prefix_error,weeks_1_10__10_edps,prefix,10,10,0.3065737051792829
provider_eval_shared_seed_then_expansion,shared_seed_then_expansion,panel_fixed_log_pairwise,union_adjustment,weeks_1_10__10_edps,prefix,10,10,4.831825094454838e-05
provider_eval_shared_seed_then_expansion,shared_seed_then_expansion,panel_fixed_log_pairwise,cell_l1_adjustment,weeks_1_10__10_edps,prefix,10,10,0.5479779045053396
provider_eval_shared_seed_then_expansion,shared_seed_then_expansion,panel_fixed_log_pairwise,temporal_projection_used,weeks_1_10__10_edps,prefix,10,10,1.0
provider_eval_shared_seed_then_expansion,shared_seed_then_expansion,panel_fixed_log_pairwise,reconciliation_seconds,weeks_1_10__10_edps,prefix,10,10,0.18154958297964185
provider_eval_shared_seed_then_expansion,shared_seed_then_expansion,panel_fixed_log_pairwise,raw_prefix_error,weeks_1_11__10_edps,prefix,10,11,0.2908706283599687
provider_eval_shared_seed_then_expansion,shared_seed_then_expansion,panel_fixed_log_pairwise,reconciled_prefix_error,weeks_1_11__10_edps,prefix,10,11,0.29081397138021237
provider_eval_shared_seed_then_expansion,shared_seed_then_expansion,panel_fixed_log_pairwise,union_adjustment,weeks_1_11__10_edps,prefix,10,11,7.989653513498656e-05
provider_eval_shared_seed_then_expansion,shared_seed_then_expansion,panel_fixed_log_pairwise,cell_l1_adjustment,weeks_1_11__10_edps,prefix,10,11,0.3915799381054023
provider_eval_shared_seed_then_expansion,shared_seed_then_expansion,panel_fixed_log_pairwise,temporal_projection_used,weeks_1_11__10_edps,prefix,10,11,1.0
provider_eval_shared_seed_then_expansion,shared_seed_then_expansion,panel_fixed_log_pairwise,reconciliation_seconds,weeks_1_11__10_edps,prefix,10,11,0.17097679094877094
provider_eval_shared_seed_then_expansion,shared_seed_then_expansion,panel_fixed_log_pairwise,raw_prefix_error,weeks_1_12__10_edps,prefix,10,12,0.2668548158964308
provider_eval_shared_seed_then_expansion,shared_seed_then_expansion,panel_fixed_log_pairwise,reconciled_prefix_error,weeks_1_12__10_edps,prefix,10,12,0.2668234679210767
provider_eval_shared_seed_then_expansion,shared_seed_then_expansion,panel_fixed_log_pairwise,union_adjustment,weeks_1_12__10_edps,prefix,10,12,4.275820947028165e-05
provider_eval_shared_seed_then_expansion,shared_seed_then_expansion,panel_fixed_log_pairwise,cell_l1_adjustment,weeks_1_12__10_edps,prefix,10,12,0.3203705535488016
provider_eval_shared_seed_then_expansion,shared_seed_then_expansion,panel_fixed_log_pairwise,temporal_projection_used,weeks_1_12__10_edps,prefix,10,12,1.0
provider_eval_shared_seed_then_expansion,shared_seed_then_expansion,panel_fixed_log_pairwise,reconciliation_seconds,weeks_1_12__10_edps,prefix,10,12,0.1859649590915069
provider_eval_shared_seed_then_expansion,shared_seed_then_expansion,panel_fixed_log_pairwise,raw_prefix_error,weeks_1_13__10_edps,prefix,10,13,0.23989278102137107
provider_eval_shared_seed_then_expansion,shared_seed_then_expansion,panel_fixed_log_pairwise,reconciled_prefix_error,weeks_1_13__10_edps,prefix,10,13,0.23987034035656402
provider_eval_shared_seed_then_expansion,shared_seed_then_expansion,panel_fixed_log_pairwise,union_adjustment,weeks_1_13__10_edps,prefix,10,13,2.9523025497761097e-05
provider_eval_shared_seed_then_expansion,shared_seed_then_expansion,panel_fixed_log_pairwise,cell_l1_adjustment,weeks_1_13__10_edps,prefix,10,13,0.24925288050885827
provider_eval_shared_seed_then_expansion,shared_seed_then_expansion,panel_fixed_log_pairwise,temporal_projection_used,weeks_1_13__10_edps,prefix,10,13,1.0
provider_eval_shared_seed_then_expansion,shared_seed_then_expansion,panel_fixed_log_pairwise,reconciliation_seconds,weeks_1_13__10_edps,prefix,10,13,0.23367895907722414
provider_eval_shared_seed_then_expansion,shared_seed_then_expansion,panel_fixed_log_pairwise__active_today,report_error,weeks_1_3__2_edps,prefix,2,3,0.2521489971346705
provider_eval_shared_seed_then_expansion,shared_seed_then_expansion,panel_fixed_log_pairwise__active_today,report_error,weeks_1_12__2_edps,prefix,2,12,0.06271536871123363
provider_eval_shared_seed_then_expansion,shared_seed_then_expansion,panel_fixed_log_pairwise__active_today,report_error,weeks_5_12__2_edps,interval,2,12,0.05390835579514825
provider_eval_shared_seed_then_expansion,shared_seed_then_expansion,panel_fixed_log_pairwise__active_today,report_error,weeks_1_3__5_edps,prefix,5,3,0.8574074074074074
provider_eval_shared_seed_then_expansion,shared_seed_then_expansion,panel_fixed_log_pairwise__active_today,report_error,weeks_1_12__5_edps,prefix,5,12,0.18639749117992943
provider_eval_shared_seed_then_expansion,shared_seed_then_expansion,panel_fixed_log_pairwise__active_today,report_error,weeks_7_13__5_edps,interval,5,13,0.11279286750984864
provider_eval_shared_seed_then_expansion,shared_seed_then_expansion,panel_fixed_log_pairwise__active_today,report_error,all_weeks__5_edps,prefix,5,13,0.13399966118922582
provider_eval_shared_seed_then_expansion,shared_seed_then_expansion,panel_fixed_log_pairwise__active_today,report_error,noncontiguous__5_edps,noncontiguous,5,13,0.07804433647130277
provider_eval_shared_seed_then_expansion,shared_seed_then_expansion,panel_fixed_log_pairwise__active_today,report_error,weeks_1_3__10_edps,prefix,10,3,1.1083333333333334
provider_eval_shared_seed_then_expansion,shared_seed_then_expansion,panel_fixed_log_pairwise__active_today,report_error,weeks_1_12__10_edps,prefix,10,12,0.2668234679210767
provider_eval_shared_seed_then_expansion,shared_seed_then_expansion,panel_fixed_log_pairwise__active_today,report_error,all_weeks__10_edps,prefix,10,13,0.23987034035656402
provider_eval_shared_seed_then_expansion,shared_seed_then_expansion,panel_fixed_log_pairwise__active_today,report_error,weeks_5_12__10_edps,interval,10,12,0.2297276738171307
provider_eval_shared_seed_then_expansion,shared_seed_then_expansion,panel_fixed_log_pairwise__active_today,report_error,weeks_7_13__10_edps,interval,10,13,0.1974067213548558
provider_eval_shared_seed_then_expansion,shared_seed_then_expansion,panel_fixed_log_pairwise__active_today,report_error,noncontiguous__10_edps,noncontiguous,10,13,0.0021492770613520907
provider_eval_shared_seed_then_expansion,shared_seed_then_expansion,panel_fixed_log_pairwise__active_today,report_error,noncontiguous__2_edps,noncontiguous,2,13,0.038058466629895205
provider_eval_shared_seed_then_expansion,shared_seed_then_expansion,panel_fixed_log_pairwise__recent_creation,report_error,weeks_1_3__2_edps,prefix,2,3,0.2521489971346705
provider_eval_shared_seed_then_expansion,shared_seed_then_expansion,panel_fixed_log_pairwise__recent_creation,report_error,weeks_1_12__2_edps,prefix,2,12,0.06271536871123363
provider_eval_shared_seed_then_expansion,shared_seed_then_expansion,panel_fixed_log_pairwise__recent_creation,report_error,weeks_5_12__2_edps,interval,2,12,0.0522911051212938
provider_eval_shared_seed_then_expansion,shared_seed_then_expansion,panel_fixed_log_pairwise__recent_creation,report_error,weeks_1_3__5_edps,prefix,5,3,0.8574074074074074
provider_eval_shared_seed_then_expansion,shared_seed_then_expansion,panel_fixed_log_pairwise__recent_creation,report_error,weeks_1_12__5_edps,prefix,5,12,0.18639749117992943
provider_eval_shared_seed_then_expansion,shared_seed_then_expansion,panel_fixed_log_pairwise__recent_creation,report_error,weeks_7_13__5_edps,interval,5,13,0.11382956665975534
provider_eval_shared_seed_then_expansion,shared_seed_then_expansion,panel_fixed_log_pairwise__recent_creation,report_error,all_weeks__5_edps,prefix,5,13,0.13399966118922582
provider_eval_shared_seed_then_expansion,shared_seed_then_expansion,panel_fixed_log_pairwise__recent_creation,report_error,noncontiguous__5_edps,noncontiguous,5,13,0.07379289401761312
provider_eval_shared_seed_then_expansion,shared_seed_then_expansion,panel_fixed_log_pairwise__recent_creation,report_error,weeks_1_3__10_edps,prefix,10,3,1.1083333333333334
provider_eval_shared_seed_then_expansion,shared_seed_then_expansion,panel_fixed_log_pairwise__recent_creation,report_error,weeks_1_12__10_edps,prefix,10,12,0.2668234679210767
provider_eval_shared_seed_then_expansion,shared_seed_then_expansion,panel_fixed_log_pairwise__recent_creation,report_error,all_weeks__10_edps,prefix,10,13,0.23987034035656402
provider_eval_shared_seed_then_expansion,shared_seed_then_expansion,panel_fixed_log_pairwise__recent_creation,report_error,weeks_5_12__10_edps,interval,10,12,0.23048836147877683
provider_eval_shared_seed_then_expansion,shared_seed_then_expansion,panel_fixed_log_pairwise__recent_creation,report_error,weeks_7_13__10_edps,interval,10,13,0.1982005821645938
provider_eval_shared_seed_then_expansion,shared_seed_then_expansion,panel_fixed_log_pairwise__recent_creation,report_error,noncontiguous__10_edps,noncontiguous,10,13,0.0031262211801484957
provider_eval_shared_seed_then_expansion,shared_seed_then_expansion,panel_fixed_log_pairwise__recent_creation,report_error,noncontiguous__2_edps,noncontiguous,2,13,0.031991174848317705
provider_eval_shared_seed_then_expansion,shared_seed_then_expansion,panel_fixed_log_pairwise__oldest_creation,report_error,weeks_1_3__2_edps,prefix,2,3,0.2521489971346705
provider_eval_shared_seed_then_expansion,shared_seed_then_expansion,panel_fixed_log_pairwise__oldest_creation,report_error,weeks_1_12__2_edps,prefix,2,12,0.06271536871123363
provider_eval_shared_seed_then_expansion,shared_seed_then_expansion,panel_fixed_log_pairwise__oldest_creation,report_error,weeks_5_12__2_edps,interval,2,12,0.053369272237196765
provider_eval_shared_seed_then_expansion,shared_seed_then_expansion,panel_fixed_log_pairwise__oldest_creation,report_error,weeks_1_3__5_edps,prefix,5,3,0.8574074074074074
provider_eval_shared_seed_then_expansion,shared_seed_then_expansion,panel_fixed_log_pairwise__oldest_creation,report_error,weeks_1_12__5_edps,prefix,5,12,0.18639749117992943
provider_eval_shared_seed_then_expansion,shared_seed_then_expansion,panel_fixed_log_pairwise__oldest_creation,report_error,weeks_7_13__5_edps,interval,5,13,0.1177690234294008
provider_eval_shared_seed_then_expansion,shared_seed_then_expansion,panel_fixed_log_pairwise__oldest_creation,report_error,all_weeks__5_edps,prefix,5,13,0.13399966118922582
provider_eval_shared_seed_then_expansion,shared_seed_then_expansion,panel_fixed_log_pairwise__oldest_creation,report_error,noncontiguous__5_edps,noncontiguous,5,13,0.08928029152748254
provider_eval_shared_seed_then_expansion,shared_seed_then_expansion,panel_fixed_log_pairwise__oldest_creation,report_error,weeks_1_3__10_edps,prefix,10,3,1.1083333333333334
provider_eval_shared_seed_then_expansion,shared_seed_then_expansion,panel_fixed_log_pairwise__oldest_creation,report_error,weeks_1_12__10_edps,prefix,10,12,0.2668234679210767
provider_eval_shared_seed_then_expansion,shared_seed_then_expansion,panel_fixed_log_pairwise__oldest_creation,report_error,all_weeks__10_edps,prefix,10,13,0.23987034035656402
provider_eval_shared_seed_then_expansion,shared_seed_then_expansion,panel_fixed_log_pairwise__oldest_creation,report_error,weeks_5_12__10_edps,interval,10,12,0.2411379887418226
provider_eval_shared_seed_then_expansion,shared_seed_then_expansion,panel_fixed_log_pairwise__oldest_creation,report_error,weeks_7_13__10_edps,interval,10,13,0.20918232336596984
provider_eval_shared_seed_then_expansion,shared_seed_then_expansion,panel_fixed_log_pairwise__oldest_creation,report_error,noncontiguous__10_edps,noncontiguous,10,13,0.0023446658851113715
provider_eval_shared_seed_then_expansion,shared_seed_then_expansion,panel_fixed_log_pairwise__oldest_creation,report_error,noncontiguous__2_edps,noncontiguous,2,13,0.04081632653061224
