scenario,scenario_label,campaign,replicate,report,week_count,edp_count,method,method_label,truth_union,estimate,relative_error,signed_error,mean_edp_reach_fraction,reference_full_intersection
broad_awareness_control,Broad awareness / reach control,meta_broad_awareness_control_00,0,"weeks 1-3, 2 EDPs",3,2,baseline_vid,Existing VID,9410000.0,9407258.333333334,0.00029135671271690177,-0.00029135671271690177,0.039875,80041.93572100335
broad_awareness_control,Broad awareness / reach control,meta_broad_awareness_control_00,0,"weeks 1-3, 2 EDPs",3,2,pair_aware_fixed_plus_shared_log,Pair-aware fixed + log,9410000.0,9407721.629702315,0.00024212224204944374,-0.00024212224204944374,0.039875,80041.93572100335
broad_awareness_control,Broad awareness / reach control,meta_broad_awareness_control_00,0,"weeks 1-3, 2 EDPs",3,2,two_group_latent_mixture,Two-group mixture,9410000.0,9407426.3837834,0.00027349800388947306,-0.00027349800388947306,0.039875,80041.93572100335
broad_awareness_control,Broad awareness / reach control,meta_broad_awareness_control_00,0,"weeks 1-3, 2 EDPs",3,2,pairwise_maxent_direct,Direct pair + higher-order inference,9410000.0,9432957.42768757,0.002439684132579219,0.002439684132579219,0.039875,80041.93572100335
broad_awareness_control,Broad awareness / reach control,meta_broad_awareness_control_00,0,"weeks 1-3, 2 EDPs",3,2,pairwise_maxent_mixture,Mixture pair + higher-order inference,9410000.0,9428314.298184618,0.0019462591056980186,0.0019462591056980186,0.039875,80041.93572100335
broad_awareness_control,Broad awareness / reach control,meta_broad_awareness_control_00,0,"weeks 5-12, 2 EDPs",8,2,baseline_vid,Existing VID,81780000.0,81885262.5,0.0012871423330887747,0.0012871423330887747,0.43425,10809539.96859827
broad_awareness_control,Broad awareness / reach control,meta_broad_awareness_control_00,0,"weeks 5-12, 2 EDPs",8,2,pair_aware_fixed_plus_shared_log,Pair-aware fixed + log,81780000.0,84247407.72207063,0.030171285425172834,0.030171285425172834,0.43425,10809539.96859827
broad_awareness_control,Broad awareness / reach control,meta_broad_awareness_control_00,0,"weeks 5-12, 2 EDPs",8,2,two_group_latent_mixture,Two-group mixture,81780000.0,84972241.96101633,0.0390345067377883,0.0390345067377883,0.43425,10809539.96859827
broad_awareness_control,Broad awareness / reach control,meta_broad_awareness_control_00,0,"weeks 5-12, 2 EDPs",8,2,pairwise_maxent_direct,Direct pair + higher-order inference,81780000.0,82552256.2518702,0.009443094300198093,0.009443094300198093,0.43425,10809539.96859827
broad_awareness_control,Broad awareness / reach control,meta_broad_awareness_control_00,0,"weeks 5-12, 2 EDPs",8,2,pairwise_maxent_mixture,Mixture pair + higher-order inference,81780000.0,85123186.44477303,0.04088024510605323,0.04088024510605323,0.43425,10809539.96859827
broad_awareness_control,Broad awareness / reach control,meta_broad_awareness_control_00,0,"full flight, 2 EDPs",13,2,baseline_vid,Existing VID,100370000.0,100817290.0,0.004456411278270399,0.004456411278270399,0.5807083333333334,18509814.464823987
broad_awareness_control,Broad awareness / reach control,meta_broad_awareness_control_00,0,"full flight, 2 EDPs",13,2,pair_aware_fixed_plus_shared_log,Pair-aware fixed + log,100370000.0,103397246.58470185,0.03016087062570341,0.03016087062570341,0.5807083333333334,18509814.464823987
broad_awareness_control,Broad awareness / reach control,meta_broad_awareness_control_00,0,"full flight, 2 EDPs",13,2,two_group_latent_mixture,Two-group mixture,100370000.0,106466965.7399493,0.0607449012648132,0.0607449012648132,0.5807083333333334,18509814.464823987
broad_awareness_control,Broad awareness / reach control,meta_broad_awareness_control_00,0,"full flight, 2 EDPs",13,2,pairwise_maxent_direct,Direct pair + higher-order inference,100370000.0,101538272.34291852,0.011639656699397382,0.011639656699397382,0.5807083333333334,18509814.464823987
broad_awareness_control,Broad awareness / reach control,meta_broad_awareness_control_00,0,"full flight, 2 EDPs",13,2,pairwise_maxent_mixture,Mixture pair + higher-order inference,100370000.0,106669571.44886832,0.06276348957724738,0.06276348957724738,0.5807083333333334,18509814.464823987
broad_awareness_control,Broad awareness / reach control,meta_broad_awareness_control_00,0,"weeks 7-13, 5 EDPs",7,5,baseline_vid,Existing VID,116340000.0,116798992.49175097,0.0039452681085694555,0.0039452681085694555,0.4957166666666667,339999.0163497177
broad_awareness_control,Broad awareness / reach control,meta_broad_awareness_control_00,0,"weeks 7-13, 5 EDPs",7,5,pair_aware_fixed_plus_shared_log,Pair-aware fixed + log,116340000.0,119827771.63399883,0.029979126989847223,0.029979126989847223,0.4957166666666667,339999.0163497177
broad_awareness_control,Broad awareness / reach control,meta_broad_awareness_control_00,0,"weeks 7-13, 5 EDPs",7,5,two_group_latent_mixture,Two-group mixture,116340000.0,119999999.99999988,0.031459515214026824,0.031459515214026824,0.4957166666666667,339999.0163497177
broad_awareness_control,Broad awareness / reach control,meta_broad_awareness_control_00,0,"weeks 7-13, 5 EDPs",7,5,pairwise_maxent_direct,Direct pair + higher-order inference,116340000.0,119066535.84504494,0.023435927841197704,0.023435927841197704,0.4957166666666667,339999.0163497177
broad_awareness_control,Broad awareness / reach control,meta_broad_awareness_control_00,0,"weeks 7-13, 5 EDPs",7,5,pairwise_maxent_mixture,Mixture pair + higher-order inference,116340000.0,119999999.99532543,0.03145951517384761,0.03145951517384761,0.4957166666666667,339999.0163497177
broad_awareness_control,Broad awareness / reach control,meta_broad_awareness_control_00,0,"full flight, 5 selected EDPs",13,5,baseline_vid,Existing VID,118790000.0,118903809.6141665,0.0009580740312021061,0.0009580740312021061,0.5915666666666667,159998.45769227634
broad_awareness_control,Broad awareness / reach control,meta_broad_awareness_control_00,0,"full flight, 5 selected EDPs",13,5,pair_aware_fixed_plus_shared_log,Pair-aware fixed + log,118790000.0,119999688.58543237,0.010183421040764085,0.010183421040764085,0.5915666666666667,159998.45769227634
broad_awareness_control,Broad awareness / reach control,meta_broad_awareness_control_00,0,"full flight, 5 selected EDPs",13,5,two_group_latent_mixture,Two-group mixture,118790000.0,119999999.99999997,0.010186042596177879,0.010186042596177879,0.5915666666666667,159998.45769227634
broad_awareness_control,Broad awareness / reach control,meta_broad_awareness_control_00,0,"full flight, 5 selected EDPs",13,5,pairwise_maxent_direct,Direct pair + higher-order inference,118790000.0,118805223.00973038,0.00012815059963282898,0.00012815059963282898,0.5915666666666667,159998.45769227634
broad_awareness_control,Broad awareness / reach control,meta_broad_awareness_control_00,0,"full flight, 5 selected EDPs",13,5,pairwise_maxent_mixture,Mixture pair + higher-order inference,118790000.0,119999999.99988158,0.010186042595181247,0.010186042595181247,0.5915666666666667,159998.45769227634
broad_awareness_control,Broad awareness / reach control,meta_broad_awareness_control_00,0,"noncontiguous weeks, 5 EDPs",6,5,baseline_vid,Existing VID,97370000.0,97405826.16945052,0.00036793847643546747,0.00036793847643546747,0.28191666666666665,0.9365647492116302
broad_awareness_control,Broad awareness / reach control,meta_broad_awareness_control_00,0,"noncontiguous weeks, 5 EDPs",6,5,pair_aware_fixed_plus_shared_log,Pair-aware fixed + log,97370000.0,90408568.46283217,0.07149462398241586,-0.07149462398241586,0.28191666666666665,0.9365647492116302
broad_awareness_control,Broad awareness / reach control,meta_broad_awareness_control_00,0,"noncontiguous weeks, 5 EDPs",6,5,two_group_latent_mixture,Two-group mixture,97370000.0,94008333.7092446,0.03452466150513922,-0.03452466150513922,0.28191666666666665,0.9365647492116302
broad_awareness_control,Broad awareness / reach control,meta_broad_awareness_control_00,0,"noncontiguous weeks, 5 EDPs",6,5,pairwise_maxent_direct,Direct pair + higher-order inference,97370000.0,105890485.7688424,0.0875062726593653,0.0875062726593653,0.28191666666666665,0.9365647492116302
broad_awareness_control,Broad awareness / reach control,meta_broad_awareness_control_00,0,"noncontiguous weeks, 5 EDPs",6,5,pairwise_maxent_mixture,Mixture pair + higher-order inference,97370000.0,103927751.67955278,0.06734878997178576,0.06734878997178576,0.28191666666666665,0.9365647492116302
broad_awareness_control,Broad awareness / reach control,meta_broad_awareness_control_00,0,"weeks 1-3, 10 EDPs",3,10,baseline_vid,Existing VID,64030000.0,65596015.781896256,0.0244575321239459,0.0244575321239459,0.07255,-1.9825965050556575e-20
broad_awareness_control,Broad awareness / reach control,meta_broad_awareness_control_00,0,"weeks 1-3, 10 EDPs",3,10,pair_aware_fixed_plus_shared_log,Pair-aware fixed + log,64030000.0,63928925.33635164,0.0015785516734087065,-0.0015785516734087065,0.07255,-1.9825965050556575e-20
broad_awareness_control,Broad awareness / reach control,meta_broad_awareness_control_00,0,"weeks 1-3, 10 EDPs",3,10,two_group_latent_mixture,Two-group mixture,64030000.0,64065762.194306776,0.0005585224786315154,0.0005585224786315154,0.07255,-1.9825965050556575e-20
broad_awareness_control,Broad awareness / reach control,meta_broad_awareness_control_00,0,"weeks 1-3, 10 EDPs",3,10,pairwise_maxent_direct,Direct pair + higher-order inference,64030000.0,67247527.53544545,0.05025031290715995,0.05025031290715995,0.07255,-1.9825965050556575e-20
broad_awareness_control,Broad awareness / reach control,meta_broad_awareness_control_00,0,"weeks 1-3, 10 EDPs",3,10,pairwise_maxent_mixture,Mixture pair + higher-order inference,64030000.0,60720873.42489936,0.051680877324701516,-0.051680877324701516,0.07255,-1.9825965050556575e-20
broad_awareness_control,Broad awareness / reach control,meta_broad_awareness_control_00,0,"weeks 1-12, 10 EDPs",12,10,baseline_vid,Existing VID,119890000.0,119948862.06796387,0.0004909672863780831,0.0004909672863780831,0.5286916666666667,-4.3861246962120307e-10
broad_awareness_control,Broad awareness / reach control,meta_broad_awareness_control_00,0,"weeks 1-12, 10 EDPs",12,10,pair_aware_fixed_plus_shared_log,Pair-aware fixed + log,119890000.0,119999999.99999999,0.0009175077154056643,0.0009175077154056643,0.5286916666666667,-4.3861246962120307e-10
broad_awareness_control,Broad awareness / reach control,meta_broad_awareness_control_00,0,"weeks 1-12, 10 EDPs",12,10,two_group_latent_mixture,Two-group mixture,119890000.0,119999999.99999997,0.0009175077154055401,0.0009175077154055401,0.5286916666666667,-4.3861246962120307e-10
broad_awareness_control,Broad awareness / reach control,meta_broad_awareness_control_00,0,"weeks 1-12, 10 EDPs",12,10,pairwise_maxent_direct,Direct pair + higher-order inference,119890000.0,119984846.42937343,0.000791112097534642,0.000791112097534642,0.5286916666666667,-4.3861246962120307e-10
broad_awareness_control,Broad awareness / reach control,meta_broad_awareness_control_00,0,"weeks 1-12, 10 EDPs",12,10,pairwise_maxent_mixture,Mixture pair + higher-order inference,119890000.0,119956114.55241914,0.0005514601085923841,0.0005514601085923841,0.5286916666666667,-4.3861246962120307e-10
broad_awareness_control,Broad awareness / reach control,meta_broad_awareness_control_00,0,"full flight, 10 EDPs",13,10,baseline_vid,Existing VID,119980000.0,119985209.30561079,4.341811644266418e-05,4.341811644266418e-05,0.5777583333333334,-1.0254493256370697e-09
broad_awareness_control,Broad awareness / reach control,meta_broad_awareness_control_00,0,"full flight, 10 EDPs",13,10,pair_aware_fixed_plus_shared_log,Pair-aware fixed + log,119980000.0,119999999.99999999,0.0001666944490747216,0.0001666944490747216,0.5777583333333334,-1.0254493256370697e-09
broad_awareness_control,Broad awareness / reach control,meta_broad_awareness_control_00,0,"full flight, 10 EDPs",13,10,two_group_latent_mixture,Two-group mixture,119980000.0,119999999.99999999,0.0001666944490747216,0.0001666944490747216,0.5777583333333334,-1.0254493256370697e-09
broad_awareness_control,Broad awareness / reach control,meta_broad_awareness_control_00,0,"full flight, 10 EDPs",13,10,pairwise_maxent_direct,Direct pair + higher-order inference,119980000.0,119995722.33624576,0.0001310413089328248,0.0001310413089328248,0.5777583333333334,-1.0254493256370697e-09
broad_awareness_control,Broad awareness / reach control,meta_broad_awareness_control_00,0,"full flight, 10 EDPs",13,10,pairwise_maxent_mixture,Mixture pair + higher-order inference,119980000.0,120000000.0,0.0001666944490748458,0.0001666944490748458,0.5777583333333334,-1.0254493256370697e-09
broad_awareness_control,Broad awareness / reach control,meta_broad_awareness_control_01,1,"weeks 1-3, 2 EDPs",3,2,baseline_vid,Existing VID,20810000.0,21057715.00000001,0.01190365209034172,0.01190365209034172,0.09195833333333334,660095.7097234983
broad_awareness_control,Broad awareness / reach control,meta_broad_awareness_control_01,1,"weeks 1-3, 2 EDPs",3,2,pair_aware_fixed_plus_shared_log,Pair-aware fixed + log,20810000.0,21095298.31308271,0.013709673862696295,0.013709673862696295,0.09195833333333334,660095.7097234983
broad_awareness_control,Broad awareness / reach control,meta_broad_awareness_control_01,1,"weeks 1-3, 2 EDPs",3,2,two_group_latent_mixture,Two-group mixture,20810000.0,20966452.31276399,0.0075181313197495905,0.0075181313197495905,0.09195833333333334,660095.7097234983
broad_awareness_control,Broad awareness / reach control,meta_broad_awareness_control_01,1,"weeks 1-3, 2 EDPs",3,2,pairwise_maxent_direct,Direct pair + higher-order inference,20810000.0,20877394.054262266,0.0032385417713726846,0.0032385417713726846,0.09195833333333334,660095.7097234983
broad_awareness_control,Broad awareness / reach control,meta_broad_awareness_control_01,1,"weeks 1-3, 2 EDPs",3,2,pairwise_maxent_mixture,Mixture pair + higher-order inference,20810000.0,20904109.034374982,0.004522298624458535,0.004522298624458535,0.09195833333333334,660095.7097234983
broad_awareness_control,Broad awareness / reach control,meta_broad_awareness_control_01,1,"weeks 5-12, 2 EDPs",8,2,baseline_vid,Existing VID,88710000.0,88412072.49999999,0.0033584432420247423,-0.0033584432420247423,0.48691666666666666,12439431.241215844
broad_awareness_control,Broad awareness / reach control,meta_broad_awareness_control_01,1,"weeks 5-12, 2 EDPs",8,2,pair_aware_fixed_plus_shared_log,Pair-aware fixed + log,88710000.0,93250315.56260037,0.05118155295457529,0.05118155295457529,0.48691666666666666,12439431.241215844
broad_awareness_control,Broad awareness / reach control,meta_broad_awareness_control_01,1,"weeks 5-12, 2 EDPs",8,2,two_group_latent_mixture,Two-group mixture,88710000.0,94606100.24657041,0.0664648883617451,0.0664648883617451,0.48691666666666666,12439431.241215844
broad_awareness_control,Broad awareness / reach control,meta_broad_awareness_control_01,1,"weeks 5-12, 2 EDPs",8,2,pairwise_maxent_direct,Direct pair + higher-order inference,88710000.0,91710167.87899984,0.03381995129072082,0.03381995129072082,0.48691666666666666,12439431.241215844
broad_awareness_control,Broad awareness / reach control,meta_broad_awareness_control_01,1,"weeks 5-12, 2 EDPs",8,2,pairwise_maxent_mixture,Mixture pair + higher-order inference,88710000.0,94883500.02792948,0.06959192907146303,0.06959192907146303,0.48691666666666666,12439431.241215844
broad_awareness_control,Broad awareness / reach control,meta_broad_awareness_control_01,1,"full flight, 2 EDPs",13,2,baseline_vid,Existing VID,102530000.0,102679840.0,0.0014614259241197698,0.0014614259241197698,0.6200833333333333,21469707.792573433
broad_awareness_control,Broad awareness / reach control,meta_broad_awareness_control_01,1,"full flight, 2 EDPs",13,2,pair_aware_fixed_plus_shared_log,Pair-aware fixed + log,102530000.0,106307874.48903464,0.03684652773856079,0.03684652773856079,0.6200833333333333,21469707.792573433
broad_awareness_control,Broad awareness / reach control,meta_broad_awareness_control_01,1,"full flight, 2 EDPs",13,2,two_group_latent_mixture,Two-group mixture,102530000.0,110624875.84910212,0.07895129083294768,0.07895129083294768,0.6200833333333333,21469707.792573433
broad_awareness_control,Broad awareness / reach control,meta_broad_awareness_control_01,1,"full flight, 2 EDPs",13,2,pairwise_maxent_direct,Direct pair + higher-order inference,102530000.0,104653016.66041778,0.02070629728291993,0.02070629728291993,0.6200833333333333,21469707.792573433
broad_awareness_control,Broad awareness / reach control,meta_broad_awareness_control_01,1,"full flight, 2 EDPs",13,2,pairwise_maxent_mixture,Mixture pair + higher-order inference,102530000.0,110890420.90559866,0.08154121628400132,0.08154121628400132,0.6200833333333333,21469707.792573433
broad_awareness_control,Broad awareness / reach control,meta_broad_awareness_control_01,1,"weeks 7-13, 5 EDPs",7,5,baseline_vid,Existing VID,113610000.0,113875748.68365748,0.002339131094599791,0.002339131094599791,0.41696666666666665,79999.66277151224
broad_awareness_control,Broad awareness / reach control,meta_broad_awareness_control_01,1,"weeks 7-13, 5 EDPs",7,5,pair_aware_fixed_plus_shared_log,Pair-aware fixed + log,113610000.0,118755450.51246971,0.045290471899214056,0.045290471899214056,0.41696666666666665,79999.66277151224
broad_awareness_control,Broad awareness / reach control,meta_broad_awareness_control_01,1,"weeks 7-13, 5 EDPs",7,5,two_group_latent_mixture,Two-group mixture,113610000.0,119401941.1850877,0.050980909999891695,0.050980909999891695,0.41696666666666665,79999.66277151224
broad_awareness_control,Broad awareness / reach control,meta_broad_awareness_control_01,1,"weeks 7-13, 5 EDPs",7,5,pairwise_maxent_direct,Direct pair + higher-order inference,113610000.0,117658365.45654085,0.0356338830784337,0.0356338830784337,0.41696666666666665,79999.66277151224
broad_awareness_control,Broad awareness / reach control,meta_broad_awareness_control_01,1,"weeks 7-13, 5 EDPs",7,5,pairwise_maxent_mixture,Mixture pair + higher-order inference,113610000.0,119871401.86994193,0.05511312269995542,0.05511312269995542,0.41696666666666665,79999.66277151224
broad_awareness_control,Broad awareness / reach control,meta_broad_awareness_control_01,1,"full flight, 5 selected EDPs",13,5,baseline_vid,Existing VID,119170000.0,119535114.71168734,0.003063813977404895,0.003063813977404895,0.6633333333333333,310000.20439789165
broad_awareness_control,Broad awareness / reach control,meta_broad_awareness_control_01,1,"full flight, 5 selected EDPs",13,5,pair_aware_fixed_plus_shared_log,Pair-aware fixed + log,119170000.0,119999999.99999994,0.006964840144331127,0.006964840144331127,0.6633333333333333,310000.20439789165
broad_awareness_control,Broad awareness / reach control,meta_broad_awareness_control_01,1,"full flight, 5 selected EDPs",13,5,two_group_latent_mixture,Two-group mixture,119170000.0,120000000.0,0.006964840144331627,0.006964840144331627,0.6633333333333333,310000.20439789165
broad_awareness_control,Broad awareness / reach control,meta_broad_awareness_control_01,1,"full flight, 5 selected EDPs",13,5,pairwise_maxent_direct,Direct pair + higher-order inference,119170000.0,117251392.4139651,0.016099753176427742,-0.016099753176427742,0.6633333333333333,310000.20439789165
broad_awareness_control,Broad awareness / reach control,meta_broad_awareness_control_01,1,"full flight, 5 selected EDPs",13,5,pairwise_maxent_mixture,Mixture pair + higher-order inference,119170000.0,119999999.9999018,0.006964840143507606,0.006964840143507606,0.6633333333333333,310000.20439789165
broad_awareness_control,Broad awareness / reach control,meta_broad_awareness_control_01,1,"noncontiguous weeks, 5 EDPs",6,5,baseline_vid,Existing VID,105410000.0,106423649.73830415,0.00961625783421073,0.00961625783421073,0.34976666666666667,39999.81235177184
broad_awareness_control,Broad awareness / reach control,meta_broad_awareness_control_01,1,"noncontiguous weeks, 5 EDPs",6,5,pair_aware_fixed_plus_shared_log,Pair-aware fixed + log,105410000.0,105164882.67853388,0.0023253706618548346,-0.0023253706618548346,0.34976666666666667,39999.81235177184
broad_awareness_control,Broad awareness / reach control,meta_broad_awareness_control_01,1,"noncontiguous weeks, 5 EDPs",6,5,two_group_latent_mixture,Two-group mixture,105410000.0,105725179.73147829,0.002990036348337812,0.002990036348337812,0.34976666666666667,39999.81235177184
broad_awareness_control,Broad awareness / reach control,meta_broad_awareness_control_01,1,"noncontiguous weeks, 5 EDPs",6,5,pairwise_maxent_direct,Direct pair + higher-order inference,105410000.0,111893071.44465972,0.06150338150706503,0.06150338150706503,0.34976666666666667,39999.81235177184
broad_awareness_control,Broad awareness / reach control,meta_broad_awareness_control_01,1,"noncontiguous weeks, 5 EDPs",6,5,pairwise_maxent_mixture,Mixture pair + higher-order inference,105410000.0,111787493.14952458,0.060501784930505495,0.060501784930505495,0.34976666666666667,39999.81235177184
broad_awareness_control,Broad awareness / reach control,meta_broad_awareness_control_01,1,"weeks 1-3, 10 EDPs",3,10,baseline_vid,Existing VID,83350000.0,84943603.6315659,0.019119419694851814,0.019119419694851814,0.10674166666666667,-3.6068288336232847e-19
broad_awareness_control,Broad awareness / reach control,meta_broad_awareness_control_01,1,"weeks 1-3, 10 EDPs",3,10,pair_aware_fixed_plus_shared_log,Pair-aware fixed + log,83350000.0,82156993.22422694,0.01431321866554365,-0.01431321866554365,0.10674166666666667,-3.6068288336232847e-19
broad_awareness_control,Broad awareness / reach control,meta_broad_awareness_control_01,1,"weeks 1-3, 10 EDPs",3,10,two_group_latent_mixture,Two-group mixture,83350000.0,81565538.55866164,0.02140925544497133,-0.02140925544497133,0.10674166666666667,-3.6068288336232847e-19
broad_awareness_control,Broad awareness / reach control,meta_broad_awareness_control_01,1,"weeks 1-3, 10 EDPs",3,10,pairwise_maxent_direct,Direct pair + higher-order inference,83350000.0,86813772.86436056,0.04155696297973072,0.04155696297973072,0.10674166666666667,-3.6068288336232847e-19
broad_awareness_control,Broad awareness / reach control,meta_broad_awareness_control_01,1,"weeks 1-3, 10 EDPs",3,10,pairwise_maxent_mixture,Mixture pair + higher-order inference,83350000.0,79133599.19921404,0.05058669227097731,-0.05058669227097731,0.10674166666666667,-3.6068288336232847e-19
broad_awareness_control,Broad awareness / reach control,meta_broad_awareness_control_01,1,"weeks 1-12, 10 EDPs",12,10,baseline_vid,Existing VID,119960000.0,119987019.20740011,0.00022523514004762707,0.00022523514004762707,0.589775,-1.348637524020473e-09
broad_awareness_control,Broad awareness / reach control,meta_broad_awareness_control_01,1,"weeks 1-12, 10 EDPs",12,10,pair_aware_fixed_plus_shared_log,Pair-aware fixed + log,119960000.0,119999999.99999999,0.00033344448149370706,0.00033344448149370706,0.589775,-1.348637524020473e-09
broad_awareness_control,Broad awareness / reach control,meta_broad_awareness_control_01,1,"weeks 1-12, 10 EDPs",12,10,two_group_latent_mixture,Two-group mixture,119960000.0,119999999.99999999,0.00033344448149370706,0.00033344448149370706,0.589775,-1.348637524020473e-09
broad_awareness_control,Broad awareness / reach control,meta_broad_awareness_control_01,1,"weeks 1-12, 10 EDPs",12,10,pairwise_maxent_direct,Direct pair + higher-order inference,119960000.0,119999999.99993984,0.0003334444809923642,0.0003334444809923642,0.589775,-1.348637524020473e-09
broad_awareness_control,Broad awareness / reach control,meta_broad_awareness_control_01,1,"weeks 1-12, 10 EDPs",12,10,pairwise_maxent_mixture,Mixture pair + higher-order inference,119960000.0,120000000.0,0.00033344448149383126,0.00033344448149383126,0.589775,-1.348637524020473e-09
broad_awareness_control,Broad awareness / reach control,meta_broad_awareness_control_01,1,"full flight, 10 EDPs",13,10,baseline_vid,Existing VID,120000000.0,119997049.82203315,2.458481639040013e-05,-2.458481639040013e-05,0.6438666666666667,-3.2823927612488295e-09
broad_awareness_control,Broad awareness / reach control,meta_broad_awareness_control_01,1,"full flight, 10 EDPs",13,10,pair_aware_fixed_plus_shared_log,Pair-aware fixed + log,120000000.0,120000000.0,0.0,0.0,0.6438666666666667,-3.2823927612488295e-09
broad_awareness_control,Broad awareness / reach control,meta_broad_awareness_control_01,1,"full flight, 10 EDPs",13,10,two_group_latent_mixture,Two-group mixture,120000000.0,120000000.0,0.0,0.0,0.6438666666666667,-3.2823927612488295e-09
broad_awareness_control,Broad awareness / reach control,meta_broad_awareness_control_01,1,"full flight, 10 EDPs",13,10,pairwise_maxent_direct,Direct pair + higher-order inference,120000000.0,119999999.95004533,4.16288897395134e-10,-4.16288897395134e-10,0.6438666666666667,-3.2823927612488295e-09
broad_awareness_control,Broad awareness / reach control,meta_broad_awareness_control_01,1,"full flight, 10 EDPs",13,10,pairwise_maxent_mixture,Mixture pair + higher-order inference,120000000.0,120000000.0,0.0,0.0,0.6438666666666667,-3.2823927612488295e-09
broad_awareness_control,Broad awareness / reach control,meta_broad_awareness_control_02,2,"weeks 1-3, 2 EDPs",3,2,baseline_vid,Existing VID,25570000.0,25525316.666666668,0.0017474905488201835,-0.0017474905488201835,0.10883333333333334,329901.81806360965
broad_awareness_control,Broad awareness / reach control,meta_broad_awareness_control_02,2,"weeks 1-3, 2 EDPs",3,2,pair_aware_fixed_plus_shared_log,Pair-aware fixed + log,25570000.0,25563685.199131176,0.0002469613167314871,-0.0002469613167314871,0.10883333333333334,329901.81806360965
broad_awareness_control,Broad awareness / reach control,meta_broad_awareness_control_02,2,"weeks 1-3, 2 EDPs",3,2,two_group_latent_mixture,Two-group mixture,25570000.0,25528673.22555168,0.0016162211360312973,-0.0016162211360312973,0.10883333333333334,329901.81806360965
broad_awareness_control,Broad awareness / reach control,meta_broad_awareness_control_02,2,"weeks 1-3, 2 EDPs",3,2,pairwise_maxent_direct,Direct pair + higher-order inference,25570000.0,25533707.746450514,0.0014193294309537113,-0.0014193294309537113,0.10883333333333334,329901.81806360965
broad_awareness_control,Broad awareness / reach control,meta_broad_awareness_control_02,2,"weeks 1-3, 2 EDPs",3,2,pairwise_maxent_mixture,Mixture pair + higher-order inference,25570000.0,25537147.449769184,0.0012848083782094645,-0.0012848083782094645,0.10883333333333334,329901.81806360965
broad_awareness_control,Broad awareness / reach control,meta_broad_awareness_control_02,2,"weeks 5-12, 2 EDPs",8,2,baseline_vid,Existing VID,93820000.0,94160333.33333333,0.003627513678675425,0.003627513678675425,0.521875,14750095.168333812
broad_awareness_control,Broad awareness / reach control,meta_broad_awareness_control_02,2,"weeks 5-12, 2 EDPs",8,2,pair_aware_fixed_plus_shared_log,Pair-aware fixed + log,93820000.0,97147082.63826786,0.03546240288070624,0.03546240288070624,0.521875,14750095.168333812
broad_awareness_control,Broad awareness / reach control,meta_broad_awareness_control_02,2,"weeks 5-12, 2 EDPs",8,2,two_group_latent_mixture,Two-group mixture,93820000.0,98995837.23785047,0.055167738625564615,0.055167738625564615,0.521875,14750095.168333812
broad_awareness_control,Broad awareness / reach control,meta_broad_awareness_control_02,2,"weeks 5-12, 2 EDPs",8,2,pairwise_maxent_direct,Direct pair + higher-order inference,93820000.0,95334221.93995817,0.016139649754403858,0.016139649754403858,0.521875,14750095.168333812
broad_awareness_control,Broad awareness / reach control,meta_broad_awareness_control_02,2,"weeks 5-12, 2 EDPs",8,2,pairwise_maxent_mixture,Mixture pair + higher-order inference,93820000.0,99191606.0488994,0.05725438125026004,0.05725438125026004,0.521875,14750095.168333812
broad_awareness_control,Broad awareness / reach control,meta_broad_awareness_control_02,2,"full flight, 2 EDPs",13,2,baseline_vid,Existing VID,102580000.0,103225773.33333333,0.006295314226294876,0.006295314226294876,0.622,22060289.570977345
broad_awareness_control,Broad awareness / reach control,meta_broad_awareness_control_02,2,"full flight, 2 EDPs",13,2,pair_aware_fixed_plus_shared_log,Pair-aware fixed + log,102580000.0,105651434.44019517,0.029941844805958014,0.029941844805958014,0.622,22060289.570977345
broad_awareness_control,Broad awareness / reach control,meta_broad_awareness_control_02,2,"full flight, 2 EDPs",13,2,two_group_latent_mixture,Two-group mixture,102580000.0,110081153.58309893,0.07312491307368818,0.07312491307368818,0.622,22060289.570977345
broad_awareness_control,Broad awareness / reach control,meta_broad_awareness_control_02,2,"full flight, 2 EDPs",13,2,pairwise_maxent_direct,Direct pair + higher-order inference,102580000.0,103901237.89821807,0.012880073096296213,0.012880073096296213,0.622,22060289.570977345
broad_awareness_control,Broad awareness / reach control,meta_broad_awareness_control_02,2,"full flight, 2 EDPs",13,2,pairwise_maxent_mixture,Mixture pair + higher-order inference,102580000.0,110307163.22400649,0.07532816556840016,0.07532816556840016,0.622,22060289.570977345
broad_awareness_control,Broad awareness / reach control,meta_broad_awareness_control_02,2,"weeks 7-13, 5 EDPs",7,5,baseline_vid,Existing VID,112290000.0,112225489.89012578,0.0005744955906511596,-0.0005744955906511596,0.41218333333333335,60000.60069632813
broad_awareness_control,Broad awareness / reach control,meta_broad_awareness_control_02,2,"weeks 7-13, 5 EDPs",7,5,pair_aware_fixed_plus_shared_log,Pair-aware fixed + log,112290000.0,110859121.46743044,0.012742706675301073,-0.012742706675301073,0.41218333333333335,60000.60069632813
broad_awareness_control,Broad awareness / reach control,meta_broad_awareness_control_02,2,"weeks 7-13, 5 EDPs",7,5,two_group_latent_mixture,Two-group mixture,112290000.0,117591478.42986088,0.047212382490523425,0.047212382490523425,0.41218333333333335,60000.60069632813
broad_awareness_control,Broad awareness / reach control,meta_broad_awareness_control_02,2,"weeks 7-13, 5 EDPs",7,5,pairwise_maxent_direct,Direct pair + higher-order inference,112290000.0,116882228.79192965,0.04089615096562158,0.04089615096562158,0.41218333333333335,60000.60069632813
broad_awareness_control,Broad awareness / reach control,meta_broad_awareness_control_02,2,"weeks 7-13, 5 EDPs",7,5,pairwise_maxent_mixture,Mixture pair + higher-order inference,112290000.0,119734363.5531384,0.0662958727681753,0.0662958727681753,0.41218333333333335,60000.60069632813
broad_awareness_control,Broad awareness / reach control,meta_broad_awareness_control_02,2,"full flight, 5 selected EDPs",13,5,baseline_vid,Existing VID,119100000.0,119386030.72646587,0.002401601397698287,0.002401601397698287,0.63135,200000.52943014688
broad_awareness_control,Broad awareness / reach control,meta_broad_awareness_control_02,2,"full flight, 5 selected EDPs",13,5,pair_aware_fixed_plus_shared_log,Pair-aware fixed + log,119100000.0,119999999.9999999,0.007556675062971417,0.007556675062971417,0.63135,200000.52943014688
broad_awareness_control,Broad awareness / reach control,meta_broad_awareness_control_02,2,"full flight, 5 selected EDPs",13,5,two_group_latent_mixture,Two-group mixture,119100000.0,119999999.99999996,0.007556675062971916,0.007556675062971916,0.63135,200000.52943014688
broad_awareness_control,Broad awareness / reach control,meta_broad_awareness_control_02,2,"full flight, 5 selected EDPs",13,5,pairwise_maxent_direct,Direct pair + higher-order inference,119100000.0,118674212.87899017,0.003575038799410803,-0.003575038799410803,0.63135,200000.52943014688
broad_awareness_control,Broad awareness / reach control,meta_broad_awareness_control_02,2,"full flight, 5 selected EDPs",13,5,pairwise_maxent_mixture,Mixture pair + higher-order inference,119100000.0,119999999.99988128,0.007556675061975503,0.007556675061975503,0.63135,200000.52943014688
broad_awareness_control,Broad awareness / reach control,meta_broad_awareness_control_02,2,"noncontiguous weeks, 5 EDPs",6,5,baseline_vid,Existing VID,99140000.0,99754410.85029157,0.0061974061962029965,0.0061974061962029965,0.29715,-0.08278957351713909
broad_awareness_control,Broad awareness / reach control,meta_broad_awareness_control_02,2,"noncontiguous weeks, 5 EDPs",6,5,pair_aware_fixed_plus_shared_log,Pair-aware fixed + log,99140000.0,94012996.04162277,0.05171478674982073,-0.05171478674982073,0.29715,-0.08278957351713909
broad_awareness_control,Broad awareness / reach control,meta_broad_awareness_control_02,2,"noncontiguous weeks, 5 EDPs",6,5,two_group_latent_mixture,Two-group mixture,99140000.0,96727446.09029187,0.02433481853649513,-0.02433481853649513,0.29715,-0.08278957351713909
broad_awareness_control,Broad awareness / reach control,meta_broad_awareness_control_02,2,"noncontiguous weeks, 5 EDPs",6,5,pairwise_maxent_direct,Direct pair + higher-order inference,99140000.0,106572909.89652047,0.07497387428404746,0.07497387428404746,0.29715,-0.08278957351713909
broad_awareness_control,Broad awareness / reach control,meta_broad_awareness_control_02,2,"noncontiguous weeks, 5 EDPs",6,5,pairwise_maxent_mixture,Mixture pair + higher-order inference,99140000.0,104896105.67757355,0.05806037600941645,0.05806037600941645,0.29715,-0.08278957351713909
broad_awareness_control,Broad awareness / reach control,meta_broad_awareness_control_02,2,"weeks 1-3, 10 EDPs",3,10,baseline_vid,Existing VID,75870000.0,77760801.15813996,0.024921591645445617,0.024921591645445617,0.09579166666666666,-4.820633027249521e-19
broad_awareness_control,Broad awareness / reach control,meta_broad_awareness_control_02,2,"weeks 1-3, 10 EDPs",3,10,pair_aware_fixed_plus_shared_log,Pair-aware fixed + log,75870000.0,75032382.76427028,0.011040163908392304,-0.011040163908392304,0.09579166666666666,-4.820633027249521e-19
broad_awareness_control,Broad awareness / reach control,meta_broad_awareness_control_02,2,"weeks 1-3, 10 EDPs",3,10,two_group_latent_mixture,Two-group mixture,75870000.0,75095511.80470553,0.010208095364366279,-0.010208095364366279,0.09579166666666666,-4.820633027249521e-19
broad_awareness_control,Broad awareness / reach control,meta_broad_awareness_control_02,2,"weeks 1-3, 10 EDPs",3,10,pairwise_maxent_direct,Direct pair + higher-order inference,75870000.0,82150488.86796144,0.08277960811864289,0.08277960811864289,0.09579166666666666,-4.820633027249521e-19
broad_awareness_control,Broad awareness / reach control,meta_broad_awareness_control_02,2,"weeks 1-3, 10 EDPs",3,10,pairwise_maxent_mixture,Mixture pair + higher-order inference,75870000.0,72930373.64381963,0.03874556947647779,-0.03874556947647779,0.09579166666666666,-4.820633027249521e-19
broad_awareness_control,Broad awareness / reach control,meta_broad_awareness_control_02,2,"weeks 1-12, 10 EDPs",12,10,baseline_vid,Existing VID,119930000.0,119983784.04345918,0.0004484619649727092,0.0004484619649727092,0.5733333333333334,-9.32453292357884e-10
broad_awareness_control,Broad awareness / reach control,meta_broad_awareness_control_02,2,"weeks 1-12, 10 EDPs",12,10,pair_aware_fixed_plus_shared_log,Pair-aware fixed + log,119930000.0,119999999.99999999,0.0005836738097222138,0.0005836738097222138,0.5733333333333334,-9.32453292357884e-10
broad_awareness_control,Broad awareness / reach control,meta_broad_awareness_control_02,2,"weeks 1-12, 10 EDPs",12,10,two_group_latent_mixture,Two-group mixture,119930000.0,119999999.99999999,0.0005836738097222138,0.0005836738097222138,0.5733333333333334,-9.32453292357884e-10
broad_awareness_control,Broad awareness / reach control,meta_broad_awareness_control_02,2,"weeks 1-12, 10 EDPs",12,10,pairwise_maxent_direct,Direct pair + higher-order inference,119930000.0,119999978.27296977,0.0005834926454579125,0.0005834926454579125,0.5733333333333334,-9.32453292357884e-10
broad_awareness_control,Broad awareness / reach control,meta_broad_awareness_control_02,2,"weeks 1-12, 10 EDPs",12,10,pairwise_maxent_mixture,Mixture pair + higher-order inference,119930000.0,119999897.17540938,0.0005828164380003054,0.0005828164380003054,0.5733333333333334,-9.32453292357884e-10
broad_awareness_control,Broad awareness / reach control,meta_broad_awareness_control_02,2,"full flight, 10 EDPs",13,10,baseline_vid,Existing VID,119950000.0,119993524.98046102,0.00036285936190926464,0.00036285936190926464,0.6110333333333333,-1.8341896274818085e-09
broad_awareness_control,Broad awareness / reach control,meta_broad_awareness_control_02,2,"full flight, 10 EDPs",13,10,pair_aware_fixed_plus_shared_log,Pair-aware fixed + log,119950000.0,119999999.99999999,0.0004168403501457699,0.0004168403501457699,0.6110333333333333,-1.8341896274818085e-09
broad_awareness_control,Broad awareness / reach control,meta_broad_awareness_control_02,2,"full flight, 10 EDPs",13,10,two_group_latent_mixture,Two-group mixture,119950000.0,119999999.99999999,0.0004168403501457699,0.0004168403501457699,0.6110333333333333,-1.8341896274818085e-09
broad_awareness_control,Broad awareness / reach control,meta_broad_awareness_control_02,2,"full flight, 10 EDPs",13,10,pairwise_maxent_direct,Direct pair + higher-order inference,119950000.0,119995063.91662611,0.00037568917570746704,0.00037568917570746704,0.6110333333333333,-1.8341896274818085e-09
broad_awareness_control,Broad awareness / reach control,meta_broad_awareness_control_02,2,"full flight, 10 EDPs",13,10,pairwise_maxent_mixture,Mixture pair + higher-order inference,119950000.0,119999999.99963345,0.000416840347090007,0.000416840347090007,0.6110333333333333,-1.8341896274818085e-09
traffic_optimization,Traffic / landing-page views,meta_traffic_optimization_00,0,"weeks 1-3, 2 EDPs",3,2,baseline_vid,Existing VID,20000000.0,20173502.499999993,0.008675124999999628,0.008675124999999628,0.08758333333333333,630034.7111905494
traffic_optimization,Traffic / landing-page views,meta_traffic_optimization_00,0,"weeks 1-3, 2 EDPs",3,2,pair_aware_fixed_plus_shared_log,Pair-aware fixed + log,20000000.0,20145265.09358394,0.007263254679197073,0.007263254679197073,0.08758333333333333,630034.7111905494
traffic_optimization,Traffic / landing-page views,meta_traffic_optimization_00,0,"weeks 1-3, 2 EDPs",3,2,two_group_latent_mixture,Two-group mixture,20000000.0,20020142.108328357,0.0010071054164178669,0.0010071054164178669,0.08758333333333333,630034.7111905494
traffic_optimization,Traffic / landing-page views,meta_traffic_optimization_00,0,"weeks 1-3, 2 EDPs",3,2,pairwise_maxent_direct,Direct pair + higher-order inference,20000000.0,19888360.600587115,0.0055819699706442655,-0.0055819699706442655,0.08758333333333333,630034.7111905494
traffic_optimization,Traffic / landing-page views,meta_traffic_optimization_00,0,"weeks 1-3, 2 EDPs",3,2,pairwise_maxent_mixture,Mixture pair + higher-order inference,20000000.0,19907425.311164588,0.004628734441770613,-0.004628734441770613,0.08758333333333333,630034.7111905494
traffic_optimization,Traffic / landing-page views,meta_traffic_optimization_00,0,"weeks 5-12, 2 EDPs",8,2,baseline_vid,Existing VID,41910000.0,43120542.5,0.028884335480792174,0.028884335480792174,0.19958333333333333,2820176.9343100106
traffic_optimization,Traffic / landing-page views,meta_traffic_optimization_00,0,"weeks 5-12, 2 EDPs",8,2,pair_aware_fixed_plus_shared_log,Pair-aware fixed + log,41910000.0,43340176.62517643,0.034124949300320444,0.034124949300320444,0.19958333333333333,2820176.9343100106
traffic_optimization,Traffic / landing-page views,meta_traffic_optimization_00,0,"weeks 5-12, 2 EDPs",8,2,two_group_latent_mixture,Two-group mixture,41910000.0,42942964.59269501,0.02464721051527112,0.02464721051527112,0.19958333333333333,2820176.9343100106
traffic_optimization,Traffic / landing-page views,meta_traffic_optimization_00,0,"weeks 5-12, 2 EDPs",8,2,pairwise_maxent_direct,Direct pair + higher-order inference,41910000.0,42538926.88183215,0.015006606581535496,0.015006606581535496,0.19958333333333333,2820176.9343100106
traffic_optimization,Traffic / landing-page views,meta_traffic_optimization_00,0,"weeks 5-12, 2 EDPs",8,2,pairwise_maxent_mixture,Mixture pair + higher-order inference,41910000.0,42917870.86430326,0.024048457750018157,0.024048457750018157,0.19958333333333333,2820176.9343100106
traffic_optimization,Traffic / landing-page views,meta_traffic_optimization_00,0,"full flight, 2 EDPs",13,2,baseline_vid,Existing VID,56940000.0,59148999.99999999,0.038795223041798256,0.038795223041798256,0.28779166666666667,5840321.976036832
traffic_optimization,Traffic / landing-page views,meta_traffic_optimization_00,0,"full flight, 2 EDPs",13,2,pair_aware_fixed_plus_shared_log,Pair-aware fixed + log,56940000.0,59109192.77693767,0.03809611480396331,0.03809611480396331,0.28779166666666667,5840321.976036832
traffic_optimization,Traffic / landing-page views,meta_traffic_optimization_00,0,"full flight, 2 EDPs",13,2,two_group_latent_mixture,Two-group mixture,56940000.0,58780492.233487375,0.03232336202120434,0.03232336202120434,0.28779166666666667,5840321.976036832
traffic_optimization,Traffic / landing-page views,meta_traffic_optimization_00,0,"full flight, 2 EDPs",13,2,pairwise_maxent_direct,Direct pair + higher-order inference,56940000.0,57689327.99364449,0.013159957738751156,0.013159957738751156,0.28779166666666667,5840321.976036832
traffic_optimization,Traffic / landing-page views,meta_traffic_optimization_00,0,"full flight, 2 EDPs",13,2,pairwise_maxent_mixture,Mixture pair + higher-order inference,56940000.0,58752389.22860618,0.031829807316582005,0.031829807316582005,0.28779166666666667,5840321.976036832
traffic_optimization,Traffic / landing-page views,meta_traffic_optimization_00,0,"weeks 7-13, 5 EDPs",7,5,baseline_vid,Existing VID,62250000.0,65975175.89232454,0.05984218300922951,0.05984218300922951,0.14621666666666666,-0.0019324067935449418
traffic_optimization,Traffic / landing-page views,meta_traffic_optimization_00,0,"weeks 7-13, 5 EDPs",7,5,pair_aware_fixed_plus_shared_log,Pair-aware fixed + log,62250000.0,63422774.41275888,0.01883974960255228,0.01883974960255228,0.14621666666666666,-0.0019324067935449418
traffic_optimization,Traffic / landing-page views,meta_traffic_optimization_00,0,"weeks 7-13, 5 EDPs",7,5,two_group_latent_mixture,Two-group mixture,62250000.0,65975967.04237329,0.059854892246960514,0.059854892246960514,0.14621666666666666,-0.0019324067935449418
traffic_optimization,Traffic / landing-page views,meta_traffic_optimization_00,0,"weeks 7-13, 5 EDPs",7,5,pairwise_maxent_direct,Direct pair + higher-order inference,62250000.0,65333764.17297157,0.049538380288699904,0.049538380288699904,0.14621666666666666,-0.0019324067935449418
traffic_optimization,Traffic / landing-page views,meta_traffic_optimization_00,0,"weeks 7-13, 5 EDPs",7,5,pairwise_maxent_mixture,Mixture pair + higher-order inference,62250000.0,65758233.937730014,0.056357171690442,0.056357171690442,0.14621666666666666,-0.0019324067935449418
traffic_optimization,Traffic / landing-page views,meta_traffic_optimization_00,0,"full flight, 5 selected EDPs",13,5,baseline_vid,Existing VID,74840000.0,81946197.5483457,0.0949518646224706,0.0949518646224706,0.20221666666666666,-0.009593859868605012
traffic_optimization,Traffic / landing-page views,meta_traffic_optimization_00,0,"full flight, 5 selected EDPs",13,5,pair_aware_fixed_plus_shared_log,Pair-aware fixed + log,74840000.0,80173772.07448053,0.07126900152967042,0.07126900152967042,0.20221666666666666,-0.009593859868605012
traffic_optimization,Traffic / landing-page views,meta_traffic_optimization_00,0,"full flight, 5 selected EDPs",13,5,two_group_latent_mixture,Two-group mixture,74840000.0,81932317.88567112,0.0947664068101433,0.0947664068101433,0.20221666666666666,-0.009593859868605012
traffic_optimization,Traffic / landing-page views,meta_traffic_optimization_00,0,"full flight, 5 selected EDPs",13,5,pairwise_maxent_direct,Direct pair + higher-order inference,74840000.0,81196316.12261328,0.08493207005095245,0.08493207005095245,0.20221666666666666,-0.009593859868605012
traffic_optimization,Traffic / landing-page views,meta_traffic_optimization_00,0,"full flight, 5 selected EDPs",13,5,pairwise_maxent_mixture,Mixture pair + higher-order inference,74840000.0,79875414.50830859,0.06728239588867704,0.06728239588867704,0.20221666666666666,-0.009593859868605012
traffic_optimization,Traffic / landing-page views,meta_traffic_optimization_00,0,"noncontiguous weeks, 5 EDPs",6,5,baseline_vid,Existing VID,47810000.0,50239473.34277706,0.050815171361159976,0.050815171361159976,0.10213333333333334,-0.0003060163978116209
traffic_optimization,Traffic / landing-page views,meta_traffic_optimization_00,0,"noncontiguous weeks, 5 EDPs",6,5,pair_aware_fixed_plus_shared_log,Pair-aware fixed + log,47810000.0,49124164.95469232,0.027487240215275446,0.027487240215275446,0.10213333333333334,-0.0003060163978116209
traffic_optimization,Traffic / landing-page views,meta_traffic_optimization_00,0,"noncontiguous weeks, 5 EDPs",6,5,two_group_latent_mixture,Two-group mixture,47810000.0,50045573.429255545,0.046759536273908074,0.046759536273908074,0.10213333333333334,-0.0003060163978116209
traffic_optimization,Traffic / landing-page views,meta_traffic_optimization_00,0,"noncontiguous weeks, 5 EDPs",6,5,pairwise_maxent_direct,Direct pair + higher-order inference,47810000.0,51520706.23339841,0.0776136003639073,0.0776136003639073,0.10213333333333334,-0.0003060163978116209
traffic_optimization,Traffic / landing-page views,meta_traffic_optimization_00,0,"noncontiguous weeks, 5 EDPs",6,5,pairwise_maxent_mixture,Mixture pair + higher-order inference,47810000.0,50125897.34312773,0.04843960140405203,0.04843960140405203,0.10213333333333334,-0.0003060163978116209
traffic_optimization,Traffic / landing-page views,meta_traffic_optimization_00,0,"weeks 1-3, 10 EDPs",3,10,baseline_vid,Existing VID,52740000.0,56258468.96092769,0.06671348048782115,0.06671348048782115,0.06059166666666667,-8.219874433009956e-21
traffic_optimization,Traffic / landing-page views,meta_traffic_optimization_00,0,"weeks 1-3, 10 EDPs",3,10,pair_aware_fixed_plus_shared_log,Pair-aware fixed + log,52740000.0,55173054.935521394,0.04613300977477046,0.04613300977477046,0.06059166666666667,-8.219874433009956e-21
traffic_optimization,Traffic / landing-page views,meta_traffic_optimization_00,0,"weeks 1-3, 10 EDPs",3,10,two_group_latent_mixture,Two-group mixture,52740000.0,55149966.36317688,0.04569522872917865,0.04569522872917865,0.06059166666666667,-8.219874433009956e-21
traffic_optimization,Traffic / landing-page views,meta_traffic_optimization_00,0,"weeks 1-3, 10 EDPs",3,10,pairwise_maxent_direct,Direct pair + higher-order inference,52740000.0,57375826.2470588,0.08789962546565797,0.08789962546565797,0.06059166666666667,-8.219874433009956e-21
traffic_optimization,Traffic / landing-page views,meta_traffic_optimization_00,0,"weeks 1-3, 10 EDPs",3,10,pairwise_maxent_mixture,Mixture pair + higher-order inference,52740000.0,54678681.15467457,0.036759217949840106,0.036759217949840106,0.06059166666666667,-8.219874433009956e-21
traffic_optimization,Traffic / landing-page views,meta_traffic_optimization_00,0,"weeks 1-12, 10 EDPs",12,10,baseline_vid,Existing VID,94250000.0,104323251.1161258,0.10687799592706426,0.10687799592706426,0.18145,-5.538235161986213e-15
traffic_optimization,Traffic / landing-page views,meta_traffic_optimization_00,0,"weeks 1-12, 10 EDPs",12,10,pair_aware_fixed_plus_shared_log,Pair-aware fixed + log,94250000.0,92785435.83321536,0.015539142353152723,-0.015539142353152723,0.18145,-5.538235161986213e-15
traffic_optimization,Traffic / landing-page views,meta_traffic_optimization_00,0,"weeks 1-12, 10 EDPs",12,10,two_group_latent_mixture,Two-group mixture,94250000.0,100630559.79072553,0.06769824711645124,0.06769824711645124,0.18145,-5.538235161986213e-15
traffic_optimization,Traffic / landing-page views,meta_traffic_optimization_00,0,"weeks 1-12, 10 EDPs",12,10,pairwise_maxent_direct,Direct pair + higher-order inference,94250000.0,105646549.9750628,0.12091830212268226,0.12091830212268226,0.18145,-5.538235161986213e-15
traffic_optimization,Traffic / landing-page views,meta_traffic_optimization_00,0,"weeks 1-12, 10 EDPs",12,10,pairwise_maxent_mixture,Mixture pair + higher-order inference,94250000.0,100976484.37910242,0.07136853452628567,0.07136853452628567,0.18145,-5.538235161986213e-15
traffic_optimization,Traffic / landing-page views,meta_traffic_optimization_00,0,"full flight, 10 EDPs",13,10,baseline_vid,Existing VID,95680000.0,105952318.9888386,0.10736119344521947,0.10736119344521947,0.19,-8.655021026519697e-15
traffic_optimization,Traffic / landing-page views,meta_traffic_optimization_00,0,"full flight, 10 EDPs",13,10,pair_aware_fixed_plus_shared_log,Pair-aware fixed + log,95680000.0,93618118.8905123,0.021549760759695835,-0.021549760759695835,0.19,-8.655021026519697e-15
traffic_optimization,Traffic / landing-page views,meta_traffic_optimization_00,0,"full flight, 10 EDPs",13,10,two_group_latent_mixture,Two-group mixture,95680000.0,101554741.35269742,0.06139988871966364,0.06139988871966364,0.19,-8.655021026519697e-15
traffic_optimization,Traffic / landing-page views,meta_traffic_optimization_00,0,"full flight, 10 EDPs",13,10,pairwise_maxent_direct,Direct pair + higher-order inference,95680000.0,106947887.94368114,0.11776638737124932,0.11776638737124932,0.19,-8.655021026519697e-15
traffic_optimization,Traffic / landing-page views,meta_traffic_optimization_00,0,"full flight, 10 EDPs",13,10,pairwise_maxent_mixture,Mixture pair + higher-order inference,95680000.0,102728810.4751001,0.07367067804243416,0.07367067804243416,0.19,-8.655021026519697e-15
traffic_optimization,Traffic / landing-page views,meta_traffic_optimization_01,1,"weeks 1-3, 2 EDPs",3,2,baseline_vid,Existing VID,17850000.0,17999053.33333332,0.008350326797384925,0.008350326797384925,0.077625,340075.45969663863
traffic_optimization,Traffic / landing-page views,meta_traffic_optimization_01,1,"weeks 1-3, 2 EDPs",3,2,pair_aware_fixed_plus_shared_log,Pair-aware fixed + log,17850000.0,18045412.49302885,0.010947478601055986,0.010947478601055986,0.077625,340075.45969663863
traffic_optimization,Traffic / landing-page views,meta_traffic_optimization_01,1,"weeks 1-3, 2 EDPs",3,2,two_group_latent_mixture,Two-group mixture,17850000.0,18008009.221680075,0.008852057236978988,0.008852057236978988,0.077625,340075.45969663863
traffic_optimization,Traffic / landing-page views,meta_traffic_optimization_01,1,"weeks 1-3, 2 EDPs",3,2,pairwise_maxent_direct,Direct pair + higher-order inference,17850000.0,18024453.608382642,0.009773311393985561,0.009773311393985561,0.077625,340075.45969663863
traffic_optimization,Traffic / landing-page views,meta_traffic_optimization_01,1,"weeks 1-3, 2 EDPs",3,2,pairwise_maxent_mixture,Mixture pair + higher-order inference,17850000.0,18029117.57399556,0.01003459798294456,0.01003459798294456,0.077625,340075.45969663863
traffic_optimization,Traffic / landing-page views,meta_traffic_optimization_01,1,"weeks 5-12, 2 EDPs",8,2,baseline_vid,Existing VID,35070000.0,36009568.333333336,0.026791227069670253,0.026791227069670253,0.162875,1749441.9728687943
traffic_optimization,Traffic / landing-page views,meta_traffic_optimization_01,1,"weeks 5-12, 2 EDPs",8,2,pair_aware_fixed_plus_shared_log,Pair-aware fixed + log,35070000.0,36308079.082085595,0.03530308189579682,0.03530308189579682,0.162875,1749441.9728687943
traffic_optimization,Traffic / landing-page views,meta_traffic_optimization_01,1,"weeks 5-12, 2 EDPs",8,2,two_group_latent_mixture,Two-group mixture,35070000.0,36001224.635892436,0.02655331154526478,0.02655331154526478,0.162875,1749441.9728687943
traffic_optimization,Traffic / landing-page views,meta_traffic_optimization_01,1,"weeks 5-12, 2 EDPs",8,2,pairwise_maxent_direct,Direct pair + higher-order inference,35070000.0,35812532.6558069,0.02117287299135726,0.02117287299135726,0.162875,1749441.9728687943
traffic_optimization,Traffic / landing-page views,meta_traffic_optimization_01,1,"weeks 5-12, 2 EDPs",8,2,pairwise_maxent_mixture,Mixture pair + higher-order inference,35070000.0,35999390.101383224,0.0265010008948738,0.0265010008948738,0.162875,1749441.9728687943
traffic_optimization,Traffic / landing-page views,meta_traffic_optimization_01,1,"full flight, 2 EDPs",13,2,baseline_vid,Existing VID,56830000.0,59148999.99999999,0.04080591237022686,0.04080591237022686,0.28779166666666667,5659847.976036832
traffic_optimization,Traffic / landing-page views,meta_traffic_optimization_01,1,"full flight, 2 EDPs",13,2,pair_aware_fixed_plus_shared_log,Pair-aware fixed + log,56830000.0,59394781.58755622,0.045130768741091336,0.045130768741091336,0.28779166666666667,5659847.976036832
traffic_optimization,Traffic / landing-page views,meta_traffic_optimization_01,1,"full flight, 2 EDPs",13,2,two_group_latent_mixture,Two-group mixture,56830000.0,59076801.932805635,0.03953549063532703,0.03953549063532703,0.28779166666666667,5659847.976036832
traffic_optimization,Traffic / landing-page views,meta_traffic_optimization_01,1,"full flight, 2 EDPs",13,2,pairwise_maxent_direct,Direct pair + higher-order inference,56830000.0,58040952.98126707,0.021308340335510687,0.021308340335510687,0.28779166666666667,5659847.976036832
traffic_optimization,Traffic / landing-page views,meta_traffic_optimization_01,1,"full flight, 2 EDPs",13,2,pairwise_maxent_mixture,Mixture pair + higher-order inference,56830000.0,59071158.16019009,0.0394361808937197,0.0394361808937197,0.28779166666666667,5659847.976036832
traffic_optimization,Traffic / landing-page views,meta_traffic_optimization_01,1,"weeks 7-13, 5 EDPs",7,5,baseline_vid,Existing VID,67460000.0,72268983.55826142,0.07128644468220315,0.07128644468220315,0.16708333333333333,19999.99584177421
traffic_optimization,Traffic / landing-page views,meta_traffic_optimization_01,1,"weeks 7-13, 5 EDPs",7,5,pair_aware_fixed_plus_shared_log,Pair-aware fixed + log,67460000.0,69602649.53964907,0.03176177793728238,0.03176177793728238,0.16708333333333333,19999.99584177421
traffic_optimization,Traffic / landing-page views,meta_traffic_optimization_01,1,"weeks 7-13, 5 EDPs",7,5,two_group_latent_mixture,Two-group mixture,67460000.0,72134760.43860003,0.06929677495701206,0.06929677495701206,0.16708333333333333,19999.99584177421
traffic_optimization,Traffic / landing-page views,meta_traffic_optimization_01,1,"weeks 7-13, 5 EDPs",7,5,pairwise_maxent_direct,Direct pair + higher-order inference,67460000.0,71046943.4675057,0.053171412207318317,0.053171412207318317,0.16708333333333333,19999.99584177421
traffic_optimization,Traffic / landing-page views,meta_traffic_optimization_01,1,"weeks 7-13, 5 EDPs",7,5,pairwise_maxent_mixture,Mixture pair + higher-order inference,67460000.0,71535078.20052072,0.06040732583042876,0.06040732583042876,0.16708333333333333,19999.99584177421
traffic_optimization,Traffic / landing-page views,meta_traffic_optimization_01,1,"full flight, 5 selected EDPs",13,5,baseline_vid,Existing VID,75170000.0,81946197.5483457,0.09014497204131568,0.09014497204131568,0.20221666666666666,19999.990406140132
traffic_optimization,Traffic / landing-page views,meta_traffic_optimization_01,1,"full flight, 5 selected EDPs",13,5,pair_aware_fixed_plus_shared_log,Pair-aware fixed + log,75170000.0,80551924.76283503,0.07159671095962519,0.07159671095962519,0.20221666666666666,19999.990406140132
traffic_optimization,Traffic / landing-page views,meta_traffic_optimization_01,1,"full flight, 5 selected EDPs",13,5,two_group_latent_mixture,Two-group mixture,75170000.0,81918987.38362074,0.08978299033684634,0.08978299033684634,0.20221666666666666,19999.990406140132
traffic_optimization,Traffic / landing-page views,meta_traffic_optimization_01,1,"full flight, 5 selected EDPs",13,5,pairwise_maxent_direct,Direct pair + higher-order inference,75170000.0,80600142.49660724,0.07223816012514625,0.07223816012514625,0.20221666666666666,19999.990406140132
traffic_optimization,Traffic / landing-page views,meta_traffic_optimization_01,1,"full flight, 5 selected EDPs",13,5,pairwise_maxent_mixture,Mixture pair + higher-order inference,75170000.0,79119246.57586703,0.052537535930118756,0.052537535930118756,0.20221666666666666,19999.990406140132
traffic_optimization,Traffic / landing-page views,meta_traffic_optimization_01,1,"noncontiguous weeks, 5 EDPs",6,5,baseline_vid,Existing VID,51510000.0,54469768.95506809,0.057460084548011825,0.057460084548011825,0.11263333333333334,-0.00045832290475352204
traffic_optimization,Traffic / landing-page views,meta_traffic_optimization_01,1,"noncontiguous weeks, 5 EDPs",6,5,pair_aware_fixed_plus_shared_log,Pair-aware fixed + log,51510000.0,53480590.97505814,0.03825647398676254,0.03825647398676254,0.11263333333333334,-0.00045832290475352204
traffic_optimization,Traffic / landing-page views,meta_traffic_optimization_01,1,"noncontiguous weeks, 5 EDPs",6,5,two_group_latent_mixture,Two-group mixture,51510000.0,54417927.10041608,0.056453642019337585,0.056453642019337585,0.11263333333333334,-0.00045832290475352204
traffic_optimization,Traffic / landing-page views,meta_traffic_optimization_01,1,"noncontiguous weeks, 5 EDPs",6,5,pairwise_maxent_direct,Direct pair + higher-order inference,51510000.0,54778003.74907633,0.06344406424143524,0.06344406424143524,0.11263333333333334,-0.00045832290475352204
traffic_optimization,Traffic / landing-page views,meta_traffic_optimization_01,1,"noncontiguous weeks, 5 EDPs",6,5,pairwise_maxent_mixture,Mixture pair + higher-order inference,51510000.0,52904809.08266386,0.027078413563654754,0.027078413563654754,0.11263333333333334,-0.00045832290475352204
traffic_optimization,Traffic / landing-page views,meta_traffic_optimization_01,1,"weeks 1-3, 10 EDPs",3,10,baseline_vid,Existing VID,34060000.0,35743368.81843952,0.04942362943157724,0.04942362943157724,0.034258333333333335,-1.1768372587340103e-23
traffic_optimization,Traffic / landing-page views,meta_traffic_optimization_01,1,"weeks 1-3, 10 EDPs",3,10,pair_aware_fixed_plus_shared_log,Pair-aware fixed + log,34060000.0,35364849.82703903,0.03831032962533861,0.03831032962533861,0.034258333333333335,-1.1768372587340103e-23
traffic_optimization,Traffic / landing-page views,meta_traffic_optimization_01,1,"weeks 1-3, 10 EDPs",3,10,two_group_latent_mixture,Two-group mixture,34060000.0,35253978.4204811,0.035055150337084576,0.035055150337084576,0.034258333333333335,-1.1768372587340103e-23
traffic_optimization,Traffic / landing-page views,meta_traffic_optimization_01,1,"weeks 1-3, 10 EDPs",3,10,pairwise_maxent_direct,Direct pair + higher-order inference,34060000.0,35626686.34808469,0.045997837583226314,0.045997837583226314,0.034258333333333335,-1.1768372587340103e-23
traffic_optimization,Traffic / landing-page views,meta_traffic_optimization_01,1,"weeks 1-3, 10 EDPs",3,10,pairwise_maxent_mixture,Mixture pair + higher-order inference,34060000.0,34230481.333258644,0.005005323935955483,0.005005323935955483,0.034258333333333335,-1.1768372587340103e-23
traffic_optimization,Traffic / landing-page views,meta_traffic_optimization_01,1,"weeks 1-12, 10 EDPs",12,10,baseline_vid,Existing VID,91680000.0,101645942.1400097,0.10870355737357877,0.10870355737357877,0.16923333333333335,-3.18508646534857e-15
traffic_optimization,Traffic / landing-page views,meta_traffic_optimization_01,1,"weeks 1-12, 10 EDPs",12,10,pair_aware_fixed_plus_shared_log,Pair-aware fixed + log,91680000.0,90915682.90550424,0.008336792042929302,-0.008336792042929302,0.16923333333333335,-3.18508646534857e-15
traffic_optimization,Traffic / landing-page views,meta_traffic_optimization_01,1,"weeks 1-12, 10 EDPs",12,10,two_group_latent_mixture,Two-group mixture,91680000.0,98294275.01718354,0.07214523360802293,0.07214523360802293,0.16923333333333335,-3.18508646534857e-15
traffic_optimization,Traffic / landing-page views,meta_traffic_optimization_01,1,"weeks 1-12, 10 EDPs",12,10,pairwise_maxent_direct,Direct pair + higher-order inference,91680000.0,102068224.32947047,0.11330960219754004,0.11330960219754004,0.16923333333333335,-3.18508646534857e-15
traffic_optimization,Traffic / landing-page views,meta_traffic_optimization_01,1,"weeks 1-12, 10 EDPs",12,10,pairwise_maxent_mixture,Mixture pair + higher-order inference,91680000.0,96881079.25877312,0.05673079470738567,0.05673079470738567,0.16923333333333335,-3.18508646534857e-15
traffic_optimization,Traffic / landing-page views,meta_traffic_optimization_01,1,"full flight, 10 EDPs",13,10,baseline_vid,Existing VID,95530000.0,105952318.9888386,0.10909995801150003,0.10909995801150003,0.19,-8.655021026519697e-15
traffic_optimization,Traffic / landing-page views,meta_traffic_optimization_01,1,"full flight, 10 EDPs",13,10,pair_aware_fixed_plus_shared_log,Pair-aware fixed + log,95530000.0,93834082.39688633,0.017752722737503047,-0.017752722737503047,0.19,-8.655021026519697e-15
traffic_optimization,Traffic / landing-page views,meta_traffic_optimization_01,1,"full flight, 10 EDPs",13,10,two_group_latent_mixture,Two-group mixture,95530000.0,101595440.04068701,0.06349251586608405,0.06349251586608405,0.19,-8.655021026519697e-15
traffic_optimization,Traffic / landing-page views,meta_traffic_optimization_01,1,"full flight, 10 EDPs",13,10,pairwise_maxent_direct,Direct pair + higher-order inference,95530000.0,106150388.77888668,0.11117333590376506,0.11117333590376506,0.19,-8.655021026519697e-15
traffic_optimization,Traffic / landing-page views,meta_traffic_optimization_01,1,"full flight, 10 EDPs",13,10,pairwise_maxent_mixture,Mixture pair + higher-order inference,95530000.0,101931356.07152084,0.067008856605473,0.067008856605473,0.19,-8.655021026519697e-15
traffic_optimization,Traffic / landing-page views,meta_traffic_optimization_02,2,"weeks 1-3, 2 EDPs",3,2,baseline_vid,Existing VID,11260000.0,11304034.166666677,0.003910671995264407,0.003910671995264407,0.04766666666666667,109903.5504097232
traffic_optimization,Traffic / landing-page views,meta_traffic_optimization_02,2,"weeks 1-3, 2 EDPs",3,2,pair_aware_fixed_plus_shared_log,Pair-aware fixed + log,11260000.0,11303926.299711213,0.0039010923366973814,0.0039010923366973814,0.04766666666666667,109903.5504097232
traffic_optimization,Traffic / landing-page views,meta_traffic_optimization_02,2,"weeks 1-3, 2 EDPs",3,2,two_group_latent_mixture,Two-group mixture,11260000.0,11302894.628975362,0.0038094697136200344,0.0038094697136200344,0.04766666666666667,109903.5504097232
traffic_optimization,Traffic / landing-page views,meta_traffic_optimization_02,2,"weeks 1-3, 2 EDPs",3,2,pairwise_maxent_direct,Direct pair + higher-order inference,11260000.0,11253811.19260922,0.000549627654598513,-0.000549627654598513,0.04766666666666667,109903.5504097232
traffic_optimization,Traffic / landing-page views,meta_traffic_optimization_02,2,"weeks 1-3, 2 EDPs",3,2,pairwise_maxent_mixture,Mixture pair + higher-order inference,11260000.0,11246414.233519778,0.001206551197177828,-0.001206551197177828,0.04766666666666667,109903.5504097232
traffic_optimization,Traffic / landing-page views,meta_traffic_optimization_02,2,"weeks 5-12, 2 EDPs",8,2,baseline_vid,Existing VID,46850000.0,48428045.0,0.033682924226254005,0.033682924226254005,0.22770833333333335,3579016.556120873
traffic_optimization,Traffic / landing-page views,meta_traffic_optimization_02,2,"weeks 5-12, 2 EDPs",8,2,pair_aware_fixed_plus_shared_log,Pair-aware fixed + log,46850000.0,48743298.21964708,0.04041191504049263,0.04041191504049263,0.22770833333333335,3579016.556120873
traffic_optimization,Traffic / landing-page views,meta_traffic_optimization_02,2,"weeks 5-12, 2 EDPs",8,2,two_group_latent_mixture,Two-group mixture,46850000.0,48337587.55013831,0.03175213554190629,0.03175213554190629,0.22770833333333335,3579016.556120873
traffic_optimization,Traffic / landing-page views,meta_traffic_optimization_02,2,"weeks 5-12, 2 EDPs",8,2,pairwise_maxent_direct,Direct pair + higher-order inference,46850000.0,47785704.43668665,0.019972346567484523,0.019972346567484523,0.22770833333333335,3579016.556120873
traffic_optimization,Traffic / landing-page views,meta_traffic_optimization_02,2,"weeks 5-12, 2 EDPs",8,2,pairwise_maxent_mixture,Mixture pair + higher-order inference,46850000.0,48327233.61702363,0.031531133767847,0.031531133767847,0.22770833333333335,3579016.556120873
traffic_optimization,Traffic / landing-page views,meta_traffic_optimization_02,2,"full flight, 2 EDPs",13,2,baseline_vid,Existing VID,56930000.0,59148999.99999999,0.03897769190233607,0.03897769190233607,0.28779166666666667,5750293.976036832
traffic_optimization,Traffic / landing-page views,meta_traffic_optimization_02,2,"full flight, 2 EDPs",13,2,pair_aware_fixed_plus_shared_log,Pair-aware fixed + log,56930000.0,59251785.167463325,0.04078315769301467,0.04078315769301467,0.28779166666666667,5750293.976036832
traffic_optimization,Traffic / landing-page views,meta_traffic_optimization_02,2,"full flight, 2 EDPs",13,2,two_group_latent_mixture,Two-group mixture,56930000.0,58928432.850334704,0.03510333480299849,0.03510333480299849,0.28779166666666667,5750293.976036832
traffic_optimization,Traffic / landing-page views,meta_traffic_optimization_02,2,"full flight, 2 EDPs",13,2,pairwise_maxent_direct,Direct pair + higher-order inference,56930000.0,57864733.71761868,0.016419000836442675,0.016419000836442675,0.28779166666666667,5750293.976036832
traffic_optimization,Traffic / landing-page views,meta_traffic_optimization_02,2,"full flight, 2 EDPs",13,2,pairwise_maxent_mixture,Mixture pair + higher-order inference,56930000.0,58911405.034507155,0.03480423387505982,0.03480423387505982,0.28779166666666667,5750293.976036832
traffic_optimization,Traffic / landing-page views,meta_traffic_optimization_02,2,"weeks 7-13, 5 EDPs",7,5,baseline_vid,Existing VID,76700000.0,83144241.64832368,0.08401879593642353,0.08401879593642353,0.20898333333333333,39999.986437886924
traffic_optimization,Traffic / landing-page views,meta_traffic_optimization_02,2,"weeks 7-13, 5 EDPs",7,5,pair_aware_fixed_plus_shared_log,Pair-aware fixed + log,76700000.0,81127518.3180453,0.057725141043615424,0.057725141043615424,0.20898333333333333,39999.986437886924
traffic_optimization,Traffic / landing-page views,meta_traffic_optimization_02,2,"weeks 7-13, 5 EDPs",7,5,two_group_latent_mixture,Two-group mixture,76700000.0,83013330.04944521,0.08231199542953341,0.08231199542953341,0.20898333333333333,39999.986437886924
traffic_optimization,Traffic / landing-page views,meta_traffic_optimization_02,2,"weeks 7-13, 5 EDPs",7,5,pairwise_maxent_direct,Direct pair + higher-order inference,76700000.0,80764459.29380977,0.05299164659465152,0.05299164659465152,0.20898333333333333,39999.986437886924
traffic_optimization,Traffic / landing-page views,meta_traffic_optimization_02,2,"weeks 7-13, 5 EDPs",7,5,pairwise_maxent_mixture,Mixture pair + higher-order inference,76700000.0,82255054.01263112,0.07242573680092723,0.07242573680092723,0.20898333333333333,39999.986437886924
traffic_optimization,Traffic / landing-page views,meta_traffic_optimization_02,2,"full flight, 5 selected EDPs",13,5,baseline_vid,Existing VID,74580000.0,81946197.5483457,0.09876907412638375,0.09876907412638375,0.20221666666666666,0.9904061401313949
traffic_optimization,Traffic / landing-page views,meta_traffic_optimization_02,2,"full flight, 5 selected EDPs",13,5,pair_aware_fixed_plus_shared_log,Pair-aware fixed + log,74580000.0,80582516.59665328,0.08048426651452512,0.08048426651452512,0.20221666666666666,0.9904061401313949
traffic_optimization,Traffic / landing-page views,meta_traffic_optimization_02,2,"full flight, 5 selected EDPs",13,5,two_group_latent_mixture,Two-group mixture,74580000.0,81773960.45655611,0.09645964677602724,0.09645964677602724,0.20221666666666666,0.9904061401313949
traffic_optimization,Traffic / landing-page views,meta_traffic_optimization_02,2,"full flight, 5 selected EDPs",13,5,pairwise_maxent_direct,Direct pair + higher-order inference,74580000.0,80032459.18174115,0.07310886540280434,0.07310886540280434,0.20221666666666666,0.9904061401313949
traffic_optimization,Traffic / landing-page views,meta_traffic_optimization_02,2,"full flight, 5 selected EDPs",13,5,pairwise_maxent_mixture,Mixture pair + higher-order inference,74580000.0,78726239.72070956,0.05559452561959724,0.05559452561959724,0.20221666666666666,0.9904061401313949
traffic_optimization,Traffic / landing-page views,meta_traffic_optimization_02,2,"noncontiguous weeks, 5 EDPs",6,5,baseline_vid,Existing VID,48160000.0,51095614.85407569,0.06095545793346538,0.06095545793346538,0.10428333333333334,-0.0003589412312566248
traffic_optimization,Traffic / landing-page views,meta_traffic_optimization_02,2,"noncontiguous weeks, 5 EDPs",6,5,pair_aware_fixed_plus_shared_log,Pair-aware fixed + log,48160000.0,50501380.2091701,0.04861669869539251,0.04861669869539251,0.10428333333333334,-0.0003589412312566248
traffic_optimization,Traffic / landing-page views,meta_traffic_optimization_02,2,"noncontiguous weeks, 5 EDPs",6,5,two_group_latent_mixture,Two-group mixture,48160000.0,50938205.27335507,0.057686986572987264,0.057686986572987264,0.10428333333333334,-0.0003589412312566248
traffic_optimization,Traffic / landing-page views,meta_traffic_optimization_02,2,"noncontiguous weeks, 5 EDPs",6,5,pairwise_maxent_direct,Direct pair + higher-order inference,48160000.0,51478819.436395764,0.06891236371253663,0.06891236371253663,0.10428333333333334,-0.0003589412312566248
traffic_optimization,Traffic / landing-page views,meta_traffic_optimization_02,2,"noncontiguous weeks, 5 EDPs",6,5,pairwise_maxent_mixture,Mixture pair + higher-order inference,48160000.0,49868890.46693419,0.0354836060409923,0.0354836060409923,0.10428333333333334,-0.0003589412312566248
traffic_optimization,Traffic / landing-page views,meta_traffic_optimization_02,2,"weeks 1-3, 10 EDPs",3,10,baseline_vid,Existing VID,31830000.0,33441148.57422383,0.05061729733659539,0.05061729733659539,0.031675,-1.3388007074901822e-24
traffic_optimization,Traffic / landing-page views,meta_traffic_optimization_02,2,"weeks 1-3, 10 EDPs",3,10,pair_aware_fixed_plus_shared_log,Pair-aware fixed + log,31830000.0,33311953.185695365,0.04655837843843434,0.04655837843843434,0.031675,-1.3388007074901822e-24
traffic_optimization,Traffic / landing-page views,meta_traffic_optimization_02,2,"weeks 1-3, 10 EDPs",3,10,two_group_latent_mixture,Two-group mixture,31830000.0,32762433.51473987,0.029294172627705655,0.029294172627705655,0.031675,-1.3388007074901822e-24
traffic_optimization,Traffic / landing-page views,meta_traffic_optimization_02,2,"weeks 1-3, 10 EDPs",3,10,pairwise_maxent_direct,Direct pair + higher-order inference,31830000.0,33004414.090636075,0.03689645273754554,0.03689645273754554,0.031675,-1.3388007074901822e-24
traffic_optimization,Traffic / landing-page views,meta_traffic_optimization_02,2,"weeks 1-3, 10 EDPs",3,10,pairwise_maxent_mixture,Mixture pair + higher-order inference,31830000.0,31303079.561260924,0.016554207940278863,-0.016554207940278863,0.031675,-1.3388007074901822e-24
traffic_optimization,Traffic / landing-page views,meta_traffic_optimization_02,2,"weeks 1-12, 10 EDPs",12,10,baseline_vid,Existing VID,91660000.0,102188103.2369148,0.11486038879461923,0.11486038879461923,0.17115,-3.0204356176312777e-15
traffic_optimization,Traffic / landing-page views,meta_traffic_optimization_02,2,"weeks 1-12, 10 EDPs",12,10,pair_aware_fixed_plus_shared_log,Pair-aware fixed + log,91660000.0,92272120.23926267,0.006678161021848901,0.006678161021848901,0.17115,-3.0204356176312777e-15
traffic_optimization,Traffic / landing-page views,meta_traffic_optimization_02,2,"weeks 1-12, 10 EDPs",12,10,two_group_latent_mixture,Two-group mixture,91660000.0,99002049.36190824,0.08010090946877856,0.08010090946877856,0.17115,-3.0204356176312777e-15
traffic_optimization,Traffic / landing-page views,meta_traffic_optimization_02,2,"weeks 1-12, 10 EDPs",12,10,pairwise_maxent_direct,Direct pair + higher-order inference,91660000.0,102009188.55896583,0.11290845034874353,0.11290845034874353,0.17115,-3.0204356176312777e-15
traffic_optimization,Traffic / landing-page views,meta_traffic_optimization_02,2,"weeks 1-12, 10 EDPs",12,10,pairwise_maxent_mixture,Mixture pair + higher-order inference,91660000.0,97585702.30071902,0.0646487268243402,0.0646487268243402,0.17115,-3.0204356176312777e-15
traffic_optimization,Traffic / landing-page views,meta_traffic_optimization_02,2,"full flight, 10 EDPs",13,10,baseline_vid,Existing VID,95170000.0,105952318.9888386,0.11329535556203213,0.11329535556203213,0.19,-8.655021026519697e-15
traffic_optimization,Traffic / landing-page views,meta_traffic_optimization_02,2,"full flight, 10 EDPs",13,10,pair_aware_fixed_plus_shared_log,Pair-aware fixed + log,95170000.0,94208814.1697036,0.010099672483938187,-0.010099672483938187,0.19,-8.655021026519697e-15
traffic_optimization,Traffic / landing-page views,meta_traffic_optimization_02,2,"full flight, 10 EDPs",13,10,two_group_latent_mixture,Two-group mixture,95170000.0,101894888.63486595,0.07066185389162503,0.07066185389162503,0.19,-8.655021026519697e-15
traffic_optimization,Traffic / landing-page views,meta_traffic_optimization_02,2,"full flight, 10 EDPs",13,10,pairwise_maxent_direct,Direct pair + higher-order inference,95170000.0,106291220.99928892,0.11685637279908496,0.11685637279908496,0.19,-8.655021026519697e-15
traffic_optimization,Traffic / landing-page views,meta_traffic_optimization_02,2,"full flight, 10 EDPs",13,10,pairwise_maxent_mixture,Mixture pair + higher-order inference,95170000.0,102404455.48484726,0.07601613412679692,0.07601613412679692,0.19,-8.655021026519697e-15
video_engagement_retargeting,Video or engagement retargeting,meta_video_engagement_retargeting_00,0,"weeks 1-3, 2 EDPs",3,2,baseline_vid,Existing VID,8180000.0,8232240.0000000065,0.006386308068460455,0.006386308068460455,0.034458333333333334,60053.509061124794
video_engagement_retargeting,Video or engagement retargeting,meta_video_engagement_retargeting_00,0,"weeks 1-3, 2 EDPs",3,2,pair_aware_fixed_plus_shared_log,Pair-aware fixed + log,8180000.0,8232114.176682949,0.006370926244859299,0.006370926244859299,0.034458333333333334,60053.509061124794
video_engagement_retargeting,Video or engagement retargeting,meta_video_engagement_retargeting_00,0,"weeks 1-3, 2 EDPs",3,2,two_group_latent_mixture,Two-group mixture,8180000.0,8231997.683009863,0.0063566849645309165,0.0063566849645309165,0.034458333333333334,60053.509061124794
video_engagement_retargeting,Video or engagement retargeting,meta_video_engagement_retargeting_00,0,"weeks 1-3, 2 EDPs",3,2,pairwise_maxent_direct,Direct pair + higher-order inference,8180000.0,8172873.507566959,0.0008712093438925836,-0.0008712093438925836,0.034458333333333334,60053.509061124794
video_engagement_retargeting,Video or engagement retargeting,meta_video_engagement_retargeting_00,0,"weeks 1-3, 2 EDPs",3,2,pairwise_maxent_mixture,Mixture pair + higher-order inference,8180000.0,8165167.272085071,0.0018132919211405123,-0.0018132919211405123,0.034458333333333334,60053.509061124794
video_engagement_retargeting,Video or engagement retargeting,meta_video_engagement_retargeting_00,0,"weeks 5-12, 2 EDPs",8,2,baseline_vid,Existing VID,24300000.0,28188894.999999993,0.16003683127571985,0.16003683127571985,0.12520833333333334,2579911.467554814
video_engagement_retargeting,Video or engagement retargeting,meta_video_engagement_retargeting_00,0,"weeks 5-12, 2 EDPs",8,2,pair_aware_fixed_plus_shared_log,Pair-aware fixed + log,24300000.0,26454192.811268613,0.08864990992874949,0.08864990992874949,0.12520833333333334,2579911.467554814
video_engagement_retargeting,Video or engagement retargeting,meta_video_engagement_retargeting_00,0,"weeks 5-12, 2 EDPs",8,2,two_group_latent_mixture,Two-group mixture,24300000.0,25851775.449351043,0.06385907198975484,0.06385907198975484,0.12520833333333334,2579911.467554814
video_engagement_retargeting,Video or engagement retargeting,meta_video_engagement_retargeting_00,0,"weeks 5-12, 2 EDPs",8,2,pairwise_maxent_direct,Direct pair + higher-order inference,24300000.0,25296844.462030992,0.04102240584489679,0.04102240584489679,0.12520833333333334,2579911.467554814
video_engagement_retargeting,Video or engagement retargeting,meta_video_engagement_retargeting_00,0,"weeks 5-12, 2 EDPs",8,2,pairwise_maxent_mixture,Mixture pair + higher-order inference,24300000.0,25493463.802132115,0.04911373671325575,0.04911373671325575,0.12520833333333334,2579911.467554814
video_engagement_retargeting,Video or engagement retargeting,meta_video_engagement_retargeting_00,0,"full flight, 2 EDPs",13,2,baseline_vid,Existing VID,28190000.0,33925200.0,0.2034480312167435,0.2034480312167435,0.15304166666666666,3939997.51965557
video_engagement_retargeting,Video or engagement retargeting,meta_video_engagement_retargeting_00,0,"full flight, 2 EDPs",13,2,pair_aware_fixed_plus_shared_log,Pair-aware fixed + log,28190000.0,30968149.8339006,0.09855089868395178,0.09855089868395178,0.15304166666666666,3939997.51965557
video_engagement_retargeting,Video or engagement retargeting,meta_video_engagement_retargeting_00,0,"full flight, 2 EDPs",13,2,two_group_latent_mixture,Two-group mixture,28190000.0,30167205.98262255,0.07013855915652888,0.07013855915652888,0.15304166666666666,3939997.51965557
video_engagement_retargeting,Video or engagement retargeting,meta_video_engagement_retargeting_00,0,"full flight, 2 EDPs",13,2,pairwise_maxent_direct,Direct pair + higher-order inference,28190000.0,29372503.8196007,0.041947634608041906,0.041947634608041906,0.15304166666666666,3939997.51965557
video_engagement_retargeting,Video or engagement retargeting,meta_video_engagement_retargeting_00,0,"full flight, 2 EDPs",13,2,pairwise_maxent_mixture,Mixture pair + higher-order inference,28190000.0,29770727.20238182,0.05607404052436394,0.05607404052436394,0.15304166666666666,3939997.51965557
video_engagement_retargeting,Video or engagement retargeting,meta_video_engagement_retargeting_00,0,"weeks 7-13, 5 EDPs",7,5,baseline_vid,Existing VID,32490000.0,47400580.76775409,0.4589283092568203,0.4589283092568203,0.09543333333333333,29999.99971466888
video_engagement_retargeting,Video or engagement retargeting,meta_video_engagement_retargeting_00,0,"weeks 7-13, 5 EDPs",7,5,pair_aware_fixed_plus_shared_log,Pair-aware fixed + log,32490000.0,44021622.82334085,0.3549283725251107,0.3549283725251107,0.09543333333333333,29999.99971466888
video_engagement_retargeting,Video or engagement retargeting,meta_video_engagement_retargeting_00,0,"weeks 7-13, 5 EDPs",7,5,two_group_latent_mixture,Two-group mixture,32490000.0,42412481.778484106,0.3054011012152695,0.3054011012152695,0.09543333333333333,29999.99971466888
video_engagement_retargeting,Video or engagement retargeting,meta_video_engagement_retargeting_00,0,"weeks 7-13, 5 EDPs",7,5,pairwise_maxent_direct,Direct pair + higher-order inference,32490000.0,38763513.81256616,0.19309060672718256,0.19309060672718256,0.09543333333333333,29999.99971466888
video_engagement_retargeting,Video or engagement retargeting,meta_video_engagement_retargeting_00,0,"weeks 7-13, 5 EDPs",7,5,pairwise_maxent_mixture,Mixture pair + higher-order inference,32490000.0,38525634.00771907,0.185768975306835,0.185768975306835,0.09543333333333333,29999.99971466888
video_engagement_retargeting,Video or engagement retargeting,meta_video_engagement_retargeting_00,0,"full flight, 5 selected EDPs",13,5,baseline_vid,Existing VID,33130000.0,51207951.38646175,0.5456671109707742,0.5456671109707742,0.10445,9999.999672165946
video_engagement_retargeting,Video or engagement retargeting,meta_video_engagement_retargeting_00,0,"full flight, 5 selected EDPs",13,5,pair_aware_fixed_plus_shared_log,Pair-aware fixed + log,33130000.0,48222547.74159181,0.4555553196979116,0.4555553196979116,0.10445,9999.999672165946
video_engagement_retargeting,Video or engagement retargeting,meta_video_engagement_retargeting_00,0,"full flight, 5 selected EDPs",13,5,two_group_latent_mixture,Two-group mixture,33130000.0,46693084.816088855,0.4093898223993014,0.4093898223993014,0.10445,9999.999672165946
video_engagement_retargeting,Video or engagement retargeting,meta_video_engagement_retargeting_00,0,"full flight, 5 selected EDPs",13,5,pairwise_maxent_direct,Direct pair + higher-order inference,33130000.0,40892546.463180155,0.2343056584117161,0.2343056584117161,0.10445,9999.999672165946
video_engagement_retargeting,Video or engagement retargeting,meta_video_engagement_retargeting_00,0,"full flight, 5 selected EDPs",13,5,pairwise_maxent_mixture,Mixture pair + higher-order inference,33130000.0,38867346.41716471,0.17317677081692465,0.17317677081692465,0.10445,9999.999672165946
video_engagement_retargeting,Video or engagement retargeting,meta_video_engagement_retargeting_00,0,"noncontiguous weeks, 5 EDPs",6,5,baseline_vid,Existing VID,22720000.0,29409467.0001076,0.2944307658498064,0.2944307658498064,0.054433333333333334,-1.2578980403657386e-05
video_engagement_retargeting,Video or engagement retargeting,meta_video_engagement_retargeting_00,0,"noncontiguous weeks, 5 EDPs",6,5,pair_aware_fixed_plus_shared_log,Pair-aware fixed + log,22720000.0,28607327.79333833,0.2591253430166518,0.2591253430166518,0.054433333333333334,-1.2578980403657386e-05
video_engagement_retargeting,Video or engagement retargeting,meta_video_engagement_retargeting_00,0,"noncontiguous weeks, 5 EDPs",6,5,two_group_latent_mixture,Two-group mixture,22720000.0,27970458.831401944,0.23109413870607148,0.23109413870607148,0.054433333333333334,-1.2578980403657386e-05
video_engagement_retargeting,Video or engagement retargeting,meta_video_engagement_retargeting_00,0,"noncontiguous weeks, 5 EDPs",6,5,pairwise_maxent_direct,Direct pair + higher-order inference,22720000.0,26390007.624938533,0.16153202574553402,0.16153202574553402,0.054433333333333334,-1.2578980403657386e-05
video_engagement_retargeting,Video or engagement retargeting,meta_video_engagement_retargeting_00,0,"noncontiguous weeks, 5 EDPs",6,5,pairwise_maxent_mixture,Mixture pair + higher-order inference,22720000.0,25179384.173425913,0.10824754284445039,0.10824754284445039,0.054433333333333334,-1.2578980403657386e-05
video_engagement_retargeting,Video or engagement retargeting,meta_video_engagement_retargeting_00,0,"weeks 1-3, 10 EDPs",3,10,baseline_vid,Existing VID,14010000.0,15971895.587184818,0.1400353738176173,0.1400353738176173,0.014016666666666667,-3.3179140640083945e-28
video_engagement_retargeting,Video or engagement retargeting,meta_video_engagement_retargeting_00,0,"weeks 1-3, 10 EDPs",3,10,pair_aware_fixed_plus_shared_log,Pair-aware fixed + log,14010000.0,15908265.865447432,0.13549363779068035,0.13549363779068035,0.014016666666666667,-3.3179140640083945e-28
video_engagement_retargeting,Video or engagement retargeting,meta_video_engagement_retargeting_00,0,"weeks 1-3, 10 EDPs",3,10,two_group_latent_mixture,Two-group mixture,14010000.0,15842534.824648917,0.13080191467872354,0.13080191467872354,0.014016666666666667,-3.3179140640083945e-28
video_engagement_retargeting,Video or engagement retargeting,meta_video_engagement_retargeting_00,0,"weeks 1-3, 10 EDPs",3,10,pairwise_maxent_direct,Direct pair + higher-order inference,14010000.0,15402805.29780367,0.09941508192745682,0.09941508192745682,0.014016666666666667,-3.3179140640083945e-28
video_engagement_retargeting,Video or engagement retargeting,meta_video_engagement_retargeting_00,0,"weeks 1-3, 10 EDPs",3,10,pairwise_maxent_mixture,Mixture pair + higher-order inference,14010000.0,14754060.95568502,0.053109275923270485,0.053109275923270485,0.014016666666666667,-3.3179140640083945e-28
video_engagement_retargeting,Video or engagement retargeting,meta_video_engagement_retargeting_00,0,"weeks 1-12, 10 EDPs",12,10,baseline_vid,Existing VID,41390000.0,75073741.5382579,0.8138135186822396,0.8138135186822396,0.0927,-5.087701392591973e-18
video_engagement_retargeting,Video or engagement retargeting,meta_video_engagement_retargeting_00,0,"weeks 1-12, 10 EDPs",12,10,pair_aware_fixed_plus_shared_log,Pair-aware fixed + log,41390000.0,64644929.14266871,0.5618489766288647,0.5618489766288647,0.0927,-5.087701392591973e-18
video_engagement_retargeting,Video or engagement retargeting,meta_video_engagement_retargeting_00,0,"weeks 1-12, 10 EDPs",12,10,two_group_latent_mixture,Two-group mixture,41390000.0,60418316.27008968,0.4597322123723044,0.4597322123723044,0.0927,-5.087701392591973e-18
video_engagement_retargeting,Video or engagement retargeting,meta_video_engagement_retargeting_00,0,"weeks 1-12, 10 EDPs",12,10,pairwise_maxent_direct,Direct pair + higher-order inference,41390000.0,58473289.54474346,0.41273953961689935,0.41273953961689935,0.0927,-5.087701392591973e-18
video_engagement_retargeting,Video or engagement retargeting,meta_video_engagement_retargeting_00,0,"weeks 1-12, 10 EDPs",12,10,pairwise_maxent_mixture,Mixture pair + higher-order inference,41390000.0,54172436.75124708,0.3088291073024179,0.3088291073024179,0.0927,-5.087701392591973e-18
video_engagement_retargeting,Video or engagement retargeting,meta_video_engagement_retargeting_00,0,"full flight, 10 EDPs",13,10,baseline_vid,Existing VID,42230000.0,77400566.2561939,0.8328336788111274,0.8328336788111274,0.0975,-8.92871783122112e-18
video_engagement_retargeting,Video or engagement retargeting,meta_video_engagement_retargeting_00,0,"full flight, 10 EDPs",13,10,pair_aware_fixed_plus_shared_log,Pair-aware fixed + log,42230000.0,66508911.41938837,0.574920942917082,0.574920942917082,0.0975,-8.92871783122112e-18
video_engagement_retargeting,Video or engagement retargeting,meta_video_engagement_retargeting_00,0,"full flight, 10 EDPs",13,10,two_group_latent_mixture,Two-group mixture,42230000.0,62435808.23459614,0.4784704767841852,0.4784704767841852,0.0975,-8.92871783122112e-18
video_engagement_retargeting,Video or engagement retargeting,meta_video_engagement_retargeting_00,0,"full flight, 10 EDPs",13,10,pairwise_maxent_direct,Direct pair + higher-order inference,42230000.0,59902567.906184666,0.4184837297225827,0.4184837297225827,0.0975,-8.92871783122112e-18
video_engagement_retargeting,Video or engagement retargeting,meta_video_engagement_retargeting_00,0,"full flight, 10 EDPs",13,10,pairwise_maxent_mixture,Mixture pair + higher-order inference,42230000.0,55775645.909173764,0.3207588422726442,0.3207588422726442,0.0975,-8.92871783122112e-18
video_engagement_retargeting,Video or engagement retargeting,meta_video_engagement_retargeting_01,1,"weeks 1-3, 2 EDPs",3,2,baseline_vid,Existing VID,6840000.0,6928420.000000002,0.012926900584795594,0.012926900584795594,0.029041666666666667,29988.775243739434
video_engagement_retargeting,Video or engagement retargeting,meta_video_engagement_retargeting_01,1,"weeks 1-3, 2 EDPs",3,2,pair_aware_fixed_plus_shared_log,Pair-aware fixed + log,6840000.0,6928423.197186828,0.012927368009770126,0.012927368009770126,0.029041666666666667,29988.775243739434
video_engagement_retargeting,Video or engagement retargeting,meta_video_engagement_retargeting_01,1,"weeks 1-3, 2 EDPs",3,2,two_group_latent_mixture,Two-group mixture,6840000.0,6928412.518319637,0.012925806771876694,0.012925806771876694,0.029041666666666667,29988.775243739434
video_engagement_retargeting,Video or engagement retargeting,meta_video_engagement_retargeting_01,1,"weeks 1-3, 2 EDPs",3,2,pairwise_maxent_direct,Direct pair + higher-order inference,6840000.0,6921069.458943546,0.011852260079465764,0.011852260079465764,0.029041666666666667,29988.775243739434
video_engagement_retargeting,Video or engagement retargeting,meta_video_engagement_retargeting_01,1,"weeks 1-3, 2 EDPs",3,2,pairwise_maxent_mixture,Mixture pair + higher-order inference,6840000.0,6917419.324532554,0.011318614697741747,0.011318614697741747,0.029041666666666667,29988.775243739434
video_engagement_retargeting,Video or engagement retargeting,meta_video_engagement_retargeting_01,1,"weeks 5-12, 2 EDPs",8,2,baseline_vid,Existing VID,24520000.0,28580450.000000007,0.1655974714518763,0.1655974714518763,0.12695833333333334,2659798.732923447
video_engagement_retargeting,Video or engagement retargeting,meta_video_engagement_retargeting_01,1,"weeks 5-12, 2 EDPs",8,2,pair_aware_fixed_plus_shared_log,Pair-aware fixed + log,24520000.0,26756458.69012718,0.09120957137549669,0.09120957137549669,0.12695833333333334,2659798.732923447
video_engagement_retargeting,Video or engagement retargeting,meta_video_engagement_retargeting_01,1,"weeks 5-12, 2 EDPs",8,2,two_group_latent_mixture,Two-group mixture,24520000.0,26136788.3243268,0.06593753361854805,0.06593753361854805,0.12695833333333334,2659798.732923447
video_engagement_retargeting,Video or engagement retargeting,meta_video_engagement_retargeting_01,1,"weeks 5-12, 2 EDPs",8,2,pairwise_maxent_direct,Direct pair + higher-order inference,24520000.0,25567225.3213536,0.042709026156345815,0.042709026156345815,0.12695833333333334,2659798.732923447
video_engagement_retargeting,Video or engagement retargeting,meta_video_engagement_retargeting_01,1,"weeks 5-12, 2 EDPs",8,2,pairwise_maxent_mixture,Mixture pair + higher-order inference,24520000.0,25772348.5458591,0.051074573648413474,0.051074573648413474,0.12695833333333334,2659798.732923447
video_engagement_retargeting,Video or engagement retargeting,meta_video_engagement_retargeting_01,1,"full flight, 2 EDPs",13,2,baseline_vid,Existing VID,27830000.0,33925200.0,0.21901545095220984,0.21901545095220984,0.15304166666666666,3880178.51965557
video_engagement_retargeting,Video or engagement retargeting,meta_video_engagement_retargeting_01,1,"full flight, 2 EDPs",13,2,pair_aware_fixed_plus_shared_log,Pair-aware fixed + log,27830000.0,31055164.266960517,0.11588804408769374,0.11588804408769374,0.15304166666666666,3880178.51965557
video_engagement_retargeting,Video or engagement retargeting,meta_video_engagement_retargeting_01,1,"full flight, 2 EDPs",13,2,two_group_latent_mixture,Two-group mixture,27830000.0,30267368.578513935,0.08758061726604151,0.08758061726604151,0.15304166666666666,3880178.51965557
video_engagement_retargeting,Video or engagement retargeting,meta_video_engagement_retargeting_01,1,"full flight, 2 EDPs",13,2,pairwise_maxent_direct,Direct pair + higher-order inference,27830000.0,29484214.246746212,0.059439965747258794,0.059439965747258794,0.15304166666666666,3880178.51965557
video_engagement_retargeting,Video or engagement retargeting,meta_video_engagement_retargeting_01,1,"full flight, 2 EDPs",13,2,pairwise_maxent_mixture,Mixture pair + higher-order inference,27830000.0,29876390.044369847,0.07353180180991184,0.07353180180991184,0.15304166666666666,3880178.51965557
video_engagement_retargeting,Video or engagement retargeting,meta_video_engagement_retargeting_01,1,"weeks 7-13, 5 EDPs",7,5,baseline_vid,Existing VID,31920000.0,45717502.299499266,0.4322525783051148,0.4322525783051148,0.0913,39999.99977261326
video_engagement_retargeting,Video or engagement retargeting,meta_video_engagement_retargeting_01,1,"weeks 7-13, 5 EDPs",7,5,pair_aware_fixed_plus_shared_log,Pair-aware fixed + log,31920000.0,42119093.03995317,0.3195204586451495,0.3195204586451495,0.0913,39999.99977261326
video_engagement_retargeting,Video or engagement retargeting,meta_video_engagement_retargeting_01,1,"weeks 7-13, 5 EDPs",7,5,two_group_latent_mixture,Two-group mixture,31920000.0,41029569.223424,0.28538750699949883,0.28538750699949883,0.0913,39999.99977261326
video_engagement_retargeting,Video or engagement retargeting,meta_video_engagement_retargeting_01,1,"weeks 7-13, 5 EDPs",7,5,pairwise_maxent_direct,Direct pair + higher-order inference,31920000.0,37134230.4277655,0.16335308357661352,0.16335308357661352,0.0913,39999.99977261326
video_engagement_retargeting,Video or engagement retargeting,meta_video_engagement_retargeting_01,1,"weeks 7-13, 5 EDPs",7,5,pairwise_maxent_mixture,Mixture pair + higher-order inference,31920000.0,36947480.78751665,0.1575025309372385,0.1575025309372385,0.0913,39999.99977261326
video_engagement_retargeting,Video or engagement retargeting,meta_video_engagement_retargeting_01,1,"full flight, 5 selected EDPs",13,5,baseline_vid,Existing VID,33240000.0,51207951.38646175,0.5405520874386808,0.5405520874386808,0.10445,9999.999672165946
video_engagement_retargeting,Video or engagement retargeting,meta_video_engagement_retargeting_01,1,"full flight, 5 selected EDPs",13,5,pair_aware_fixed_plus_shared_log,Pair-aware fixed + log,33240000.0,48359904.56448369,0.45487077510480406,0.45487077510480406,0.10445,9999.999672165946
video_engagement_retargeting,Video or engagement retargeting,meta_video_engagement_retargeting_01,1,"full flight, 5 selected EDPs",13,5,two_group_latent_mixture,Two-group mixture,33240000.0,46867842.17702223,0.40998321832196855,0.40998321832196855,0.10445,9999.999672165946
video_engagement_retargeting,Video or engagement retargeting,meta_video_engagement_retargeting_01,1,"full flight, 5 selected EDPs",13,5,pairwise_maxent_direct,Direct pair + higher-order inference,33240000.0,41569710.084428445,0.2505929628287739,0.2505929628287739,0.10445,9999.999672165946
video_engagement_retargeting,Video or engagement retargeting,meta_video_engagement_retargeting_01,1,"full flight, 5 selected EDPs",13,5,pairwise_maxent_mixture,Mixture pair + higher-order inference,33240000.0,39942890.681572005,0.20165134421095082,0.20165134421095082,0.10445,9999.999672165946
video_engagement_retargeting,Video or engagement retargeting,meta_video_engagement_retargeting_01,1,"noncontiguous weeks, 5 EDPs",6,5,baseline_vid,Existing VID,20860000.0,26571715.845297303,0.2738118813661219,0.2738118813661219,0.048666666666666664,-7.62379616416972e-06
video_engagement_retargeting,Video or engagement retargeting,meta_video_engagement_retargeting_01,1,"noncontiguous weeks, 5 EDPs",6,5,pair_aware_fixed_plus_shared_log,Pair-aware fixed + log,20860000.0,26119959.59086013,0.25215530157526983,0.25215530157526983,0.048666666666666664,-7.62379616416972e-06
video_engagement_retargeting,Video or engagement retargeting,meta_video_engagement_retargeting_01,1,"noncontiguous weeks, 5 EDPs",6,5,two_group_latent_mixture,Two-group mixture,20860000.0,25538333.518793494,0.22427293953947716,0.22427293953947716,0.048666666666666664,-7.62379616416972e-06
video_engagement_retargeting,Video or engagement retargeting,meta_video_engagement_retargeting_01,1,"noncontiguous weeks, 5 EDPs",6,5,pairwise_maxent_direct,Direct pair + higher-order inference,20860000.0,24235772.80613087,0.16182995235526706,0.16182995235526706,0.048666666666666664,-7.62379616416972e-06
video_engagement_retargeting,Video or engagement retargeting,meta_video_engagement_retargeting_01,1,"noncontiguous weeks, 5 EDPs",6,5,pairwise_maxent_mixture,Mixture pair + higher-order inference,20860000.0,23263454.31846614,0.11521832782675656,0.11521832782675656,0.048666666666666664,-7.62379616416972e-06
video_engagement_retargeting,Video or engagement retargeting,meta_video_engagement_retargeting_01,1,"weeks 1-3, 10 EDPs",3,10,baseline_vid,Existing VID,15030000.0,18316737.979462933,0.2186785082809669,0.2186785082809669,0.016325,-2.3511630366412122e-26
video_engagement_retargeting,Video or engagement retargeting,meta_video_engagement_retargeting_01,1,"weeks 1-3, 10 EDPs",3,10,pair_aware_fixed_plus_shared_log,Pair-aware fixed + log,15030000.0,17817219.39301364,0.18544373872346248,0.18544373872346248,0.016325,-2.3511630366412122e-26
video_engagement_retargeting,Video or engagement retargeting,meta_video_engagement_retargeting_01,1,"weeks 1-3, 10 EDPs",3,10,two_group_latent_mixture,Two-group mixture,15030000.0,17411818.89475049,0.15847098434800339,0.15847098434800339,0.016325,-2.3511630366412122e-26
video_engagement_retargeting,Video or engagement retargeting,meta_video_engagement_retargeting_01,1,"weeks 1-3, 10 EDPs",3,10,pairwise_maxent_direct,Direct pair + higher-order inference,15030000.0,17163275.678880647,0.14193450957289733,0.14193450957289733,0.016325,-2.3511630366412122e-26
video_engagement_retargeting,Video or engagement retargeting,meta_video_engagement_retargeting_01,1,"weeks 1-3, 10 EDPs",3,10,pairwise_maxent_mixture,Mixture pair + higher-order inference,15030000.0,16066768.884812713,0.06897996572273538,0.06897996572273538,0.016325,-2.3511630366412122e-26
video_engagement_retargeting,Video or engagement retargeting,meta_video_engagement_retargeting_01,1,"weeks 1-12, 10 EDPs",12,10,baseline_vid,Existing VID,41300000.0,75002553.5006486,0.8160424576428233,0.8160424576428233,0.0926,-5.33962759760608e-18
video_engagement_retargeting,Video or engagement retargeting,meta_video_engagement_retargeting_01,1,"weeks 1-12, 10 EDPs",12,10,pair_aware_fixed_plus_shared_log,Pair-aware fixed + log,41300000.0,64694003.12496196,0.5664407536310402,0.5664407536310402,0.0926,-5.33962759760608e-18
video_engagement_retargeting,Video or engagement retargeting,meta_video_engagement_retargeting_01,1,"weeks 1-12, 10 EDPs",12,10,two_group_latent_mixture,Two-group mixture,41300000.0,60175668.60060209,0.45703798064411844,0.45703798064411844,0.0926,-5.33962759760608e-18
video_engagement_retargeting,Video or engagement retargeting,meta_video_engagement_retargeting_01,1,"weeks 1-12, 10 EDPs",12,10,pairwise_maxent_direct,Direct pair + higher-order inference,41300000.0,58685654.6675347,0.4209601614415182,0.4209601614415182,0.0926,-5.33962759760608e-18
video_engagement_retargeting,Video or engagement retargeting,meta_video_engagement_retargeting_01,1,"weeks 1-12, 10 EDPs",12,10,pairwise_maxent_mixture,Mixture pair + higher-order inference,41300000.0,54674545.62269318,0.3238388770627889,0.3238388770627889,0.0926,-5.33962759760608e-18
video_engagement_retargeting,Video or engagement retargeting,meta_video_engagement_retargeting_01,1,"full flight, 10 EDPs",13,10,baseline_vid,Existing VID,42170000.0,77400566.2561939,0.8354414573439389,0.8354414573439389,0.0975,-8.92871783122112e-18
video_engagement_retargeting,Video or engagement retargeting,meta_video_engagement_retargeting_01,1,"full flight, 10 EDPs",13,10,pair_aware_fixed_plus_shared_log,Pair-aware fixed + log,42170000.0,66294481.02627329,0.5720768562075714,0.5720768562075714,0.0975,-8.92871783122112e-18
video_engagement_retargeting,Video or engagement retargeting,meta_video_engagement_retargeting_01,1,"full flight, 10 EDPs",13,10,two_group_latent_mixture,Two-group mixture,42170000.0,61964871.86401255,0.46940649428533426,0.46940649428533426,0.0975,-8.92871783122112e-18
video_engagement_retargeting,Video or engagement retargeting,meta_video_engagement_retargeting_01,1,"full flight, 10 EDPs",13,10,pairwise_maxent_direct,Direct pair + higher-order inference,42170000.0,59739281.70774285,0.416629872130492,0.416629872130492,0.0975,-8.92871783122112e-18
video_engagement_retargeting,Video or engagement retargeting,meta_video_engagement_retargeting_01,1,"full flight, 10 EDPs",13,10,pairwise_maxent_mixture,Mixture pair + higher-order inference,42170000.0,55702738.54744792,0.32090914269499454,0.32090914269499454,0.0975,-8.92871783122112e-18
video_engagement_retargeting,Video or engagement retargeting,meta_video_engagement_retargeting_02,2,"weeks 1-3, 2 EDPs",3,2,baseline_vid,Existing VID,4010000.0,4112962.500000008,0.025676433915213945,0.025676433915213945,0.01725,70015.36857748439
video_engagement_retargeting,Video or engagement retargeting,meta_video_engagement_retargeting_02,2,"weeks 1-3, 2 EDPs",3,2,pair_aware_fixed_plus_shared_log,Pair-aware fixed + log,4010000.0,4112652.6283610016,0.025599159192269728,0.025599159192269728,0.01725,70015.36857748439
video_engagement_retargeting,Video or engagement retargeting,meta_video_engagement_retargeting_02,2,"weeks 1-3, 2 EDPs",3,2,two_group_latent_mixture,Two-group mixture,4010000.0,4112439.934239894,0.025546118264312755,0.025546118264312755,0.01725,70015.36857748439
video_engagement_retargeting,Video or engagement retargeting,meta_video_engagement_retargeting_02,2,"weeks 1-3, 2 EDPs",3,2,pairwise_maxent_direct,Direct pair + higher-order inference,4010000.0,4027949.89570117,0.004476283217249369,0.004476283217249369,0.01725,70015.36857748439
video_engagement_retargeting,Video or engagement retargeting,meta_video_engagement_retargeting_02,2,"weeks 1-3, 2 EDPs",3,2,pairwise_maxent_mixture,Mixture pair + higher-order inference,4010000.0,4017867.1147613525,0.001961874005324823,0.001961874005324823,0.01725,70015.36857748439
video_engagement_retargeting,Video or engagement retargeting,meta_video_engagement_retargeting_02,2,"weeks 5-12, 2 EDPs",8,2,baseline_vid,Existing VID,25310000.0,29536366.666666668,0.16698406426972215,0.16698406426972215,0.13154166666666667,2700166.600122765
video_engagement_retargeting,Video or engagement retargeting,meta_video_engagement_retargeting_02,2,"weeks 5-12, 2 EDPs",8,2,pair_aware_fixed_plus_shared_log,Pair-aware fixed + log,25310000.0,27763757.111688823,0.09694812768426797,0.09694812768426797,0.13154166666666667,2700166.600122765
video_engagement_retargeting,Video or engagement retargeting,meta_video_engagement_retargeting_02,2,"weeks 5-12, 2 EDPs",8,2,two_group_latent_mixture,Two-group mixture,25310000.0,27151763.557103217,0.07276821640075926,0.07276821640075926,0.13154166666666667,2700166.600122765
video_engagement_retargeting,Video or engagement retargeting,meta_video_engagement_retargeting_02,2,"weeks 5-12, 2 EDPs",8,2,pairwise_maxent_direct,Direct pair + higher-order inference,25310000.0,26580842.102174,0.050211066857921725,0.050211066857921725,0.13154166666666667,2700166.600122765
video_engagement_retargeting,Video or engagement retargeting,meta_video_engagement_retargeting_02,2,"weeks 5-12, 2 EDPs",8,2,pairwise_maxent_mixture,Mixture pair + higher-order inference,25310000.0,26800979.730104774,0.05890872106300965,0.05890872106300965,0.13154166666666667,2700166.600122765
video_engagement_retargeting,Video or engagement retargeting,meta_video_engagement_retargeting_02,2,"full flight, 2 EDPs",13,2,baseline_vid,Existing VID,27900000.0,33925200.0,0.21595698924731183,0.21595698924731183,0.15304166666666666,3790036.51965557
video_engagement_retargeting,Video or engagement retargeting,meta_video_engagement_retargeting_02,2,"full flight, 2 EDPs",13,2,pair_aware_fixed_plus_shared_log,Pair-aware fixed + log,27900000.0,31186083.513767734,0.11778077110278617,0.11778077110278617,0.15304166666666666,3790036.51965557
video_engagement_retargeting,Video or engagement retargeting,meta_video_engagement_retargeting_02,2,"full flight, 2 EDPs",13,2,two_group_latent_mixture,Two-group mixture,27900000.0,30418097.021296784,0.09025437352318223,0.09025437352318223,0.15304166666666666,3790036.51965557
video_engagement_retargeting,Video or engagement retargeting,meta_video_engagement_retargeting_02,2,"full flight, 2 EDPs",13,2,pairwise_maxent_direct,Direct pair + higher-order inference,27900000.0,29652551.40468979,0.06281546253368418,0.06281546253368418,0.15304166666666666,3790036.51965557
video_engagement_retargeting,Video or engagement retargeting,meta_video_engagement_retargeting_02,2,"full flight, 2 EDPs",13,2,pairwise_maxent_mixture,Mixture pair + higher-order inference,27900000.0,30035614.06481667,0.0765453069826763,0.0765453069826763,0.15304166666666666,3790036.51965557
video_engagement_retargeting,Video or engagement retargeting,meta_video_engagement_retargeting_02,2,"weeks 7-13, 5 EDPs",7,5,baseline_vid,Existing VID,29850000.0,40245253.23979808,0.34824968977547993,0.34824968977547993,0.07766666666666666,9999.999942393742
video_engagement_retargeting,Video or engagement retargeting,meta_video_engagement_retargeting_02,2,"weeks 7-13, 5 EDPs",7,5,pair_aware_fixed_plus_shared_log,Pair-aware fixed + log,29850000.0,38288162.40459749,0.28268550769170825,0.28268550769170825,0.07766666666666666,9999.999942393742
video_engagement_retargeting,Video or engagement retargeting,meta_video_engagement_retargeting_02,2,"weeks 7-13, 5 EDPs",7,5,two_group_latent_mixture,Two-group mixture,29850000.0,37265939.57598813,0.24844018680027233,0.24844018680027233,0.07766666666666666,9999.999942393742
video_engagement_retargeting,Video or engagement retargeting,meta_video_engagement_retargeting_02,2,"weeks 7-13, 5 EDPs",7,5,pairwise_maxent_direct,Direct pair + higher-order inference,29850000.0,34334659.500711724,0.1502398492700745,0.1502398492700745,0.07766666666666666,9999.999942393742
video_engagement_retargeting,Video or engagement retargeting,meta_video_engagement_retargeting_02,2,"weeks 7-13, 5 EDPs",7,5,pairwise_maxent_mixture,Mixture pair + higher-order inference,29850000.0,34256329.94501209,0.1476157435514939,0.1476157435514939,0.07766666666666666,9999.999942393742
video_engagement_retargeting,Video or engagement retargeting,meta_video_engagement_retargeting_02,2,"full flight, 5 selected EDPs",13,5,baseline_vid,Existing VID,33300000.0,51207951.38646175,0.5377763179117643,0.5377763179117643,0.10445,19999.999672165948
video_engagement_retargeting,Video or engagement retargeting,meta_video_engagement_retargeting_02,2,"full flight, 5 selected EDPs",13,5,pair_aware_fixed_plus_shared_log,Pair-aware fixed + log,33300000.0,48197814.94332871,0.4473818301299912,0.4473818301299912,0.10445,19999.999672165948
video_engagement_retargeting,Video or engagement retargeting,meta_video_engagement_retargeting_02,2,"full flight, 5 selected EDPs",13,5,two_group_latent_mixture,Two-group mixture,33300000.0,46429828.507176414,0.39428914435965207,0.39428914435965207,0.10445,19999.999672165948
video_engagement_retargeting,Video or engagement retargeting,meta_video_engagement_retargeting_02,2,"full flight, 5 selected EDPs",13,5,pairwise_maxent_direct,Direct pair + higher-order inference,33300000.0,41606007.71136159,0.24942966100184946,0.24942966100184946,0.10445,19999.999672165948
video_engagement_retargeting,Video or engagement retargeting,meta_video_engagement_retargeting_02,2,"full flight, 5 selected EDPs",13,5,pairwise_maxent_mixture,Mixture pair + higher-order inference,33300000.0,39978992.95700514,0.20057035906922352,0.20057035906922352,0.10445,19999.999672165948
video_engagement_retargeting,Video or engagement retargeting,meta_video_engagement_retargeting_02,2,"noncontiguous weeks, 5 EDPs",6,5,baseline_vid,Existing VID,22640000.0,29557732.286406543,0.30555354621937025,0.30555354621937025,0.0548,19999.9999859394
video_engagement_retargeting,Video or engagement retargeting,meta_video_engagement_retargeting_02,2,"noncontiguous weeks, 5 EDPs",6,5,pair_aware_fixed_plus_shared_log,Pair-aware fixed + log,22640000.0,28912090.63705969,0.27703580552383783,0.27703580552383783,0.0548,19999.9999859394
video_engagement_retargeting,Video or engagement retargeting,meta_video_engagement_retargeting_02,2,"noncontiguous weeks, 5 EDPs",6,5,two_group_latent_mixture,Two-group mixture,22640000.0,28396996.17449461,0.2542842833257336,0.2542842833257336,0.0548,19999.9999859394
video_engagement_retargeting,Video or engagement retargeting,meta_video_engagement_retargeting_02,2,"noncontiguous weeks, 5 EDPs",6,5,pairwise_maxent_direct,Direct pair + higher-order inference,22640000.0,26248524.527128637,0.15938712575656522,0.15938712575656522,0.0548,19999.9999859394
video_engagement_retargeting,Video or engagement retargeting,meta_video_engagement_retargeting_02,2,"noncontiguous weeks, 5 EDPs",6,5,pairwise_maxent_mixture,Mixture pair + higher-order inference,22640000.0,24848445.85636653,0.09754619506919303,0.09754619506919303,0.0548,19999.9999859394
video_engagement_retargeting,Video or engagement retargeting,meta_video_engagement_retargeting_02,2,"weeks 1-3, 10 EDPs",3,10,baseline_vid,Existing VID,21880000.0,29142565.211560864,0.3319271120457433,0.3319271120457433,0.0271,-8.32642483697571e-25
video_engagement_retargeting,Video or engagement retargeting,meta_video_engagement_retargeting_02,2,"weeks 1-3, 10 EDPs",3,10,pair_aware_fixed_plus_shared_log,Pair-aware fixed + log,21880000.0,28540611.91455491,0.30441553540013294,0.30441553540013294,0.0271,-8.32642483697571e-25
video_engagement_retargeting,Video or engagement retargeting,meta_video_engagement_retargeting_02,2,"weeks 1-3, 10 EDPs",3,10,two_group_latent_mixture,Two-group mixture,21880000.0,28091227.48919587,0.2838769419193724,0.2838769419193724,0.0271,-8.32642483697571e-25
video_engagement_retargeting,Video or engagement retargeting,meta_video_engagement_retargeting_02,2,"weeks 1-3, 10 EDPs",3,10,pairwise_maxent_direct,Direct pair + higher-order inference,21880000.0,27045856.713107586,0.2360994841456849,0.2360994841456849,0.0271,-8.32642483697571e-25
video_engagement_retargeting,Video or engagement retargeting,meta_video_engagement_retargeting_02,2,"weeks 1-3, 10 EDPs",3,10,pairwise_maxent_mixture,Mixture pair + higher-order inference,21880000.0,25656526.449812934,0.17260175730406463,0.17260175730406463,0.0271,-8.32642483697571e-25
video_engagement_retargeting,Video or engagement retargeting,meta_video_engagement_retargeting_02,2,"weeks 1-12, 10 EDPs",12,10,baseline_vid,Existing VID,42480000.0,76756568.63891163,0.8068872090139274,0.8068872090139274,0.09616666666666666,-7.748713849426907e-18
video_engagement_retargeting,Video or engagement retargeting,meta_video_engagement_retargeting_02,2,"weeks 1-12, 10 EDPs",12,10,pair_aware_fixed_plus_shared_log,Pair-aware fixed + log,42480000.0,66333706.74244037,0.5615279364981255,0.5615279364981255,0.09616666666666666,-7.748713849426907e-18
video_engagement_retargeting,Video or engagement retargeting,meta_video_engagement_retargeting_02,2,"weeks 1-12, 10 EDPs",12,10,two_group_latent_mixture,Two-group mixture,42480000.0,62245587.55316992,0.46529160906708855,0.46529160906708855,0.09616666666666666,-7.748713849426907e-18
video_engagement_retargeting,Video or engagement retargeting,meta_video_engagement_retargeting_02,2,"weeks 1-12, 10 EDPs",12,10,pairwise_maxent_direct,Direct pair + higher-order inference,42480000.0,60323796.04903412,0.4200516960695414,0.4200516960695414,0.09616666666666666,-7.748713849426907e-18
video_engagement_retargeting,Video or engagement retargeting,meta_video_engagement_retargeting_02,2,"weeks 1-12, 10 EDPs",12,10,pairwise_maxent_mixture,Mixture pair + higher-order inference,42480000.0,56760151.63877016,0.33616176174129386,0.33616176174129386,0.09616666666666666,-7.748713849426907e-18
video_engagement_retargeting,Video or engagement retargeting,meta_video_engagement_retargeting_02,2,"full flight, 10 EDPs",13,10,baseline_vid,Existing VID,42620000.0,77400566.2561939,0.816062089539979,0.816062089539979,0.0975,-8.92871783122112e-18
video_engagement_retargeting,Video or engagement retargeting,meta_video_engagement_retargeting_02,2,"full flight, 10 EDPs",13,10,pair_aware_fixed_plus_shared_log,Pair-aware fixed + log,42620000.0,66796513.18540716,0.5672574656360198,0.5672574656360198,0.0975,-8.92871783122112e-18
video_engagement_retargeting,Video or engagement retargeting,meta_video_engagement_retargeting_02,2,"full flight, 10 EDPs",13,10,two_group_latent_mixture,Two-group mixture,42620000.0,62671588.24472917,0.4704736800734202,0.4704736800734202,0.0975,-8.92871783122112e-18
video_engagement_retargeting,Video or engagement retargeting,meta_video_engagement_retargeting_02,2,"full flight, 10 EDPs",13,10,pairwise_maxent_direct,Direct pair + higher-order inference,42620000.0,60663137.29642043,0.4233490684284475,0.4233490684284475,0.0975,-8.92871783122112e-18
video_engagement_retargeting,Video or engagement retargeting,meta_video_engagement_retargeting_02,2,"full flight, 10 EDPs",13,10,pairwise_maxent_mixture,Mixture pair + higher-order inference,42620000.0,57147566.17956576,0.3408626508579483,0.3408626508579483,0.0975,-8.92871783122112e-18
lead_generation,Lead generation,meta_lead_generation_00,0,"weeks 1-3, 2 EDPs",3,2,baseline_vid,Existing VID,6710000.0,6754799.999999994,0.006676602086437319,0.006676602086437319,0.02825,29949.609875210477
lead_generation,Lead generation,meta_lead_generation_00,0,"weeks 1-3, 2 EDPs",3,2,pair_aware_fixed_plus_shared_log,Pair-aware fixed + log,6710000.0,6754792.936222658,0.00667554936254211,0.00667554936254211,0.02825,29949.609875210477
lead_generation,Lead generation,meta_lead_generation_00,0,"weeks 1-3, 2 EDPs",3,2,two_group_latent_mixture,Two-group mixture,6710000.0,6754781.862878799,0.006673899087749543,0.006673899087749543,0.02825,29949.609875210477
lead_generation,Lead generation,meta_lead_generation_00,0,"weeks 1-3, 2 EDPs",3,2,pairwise_maxent_direct,Direct pair + higher-order inference,6710000.0,6732401.389432281,0.003338508112113451,0.003338508112113451,0.02825,29949.609875210477
lead_generation,Lead generation,meta_lead_generation_00,0,"weeks 1-3, 2 EDPs",3,2,pairwise_maxent_mixture,Mixture pair + higher-order inference,6710000.0,6728080.735021964,0.0026945953833030873,0.0026945953833030873,0.02825,29949.609875210477
lead_generation,Lead generation,meta_lead_generation_00,0,"weeks 5-12, 2 EDPs",8,2,baseline_vid,Existing VID,16460000.0,18557400.000000004,0.127424058323208,0.127424058323208,0.08045833333333334,1769840.439064486
lead_generation,Lead generation,meta_lead_generation_00,0,"weeks 5-12, 2 EDPs",8,2,pair_aware_fixed_plus_shared_log,Pair-aware fixed + log,16460000.0,17125280.6524314,0.04041802262645192,0.04041802262645192,0.08045833333333334,1769840.439064486
lead_generation,Lead generation,meta_lead_generation_00,0,"weeks 5-12, 2 EDPs",8,2,two_group_latent_mixture,Two-group mixture,16460000.0,16609298.866883218,0.00907040503543246,0.00907040503543246,0.08045833333333334,1769840.439064486
lead_generation,Lead generation,meta_lead_generation_00,0,"weeks 5-12, 2 EDPs",8,2,pairwise_maxent_direct,Direct pair + higher-order inference,16460000.0,16143106.70670095,0.01925232644587176,-0.01925232644587176,0.08045833333333334,1769840.439064486
lead_generation,Lead generation,meta_lead_generation_00,0,"weeks 5-12, 2 EDPs",8,2,pairwise_maxent_mixture,Mixture pair + higher-order inference,16460000.0,16184940.815735742,0.01671076453610313,-0.01671076453610313,0.08045833333333334,1769840.439064486
lead_generation,Lead generation,meta_lead_generation_00,0,"full flight, 2 EDPs",13,2,baseline_vid,Existing VID,20320000.0,23942300.000000004,0.17826279527559075,0.17826279527559075,0.10529166666666667,3029900.603747562
lead_generation,Lead generation,meta_lead_generation_00,0,"full flight, 2 EDPs",13,2,pair_aware_fixed_plus_shared_log,Pair-aware fixed + log,20320000.0,21201564.457560003,0.04338407763582691,0.04338407763582691,0.10529166666666667,3029900.603747562
lead_generation,Lead generation,meta_lead_generation_00,0,"full flight, 2 EDPs",13,2,two_group_latent_mixture,Two-group mixture,20320000.0,20390467.252320483,0.003467876590574967,0.003467876590574967,0.10529166666666667,3029900.603747562
lead_generation,Lead generation,meta_lead_generation_00,0,"full flight, 2 EDPs",13,2,pairwise_maxent_direct,Direct pair + higher-order inference,20320000.0,19748467.515250906,0.02812659865891209,-0.02812659865891209,0.10529166666666667,3029900.603747562
lead_generation,Lead generation,meta_lead_generation_00,0,"full flight, 2 EDPs",13,2,pairwise_maxent_mixture,Mixture pair + higher-order inference,20320000.0,19918894.417867303,0.019739447939601234,-0.019739447939601234,0.10529166666666667,3029900.603747562
lead_generation,Lead generation,meta_lead_generation_00,0,"weeks 7-13, 5 EDPs",7,5,baseline_vid,Existing VID,24430000.0,33447732.62525765,0.36912536329339535,0.36912536329339535,0.06311666666666667,9999.999966374922
lead_generation,Lead generation,meta_lead_generation_00,0,"weeks 7-13, 5 EDPs",7,5,pair_aware_fixed_plus_shared_log,Pair-aware fixed + log,24430000.0,30126440.344073087,0.233173980518751,0.233173980518751,0.06311666666666667,9999.999966374922
lead_generation,Lead generation,meta_lead_generation_00,0,"weeks 7-13, 5 EDPs",7,5,two_group_latent_mixture,Two-group mixture,24430000.0,28620179.903639004,0.17151780203188718,0.17151780203188718,0.06311666666666667,9999.999966374922
lead_generation,Lead generation,meta_lead_generation_00,0,"weeks 7-13, 5 EDPs",7,5,pairwise_maxent_direct,Direct pair + higher-order inference,24430000.0,25442601.909649536,0.041449116236166025,0.041449116236166025,0.06311666666666667,9999.999966374922
lead_generation,Lead generation,meta_lead_generation_00,0,"weeks 7-13, 5 EDPs",7,5,pairwise_maxent_mixture,Mixture pair + higher-order inference,24430000.0,24966912.748108193,0.02197759918576313,0.02197759918576313,0.06311666666666667,9999.999966374922
lead_generation,Lead generation,meta_lead_generation_00,0,"full flight, 5 selected EDPs",13,5,baseline_vid,Existing VID,25410000.0,37678527.70603108,0.48282281409016437,0.48282281409016437,0.07221666666666667,9999.99994732777
lead_generation,Lead generation,meta_lead_generation_00,0,"full flight, 5 selected EDPs",13,5,pair_aware_fixed_plus_shared_log,Pair-aware fixed + log,25410000.0,33916602.10928555,0.3347737941474045,0.3347737941474045,0.07221666666666667,9999.99994732777
lead_generation,Lead generation,meta_lead_generation_00,0,"full flight, 5 selected EDPs",13,5,two_group_latent_mixture,Two-group mixture,25410000.0,32226876.12975122,0.2682753297816301,0.2682753297816301,0.07221666666666667,9999.99994732777
lead_generation,Lead generation,meta_lead_generation_00,0,"full flight, 5 selected EDPs",13,5,pairwise_maxent_direct,Direct pair + higher-order inference,25410000.0,27475732.021554783,0.08129602603521381,0.08129602603521381,0.07221666666666667,9999.99994732777
lead_generation,Lead generation,meta_lead_generation_00,0,"full flight, 5 selected EDPs",13,5,pairwise_maxent_mixture,Mixture pair + higher-order inference,25410000.0,25677546.185584992,0.010529169050963879,0.010529169050963879,0.07221666666666667,9999.99994732777
lead_generation,Lead generation,meta_lead_generation_00,0,"noncontiguous weeks, 5 EDPs",6,5,baseline_vid,Existing VID,17400000.0,22315338.66226374,0.2824907277163069,0.2824907277163069,0.04016666666666667,-2.4553544748783304e-06
lead_generation,Lead generation,meta_lead_generation_00,0,"noncontiguous weeks, 5 EDPs",6,5,pair_aware_fixed_plus_shared_log,Pair-aware fixed + log,17400000.0,21270074.319430783,0.2224180643351025,0.2224180643351025,0.04016666666666667,-2.4553544748783304e-06
lead_generation,Lead generation,meta_lead_generation_00,0,"noncontiguous weeks, 5 EDPs",6,5,two_group_latent_mixture,Two-group mixture,17400000.0,20780475.71137181,0.19428021329723041,0.19428021329723041,0.04016666666666667,-2.4553544748783304e-06
lead_generation,Lead generation,meta_lead_generation_00,0,"noncontiguous weeks, 5 EDPs",6,5,pairwise_maxent_direct,Direct pair + higher-order inference,17400000.0,18685849.642699346,0.07389940475283598,0.07389940475283598,0.04016666666666667,-2.4553544748783304e-06
lead_generation,Lead generation,meta_lead_generation_00,0,"noncontiguous weeks, 5 EDPs",6,5,pairwise_maxent_mixture,Mixture pair + higher-order inference,17400000.0,17361844.66789347,0.002192835178536245,-0.002192835178536245,0.04016666666666667,-2.4553544748783304e-06
lead_generation,Lead generation,meta_lead_generation_00,0,"weeks 1-3, 10 EDPs",3,10,baseline_vid,Existing VID,14920000.0,18525141.219409626,0.24163144902209288,0.24163144902209288,0.016475,-1.5718939437520953e-28
lead_generation,Lead generation,meta_lead_generation_00,0,"weeks 1-3, 10 EDPs",3,10,pair_aware_fixed_plus_shared_log,Pair-aware fixed + log,14920000.0,17866464.047168687,0.19748418546707017,0.19748418546707017,0.016475,-1.5718939437520953e-28
lead_generation,Lead generation,meta_lead_generation_00,0,"weeks 1-3, 10 EDPs",3,10,two_group_latent_mixture,Two-group mixture,14920000.0,17297480.510645896,0.15934855969476516,0.15934855969476516,0.016475,-1.5718939437520953e-28
lead_generation,Lead generation,meta_lead_generation_00,0,"weeks 1-3, 10 EDPs",3,10,pairwise_maxent_direct,Direct pair + higher-order inference,14920000.0,15237513.748642594,0.021281082348699305,0.021281082348699305,0.016475,-1.5718939437520953e-28
lead_generation,Lead generation,meta_lead_generation_00,0,"weeks 1-3, 10 EDPs",3,10,pairwise_maxent_mixture,Mixture pair + higher-order inference,14920000.0,13581804.177230656,0.08969140903279785,-0.08969140903279785,0.016475,-1.5718939437520953e-28
lead_generation,Lead generation,meta_lead_generation_00,0,"weeks 1-12, 10 EDPs",12,10,baseline_vid,Existing VID,33070000.0,58119271.8497615,0.7574621061312822,0.7574621061312822,0.063725,-1.365381258291402e-19
lead_generation,Lead generation,meta_lead_generation_00,0,"weeks 1-12, 10 EDPs",12,10,pair_aware_fixed_plus_shared_log,Pair-aware fixed + log,33070000.0,46758120.88047047,0.4139135434070296,0.4139135434070296,0.063725,-1.365381258291402e-19
lead_generation,Lead generation,meta_lead_generation_00,0,"weeks 1-12, 10 EDPs",12,10,two_group_latent_mixture,Two-group mixture,33070000.0,43731664.777592525,0.3223968786692629,0.3223968786692629,0.063725,-1.365381258291402e-19
lead_generation,Lead generation,meta_lead_generation_00,0,"weeks 1-12, 10 EDPs",12,10,pairwise_maxent_direct,Direct pair + higher-order inference,33070000.0,38327155.06131992,0.15897051893921735,0.15897051893921735,0.063725,-1.365381258291402e-19
lead_generation,Lead generation,meta_lead_generation_00,0,"weeks 1-12, 10 EDPs",12,10,pairwise_maxent_mixture,Mixture pair + higher-order inference,33070000.0,34689638.634975806,0.04897607000229229,0.04897607000229229,0.063725,-1.365381258291402e-19
lead_generation,Lead generation,meta_lead_generation_00,0,"full flight, 10 EDPs",13,10,baseline_vid,Existing VID,34010000.0,60594012.31620843,0.7816528172951611,0.7816528172951611,0.0675,-2.36459156202986e-19
lead_generation,Lead generation,meta_lead_generation_00,0,"full flight, 10 EDPs",13,10,pair_aware_fixed_plus_shared_log,Pair-aware fixed + log,34010000.0,48332013.10840042,0.42111182324023577,0.42111182324023577,0.0675,-2.36459156202986e-19
lead_generation,Lead generation,meta_lead_generation_00,0,"full flight, 10 EDPs",13,10,two_group_latent_mixture,Two-group mixture,34010000.0,45431592.91869126,0.33583042983508565,0.33583042983508565,0.0675,-2.36459156202986e-19
lead_generation,Lead generation,meta_lead_generation_00,0,"full flight, 10 EDPs",13,10,pairwise_maxent_direct,Direct pair + higher-order inference,34010000.0,39521462.587317586,0.16205417780998488,0.16205417780998488,0.0675,-2.36459156202986e-19
lead_generation,Lead generation,meta_lead_generation_00,0,"full flight, 10 EDPs",13,10,pairwise_maxent_mixture,Mixture pair + higher-order inference,34010000.0,35233574.939089,0.03597691676239342,0.03597691676239342,0.0675,-2.36459156202986e-19
lead_generation,Lead generation,meta_lead_generation_01,1,"weeks 1-3, 2 EDPs",3,2,baseline_vid,Existing VID,1810000.0,1833160.0000000002,0.012795580110497366,0.012795580110497366,0.007666666666666666,10000.8702021842
lead_generation,Lead generation,meta_lead_generation_01,1,"weeks 1-3, 2 EDPs",3,2,pair_aware_fixed_plus_shared_log,Pair-aware fixed + log,1810000.0,1833159.5206871182,0.012795315296750372,0.012795315296750372,0.007666666666666666,10000.8702021842
lead_generation,Lead generation,meta_lead_generation_01,1,"weeks 1-3, 2 EDPs",3,2,two_group_latent_mixture,Two-group mixture,1810000.0,1833158.894814372,0.012794969510702798,0.012794969510702798,0.007666666666666666,10000.8702021842
lead_generation,Lead generation,meta_lead_generation_01,1,"weeks 1-3, 2 EDPs",3,2,pairwise_maxent_direct,Direct pair + higher-order inference,1810000.0,1825296.0784424692,0.008450872067662563,0.008450872067662563,0.007666666666666666,10000.8702021842
lead_generation,Lead generation,meta_lead_generation_01,1,"weeks 1-3, 2 EDPs",3,2,pairwise_maxent_mixture,Mixture pair + higher-order inference,1810000.0,1823425.523311302,0.007417416194089539,0.007417416194089539,0.007666666666666666,10000.8702021842
lead_generation,Lead generation,meta_lead_generation_01,1,"weeks 5-12, 2 EDPs",8,2,baseline_vid,Existing VID,18630000.0,21391263.33333332,0.14821595992127326,0.14821595992127326,0.0935,2209832.726896302
lead_generation,Lead generation,meta_lead_generation_01,1,"weeks 5-12, 2 EDPs",8,2,pair_aware_fixed_plus_shared_log,Pair-aware fixed + log,18630000.0,19577641.706146732,0.0508664361860833,0.0508664361860833,0.0935,2209832.726896302
lead_generation,Lead generation,meta_lead_generation_01,1,"weeks 5-12, 2 EDPs",8,2,two_group_latent_mixture,Two-group mixture,18630000.0,18966387.514502317,0.018056227294810344,0.018056227294810344,0.0935,2209832.726896302
lead_generation,Lead generation,meta_lead_generation_01,1,"weeks 5-12, 2 EDPs",8,2,pairwise_maxent_direct,Direct pair + higher-order inference,18630000.0,18443542.305087864,0.010008464568552635,-0.010008464568552635,0.0935,2209832.726896302
lead_generation,Lead generation,meta_lead_generation_01,1,"weeks 5-12, 2 EDPs",8,2,pairwise_maxent_mixture,Mixture pair + higher-order inference,18630000.0,18537577.490469277,0.004960950592094638,-0.004960950592094638,0.0935,2209832.726896302
lead_generation,Lead generation,meta_lead_generation_01,1,"full flight, 2 EDPs",13,2,baseline_vid,Existing VID,20510000.0,23942300.000000004,0.16734763529985391,0.16734763529985391,0.10529166666666667,2800103.603747562
lead_generation,Lead generation,meta_lead_generation_01,1,"full flight, 2 EDPs",13,2,pair_aware_fixed_plus_shared_log,Pair-aware fixed + log,20510000.0,21519086.171647757,0.04919971582875462,0.04919971582875462,0.10529166666666667,2800103.603747562
lead_generation,Lead generation,meta_lead_generation_01,1,"full flight, 2 EDPs",13,2,two_group_latent_mixture,Two-group mixture,20510000.0,20775871.723921567,0.01296302895765808,0.01296302895765808,0.10529166666666667,2800103.603747562
lead_generation,Lead generation,meta_lead_generation_01,1,"full flight, 2 EDPs",13,2,pairwise_maxent_direct,Direct pair + higher-order inference,20510000.0,20167304.86366135,0.016708685340743597,-0.016708685340743597,0.10529166666666667,2800103.603747562
lead_generation,Lead generation,meta_lead_generation_01,1,"full flight, 2 EDPs",13,2,pairwise_maxent_mixture,Mixture pair + higher-order inference,20510000.0,20324801.57598424,0.009029664749671401,-0.009029664749671401,0.10529166666666667,2800103.603747562
lead_generation,Lead generation,meta_lead_generation_01,1,"weeks 7-13, 5 EDPs",7,5,baseline_vid,Existing VID,22580000.0,29508343.945930842,0.3068354271891427,0.3068354271891427,0.05475,19999.99998444895
lead_generation,Lead generation,meta_lead_generation_01,1,"weeks 7-13, 5 EDPs",7,5,pair_aware_fixed_plus_shared_log,Pair-aware fixed + log,22580000.0,27684418.63902782,0.22605928427935426,0.22605928427935426,0.05475,19999.99998444895
lead_generation,Lead generation,meta_lead_generation_01,1,"weeks 7-13, 5 EDPs",7,5,two_group_latent_mixture,Two-group mixture,22580000.0,26451873.785371184,0.17147359545487972,0.17147359545487972,0.05475,19999.99998444895
lead_generation,Lead generation,meta_lead_generation_01,1,"weeks 7-13, 5 EDPs",7,5,pairwise_maxent_direct,Direct pair + higher-order inference,22580000.0,23327546.36857848,0.03310657079621252,0.03310657079621252,0.05475,19999.99998444895
lead_generation,Lead generation,meta_lead_generation_01,1,"weeks 7-13, 5 EDPs",7,5,pairwise_maxent_mixture,Mixture pair + higher-order inference,22580000.0,22946371.64350255,0.01622549351207034,0.01622549351207034,0.05475,19999.99998444895
lead_generation,Lead generation,meta_lead_generation_01,1,"full flight, 5 selected EDPs",13,5,baseline_vid,Existing VID,25780000.0,37678527.70603108,0.46154102816257087,0.46154102816257087,0.07221666666666667,9999.99994732777
lead_generation,Lead generation,meta_lead_generation_01,1,"full flight, 5 selected EDPs",13,5,pair_aware_fixed_plus_shared_log,Pair-aware fixed + log,25780000.0,34363258.015439585,0.3329425141753136,0.3329425141753136,0.07221666666666667,9999.99994732777
lead_generation,Lead generation,meta_lead_generation_01,1,"full flight, 5 selected EDPs",13,5,two_group_latent_mixture,Two-group mixture,25780000.0,32543126.235088825,0.2623400401508466,0.2623400401508466,0.07221666666666667,9999.99994732777
lead_generation,Lead generation,meta_lead_generation_01,1,"full flight, 5 selected EDPs",13,5,pairwise_maxent_direct,Direct pair + higher-order inference,25780000.0,27576596.408308238,0.0696895426031124,0.0696895426031124,0.07221666666666667,9999.99994732777
lead_generation,Lead generation,meta_lead_generation_01,1,"full flight, 5 selected EDPs",13,5,pairwise_maxent_mixture,Mixture pair + higher-order inference,25780000.0,25537811.276702955,0.009394442331149909,-0.009394442331149909,0.07221666666666667,9999.99994732777
lead_generation,Lead generation,meta_lead_generation_01,1,"noncontiguous weeks, 5 EDPs",6,5,baseline_vid,Existing VID,16200000.0,20034774.714720182,0.2367144885629742,0.2367144885629742,0.035783333333333334,-1.5445549876328281e-06
lead_generation,Lead generation,meta_lead_generation_01,1,"noncontiguous weeks, 5 EDPs",6,5,pair_aware_fixed_plus_shared_log,Pair-aware fixed + log,16200000.0,19291631.017798334,0.19084142085174904,0.19084142085174904,0.035783333333333334,-1.5445549876328281e-06
lead_generation,Lead generation,meta_lead_generation_01,1,"noncontiguous weeks, 5 EDPs",6,5,two_group_latent_mixture,Two-group mixture,16200000.0,18878751.673134625,0.16535504155152006,0.16535504155152006,0.035783333333333334,-1.5445549876328281e-06
lead_generation,Lead generation,meta_lead_generation_01,1,"noncontiguous weeks, 5 EDPs",6,5,pairwise_maxent_direct,Direct pair + higher-order inference,16200000.0,16937298.759195372,0.0455122690861341,0.0455122690861341,0.035783333333333334,-1.5445549876328281e-06
lead_generation,Lead generation,meta_lead_generation_01,1,"noncontiguous weeks, 5 EDPs",6,5,pairwise_maxent_mixture,Mixture pair + higher-order inference,16200000.0,15696277.955277309,0.0310939533779439,-0.0310939533779439,0.035783333333333334,-1.5445549876328281e-06
lead_generation,Lead generation,meta_lead_generation_01,1,"weeks 1-3, 10 EDPs",3,10,baseline_vid,Existing VID,10070000.0,11372903.196971787,0.12938462730603645,0.12938462730603645,0.009825,-2.256549999185456e-29
lead_generation,Lead generation,meta_lead_generation_01,1,"weeks 1-3, 10 EDPs",3,10,pair_aware_fixed_plus_shared_log,Pair-aware fixed + log,10070000.0,11242882.265846327,0.11647291617143267,0.11647291617143267,0.009825,-2.256549999185456e-29
lead_generation,Lead generation,meta_lead_generation_01,1,"weeks 1-3, 10 EDPs",3,10,two_group_latent_mixture,Two-group mixture,10070000.0,11123494.749146745,0.10461715483085846,0.10461715483085846,0.009825,-2.256549999185456e-29
lead_generation,Lead generation,meta_lead_generation_01,1,"weeks 1-3, 10 EDPs",3,10,pairwise_maxent_direct,Direct pair + higher-order inference,10070000.0,10373922.370856673,0.03018097029361197,0.03018097029361197,0.009825,-2.256549999185456e-29
lead_generation,Lead generation,meta_lead_generation_01,1,"weeks 1-3, 10 EDPs",3,10,pairwise_maxent_mixture,Mixture pair + higher-order inference,10070000.0,9926789.397376806,0.014221509694458238,-0.014221509694458238,0.009825,-2.256549999185456e-29
lead_generation,Lead generation,meta_lead_generation_01,1,"weeks 1-12, 10 EDPs",12,10,baseline_vid,Existing VID,33500000.0,57812758.846065976,0.7257539954049544,0.7257539954049544,0.063225,-1.0919049598943855e-19
lead_generation,Lead generation,meta_lead_generation_01,1,"weeks 1-12, 10 EDPs",12,10,pair_aware_fixed_plus_shared_log,Pair-aware fixed + log,33500000.0,46919243.98371522,0.40057444727508124,0.40057444727508124,0.063225,-1.0919049598943855e-19
lead_generation,Lead generation,meta_lead_generation_01,1,"weeks 1-12, 10 EDPs",12,10,two_group_latent_mixture,Two-group mixture,33500000.0,43817264.08711411,0.3079780324511675,0.3079780324511675,0.063225,-1.0919049598943855e-19
lead_generation,Lead generation,meta_lead_generation_01,1,"weeks 1-12, 10 EDPs",12,10,pairwise_maxent_direct,Direct pair + higher-order inference,33500000.0,38601976.733729705,0.1522978129471554,0.1522978129471554,0.063225,-1.0919049598943855e-19
lead_generation,Lead generation,meta_lead_generation_01,1,"weeks 1-12, 10 EDPs",12,10,pairwise_maxent_mixture,Mixture pair + higher-order inference,33500000.0,35617226.24409948,0.06320078340595471,0.06320078340595471,0.063225,-1.0919049598943855e-19
lead_generation,Lead generation,meta_lead_generation_01,1,"full flight, 10 EDPs",13,10,baseline_vid,Existing VID,34400000.0,60594012.31620843,0.7614538464014078,0.7614538464014078,0.0675,-2.36459156202986e-19
lead_generation,Lead generation,meta_lead_generation_01,1,"full flight, 10 EDPs",13,10,pair_aware_fixed_plus_shared_log,Pair-aware fixed + log,34400000.0,48707559.342698276,0.41591742275285687,0.41591742275285687,0.0675,-2.36459156202986e-19
lead_generation,Lead generation,meta_lead_generation_01,1,"full flight, 10 EDPs",13,10,two_group_latent_mixture,Two-group mixture,34400000.0,45729682.264336124,0.32935122861442223,0.32935122861442223,0.0675,-2.36459156202986e-19
lead_generation,Lead generation,meta_lead_generation_01,1,"full flight, 10 EDPs",13,10,pairwise_maxent_direct,Direct pair + higher-order inference,34400000.0,39703678.615960225,0.15417670395233213,0.15417670395233213,0.0675,-2.36459156202986e-19
lead_generation,Lead generation,meta_lead_generation_01,1,"full flight, 10 EDPs",13,10,pairwise_maxent_mixture,Mixture pair + higher-order inference,34400000.0,35810548.55805865,0.041004318548216546,0.041004318548216546,0.0675,-2.36459156202986e-19
lead_generation,Lead generation,meta_lead_generation_02,2,"weeks 1-3, 2 EDPs",3,2,baseline_vid,Existing VID,6580000.0,6673219.999999995,0.014167173252278927,0.014167173252278927,0.027916666666666666,60001.71043699995
lead_generation,Lead generation,meta_lead_generation_02,2,"weeks 1-3, 2 EDPs",3,2,pair_aware_fixed_plus_shared_log,Pair-aware fixed + log,6580000.0,6673059.055210352,0.014142713557804247,0.014142713557804247,0.027916666666666666,60001.71043699995
lead_generation,Lead generation,meta_lead_generation_02,2,"weeks 1-3, 2 EDPs",3,2,two_group_latent_mixture,Two-group mixture,6580000.0,6672939.669756293,0.014124569871777097,0.014124569871777097,0.027916666666666666,60001.71043699995
lead_generation,Lead generation,meta_lead_generation_02,2,"weeks 1-3, 2 EDPs",3,2,pairwise_maxent_direct,Direct pair + higher-order inference,6580000.0,6604128.629957303,0.003666965039103861,0.003666965039103861,0.027916666666666666,60001.71043699995
lead_generation,Lead generation,meta_lead_generation_02,2,"weeks 1-3, 2 EDPs",3,2,pairwise_maxent_mixture,Mixture pair + higher-order inference,6580000.0,6595484.819557846,0.002353316042225774,0.002353316042225774,0.027916666666666666,60001.71043699995
lead_generation,Lead generation,meta_lead_generation_02,2,"weeks 5-12, 2 EDPs",8,2,baseline_vid,Existing VID,14810000.0,16474200.000000013,0.11237002025658427,0.11237002025658427,0.07108333333333333,1240056.7610282556
lead_generation,Lead generation,meta_lead_generation_02,2,"weeks 5-12, 2 EDPs",8,2,pair_aware_fixed_plus_shared_log,Pair-aware fixed + log,14810000.0,15604051.309096918,0.053615888527813474,0.053615888527813474,0.07108333333333333,1240056.7610282556
lead_generation,Lead generation,meta_lead_generation_02,2,"weeks 5-12, 2 EDPs",8,2,two_group_latent_mixture,Two-group mixture,14810000.0,15247310.330000669,0.02952804388930917,0.02952804388930917,0.07108333333333333,1240056.7610282556
lead_generation,Lead generation,meta_lead_generation_02,2,"weeks 5-12, 2 EDPs",8,2,pairwise_maxent_direct,Direct pair + higher-order inference,14810000.0,14858866.042685613,0.003299530228603176,0.003299530228603176,0.07108333333333333,1240056.7610282556
lead_generation,Lead generation,meta_lead_generation_02,2,"weeks 5-12, 2 EDPs",8,2,pairwise_maxent_mixture,Mixture pair + higher-order inference,14810000.0,14870789.981405005,0.004104657758609376,0.004104657758609376,0.07108333333333333,1240056.7610282556
lead_generation,Lead generation,meta_lead_generation_02,2,"full flight, 2 EDPs",13,2,baseline_vid,Existing VID,20250000.0,23942300.000000004,0.182335802469136,0.182335802469136,0.10529166666666667,2850547.603747562
lead_generation,Lead generation,meta_lead_generation_02,2,"full flight, 2 EDPs",13,2,pair_aware_fixed_plus_shared_log,Pair-aware fixed + log,20250000.0,21449549.76873207,0.05923702561639856,0.05923702561639856,0.10529166666666667,2850547.603747562
lead_generation,Lead generation,meta_lead_generation_02,2,"full flight, 2 EDPs",13,2,two_group_latent_mixture,Two-group mixture,20250000.0,20691442.220192835,0.02179961581199184,0.02179961581199184,0.10529166666666667,2850547.603747562
lead_generation,Lead generation,meta_lead_generation_02,2,"full flight, 2 EDPs",13,2,pairwise_maxent_direct,Direct pair + higher-order inference,20250000.0,20075363.868106708,0.00862400651324899,-0.00862400651324899,0.10529166666666667,2850547.603747562
lead_generation,Lead generation,meta_lead_generation_02,2,"full flight, 2 EDPs",13,2,pairwise_maxent_mixture,Mixture pair + higher-order inference,20250000.0,20235699.16424133,0.0007062141115393168,-0.0007062141115393168,0.10529166666666667,2850547.603747562
lead_generation,Lead generation,meta_lead_generation_02,2,"weeks 7-13, 5 EDPs",7,5,baseline_vid,Existing VID,23520000.0,31491663.97821785,0.338931291590895,0.338931291590895,0.05873333333333333,19999.999982159028
lead_generation,Lead generation,meta_lead_generation_02,2,"weeks 7-13, 5 EDPs",7,5,pair_aware_fixed_plus_shared_log,Pair-aware fixed + log,23520000.0,28822496.64836961,0.2254462860701365,0.2254462860701365,0.05873333333333333,19999.999982159028
lead_generation,Lead generation,meta_lead_generation_02,2,"weeks 7-13, 5 EDPs",7,5,two_group_latent_mixture,Two-group mixture,23520000.0,27255783.22862944,0.15883432094512925,0.15883432094512925,0.05873333333333333,19999.999982159028
lead_generation,Lead generation,meta_lead_generation_02,2,"weeks 7-13, 5 EDPs",7,5,pairwise_maxent_direct,Direct pair + higher-order inference,23520000.0,24046785.012607157,0.022397321964590017,0.022397321964590017,0.05873333333333333,19999.999982159028
lead_generation,Lead generation,meta_lead_generation_02,2,"weeks 7-13, 5 EDPs",7,5,pairwise_maxent_mixture,Mixture pair + higher-order inference,23520000.0,23582221.9120709,0.0026454894587967775,0.0026454894587967775,0.05873333333333333,19999.999982159028
lead_generation,Lead generation,meta_lead_generation_02,2,"full flight, 5 selected EDPs",13,5,baseline_vid,Existing VID,25660000.0,37678527.70603108,0.46837598230830385,0.46837598230830385,0.07221666666666667,19999.99994732777
lead_generation,Lead generation,meta_lead_generation_02,2,"full flight, 5 selected EDPs",13,5,pair_aware_fixed_plus_shared_log,Pair-aware fixed + log,25660000.0,34099719.129503325,0.32890565586528936,0.32890565586528936,0.07221666666666667,19999.99994732777
lead_generation,Lead generation,meta_lead_generation_02,2,"full flight, 5 selected EDPs",13,5,two_group_latent_mixture,Two-group mixture,25660000.0,31901258.78574352,0.24322910310769758,0.24322910310769758,0.07221666666666667,19999.99994732777
lead_generation,Lead generation,meta_lead_generation_02,2,"full flight, 5 selected EDPs",13,5,pairwise_maxent_direct,Direct pair + higher-order inference,25660000.0,27200257.779567286,0.060025634433643275,0.060025634433643275,0.07221666666666667,19999.99994732777
lead_generation,Lead generation,meta_lead_generation_02,2,"full flight, 5 selected EDPs",13,5,pairwise_maxent_mixture,Mixture pair + higher-order inference,25660000.0,25264849.523467153,0.015399472974779683,-0.015399472974779683,0.07221666666666667,19999.99994732777
lead_generation,Lead generation,meta_lead_generation_02,2,"noncontiguous weeks, 5 EDPs",6,5,baseline_vid,Existing VID,16900000.0,21371387.065495934,0.2645791163015346,0.2645791163015346,0.03836666666666667,9999.999997620691
lead_generation,Lead generation,meta_lead_generation_02,2,"noncontiguous weeks, 5 EDPs",6,5,pair_aware_fixed_plus_shared_log,Pair-aware fixed + log,16900000.0,20588990.374017626,0.2182834540838832,0.2182834540838832,0.03836666666666667,9999.999997620691
lead_generation,Lead generation,meta_lead_generation_02,2,"noncontiguous weeks, 5 EDPs",6,5,two_group_latent_mixture,Two-group mixture,16900000.0,20120920.739943117,0.1905870260321371,0.1905870260321371,0.03836666666666667,9999.999997620691
lead_generation,Lead generation,meta_lead_generation_02,2,"noncontiguous weeks, 5 EDPs",6,5,pairwise_maxent_direct,Direct pair + higher-order inference,16900000.0,17795994.472334832,0.05301742439851077,0.05301742439851077,0.03836666666666667,9999.999997620691
lead_generation,Lead generation,meta_lead_generation_02,2,"noncontiguous weeks, 5 EDPs",6,5,pairwise_maxent_mixture,Mixture pair + higher-order inference,16900000.0,16420752.926318988,0.028357815010710757,-0.028357815010710757,0.03836666666666667,9999.999997620691
lead_generation,Lead generation,meta_lead_generation_02,2,"weeks 1-3, 10 EDPs",3,10,baseline_vid,Existing VID,16320000.0,21168325.220920395,0.29707875128188693,0.29707875128188693,0.019116666666666667,-7.149239796910007e-26
lead_generation,Lead generation,meta_lead_generation_02,2,"weeks 1-3, 10 EDPs",3,10,pair_aware_fixed_plus_shared_log,Pair-aware fixed + log,16320000.0,20450305.931858376,0.25308247131485145,0.25308247131485145,0.019116666666666667,-7.149239796910007e-26
lead_generation,Lead generation,meta_lead_generation_02,2,"weeks 1-3, 10 EDPs",3,10,two_group_latent_mixture,Two-group mixture,16320000.0,19780423.36216636,0.21203574523078186,0.21203574523078186,0.019116666666666667,-7.149239796910007e-26
lead_generation,Lead generation,meta_lead_generation_02,2,"weeks 1-3, 10 EDPs",3,10,pairwise_maxent_direct,Direct pair + higher-order inference,16320000.0,17915919.303029373,0.097789172979741,0.097789172979741,0.019116666666666667,-7.149239796910007e-26
lead_generation,Lead generation,meta_lead_generation_02,2,"weeks 1-3, 10 EDPs",3,10,pairwise_maxent_mixture,Mixture pair + higher-order inference,16320000.0,15692627.914180502,0.03844191702325354,-0.03844191702325354,0.019116666666666667,-7.149239796910007e-26
lead_generation,Lead generation,meta_lead_generation_02,2,"weeks 1-12, 10 EDPs",12,10,baseline_vid,Existing VID,33320000.0,58828624.780633055,0.7655649694067543,0.7655649694067543,0.06479166666666666,-1.4793259794561775e-19
lead_generation,Lead generation,meta_lead_generation_02,2,"weeks 1-12, 10 EDPs",12,10,pair_aware_fixed_plus_shared_log,Pair-aware fixed + log,33320000.0,47189847.285354376,0.41626192332996326,0.41626192332996326,0.06479166666666666,-1.4793259794561775e-19
lead_generation,Lead generation,meta_lead_generation_02,2,"weeks 1-12, 10 EDPs",12,10,two_group_latent_mixture,Two-group mixture,33320000.0,44790207.60260095,0.3442439256482877,0.3442439256482877,0.06479166666666666,-1.4793259794561775e-19
lead_generation,Lead generation,meta_lead_generation_02,2,"weeks 1-12, 10 EDPs",12,10,pairwise_maxent_direct,Direct pair + higher-order inference,33320000.0,39450632.14057878,0.18399256124186003,0.18399256124186003,0.06479166666666666,-1.4793259794561775e-19
lead_generation,Lead generation,meta_lead_generation_02,2,"weeks 1-12, 10 EDPs",12,10,pairwise_maxent_mixture,Mixture pair + higher-order inference,33320000.0,33888864.43821098,0.017072762251229865,0.017072762251229865,0.06479166666666666,-1.4793259794561775e-19
lead_generation,Lead generation,meta_lead_generation_02,2,"full flight, 10 EDPs",13,10,baseline_vid,Existing VID,34040000.0,60594012.31620843,0.7800826179849715,0.7800826179849715,0.0675,-2.36459156202986e-19
lead_generation,Lead generation,meta_lead_generation_02,2,"full flight, 10 EDPs",13,10,pair_aware_fixed_plus_shared_log,Pair-aware fixed + log,34040000.0,48409509.92244898,0.4221360141730017,0.4221360141730017,0.0675,-2.36459156202986e-19
lead_generation,Lead generation,meta_lead_generation_02,2,"full flight, 10 EDPs",13,10,two_group_latent_mixture,Two-group mixture,34040000.0,45458678.605036095,0.33544884268613673,0.33544884268613673,0.0675,-2.36459156202986e-19
lead_generation,Lead generation,meta_lead_generation_02,2,"full flight, 10 EDPs",13,10,pairwise_maxent_direct,Direct pair + higher-order inference,34040000.0,40166557.90666287,0.17998113709350372,0.17998113709350372,0.0675,-2.36459156202986e-19
lead_generation,Lead generation,meta_lead_generation_02,2,"full flight, 10 EDPs",13,10,pairwise_maxent_mixture,Mixture pair + higher-order inference,34040000.0,36436532.214647606,0.07040341406132802,0.07040341406132802,0.0675,-2.36459156202986e-19
sales_prospecting,Sales / purchase prospecting,meta_sales_prospecting_00,0,"weeks 1-3, 2 EDPs",3,2,baseline_vid,Existing VID,6460000.0,6616804.166666661,0.024273090815272663,0.024273090815272663,0.027833333333333335,130030.31274287275
sales_prospecting,Sales / purchase prospecting,meta_sales_prospecting_00,0,"weeks 1-3, 2 EDPs",3,2,pair_aware_fixed_plus_shared_log,Pair-aware fixed + log,6460000.0,6613676.427466601,0.02378892066046457,0.02378892066046457,0.027833333333333335,130030.31274287275
sales_prospecting,Sales / purchase prospecting,meta_sales_prospecting_00,0,"weeks 1-3, 2 EDPs",3,2,two_group_latent_mixture,Two-group mixture,6460000.0,6611524.419023216,0.023455792418454455,0.023455792418454455,0.027833333333333335,130030.31274287275
sales_prospecting,Sales / purchase prospecting,meta_sales_prospecting_00,0,"weeks 1-3, 2 EDPs",3,2,pairwise_maxent_direct,Direct pair + higher-order inference,6460000.0,6465400.873024255,0.0008360484557670336,0.0008360484557670336,0.027833333333333335,130030.31274287275
sales_prospecting,Sales / purchase prospecting,meta_sales_prospecting_00,0,"weeks 1-3, 2 EDPs",3,2,pairwise_maxent_mixture,Mixture pair + higher-order inference,6460000.0,6451729.628304064,0.0012802432965844778,-0.0012802432965844778,0.027833333333333335,130030.31274287275
sales_prospecting,Sales / purchase prospecting,meta_sales_prospecting_00,0,"weeks 5-12, 2 EDPs",8,2,baseline_vid,Existing VID,25440000.0,28626433.33333334,0.12525288259958095,0.12525288259958095,0.127375,2790581.7415858908
sales_prospecting,Sales / purchase prospecting,meta_sales_prospecting_00,0,"weeks 5-12, 2 EDPs",8,2,pair_aware_fixed_plus_shared_log,Pair-aware fixed + log,25440000.0,26660881.259782,0.047990615557468606,0.047990615557468606,0.127375,2790581.7415858908
sales_prospecting,Sales / purchase prospecting,meta_sales_prospecting_00,0,"weeks 5-12, 2 EDPs",8,2,two_group_latent_mixture,Two-group mixture,25440000.0,26014337.137409046,0.022576145338405906,0.022576145338405906,0.127375,2790581.7415858908
sales_prospecting,Sales / purchase prospecting,meta_sales_prospecting_00,0,"weeks 5-12, 2 EDPs",8,2,pairwise_maxent_direct,Direct pair + higher-order inference,25440000.0,25421398.147768736,0.000731204883304407,-0.000731204883304407,0.127375,2790581.7415858908
sales_prospecting,Sales / purchase prospecting,meta_sales_prospecting_00,0,"weeks 5-12, 2 EDPs",8,2,pairwise_maxent_mixture,Mixture pair + higher-order inference,25440000.0,25641321.893825352,0.007913596455399064,0.007913596455399064,0.127375,2790581.7415858908
sales_prospecting,Sales / purchase prospecting,meta_sales_prospecting_00,0,"full flight, 2 EDPs",13,2,baseline_vid,Existing VID,32050000.0,37729400.0,0.17720436817472698,0.17720436817472698,0.17195833333333332,5139672.446321862
sales_prospecting,Sales / purchase prospecting,meta_sales_prospecting_00,0,"full flight, 2 EDPs",13,2,pair_aware_fixed_plus_shared_log,Pair-aware fixed + log,32050000.0,33559846.901614636,0.04710910769468444,0.04710910769468444,0.17195833333333332,5139672.446321862
sales_prospecting,Sales / purchase prospecting,meta_sales_prospecting_00,0,"full flight, 2 EDPs",13,2,two_group_latent_mixture,Two-group mixture,32050000.0,32623224.25342393,0.017885312119311363,0.017885312119311363,0.17195833333333332,5139672.446321862
sales_prospecting,Sales / purchase prospecting,meta_sales_prospecting_00,0,"full flight, 2 EDPs",13,2,pairwise_maxent_direct,Direct pair + higher-order inference,32050000.0,31597793.555334136,0.014109405449792951,-0.014109405449792951,0.17195833333333332,5139672.446321862
sales_prospecting,Sales / purchase prospecting,meta_sales_prospecting_00,0,"full flight, 2 EDPs",13,2,pairwise_maxent_mixture,Mixture pair + higher-order inference,32050000.0,32191394.244704172,0.004411676901846241,0.004411676901846241,0.17195833333333332,5139672.446321862
sales_prospecting,Sales / purchase prospecting,meta_sales_prospecting_00,0,"weeks 7-13, 5 EDPs",7,5,baseline_vid,Existing VID,38190000.0,51359779.84627013,0.3448489093027004,0.3448489093027004,0.10531666666666667,39999.99957824338
sales_prospecting,Sales / purchase prospecting,meta_sales_prospecting_00,0,"weeks 7-13, 5 EDPs",7,5,pair_aware_fixed_plus_shared_log,Pair-aware fixed + log,38190000.0,47013945.22002913,0.23105381565931213,0.23105381565931213,0.10531666666666667,39999.99957824338
sales_prospecting,Sales / purchase prospecting,meta_sales_prospecting_00,0,"weeks 7-13, 5 EDPs",7,5,two_group_latent_mixture,Two-group mixture,38190000.0,45767193.18242429,0.19840778168170442,0.19840778168170442,0.10531666666666667,39999.99957824338
sales_prospecting,Sales / purchase prospecting,meta_sales_prospecting_00,0,"weeks 7-13, 5 EDPs",7,5,pairwise_maxent_direct,Direct pair + higher-order inference,38190000.0,39761677.29286966,0.04115415796987843,0.04115415796987843,0.10531666666666667,39999.99957824338
sales_prospecting,Sales / purchase prospecting,meta_sales_prospecting_00,0,"weeks 7-13, 5 EDPs",7,5,pairwise_maxent_mixture,Mixture pair + higher-order inference,38190000.0,39710174.02319197,0.03980555179869007,0.03980555179869007,0.10531666666666667,39999.99957824338
sales_prospecting,Sales / purchase prospecting,meta_sales_prospecting_00,0,"full flight, 5 selected EDPs",13,5,baseline_vid,Existing VID,38490000.0,55485321.07533716,0.44155159977493263,0.44155159977493263,0.11555,39999.999482620464
sales_prospecting,Sales / purchase prospecting,meta_sales_prospecting_00,0,"full flight, 5 selected EDPs",13,5,pair_aware_fixed_plus_shared_log,Pair-aware fixed + log,38490000.0,50924749.524753764,0.323064419972818,0.323064419972818,0.11555,39999.999482620464
sales_prospecting,Sales / purchase prospecting,meta_sales_prospecting_00,0,"full flight, 5 selected EDPs",13,5,two_group_latent_mixture,Two-group mixture,38490000.0,48486292.73617011,0.2597114246861552,0.2597114246861552,0.11555,39999.999482620464
sales_prospecting,Sales / purchase prospecting,meta_sales_prospecting_00,0,"full flight, 5 selected EDPs",13,5,pairwise_maxent_direct,Direct pair + higher-order inference,38490000.0,40564450.69798523,0.05389583522954616,0.05389583522954616,0.11555,39999.999482620464
sales_prospecting,Sales / purchase prospecting,meta_sales_prospecting_00,0,"full flight, 5 selected EDPs",13,5,pairwise_maxent_mixture,Mixture pair + higher-order inference,38490000.0,38579918.32315925,0.0023361476528773093,0.0023361476528773093,0.11555,39999.999482620464
sales_prospecting,Sales / purchase prospecting,meta_sales_prospecting_00,0,"noncontiguous weeks, 5 EDPs",6,5,baseline_vid,Existing VID,26500000.0,33422915.93631635,0.2612421108043905,0.2612421108043905,0.06283333333333334,-2.360854600091625e-05
sales_prospecting,Sales / purchase prospecting,meta_sales_prospecting_00,0,"noncontiguous weeks, 5 EDPs",6,5,pair_aware_fixed_plus_shared_log,Pair-aware fixed + log,26500000.0,31963749.446830437,0.2061792244086957,0.2061792244086957,0.06283333333333334,-2.360854600091625e-05
sales_prospecting,Sales / purchase prospecting,meta_sales_prospecting_00,0,"noncontiguous weeks, 5 EDPs",6,5,two_group_latent_mixture,Two-group mixture,26500000.0,31379828.80086933,0.18414448305167286,0.18414448305167286,0.06283333333333334,-2.360854600091625e-05
sales_prospecting,Sales / purchase prospecting,meta_sales_prospecting_00,0,"noncontiguous weeks, 5 EDPs",6,5,pairwise_maxent_direct,Direct pair + higher-order inference,26500000.0,27853681.519778118,0.05108232150106104,0.05108232150106104,0.06283333333333334,-2.360854600091625e-05
sales_prospecting,Sales / purchase prospecting,meta_sales_prospecting_00,0,"noncontiguous weeks, 5 EDPs",6,5,pairwise_maxent_mixture,Mixture pair + higher-order inference,26500000.0,26445492.767288715,0.00205687670608624,-0.00205687670608624,0.06283333333333334,-2.360854600091625e-05
sales_prospecting,Sales / purchase prospecting,meta_sales_prospecting_00,0,"weeks 1-3, 10 EDPs",3,10,baseline_vid,Existing VID,17420000.0,21148638.585324742,0.21404354680394616,0.21404354680394616,0.019083333333333334,-1.2644084565941206e-25
sales_prospecting,Sales / purchase prospecting,meta_sales_prospecting_00,0,"weeks 1-3, 10 EDPs",3,10,pair_aware_fixed_plus_shared_log,Pair-aware fixed + log,17420000.0,20389903.380806074,0.1704881389670536,0.1704881389670536,0.019083333333333334,-1.2644084565941206e-25
sales_prospecting,Sales / purchase prospecting,meta_sales_prospecting_00,0,"weeks 1-3, 10 EDPs",3,10,two_group_latent_mixture,Two-group mixture,17420000.0,19645991.311680883,0.1277836573869623,0.1277836573869623,0.019083333333333334,-1.2644084565941206e-25
sales_prospecting,Sales / purchase prospecting,meta_sales_prospecting_00,0,"weeks 1-3, 10 EDPs",3,10,pairwise_maxent_direct,Direct pair + higher-order inference,17420000.0,19058825.624850556,0.09407724597305145,0.09407724597305145,0.019083333333333334,-1.2644084565941206e-25
sales_prospecting,Sales / purchase prospecting,meta_sales_prospecting_00,0,"weeks 1-3, 10 EDPs",3,10,pairwise_maxent_mixture,Mixture pair + higher-order inference,17420000.0,17707642.300185114,0.01651218715184352,0.01651218715184352,0.019083333333333334,-1.2644084565941206e-25
sales_prospecting,Sales / purchase prospecting,meta_sales_prospecting_00,0,"weeks 1-12, 10 EDPs",12,10,baseline_vid,Existing VID,47960000.0,78739217.72974874,0.6417685097945942,0.6417685097945942,0.10035833333333333,-1.1957493552987449e-17
sales_prospecting,Sales / purchase prospecting,meta_sales_prospecting_00,0,"weeks 1-12, 10 EDPs",12,10,pair_aware_fixed_plus_shared_log,Pair-aware fixed + log,47960000.0,64583887.42360835,0.3466198378567212,0.3466198378567212,0.10035833333333333,-1.1957493552987449e-17
sales_prospecting,Sales / purchase prospecting,meta_sales_prospecting_00,0,"weeks 1-12, 10 EDPs",12,10,two_group_latent_mixture,Two-group mixture,47960000.0,59826746.26416042,0.24743007223020053,0.24743007223020053,0.10035833333333333,-1.1957493552987449e-17
sales_prospecting,Sales / purchase prospecting,meta_sales_prospecting_00,0,"weeks 1-12, 10 EDPs",12,10,pairwise_maxent_direct,Direct pair + higher-order inference,47960000.0,55130759.17698428,0.14951541236414262,0.14951541236414262,0.10035833333333333,-1.1957493552987449e-17
sales_prospecting,Sales / purchase prospecting,meta_sales_prospecting_00,0,"weeks 1-12, 10 EDPs",12,10,pairwise_maxent_mixture,Mixture pair + higher-order inference,47960000.0,48836986.91584605,0.018285798912553164,0.018285798912553164,0.10035833333333333,-1.1957493552987449e-17
sales_prospecting,Sales / purchase prospecting,meta_sales_prospecting_00,0,"full flight, 10 EDPs",13,10,baseline_vid,Existing VID,49330000.0,82032582.68492317,0.662934982463474,0.662934982463474,0.1075,-2.0682028293344414e-17
sales_prospecting,Sales / purchase prospecting,meta_sales_prospecting_00,0,"full flight, 10 EDPs",13,10,pair_aware_fixed_plus_shared_log,Pair-aware fixed + log,49330000.0,66184860.84705211,0.3416756709315247,0.3416756709315247,0.1075,-2.0682028293344414e-17
sales_prospecting,Sales / purchase prospecting,meta_sales_prospecting_00,0,"full flight, 10 EDPs",13,10,two_group_latent_mixture,Two-group mixture,49330000.0,62325056.917709574,0.26343111529920077,0.26343111529920077,0.1075,-2.0682028293344414e-17
sales_prospecting,Sales / purchase prospecting,meta_sales_prospecting_00,0,"full flight, 10 EDPs",13,10,pairwise_maxent_direct,Direct pair + higher-order inference,49330000.0,55920684.21582942,0.13360397761665146,0.13360397761665146,0.1075,-2.0682028293344414e-17
sales_prospecting,Sales / purchase prospecting,meta_sales_prospecting_00,0,"full flight, 10 EDPs",13,10,pairwise_maxent_mixture,Mixture pair + higher-order inference,49330000.0,50538003.78123458,0.024488217742440244,0.024488217742440244,0.1075,-2.0682028293344414e-17
sales_prospecting,Sales / purchase prospecting,meta_sales_prospecting_01,1,"weeks 1-3, 2 EDPs",3,2,baseline_vid,Existing VID,6570000.0,6619749.999999995,0.0075722983257222745,0.0075722983257222745,0.027708333333333335,20019.48258481301
sales_prospecting,Sales / purchase prospecting,meta_sales_prospecting_01,1,"weeks 1-3, 2 EDPs",3,2,pair_aware_fixed_plus_shared_log,Pair-aware fixed + log,6570000.0,6619751.800021276,0.007572572301564061,0.007572572301564061,0.027708333333333335,20019.48258481301
sales_prospecting,Sales / purchase prospecting,meta_sales_prospecting_01,1,"weeks 1-3, 2 EDPs",3,2,two_group_latent_mixture,Two-group mixture,6570000.0,6619748.473495603,0.007572065981065846,0.007572065981065846,0.027708333333333335,20019.48258481301
sales_prospecting,Sales / purchase prospecting,meta_sales_prospecting_01,1,"weeks 1-3, 2 EDPs",3,2,pairwise_maxent_direct,Direct pair + higher-order inference,6570000.0,6617574.717540994,0.0072412051051741685,0.0072412051051741685,0.027708333333333335,20019.48258481301
sales_prospecting,Sales / purchase prospecting,meta_sales_prospecting_01,1,"weeks 1-3, 2 EDPs",3,2,pairwise_maxent_mixture,Mixture pair + higher-order inference,6570000.0,6614895.802354038,0.0068334554572355806,0.0068334554572355806,0.027708333333333335,20019.48258481301
sales_prospecting,Sales / purchase prospecting,meta_sales_prospecting_01,1,"weeks 5-12, 2 EDPs",8,2,baseline_vid,Existing VID,25690000.0,29094160.000000004,0.13250914752822124,0.13250914752822124,0.12954166666666667,2909914.491533574
sales_prospecting,Sales / purchase prospecting,meta_sales_prospecting_01,1,"weeks 5-12, 2 EDPs",8,2,pair_aware_fixed_plus_shared_log,Pair-aware fixed + log,25690000.0,27000786.142322242,0.05102320522858086,0.05102320522858086,0.12954166666666667,2909914.491533574
sales_prospecting,Sales / purchase prospecting,meta_sales_prospecting_01,1,"weeks 5-12, 2 EDPs",8,2,two_group_latent_mixture,Two-group mixture,25690000.0,26330623.312205598,0.024936680116994854,0.024936680116994854,0.12954166666666667,2909914.491533574
sales_prospecting,Sales / purchase prospecting,meta_sales_prospecting_01,1,"weeks 5-12, 2 EDPs",8,2,pairwise_maxent_direct,Direct pair + higher-order inference,25690000.0,25716556.378092498,0.0010337243321330318,0.0010337243321330318,0.12954166666666667,2909914.491533574
sales_prospecting,Sales / purchase prospecting,meta_sales_prospecting_01,1,"weeks 5-12, 2 EDPs",8,2,pairwise_maxent_mixture,Mixture pair + higher-order inference,25690000.0,25950521.165171638,0.01014095621532262,0.01014095621532262,0.12954166666666667,2909914.491533574
sales_prospecting,Sales / purchase prospecting,meta_sales_prospecting_01,1,"full flight, 2 EDPs",13,2,baseline_vid,Existing VID,31860000.0,37729400.0,0.18422473320778404,0.18422473320778404,0.17195833333333332,5189538.446321862
sales_prospecting,Sales / purchase prospecting,meta_sales_prospecting_01,1,"full flight, 2 EDPs",13,2,pair_aware_fixed_plus_shared_log,Pair-aware fixed + log,31860000.0,33485148.30692783,0.05100904918166447,0.05100904918166447,0.17195833333333332,5189538.446321862
sales_prospecting,Sales / purchase prospecting,meta_sales_prospecting_01,1,"full flight, 2 EDPs",13,2,two_group_latent_mixture,Two-group mixture,31860000.0,32538865.306665912,0.021307762293343135,0.021307762293343135,0.17195833333333332,5189538.446321862
sales_prospecting,Sales / purchase prospecting,meta_sales_prospecting_01,1,"full flight, 2 EDPs",13,2,pairwise_maxent_direct,Direct pair + higher-order inference,31860000.0,31503948.4516346,0.011175503715172607,-0.011175503715172607,0.17195833333333332,5189538.446321862
sales_prospecting,Sales / purchase prospecting,meta_sales_prospecting_01,1,"full flight, 2 EDPs",13,2,pairwise_maxent_mixture,Mixture pair + higher-order inference,31860000.0,32103309.127867,0.0076368213392027096,0.0076368213392027096,0.17195833333333332,5189538.446321862
sales_prospecting,Sales / purchase prospecting,meta_sales_prospecting_01,1,"weeks 7-13, 5 EDPs",7,5,baseline_vid,Existing VID,36170000.0,48527447.85749485,0.3416490975254314,0.3416490975254314,0.09786666666666667,39999.99971764836
sales_prospecting,Sales / purchase prospecting,meta_sales_prospecting_01,1,"weeks 7-13, 5 EDPs",7,5,pair_aware_fixed_plus_shared_log,Pair-aware fixed + log,36170000.0,43592833.04265599,0.2052207089481888,0.2052207089481888,0.09786666666666667,39999.99971764836
sales_prospecting,Sales / purchase prospecting,meta_sales_prospecting_01,1,"weeks 7-13, 5 EDPs",7,5,two_group_latent_mixture,Two-group mixture,36170000.0,41684405.66190827,0.15245799452331404,0.15245799452331404,0.09786666666666667,39999.99971764836
sales_prospecting,Sales / purchase prospecting,meta_sales_prospecting_01,1,"weeks 7-13, 5 EDPs",7,5,pairwise_maxent_direct,Direct pair + higher-order inference,36170000.0,37440201.4551162,0.03511754092110029,0.03511754092110029,0.09786666666666667,39999.99971764836
sales_prospecting,Sales / purchase prospecting,meta_sales_prospecting_01,1,"weeks 7-13, 5 EDPs",7,5,pairwise_maxent_mixture,Mixture pair + higher-order inference,36170000.0,37245759.997414425,0.0297417748801334,0.0297417748801334,0.09786666666666667,39999.99971764836
sales_prospecting,Sales / purchase prospecting,meta_sales_prospecting_01,1,"full flight, 5 selected EDPs",13,5,baseline_vid,Existing VID,38430000.0,55485321.07533716,0.4438022658167358,0.4438022658167358,0.11555,29999.999482620467
sales_prospecting,Sales / purchase prospecting,meta_sales_prospecting_01,1,"full flight, 5 selected EDPs",13,5,pair_aware_fixed_plus_shared_log,Pair-aware fixed + log,38430000.0,50466913.21408105,0.31321658116266066,0.31321658116266066,0.11555,29999.999482620467
sales_prospecting,Sales / purchase prospecting,meta_sales_prospecting_01,1,"full flight, 5 selected EDPs",13,5,two_group_latent_mixture,Two-group mixture,38430000.0,48880448.6010893,0.2719346500413557,0.2719346500413557,0.11555,29999.999482620467
sales_prospecting,Sales / purchase prospecting,meta_sales_prospecting_01,1,"full flight, 5 selected EDPs",13,5,pairwise_maxent_direct,Direct pair + higher-order inference,38430000.0,39862361.5059519,0.037271962163723554,0.037271962163723554,0.11555,29999.999482620467
sales_prospecting,Sales / purchase prospecting,meta_sales_prospecting_01,1,"full flight, 5 selected EDPs",13,5,pairwise_maxent_mixture,Mixture pair + higher-order inference,38430000.0,38227306.05947694,0.005274367434896127,-0.005274367434896127,0.11555,29999.999482620467
sales_prospecting,Sales / purchase prospecting,meta_sales_prospecting_01,1,"noncontiguous weeks, 5 EDPs",6,5,baseline_vid,Existing VID,24790000.0,30869355.854738787,0.24523420148200029,0.24523420148200029,0.057433333333333336,9999.999984063876
sales_prospecting,Sales / purchase prospecting,meta_sales_prospecting_01,1,"noncontiguous weeks, 5 EDPs",6,5,pair_aware_fixed_plus_shared_log,Pair-aware fixed + log,24790000.0,29404530.331655324,0.1861448298368424,0.1861448298368424,0.057433333333333336,9999.999984063876
sales_prospecting,Sales / purchase prospecting,meta_sales_prospecting_01,1,"noncontiguous weeks, 5 EDPs",6,5,two_group_latent_mixture,Two-group mixture,24790000.0,28619096.433540076,0.15446133253489616,0.15446133253489616,0.057433333333333336,9999.999984063876
sales_prospecting,Sales / purchase prospecting,meta_sales_prospecting_01,1,"noncontiguous weeks, 5 EDPs",6,5,pairwise_maxent_direct,Direct pair + higher-order inference,24790000.0,26328362.767524466,0.062055779246650504,0.062055779246650504,0.057433333333333336,9999.999984063876
sales_prospecting,Sales / purchase prospecting,meta_sales_prospecting_01,1,"noncontiguous weeks, 5 EDPs",6,5,pairwise_maxent_mixture,Mixture pair + higher-order inference,24790000.0,24868061.51659721,0.0031489115206620156,0.0031489115206620156,0.057433333333333336,9999.999984063876
sales_prospecting,Sales / purchase prospecting,meta_sales_prospecting_01,1,"weeks 1-3, 10 EDPs",3,10,baseline_vid,Existing VID,14590000.0,17371266.30077643,0.19062825913477927,0.19062825913477927,0.0154,-4.610774450400109e-27
sales_prospecting,Sales / purchase prospecting,meta_sales_prospecting_01,1,"weeks 1-3, 10 EDPs",3,10,pair_aware_fixed_plus_shared_log,Pair-aware fixed + log,14590000.0,16992432.49116206,0.16466295347238258,0.16466295347238258,0.0154,-4.610774450400109e-27
sales_prospecting,Sales / purchase prospecting,meta_sales_prospecting_01,1,"weeks 1-3, 10 EDPs",3,10,two_group_latent_mixture,Two-group mixture,14590000.0,16651493.588232964,0.14129496835044306,0.14129496835044306,0.0154,-4.610774450400109e-27
sales_prospecting,Sales / purchase prospecting,meta_sales_prospecting_01,1,"weeks 1-3, 10 EDPs",3,10,pairwise_maxent_direct,Direct pair + higher-order inference,14590000.0,15412534.41319114,0.05637658760734336,0.05637658760734336,0.0154,-4.610774450400109e-27
sales_prospecting,Sales / purchase prospecting,meta_sales_prospecting_01,1,"weeks 1-3, 10 EDPs",3,10,pairwise_maxent_mixture,Mixture pair + higher-order inference,14590000.0,13384149.78479655,0.08264908945876964,-0.08264908945876964,0.0154,-4.610774450400109e-27
sales_prospecting,Sales / purchase prospecting,meta_sales_prospecting_01,1,"weeks 1-12, 10 EDPs",12,10,baseline_vid,Existing VID,48280000.0,80219588.53715432,0.661549058350338,0.661549058350338,0.10340833333333334,-1.394537766807359e-17
sales_prospecting,Sales / purchase prospecting,meta_sales_prospecting_01,1,"weeks 1-12, 10 EDPs",12,10,pair_aware_fixed_plus_shared_log,Pair-aware fixed + log,48280000.0,64616001.61567183,0.33835960264440407,0.33835960264440407,0.10340833333333334,-1.394537766807359e-17
sales_prospecting,Sales / purchase prospecting,meta_sales_prospecting_01,1,"weeks 1-12, 10 EDPs",12,10,two_group_latent_mixture,Two-group mixture,48280000.0,61094011.581997834,0.2654103475973039,0.2654103475973039,0.10340833333333334,-1.394537766807359e-17
sales_prospecting,Sales / purchase prospecting,meta_sales_prospecting_01,1,"weeks 1-12, 10 EDPs",12,10,pairwise_maxent_direct,Direct pair + higher-order inference,48280000.0,54367139.53447208,0.12607994064772324,0.12607994064772324,0.10340833333333334,-1.394537766807359e-17
sales_prospecting,Sales / purchase prospecting,meta_sales_prospecting_01,1,"weeks 1-12, 10 EDPs",12,10,pairwise_maxent_mixture,Mixture pair + higher-order inference,48280000.0,50990351.961828485,0.05613819307846904,0.05613819307846904,0.10340833333333334,-1.394537766807359e-17
sales_prospecting,Sales / purchase prospecting,meta_sales_prospecting_01,1,"full flight, 10 EDPs",13,10,baseline_vid,Existing VID,49170000.0,82032582.68492317,0.6683462006289033,0.6683462006289033,0.1075,-2.0682028293344414e-17
sales_prospecting,Sales / purchase prospecting,meta_sales_prospecting_01,1,"full flight, 10 EDPs",13,10,pair_aware_fixed_plus_shared_log,Pair-aware fixed + log,49170000.0,66465129.87818262,0.3517415065727602,0.3517415065727602,0.1075,-2.0682028293344414e-17
sales_prospecting,Sales / purchase prospecting,meta_sales_prospecting_01,1,"full flight, 10 EDPs",13,10,two_group_latent_mixture,Two-group mixture,49170000.0,62595913.713386774,0.27305091953196614,0.27305091953196614,0.1075,-2.0682028293344414e-17
sales_prospecting,Sales / purchase prospecting,meta_sales_prospecting_01,1,"full flight, 10 EDPs",13,10,pairwise_maxent_direct,Direct pair + higher-order inference,49170000.0,55290563.694178574,0.12447760207806739,0.12447760207806739,0.1075,-2.0682028293344414e-17
sales_prospecting,Sales / purchase prospecting,meta_sales_prospecting_01,1,"full flight, 10 EDPs",13,10,pairwise_maxent_mixture,Mixture pair + higher-order inference,49170000.0,52286859.379160866,0.06338945249462816,0.06338945249462816,0.1075,-2.0682028293344414e-17
sales_prospecting,Sales / purchase prospecting,meta_sales_prospecting_02,2,"weeks 1-3, 2 EDPs",3,2,baseline_vid,Existing VID,16040000.0,16219694.999999996,0.011202930174563358,0.011202930174563358,0.068125,230006.78776213582
sales_prospecting,Sales / purchase prospecting,meta_sales_prospecting_02,2,"weeks 1-3, 2 EDPs",3,2,pair_aware_fixed_plus_shared_log,Pair-aware fixed + log,16040000.0,16196560.109012932,0.00976060530005808,0.00976060530005808,0.068125,230006.78776213582
sales_prospecting,Sales / purchase prospecting,meta_sales_prospecting_02,2,"weeks 1-3, 2 EDPs",3,2,two_group_latent_mixture,Two-group mixture,16040000.0,16181041.200905815,0.008793092325798925,0.008793092325798925,0.068125,230006.78776213582
sales_prospecting,Sales / purchase prospecting,meta_sales_prospecting_02,2,"weeks 1-3, 2 EDPs",3,2,pairwise_maxent_direct,Direct pair + higher-order inference,16040000.0,15961094.243012115,0.0049193115329105135,-0.0049193115329105135,0.068125,230006.78776213582
sales_prospecting,Sales / purchase prospecting,meta_sales_prospecting_02,2,"weeks 1-3, 2 EDPs",3,2,pairwise_maxent_mixture,Mixture pair + higher-order inference,16040000.0,15945043.32030505,0.005919992499685198,-0.005919992499685198,0.068125,230006.78776213582
sales_prospecting,Sales / purchase prospecting,meta_sales_prospecting_02,2,"weeks 5-12, 2 EDPs",8,2,baseline_vid,Existing VID,24150000.0,25921784.999999993,0.07336583850931647,0.07336583850931647,0.11295833333333333,1640056.024002094
sales_prospecting,Sales / purchase prospecting,meta_sales_prospecting_02,2,"weeks 5-12, 2 EDPs",8,2,pair_aware_fixed_plus_shared_log,Pair-aware fixed + log,24150000.0,24954921.400154904,0.033330078681362466,0.033330078681362466,0.11295833333333333,1640056.024002094
sales_prospecting,Sales / purchase prospecting,meta_sales_prospecting_02,2,"weeks 5-12, 2 EDPs",8,2,two_group_latent_mixture,Two-group mixture,24150000.0,24537920.675950423,0.016062967948257675,0.016062967948257675,0.11295833333333333,1640056.024002094
sales_prospecting,Sales / purchase prospecting,meta_sales_prospecting_02,2,"weeks 5-12, 2 EDPs",8,2,pairwise_maxent_direct,Direct pair + higher-order inference,24150000.0,24132214.375495374,0.00073646478280024,-0.00073646478280024,0.11295833333333333,1640056.024002094
sales_prospecting,Sales / purchase prospecting,meta_sales_prospecting_02,2,"weeks 5-12, 2 EDPs",8,2,pairwise_maxent_mixture,Mixture pair + higher-order inference,24150000.0,24213831.87453425,0.0026431418026604267,0.0026431418026604267,0.11295833333333333,1640056.024002094
sales_prospecting,Sales / purchase prospecting,meta_sales_prospecting_02,2,"full flight, 2 EDPs",13,2,baseline_vid,Existing VID,32320000.0,37729400.0,0.1673700495049505,0.1673700495049505,0.17195833333333332,4869769.446321862
sales_prospecting,Sales / purchase prospecting,meta_sales_prospecting_02,2,"full flight, 2 EDPs",13,2,pair_aware_fixed_plus_shared_log,Pair-aware fixed + log,32320000.0,33963410.53098358,0.05084809811211578,0.05084809811211578,0.17195833333333332,4869769.446321862
sales_prospecting,Sales / purchase prospecting,meta_sales_prospecting_02,2,"full flight, 2 EDPs",13,2,two_group_latent_mixture,Two-group mixture,32320000.0,33079065.069529355,0.023485924180982505,0.023485924180982505,0.17195833333333332,4869769.446321862
sales_prospecting,Sales / purchase prospecting,meta_sales_prospecting_02,2,"full flight, 2 EDPs",13,2,pairwise_maxent_direct,Direct pair + higher-order inference,32320000.0,32105735.20090501,0.006629480170018251,-0.006629480170018251,0.17195833333333332,4869769.446321862
sales_prospecting,Sales / purchase prospecting,meta_sales_prospecting_02,2,"full flight, 2 EDPs",13,2,pairwise_maxent_mixture,Mixture pair + higher-order inference,32320000.0,32668157.997105256,0.010772215256969546,0.010772215256969546,0.17195833333333332,4869769.446321862
sales_prospecting,Sales / purchase prospecting,meta_sales_prospecting_02,2,"weeks 7-13, 5 EDPs",7,5,baseline_vid,Existing VID,38780000.0,53046327.197342694,0.3678784733713949,0.3678784733713949,0.1093,39999.9995738752
sales_prospecting,Sales / purchase prospecting,meta_sales_prospecting_02,2,"weeks 7-13, 5 EDPs",7,5,pair_aware_fixed_plus_shared_log,Pair-aware fixed + log,38780000.0,47805534.7580587,0.23273684265236455,0.23273684265236455,0.1093,39999.9995738752
sales_prospecting,Sales / purchase prospecting,meta_sales_prospecting_02,2,"weeks 7-13, 5 EDPs",7,5,two_group_latent_mixture,Two-group mixture,38780000.0,45664370.36707629,0.1775237330344583,0.1775237330344583,0.1093,39999.9995738752
sales_prospecting,Sales / purchase prospecting,meta_sales_prospecting_02,2,"weeks 7-13, 5 EDPs",7,5,pairwise_maxent_direct,Direct pair + higher-order inference,38780000.0,39925566.64180125,0.029540140324942055,0.029540140324942055,0.1093,39999.9995738752
sales_prospecting,Sales / purchase prospecting,meta_sales_prospecting_02,2,"weeks 7-13, 5 EDPs",7,5,pairwise_maxent_mixture,Mixture pair + higher-order inference,38780000.0,39881133.80131799,0.028394373422330837,0.028394373422330837,0.1093,39999.9995738752
sales_prospecting,Sales / purchase prospecting,meta_sales_prospecting_02,2,"full flight, 5 selected EDPs",13,5,baseline_vid,Existing VID,38270000.0,55485321.07533716,0.44983854390742506,0.44983854390742506,0.11555,29999.999482620467
sales_prospecting,Sales / purchase prospecting,meta_sales_prospecting_02,2,"full flight, 5 selected EDPs",13,5,pair_aware_fixed_plus_shared_log,Pair-aware fixed + log,38270000.0,50546684.60187155,0.32079134052447217,0.32079134052447217,0.11555,29999.999482620467
sales_prospecting,Sales / purchase prospecting,meta_sales_prospecting_02,2,"full flight, 5 selected EDPs",13,5,two_group_latent_mixture,Two-group mixture,38270000.0,48848150.34748171,0.27640842298096974,0.27640842298096974,0.11555,29999.999482620467
sales_prospecting,Sales / purchase prospecting,meta_sales_prospecting_02,2,"full flight, 5 selected EDPs",13,5,pairwise_maxent_direct,Direct pair + higher-order inference,38270000.0,40015821.50890495,0.04561853955853015,0.04561853955853015,0.11555,29999.999482620467
sales_prospecting,Sales / purchase prospecting,meta_sales_prospecting_02,2,"full flight, 5 selected EDPs",13,5,pairwise_maxent_mixture,Mixture pair + higher-order inference,38270000.0,37929218.54001245,0.0089046631823243,-0.0089046631823243,0.11555,29999.999482620467
sales_prospecting,Sales / purchase prospecting,meta_sales_prospecting_02,2,"noncontiguous weeks, 5 EDPs",6,5,baseline_vid,Existing VID,23860000.0,29392191.513061076,0.23186049929007027,0.23186049929007027,0.0544,-1.1777916206416874e-05
sales_prospecting,Sales / purchase prospecting,meta_sales_prospecting_02,2,"noncontiguous weeks, 5 EDPs",6,5,pair_aware_fixed_plus_shared_log,Pair-aware fixed + log,23860000.0,28341504.3236012,0.18782499260692376,0.18782499260692376,0.0544,-1.1777916206416874e-05
sales_prospecting,Sales / purchase prospecting,meta_sales_prospecting_02,2,"noncontiguous weeks, 5 EDPs",6,5,two_group_latent_mixture,Two-group mixture,23860000.0,27766708.97753738,0.163734659578264,0.163734659578264,0.0544,-1.1777916206416874e-05
sales_prospecting,Sales / purchase prospecting,meta_sales_prospecting_02,2,"noncontiguous weeks, 5 EDPs",6,5,pairwise_maxent_direct,Direct pair + higher-order inference,23860000.0,24943568.829976797,0.045413613997351096,0.045413613997351096,0.0544,-1.1777916206416874e-05
sales_prospecting,Sales / purchase prospecting,meta_sales_prospecting_02,2,"noncontiguous weeks, 5 EDPs",6,5,pairwise_maxent_mixture,Mixture pair + higher-order inference,23860000.0,23653233.32114011,0.00866582895473133,-0.00866582895473133,0.0544,-1.1777916206416874e-05
sales_prospecting,Sales / purchase prospecting,meta_sales_prospecting_02,2,"weeks 1-3, 10 EDPs",3,10,baseline_vid,Existing VID,22520000.0,26687875.800346844,0.1850744138697533,0.1850744138697533,0.024108333333333332,-2.645104414970819e-27
sales_prospecting,Sales / purchase prospecting,meta_sales_prospecting_02,2,"weeks 1-3, 10 EDPs",3,10,pair_aware_fixed_plus_shared_log,Pair-aware fixed + log,22520000.0,25710957.218974918,0.14169437029195905,0.14169437029195905,0.024108333333333332,-2.645104414970819e-27
sales_prospecting,Sales / purchase prospecting,meta_sales_prospecting_02,2,"weeks 1-3, 10 EDPs",3,10,two_group_latent_mixture,Two-group mixture,22520000.0,24876395.1887898,0.10463566557681171,0.10463566557681171,0.024108333333333332,-2.645104414970819e-27
sales_prospecting,Sales / purchase prospecting,meta_sales_prospecting_02,2,"weeks 1-3, 10 EDPs",3,10,pairwise_maxent_direct,Direct pair + higher-order inference,22520000.0,23210616.652582824,0.030666814057851877,0.030666814057851877,0.024108333333333332,-2.645104414970819e-27
sales_prospecting,Sales / purchase prospecting,meta_sales_prospecting_02,2,"weeks 1-3, 10 EDPs",3,10,pairwise_maxent_mixture,Mixture pair + higher-order inference,22520000.0,22053398.180249482,0.020719441374356908,-0.020719441374356908,0.024108333333333332,-2.645104414970819e-27
sales_prospecting,Sales / purchase prospecting,meta_sales_prospecting_02,2,"weeks 1-12, 10 EDPs",12,10,baseline_vid,Existing VID,48320000.0,80431849.85179624,0.6645664290520745,0.6645664290520745,0.10385,-1.38020241493637e-17
sales_prospecting,Sales / purchase prospecting,meta_sales_prospecting_02,2,"weeks 1-12, 10 EDPs",12,10,pair_aware_fixed_plus_shared_log,Pair-aware fixed + log,48320000.0,65350505.15342066,0.3524525073141692,0.3524525073141692,0.10385,-1.38020241493637e-17
sales_prospecting,Sales / purchase prospecting,meta_sales_prospecting_02,2,"weeks 1-12, 10 EDPs",12,10,two_group_latent_mixture,Two-group mixture,48320000.0,61430210.33411682,0.2713205781067222,0.2713205781067222,0.10385,-1.38020241493637e-17
sales_prospecting,Sales / purchase prospecting,meta_sales_prospecting_02,2,"weeks 1-12, 10 EDPs",12,10,pairwise_maxent_direct,Direct pair + higher-order inference,48320000.0,54800782.67950232,0.13412215810228317,0.13412215810228317,0.10385,-1.38020241493637e-17
sales_prospecting,Sales / purchase prospecting,meta_sales_prospecting_02,2,"weeks 1-12, 10 EDPs",12,10,pairwise_maxent_mixture,Mixture pair + higher-order inference,48320000.0,51180342.52308273,0.05919583036181153,0.05919583036181153,0.10385,-1.38020241493637e-17
sales_prospecting,Sales / purchase prospecting,meta_sales_prospecting_02,2,"full flight, 10 EDPs",13,10,baseline_vid,Existing VID,49170000.0,82032582.68492317,0.6683462006289033,0.6683462006289033,0.1075,-2.0682028293344414e-17
sales_prospecting,Sales / purchase prospecting,meta_sales_prospecting_02,2,"full flight, 10 EDPs",13,10,pair_aware_fixed_plus_shared_log,Pair-aware fixed + log,49170000.0,66725505.12706628,0.3570369153359015,0.3570369153359015,0.1075,-2.0682028293344414e-17
sales_prospecting,Sales / purchase prospecting,meta_sales_prospecting_02,2,"full flight, 10 EDPs",13,10,two_group_latent_mixture,Two-group mixture,49170000.0,62407238.14240812,0.2692137104414911,0.2692137104414911,0.1075,-2.0682028293344414e-17
sales_prospecting,Sales / purchase prospecting,meta_sales_prospecting_02,2,"full flight, 10 EDPs",13,10,pairwise_maxent_direct,Direct pair + higher-order inference,49170000.0,55451061.919622704,0.12774175146680303,0.12774175146680303,0.1075,-2.0682028293344414e-17
sales_prospecting,Sales / purchase prospecting,meta_sales_prospecting_02,2,"full flight, 10 EDPs",13,10,pairwise_maxent_mixture,Mixture pair + higher-order inference,49170000.0,52078383.251976475,0.05914954752850265,0.05914954752850265,0.1075,-2.0682028293344414e-17
website_retargeting,Website retargeting,meta_website_retargeting_00,0,"weeks 1-3, 2 EDPs",3,2,baseline_vid,Existing VID,2250000.0,2322049.999999991,0.03202222222221829,0.03202222222221829,0.009708333333333333,50029.24445010185
website_retargeting,Website retargeting,meta_website_retargeting_00,0,"weeks 1-3, 2 EDPs",3,2,pair_aware_fixed_plus_shared_log,Pair-aware fixed + log,2250000.0,2321940.3696342707,0.03197349761523141,0.03197349761523141,0.009708333333333333,50029.24445010185
website_retargeting,Website retargeting,meta_website_retargeting_00,0,"weeks 1-3, 2 EDPs",3,2,two_group_latent_mixture,Two-group mixture,2250000.0,2321873.658031732,0.03194384801410304,0.03194384801410304,0.009708333333333333,50029.24445010185
website_retargeting,Website retargeting,meta_website_retargeting_00,0,"weeks 1-3, 2 EDPs",3,2,pairwise_maxent_direct,Direct pair + higher-order inference,2250000.0,2253342.566099614,0.0014855849331617355,0.0014855849331617355,0.009708333333333333,50029.24445010185
website_retargeting,Website retargeting,meta_website_retargeting_00,0,"weeks 1-3, 2 EDPs",3,2,pairwise_maxent_mixture,Mixture pair + higher-order inference,2250000.0,2243505.8604671657,0.002886284236815241,-0.002886284236815241,0.009708333333333333,50029.24445010185
website_retargeting,Website retargeting,meta_website_retargeting_00,0,"weeks 5-12, 2 EDPs",8,2,baseline_vid,Existing VID,9460000.0,12307214.166666664,0.3009740133897108,0.3009740133897108,0.05266666666666667,1919885.227951187
website_retargeting,Website retargeting,meta_website_retargeting_00,0,"weeks 5-12, 2 EDPs",8,2,pair_aware_fixed_plus_shared_log,Pair-aware fixed + log,9460000.0,10434168.383607402,0.10297763040247383,0.10297763040247383,0.05266666666666667,1919885.227951187
website_retargeting,Website retargeting,meta_website_retargeting_00,0,"weeks 5-12, 2 EDPs",8,2,two_group_latent_mixture,Two-group mixture,9460000.0,9764024.596578807,0.032137906615095836,0.032137906615095836,0.05266666666666667,1919885.227951187
website_retargeting,Website retargeting,meta_website_retargeting_00,0,"weeks 5-12, 2 EDPs",8,2,pairwise_maxent_direct,Direct pair + higher-order inference,9460000.0,9291078.142637908,0.017856433124956824,-0.017856433124956824,0.05266666666666667,1919885.227951187
website_retargeting,Website retargeting,meta_website_retargeting_00,0,"weeks 5-12, 2 EDPs",8,2,pairwise_maxent_mixture,Mixture pair + higher-order inference,9460000.0,9250321.918341428,0.022164702078073147,-0.022164702078073147,0.05266666666666667,1919885.227951187
website_retargeting,Website retargeting,meta_website_retargeting_00,0,"full flight, 2 EDPs",13,2,baseline_vid,Existing VID,12020000.0,17668400.000000004,0.46991680532445956,0.46991680532445956,0.07654166666666666,3640179.4990108637
website_retargeting,Website retargeting,meta_website_retargeting_00,0,"full flight, 2 EDPs",13,2,pair_aware_fixed_plus_shared_log,Pair-aware fixed + log,12020000.0,13704697.707857504,0.14015787918947625,0.14015787918947625,0.07654166666666666,3640179.4990108637
website_retargeting,Website retargeting,meta_website_retargeting_00,0,"full flight, 2 EDPs",13,2,two_group_latent_mixture,Two-group mixture,12020000.0,12523830.433976322,0.04191600948222316,0.04191600948222316,0.07654166666666666,3640179.4990108637
website_retargeting,Website retargeting,meta_website_retargeting_00,0,"full flight, 2 EDPs",13,2,pairwise_maxent_direct,Direct pair + higher-order inference,12020000.0,11869581.546873972,0.012514014403163742,-0.012514014403163742,0.07654166666666666,3640179.4990108637
website_retargeting,Website retargeting,meta_website_retargeting_00,0,"full flight, 2 EDPs",13,2,pairwise_maxent_mixture,Mixture pair + higher-order inference,12020000.0,11941271.063665837,0.006549828313990262,-0.006549828313990262,0.07654166666666666,3640179.4990108637
website_retargeting,Website retargeting,meta_website_retargeting_00,0,"weeks 7-13, 5 EDPs",7,5,baseline_vid,Existing VID,13430000.0,29553611.4165756,1.2005667473250632,1.2005667473250632,0.0549,169999.99998250356
website_retargeting,Website retargeting,meta_website_retargeting_00,0,"weeks 7-13, 5 EDPs",7,5,pair_aware_fixed_plus_shared_log,Pair-aware fixed + log,13430000.0,23949350.47745225,0.7832725597507258,0.7832725597507258,0.0549,169999.99998250356
website_retargeting,Website retargeting,meta_website_retargeting_00,0,"weeks 7-13, 5 EDPs",7,5,two_group_latent_mixture,Two-group mixture,13430000.0,23012939.93461652,0.7135472773355563,0.7135472773355563,0.0549,169999.99998250356
website_retargeting,Website retargeting,meta_website_retargeting_00,0,"weeks 7-13, 5 EDPs",7,5,pairwise_maxent_direct,Direct pair + higher-order inference,13430000.0,15547936.99653919,0.15770193570656668,0.15770193570656668,0.0549,169999.99998250356
website_retargeting,Website retargeting,meta_website_retargeting_00,0,"weeks 7-13, 5 EDPs",7,5,pairwise_maxent_mixture,Mixture pair + higher-order inference,13430000.0,14655775.75273034,0.09127146334552046,0.09127146334552046,0.0549,169999.99998250356
website_retargeting,Website retargeting,meta_website_retargeting_00,0,"full flight, 5 selected EDPs",13,5,baseline_vid,Existing VID,12690000.0,28434296.524190493,1.240685305294759,1.240685305294759,0.05245,89999.99998937738
website_retargeting,Website retargeting,meta_website_retargeting_00,0,"full flight, 5 selected EDPs",13,5,pair_aware_fixed_plus_shared_log,Pair-aware fixed + log,12690000.0,23352819.142434254,0.840253675526734,0.840253675526734,0.05245,89999.99998937738
website_retargeting,Website retargeting,meta_website_retargeting_00,0,"full flight, 5 selected EDPs",13,5,two_group_latent_mixture,Two-group mixture,12690000.0,22181352.578470394,0.7479395254901807,0.7479395254901807,0.05245,89999.99998937738
website_retargeting,Website retargeting,meta_website_retargeting_00,0,"full flight, 5 selected EDPs",13,5,pairwise_maxent_direct,Direct pair + higher-order inference,12690000.0,13717143.478548199,0.08094117246242702,0.08094117246242702,0.05245,89999.99998937738
website_retargeting,Website retargeting,meta_website_retargeting_00,0,"full flight, 5 selected EDPs",13,5,pairwise_maxent_mixture,Mixture pair + higher-order inference,12690000.0,12026102.2660622,0.052316606299275016,-0.052316606299275016,0.05245,89999.99998937738
website_retargeting,Website retargeting,meta_website_retargeting_00,0,"noncontiguous weeks, 5 EDPs",6,5,baseline_vid,Existing VID,9630000.0,15299227.987254355,0.5887048792579808,0.5887048792579808,0.026816666666666666,9999.9999997024
website_retargeting,Website retargeting,meta_website_retargeting_00,0,"noncontiguous weeks, 5 EDPs",6,5,pair_aware_fixed_plus_shared_log,Pair-aware fixed + log,9630000.0,13818451.571036309,0.43493785784385347,0.43493785784385347,0.026816666666666666,9999.9999997024
website_retargeting,Website retargeting,meta_website_retargeting_00,0,"noncontiguous weeks, 5 EDPs",6,5,two_group_latent_mixture,Two-group mixture,9630000.0,13374266.686026067,0.3888127399819384,0.3888127399819384,0.026816666666666666,9999.9999997024
website_retargeting,Website retargeting,meta_website_retargeting_00,0,"noncontiguous weeks, 5 EDPs",6,5,pairwise_maxent_direct,Direct pair + higher-order inference,9630000.0,11084061.229309648,0.1509928587029749,0.1509928587029749,0.026816666666666666,9999.9999997024
website_retargeting,Website retargeting,meta_website_retargeting_00,0,"noncontiguous weeks, 5 EDPs",6,5,pairwise_maxent_mixture,Mixture pair + higher-order inference,9630000.0,9832811.977753669,0.021060433826964594,0.021060433826964594,0.026816666666666666,9999.9999997024
website_retargeting,Website retargeting,meta_website_retargeting_00,0,"weeks 1-3, 10 EDPs",3,10,baseline_vid,Existing VID,6660000.0,9230866.986051373,0.38601606397167765,0.38601606397167765,0.007925,-1.7806784748782984e-30
website_retargeting,Website retargeting,meta_website_retargeting_00,0,"weeks 1-3, 10 EDPs",3,10,pair_aware_fixed_plus_shared_log,Pair-aware fixed + log,6660000.0,8930284.351070479,0.34088353619676853,0.34088353619676853,0.007925,-1.7806784748782984e-30
website_retargeting,Website retargeting,meta_website_retargeting_00,0,"weeks 1-3, 10 EDPs",3,10,two_group_latent_mixture,Two-group mixture,6660000.0,8796848.2256127,0.32084808192382885,0.32084808192382885,0.007925,-1.7806784748782984e-30
website_retargeting,Website retargeting,meta_website_retargeting_00,0,"weeks 1-3, 10 EDPs",3,10,pairwise_maxent_direct,Direct pair + higher-order inference,6660000.0,7856028.240871474,0.1795838199506718,0.1795838199506718,0.007925,-1.7806784748782984e-30
website_retargeting,Website retargeting,meta_website_retargeting_00,0,"weeks 1-3, 10 EDPs",3,10,pairwise_maxent_mixture,Mixture pair + higher-order inference,6660000.0,6962282.046883345,0.04538769472722893,0.04538769472722893,0.007925,-1.7806784748782984e-30
website_retargeting,Website retargeting,meta_website_retargeting_00,0,"weeks 1-12, 10 EDPs",12,10,baseline_vid,Existing VID,14040000.0,43837696.02393461,2.1223430216477643,2.1223430216477643,0.0443,-3.808538018807023e-21
website_retargeting,Website retargeting,meta_website_retargeting_00,0,"weeks 1-12, 10 EDPs",12,10,pair_aware_fixed_plus_shared_log,Pair-aware fixed + log,14040000.0,33073819.927206486,1.355685180000462,1.355685180000462,0.0443,-3.808538018807023e-21
website_retargeting,Website retargeting,meta_website_retargeting_00,0,"weeks 1-12, 10 EDPs",12,10,two_group_latent_mixture,Two-group mixture,14040000.0,31383215.007139906,1.235271724155264,1.235271724155264,0.0443,-3.808538018807023e-21
website_retargeting,Website retargeting,meta_website_retargeting_00,0,"weeks 1-12, 10 EDPs",12,10,pairwise_maxent_direct,Direct pair + higher-order inference,14040000.0,20816215.87146975,0.4826364580818911,0.4826364580818911,0.0443,-3.808538018807023e-21
website_retargeting,Website retargeting,meta_website_retargeting_00,0,"weeks 1-12, 10 EDPs",12,10,pairwise_maxent_mixture,Mixture pair + higher-order inference,14040000.0,13885329.636922881,0.011016407626575428,-0.011016407626575428,0.0443,-3.808538018807023e-21
website_retargeting,Website retargeting,meta_website_retargeting_00,0,"full flight, 10 EDPs",13,10,baseline_vid,Existing VID,14660000.0,47548682.006865025,2.2434298776851995,2.2434298776851995,0.049,-9.528848380272332e-21
website_retargeting,Website retargeting,meta_website_retargeting_00,0,"full flight, 10 EDPs",13,10,pair_aware_fixed_plus_shared_log,Pair-aware fixed + log,14660000.0,35501595.4272999,1.4216640809890793,1.4216640809890793,0.049,-9.528848380272332e-21
website_retargeting,Website retargeting,meta_website_retargeting_00,0,"full flight, 10 EDPs",13,10,two_group_latent_mixture,Two-group mixture,14660000.0,34233613.10446505,1.3351714259525957,1.3351714259525957,0.049,-9.528848380272332e-21
website_retargeting,Website retargeting,meta_website_retargeting_00,0,"full flight, 10 EDPs",13,10,pairwise_maxent_direct,Direct pair + higher-order inference,14660000.0,19747668.643133163,0.34704424577988835,0.34704424577988835,0.049,-9.528848380272332e-21
website_retargeting,Website retargeting,meta_website_retargeting_00,0,"full flight, 10 EDPs",13,10,pairwise_maxent_mixture,Mixture pair + higher-order inference,14660000.0,14614269.372471318,0.0031194152475226707,-0.0031194152475226707,0.049,-9.528848380272332e-21
website_retargeting,Website retargeting,meta_website_retargeting_01,1,"weeks 1-3, 2 EDPs",3,2,baseline_vid,Existing VID,3410000.0,3460215.000000009,0.014725806451615498,0.014725806451615498,0.014458333333333333,29991.241471550882
website_retargeting,Website retargeting,meta_website_retargeting_01,1,"weeks 1-3, 2 EDPs",3,2,pair_aware_fixed_plus_shared_log,Pair-aware fixed + log,3410000.0,3460198.469622761,0.014720958833654256,0.014720958833654256,0.014458333333333333,29991.241471550882
website_retargeting,Website retargeting,meta_website_retargeting_01,1,"weeks 1-3, 2 EDPs",3,2,two_group_latent_mixture,Two-group mixture,3410000.0,3460186.62793687,0.01471748619849556,0.01471748619849556,0.014458333333333333,29991.241471550882
website_retargeting,Website retargeting,meta_website_retargeting_01,1,"weeks 1-3, 2 EDPs",3,2,pairwise_maxent_direct,Direct pair + higher-order inference,3410000.0,3424180.026435718,0.00415836552367095,0.00415836552367095,0.014458333333333333,29991.241471550882
website_retargeting,Website retargeting,meta_website_retargeting_01,1,"weeks 1-3, 2 EDPs",3,2,pairwise_maxent_mixture,Mixture pair + higher-order inference,3410000.0,3418626.4215847403,0.0025297424002170914,0.0025297424002170914,0.014458333333333333,29991.241471550882
website_retargeting,Website retargeting,meta_website_retargeting_01,1,"weeks 5-12, 2 EDPs",8,2,baseline_vid,Existing VID,10810000.0,14475742.499999989,0.3391066142460674,0.3391066142460674,0.06225,2379917.451915514
website_retargeting,Website retargeting,meta_website_retargeting_01,1,"weeks 5-12, 2 EDPs",8,2,pair_aware_fixed_plus_shared_log,Pair-aware fixed + log,10810000.0,12074009.990074724,0.11692969380894763,0.11692969380894763,0.06225,2379917.451915514
website_retargeting,Website retargeting,meta_website_retargeting_01,1,"weeks 5-12, 2 EDPs",8,2,two_group_latent_mixture,Two-group mixture,10810000.0,11268160.916545793,0.04238306351024916,0.04238306351024916,0.06225,2379917.451915514
website_retargeting,Website retargeting,meta_website_retargeting_01,1,"weeks 5-12, 2 EDPs",8,2,pairwise_maxent_direct,Direct pair + higher-order inference,10810000.0,10745204.074934915,0.005994072623967187,-0.005994072623967187,0.06225,2379917.451915514
website_retargeting,Website retargeting,meta_website_retargeting_01,1,"weeks 5-12, 2 EDPs",8,2,pairwise_maxent_mixture,Mixture pair + higher-order inference,10810000.0,10737592.581505388,0.0066981885748947255,-0.0066981885748947255,0.06225,2379917.451915514
website_retargeting,Website retargeting,meta_website_retargeting_01,1,"full flight, 2 EDPs",13,2,baseline_vid,Existing VID,11920000.0,17668400.000000004,0.48224832214765134,0.48224832214765134,0.07654166666666666,3760003.4990108637
website_retargeting,Website retargeting,meta_website_retargeting_01,1,"full flight, 2 EDPs",13,2,pair_aware_fixed_plus_shared_log,Pair-aware fixed + log,11920000.0,13541938.202746212,0.13606864116998427,0.13606864116998427,0.07654166666666666,3760003.4990108637
website_retargeting,Website retargeting,meta_website_retargeting_01,1,"full flight, 2 EDPs",13,2,two_group_latent_mixture,Two-group mixture,11920000.0,12318776.581984237,0.03345441124028833,0.03345441124028833,0.07654166666666666,3760003.4990108637
website_retargeting,Website retargeting,meta_website_retargeting_01,1,"full flight, 2 EDPs",13,2,pairwise_maxent_direct,Direct pair + higher-order inference,11920000.0,11655567.160434008,0.022183963050838286,-0.022183963050838286,0.07654166666666666,3760003.4990108637
website_retargeting,Website retargeting,meta_website_retargeting_01,1,"full flight, 2 EDPs",13,2,pairwise_maxent_mixture,Mixture pair + higher-order inference,11920000.0,11729616.447296008,0.015971774555703987,-0.015971774555703987,0.07654166666666666,3760003.4990108637
website_retargeting,Website retargeting,meta_website_retargeting_01,1,"weeks 7-13, 5 EDPs",7,5,baseline_vid,Existing VID,12340000.0,22948656.52442279,0.8596966389321549,0.8596966389321549,0.0414,29999.999997109535
website_retargeting,Website retargeting,meta_website_retargeting_01,1,"weeks 7-13, 5 EDPs",7,5,pair_aware_fixed_plus_shared_log,Pair-aware fixed + log,12340000.0,19156799.020013332,0.552414831443544,0.552414831443544,0.0414,29999.999997109535
website_retargeting,Website retargeting,meta_website_retargeting_01,1,"weeks 7-13, 5 EDPs",7,5,two_group_latent_mixture,Two-group mixture,12340000.0,17904342.909761667,0.4509191985220152,0.4509191985220152,0.0414,29999.999997109535
website_retargeting,Website retargeting,meta_website_retargeting_01,1,"weeks 7-13, 5 EDPs",7,5,pairwise_maxent_direct,Direct pair + higher-order inference,12340000.0,14259830.198203593,0.15557781184794112,0.15557781184794112,0.0414,29999.999997109535
website_retargeting,Website retargeting,meta_website_retargeting_01,1,"weeks 7-13, 5 EDPs",7,5,pairwise_maxent_mixture,Mixture pair + higher-order inference,12340000.0,13736798.517630354,0.11319274859241114,0.11319274859241114,0.0414,29999.999997109535
website_retargeting,Website retargeting,meta_website_retargeting_01,1,"full flight, 5 selected EDPs",13,5,baseline_vid,Existing VID,12550000.0,28434296.524190493,1.2656809979434656,1.2656809979434656,0.05245,39999.99998937738
website_retargeting,Website retargeting,meta_website_retargeting_01,1,"full flight, 5 selected EDPs",13,5,pair_aware_fixed_plus_shared_log,Pair-aware fixed + log,12550000.0,23555365.727639064,0.8769215719234315,0.8769215719234315,0.05245,39999.99998937738
website_retargeting,Website retargeting,meta_website_retargeting_01,1,"full flight, 5 selected EDPs",13,5,two_group_latent_mixture,Two-group mixture,12550000.0,22037623.929360002,0.7559859704669325,0.7559859704669325,0.05245,39999.99998937738
website_retargeting,Website retargeting,meta_website_retargeting_01,1,"full flight, 5 selected EDPs",13,5,pairwise_maxent_direct,Direct pair + higher-order inference,12550000.0,14331187.905849665,0.14192732317527215,0.14192732317527215,0.05245,39999.99998937738
website_retargeting,Website retargeting,meta_website_retargeting_01,1,"full flight, 5 selected EDPs",13,5,pairwise_maxent_mixture,Mixture pair + higher-order inference,12550000.0,12464314.676223233,0.006827515838786188,-0.006827515838786188,0.05245,39999.99998937738
website_retargeting,Website retargeting,meta_website_retargeting_01,1,"noncontiguous weeks, 5 EDPs",6,5,baseline_vid,Existing VID,9570000.0,16380917.665864479,0.7116946359315025,0.7116946359315025,0.02885,-4.863358215564294e-07
website_retargeting,Website retargeting,meta_website_retargeting_01,1,"noncontiguous weeks, 5 EDPs",6,5,pair_aware_fixed_plus_shared_log,Pair-aware fixed + log,9570000.0,14960870.32789296,0.5633093341580939,0.5633093341580939,0.02885,-4.863358215564294e-07
website_retargeting,Website retargeting,meta_website_retargeting_01,1,"noncontiguous weeks, 5 EDPs",6,5,two_group_latent_mixture,Two-group mixture,9570000.0,14515510.291515931,0.5167722352681224,0.5167722352681224,0.02885,-4.863358215564294e-07
website_retargeting,Website retargeting,meta_website_retargeting_01,1,"noncontiguous weeks, 5 EDPs",6,5,pairwise_maxent_direct,Direct pair + higher-order inference,9570000.0,12078475.939930558,0.26211869800737286,0.26211869800737286,0.02885,-4.863358215564294e-07
website_retargeting,Website retargeting,meta_website_retargeting_01,1,"noncontiguous weeks, 5 EDPs",6,5,pairwise_maxent_mixture,Mixture pair + higher-order inference,9570000.0,10798088.169432327,0.12832687245896834,0.12832687245896834,0.02885,-4.863358215564294e-07
website_retargeting,Website retargeting,meta_website_retargeting_01,1,"weeks 1-3, 10 EDPs",3,10,baseline_vid,Existing VID,8790000.0,15478051.184435757,0.7608704419153307,0.7608704419153307,0.013666666666666667,-2.1020880407191282e-27
website_retargeting,Website retargeting,meta_website_retargeting_01,1,"weeks 1-3, 10 EDPs",3,10,pair_aware_fixed_plus_shared_log,Pair-aware fixed + log,8790000.0,14206986.360943452,0.616266935260916,0.616266935260916,0.013666666666666667,-2.1020880407191282e-27
website_retargeting,Website retargeting,meta_website_retargeting_01,1,"weeks 1-3, 10 EDPs",3,10,two_group_latent_mixture,Two-group mixture,8790000.0,13524467.09442097,0.5386196921980625,0.5386196921980625,0.013666666666666667,-2.1020880407191282e-27
website_retargeting,Website retargeting,meta_website_retargeting_01,1,"weeks 1-3, 10 EDPs",3,10,pairwise_maxent_direct,Direct pair + higher-order inference,8790000.0,11442618.850248128,0.3017768885378985,0.3017768885378985,0.013666666666666667,-2.1020880407191282e-27
website_retargeting,Website retargeting,meta_website_retargeting_01,1,"weeks 1-3, 10 EDPs",3,10,pairwise_maxent_mixture,Mixture pair + higher-order inference,8790000.0,8965733.77078548,0.019992465390839674,0.019992465390839674,0.013666666666666667,-2.1020880407191282e-27
website_retargeting,Website retargeting,meta_website_retargeting_01,1,"weeks 1-12, 10 EDPs",12,10,baseline_vid,Existing VID,14450000.0,46310341.83686796,2.204867947188094,2.204867947188094,0.04740833333333333,-7.161115938449887e-21
website_retargeting,Website retargeting,meta_website_retargeting_01,1,"weeks 1-12, 10 EDPs",12,10,pair_aware_fixed_plus_shared_log,Pair-aware fixed + log,14450000.0,34499791.27246301,1.387528807782907,1.387528807782907,0.04740833333333333,-7.161115938449887e-21
website_retargeting,Website retargeting,meta_website_retargeting_01,1,"weeks 1-12, 10 EDPs",12,10,two_group_latent_mixture,Two-group mixture,14450000.0,33338615.449744225,1.3071706193594619,1.3071706193594619,0.04740833333333333,-7.161115938449887e-21
website_retargeting,Website retargeting,meta_website_retargeting_01,1,"weeks 1-12, 10 EDPs",12,10,pairwise_maxent_direct,Direct pair + higher-order inference,14450000.0,19792520.982117116,0.3697246354406309,0.3697246354406309,0.04740833333333333,-7.161115938449887e-21
website_retargeting,Website retargeting,meta_website_retargeting_01,1,"weeks 1-12, 10 EDPs",12,10,pairwise_maxent_mixture,Mixture pair + higher-order inference,14450000.0,14484435.280139774,0.0023830643695345387,0.0023830643695345387,0.04740833333333333,-7.161115938449887e-21
website_retargeting,Website retargeting,meta_website_retargeting_01,1,"full flight, 10 EDPs",13,10,baseline_vid,Existing VID,14610000.0,47548682.006865025,2.2545299114897346,2.2545299114897346,0.049,-9.528848380272332e-21
website_retargeting,Website retargeting,meta_website_retargeting_01,1,"full flight, 10 EDPs",13,10,pair_aware_fixed_plus_shared_log,Pair-aware fixed + log,14610000.0,35384823.873827696,1.421959197387248,1.421959197387248,0.049,-9.528848380272332e-21
website_retargeting,Website retargeting,meta_website_retargeting_01,1,"full flight, 10 EDPs",13,10,two_group_latent_mixture,Two-group mixture,14610000.0,34245151.46643643,1.3439528724460255,1.3439528724460255,0.049,-9.528848380272332e-21
website_retargeting,Website retargeting,meta_website_retargeting_01,1,"full flight, 10 EDPs",13,10,pairwise_maxent_direct,Direct pair + higher-order inference,14610000.0,19787482.45346275,0.3543793602643908,0.3543793602643908,0.049,-9.528848380272332e-21
website_retargeting,Website retargeting,meta_website_retargeting_01,1,"full flight, 10 EDPs",13,10,pairwise_maxent_mixture,Mixture pair + higher-order inference,14610000.0,15303965.36790222,0.04749934071883773,0.04749934071883773,0.049,-9.528848380272332e-21
website_retargeting,Website retargeting,meta_website_retargeting_02,2,"weeks 1-3, 2 EDPs",3,2,baseline_vid,Existing VID,3790000.0,3861348.333333332,0.018825417766050685,0.018825417766050685,0.016125,39982.44033667028
website_retargeting,Website retargeting,meta_website_retargeting_02,2,"weeks 1-3, 2 EDPs",3,2,pair_aware_fixed_plus_shared_log,Pair-aware fixed + log,3790000.0,3861300.8430616707,0.018812887351364292,0.018812887351364292,0.016125,39982.44033667028
website_retargeting,Website retargeting,meta_website_retargeting_02,2,"weeks 1-3, 2 EDPs",3,2,two_group_latent_mixture,Two-group mixture,3790000.0,3861270.4155865014,0.01880485899379983,0.01880485899379983,0.016125,39982.44033667028
website_retargeting,Website retargeting,meta_website_retargeting_02,2,"weeks 1-3, 2 EDPs",3,2,pairwise_maxent_direct,Direct pair + higher-order inference,3790000.0,3808835.584264338,0.004969811151540373,0.004969811151540373,0.016125,39982.44033667028
website_retargeting,Website retargeting,meta_website_retargeting_02,2,"weeks 1-3, 2 EDPs",3,2,pairwise_maxent_mixture,Mixture pair + higher-order inference,3790000.0,3801159.9580900073,0.002944579970978181,0.002944579970978181,0.016125,39982.44033667028
website_retargeting,Website retargeting,meta_website_retargeting_02,2,"weeks 5-12, 2 EDPs",8,2,baseline_vid,Existing VID,10300000.0,13392566.666666673,0.300249190938512,0.300249190938512,0.057416666666666664,1969961.4028712704
website_retargeting,Website retargeting,meta_website_retargeting_02,2,"weeks 5-12, 2 EDPs",8,2,pair_aware_fixed_plus_shared_log,Pair-aware fixed + log,10300000.0,11482774.289362922,0.11483245527795362,0.11483245527795362,0.057416666666666664,1969961.4028712704
website_retargeting,Website retargeting,meta_website_retargeting_02,2,"weeks 5-12, 2 EDPs",8,2,two_group_latent_mixture,Two-group mixture,10300000.0,10810789.59634389,0.04959122294600872,0.04959122294600872,0.057416666666666664,1969961.4028712704
website_retargeting,Website retargeting,meta_website_retargeting_02,2,"weeks 5-12, 2 EDPs",8,2,pairwise_maxent_direct,Direct pair + higher-order inference,10300000.0,10327497.90633984,0.0026696996446445727,0.0026696996446445727,0.057416666666666664,1969961.4028712704
website_retargeting,Website retargeting,meta_website_retargeting_02,2,"weeks 5-12, 2 EDPs",8,2,pairwise_maxent_mixture,Mixture pair + higher-order inference,10300000.0,10301808.37503089,0.0001755703913485541,0.0001755703913485541,0.057416666666666664,1969961.4028712704
website_retargeting,Website retargeting,meta_website_retargeting_02,2,"full flight, 2 EDPs",13,2,baseline_vid,Existing VID,12030000.0,17668400.000000004,0.4686949293433087,0.4686949293433087,0.07654166666666666,3569846.4990108637
website_retargeting,Website retargeting,meta_website_retargeting_02,2,"full flight, 2 EDPs",13,2,pair_aware_fixed_plus_shared_log,Pair-aware fixed + log,12030000.0,13800152.543350115,0.14714484982128972,0.14714484982128972,0.07654166666666666,3569846.4990108637
website_retargeting,Website retargeting,meta_website_retargeting_02,2,"full flight, 2 EDPs",13,2,two_group_latent_mixture,Two-group mixture,12030000.0,12644103.234590963,0.05104765042318891,0.05104765042318891,0.07654166666666666,3569846.4990108637
website_retargeting,Website retargeting,meta_website_retargeting_02,2,"full flight, 2 EDPs",13,2,pairwise_maxent_direct,Direct pair + higher-order inference,12030000.0,11995202.114765808,0.0028925922887940163,-0.0028925922887940163,0.07654166666666666,3569846.4990108637
website_retargeting,Website retargeting,meta_website_retargeting_02,2,"full flight, 2 EDPs",13,2,pairwise_maxent_mixture,Mixture pair + higher-order inference,12030000.0,12065506.272672057,0.002951477362598267,0.002951477362598267,0.07654166666666666,3569846.4990108637
website_retargeting,Website retargeting,meta_website_retargeting_02,2,"weeks 7-13, 5 EDPs",7,5,baseline_vid,Existing VID,12710000.0,24983492.159061983,0.9656563461103055,0.9656563461103055,0.04545,49999.999994758735
website_retargeting,Website retargeting,meta_website_retargeting_02,2,"weeks 7-13, 5 EDPs",7,5,pair_aware_fixed_plus_shared_log,Pair-aware fixed + log,12710000.0,20086545.4124887,0.5803733605419905,0.5803733605419905,0.04545,49999.999994758735
website_retargeting,Website retargeting,meta_website_retargeting_02,2,"weeks 7-13, 5 EDPs",7,5,two_group_latent_mixture,Two-group mixture,12710000.0,19572348.66269158,0.5399172826665286,0.5399172826665286,0.04545,49999.999994758735
website_retargeting,Website retargeting,meta_website_retargeting_02,2,"weeks 7-13, 5 EDPs",7,5,pairwise_maxent_direct,Direct pair + higher-order inference,12710000.0,14125768.353728518,0.111390114376752,0.111390114376752,0.04545,49999.999994758735
website_retargeting,Website retargeting,meta_website_retargeting_02,2,"weeks 7-13, 5 EDPs",7,5,pairwise_maxent_mixture,Mixture pair + higher-order inference,12710000.0,13687953.282530352,0.07694360995518115,0.07694360995518115,0.04545,49999.999994758735
website_retargeting,Website retargeting,meta_website_retargeting_02,2,"full flight, 5 selected EDPs",13,5,baseline_vid,Existing VID,12470000.0,28434296.524190493,1.2802162409134317,1.2802162409134317,0.05245,79999.99998937738
website_retargeting,Website retargeting,meta_website_retargeting_02,2,"full flight, 5 selected EDPs",13,5,pair_aware_fixed_plus_shared_log,Pair-aware fixed + log,12470000.0,23473884.71495545,0.8824286058504771,0.8824286058504771,0.05245,79999.99998937738
website_retargeting,Website retargeting,meta_website_retargeting_02,2,"full flight, 5 selected EDPs",13,5,two_group_latent_mixture,Two-group mixture,12470000.0,21894549.24529943,0.7557778063592164,0.7557778063592164,0.05245,79999.99998937738
website_retargeting,Website retargeting,meta_website_retargeting_02,2,"full flight, 5 selected EDPs",13,5,pairwise_maxent_direct,Direct pair + higher-order inference,12470000.0,14102782.363654003,0.1309368375023258,0.1309368375023258,0.05245,79999.99998937738
website_retargeting,Website retargeting,meta_website_retargeting_02,2,"full flight, 5 selected EDPs",13,5,pairwise_maxent_mixture,Mixture pair + higher-order inference,12470000.0,11964534.908702388,0.04053449008000093,-0.04053449008000093,0.05245,79999.99998937738
website_retargeting,Website retargeting,meta_website_retargeting_02,2,"noncontiguous weeks, 5 EDPs",6,5,baseline_vid,Existing VID,8980000.0,14754138.161166029,0.64299979523007,0.64299979523007,0.02585,-3.054877506470166e-07
website_retargeting,Website retargeting,meta_website_retargeting_02,2,"noncontiguous weeks, 5 EDPs",6,5,pair_aware_fixed_plus_shared_log,Pair-aware fixed + log,8980000.0,13440003.493867293,0.49665963183377426,0.49665963183377426,0.02585,-3.054877506470166e-07
website_retargeting,Website retargeting,meta_website_retargeting_02,2,"noncontiguous weeks, 5 EDPs",6,5,two_group_latent_mixture,Two-group mixture,8980000.0,12950353.553733498,0.44213291244248304,0.44213291244248304,0.02585,-3.054877506470166e-07
website_retargeting,Website retargeting,meta_website_retargeting_02,2,"noncontiguous weeks, 5 EDPs",6,5,pairwise_maxent_direct,Direct pair + higher-order inference,8980000.0,10845581.9576924,0.207748547627216,0.207748547627216,0.02585,-3.054877506470166e-07
website_retargeting,Website retargeting,meta_website_retargeting_02,2,"noncontiguous weeks, 5 EDPs",6,5,pairwise_maxent_mixture,Mixture pair + higher-order inference,8980000.0,9366703.154736727,0.04306271210876698,0.04306271210876698,0.02585,-3.054877506470166e-07
website_retargeting,Website retargeting,meta_website_retargeting_02,2,"weeks 1-3, 10 EDPs",3,10,baseline_vid,Existing VID,7970000.0,12378919.579788605,0.553189407752648,0.553189407752648,0.010766666666666667,-6.862520169621943e-30
website_retargeting,Website retargeting,meta_website_retargeting_02,2,"weeks 1-3, 10 EDPs",3,10,pair_aware_fixed_plus_shared_log,Pair-aware fixed + log,7970000.0,11521585.964160085,0.4456193179623695,0.4456193179623695,0.010766666666666667,-6.862520169621943e-30
website_retargeting,Website retargeting,meta_website_retargeting_02,2,"weeks 1-3, 10 EDPs",3,10,two_group_latent_mixture,Two-group mixture,7970000.0,11140483.293990761,0.3978021698859173,0.3978021698859173,0.010766666666666667,-6.862520169621943e-30
website_retargeting,Website retargeting,meta_website_retargeting_02,2,"weeks 1-3, 10 EDPs",3,10,pairwise_maxent_direct,Direct pair + higher-order inference,7970000.0,9792723.139570907,0.2286980099838026,0.2286980099838026,0.010766666666666667,-6.862520169621943e-30
website_retargeting,Website retargeting,meta_website_retargeting_02,2,"weeks 1-3, 10 EDPs",3,10,pairwise_maxent_mixture,Mixture pair + higher-order inference,7970000.0,8558841.772688538,0.07388228013657941,0.07388228013657941,0.010766666666666667,-6.862520169621943e-30
website_retargeting,Website retargeting,meta_website_retargeting_02,2,"weeks 1-12, 10 EDPs",12,10,baseline_vid,Existing VID,14120000.0,45848457.86608866,2.2470579225275253,2.2470579225275253,0.046825,-6.3823074111150974e-21
website_retargeting,Website retargeting,meta_website_retargeting_02,2,"weeks 1-12, 10 EDPs",12,10,pair_aware_fixed_plus_shared_log,Pair-aware fixed + log,14120000.0,34471654.86900711,1.441335330666226,1.441335330666226,0.046825,-6.3823074111150974e-21
website_retargeting,Website retargeting,meta_website_retargeting_02,2,"weeks 1-12, 10 EDPs",12,10,two_group_latent_mixture,Two-group mixture,14120000.0,33038749.71311471,1.3398547955463675,1.3398547955463675,0.046825,-6.3823074111150974e-21
website_retargeting,Website retargeting,meta_website_retargeting_02,2,"weeks 1-12, 10 EDPs",12,10,pairwise_maxent_direct,Direct pair + higher-order inference,14120000.0,21053948.83922945,0.49107286396809136,0.49107286396809136,0.046825,-6.3823074111150974e-21
website_retargeting,Website retargeting,meta_website_retargeting_02,2,"weeks 1-12, 10 EDPs",12,10,pairwise_maxent_mixture,Mixture pair + higher-order inference,14120000.0,13629330.721593708,0.03474994889562976,-0.03474994889562976,0.046825,-6.3823074111150974e-21
website_retargeting,Website retargeting,meta_website_retargeting_02,2,"full flight, 10 EDPs",13,10,baseline_vid,Existing VID,14440000.0,47548682.006865025,2.2928450143258328,2.2928450143258328,0.049,-9.528848380272332e-21
website_retargeting,Website retargeting,meta_website_retargeting_02,2,"full flight, 10 EDPs",13,10,pair_aware_fixed_plus_shared_log,Pair-aware fixed + log,14440000.0,35384993.68548703,1.4504843272497945,1.4504843272497945,0.049,-9.528848380272332e-21
website_retargeting,Website retargeting,meta_website_retargeting_02,2,"full flight, 10 EDPs",13,10,two_group_latent_mixture,Two-group mixture,14440000.0,34210636.922618836,1.369157681621803,1.369157681621803,0.049,-9.528848380272332e-21
website_retargeting,Website retargeting,meta_website_retargeting_02,2,"full flight, 10 EDPs",13,10,pairwise_maxent_direct,Direct pair + higher-order inference,14440000.0,20449880.842887595,0.4161967342719941,0.4161967342719941,0.049,-9.528848380272332e-21
website_retargeting,Website retargeting,meta_website_retargeting_02,2,"full flight, 10 EDPs",13,10,pairwise_maxent_mixture,Mixture pair + higher-order inference,14440000.0,13824276.346143961,0.042640142233797716,-0.042640142233797716,0.049,-9.528848380272332e-21
crm_customer_list,Customer-list retargeting,meta_crm_customer_list_00,0,"weeks 1-3, 2 EDPs",3,2,baseline_vid,Existing VID,3340000.0,3504639.9999999967,0.04929341317365172,0.04929341317365172,0.014666666666666666,140052.48973309883
crm_customer_list,Customer-list retargeting,meta_crm_customer_list_00,0,"weeks 1-3, 2 EDPs",3,2,pair_aware_fixed_plus_shared_log,Pair-aware fixed + log,3340000.0,3498768.7873149067,0.04753556506434333,0.04753556506434333,0.014666666666666666,140052.48973309883
crm_customer_list,Customer-list retargeting,meta_crm_customer_list_00,0,"weeks 1-3, 2 EDPs",3,2,two_group_latent_mixture,Two-group mixture,3340000.0,3495567.281800434,0.04657703047917185,0.04657703047917185,0.014666666666666666,140052.48973309883
crm_customer_list,Customer-list retargeting,meta_crm_customer_list_00,0,"weeks 1-3, 2 EDPs",3,2,pairwise_maxent_direct,Direct pair + higher-order inference,3340000.0,3298517.609124303,0.012419877507693753,-0.012419877507693753,0.014666666666666666,140052.48973309883
crm_customer_list,Customer-list retargeting,meta_crm_customer_list_00,0,"weeks 1-3, 2 EDPs",3,2,pairwise_maxent_mixture,Mixture pair + higher-order inference,3340000.0,3274624.907415703,0.019573381013262593,-0.019573381013262593,0.014666666666666666,140052.48973309883
crm_customer_list,Customer-list retargeting,meta_crm_customer_list_00,0,"weeks 5-12, 2 EDPs",8,2,baseline_vid,Existing VID,7810000.0,11015750.000000004,0.4104673495518571,0.4104673495518571,0.04695833333333333,2820041.8724098997
crm_customer_list,Customer-list retargeting,meta_crm_customer_list_00,0,"weeks 5-12, 2 EDPs",8,2,pair_aware_fixed_plus_shared_log,Pair-aware fixed + log,7810000.0,7961400.845244452,0.019385511554987498,0.019385511554987498,0.04695833333333333,2820041.8724098997
crm_customer_list,Customer-list retargeting,meta_crm_customer_list_00,0,"weeks 5-12, 2 EDPs",8,2,two_group_latent_mixture,Two-group mixture,7810000.0,7282528.873475805,0.06753791632832203,-0.06753791632832203,0.04695833333333333,2820041.8724098997
crm_customer_list,Customer-list retargeting,meta_crm_customer_list_00,0,"weeks 5-12, 2 EDPs",8,2,pairwise_maxent_direct,Direct pair + higher-order inference,7810000.0,6752879.991101325,0.13535467463491363,-0.13535467463491363,0.04695833333333333,2820041.8724098997
crm_customer_list,Customer-list retargeting,meta_crm_customer_list_00,0,"weeks 5-12, 2 EDPs",8,2,pairwise_maxent_mixture,Mixture pair + higher-order inference,7810000.0,6752879.991101325,0.13535467463491363,-0.13535467463491363,0.04695833333333333,2820041.8724098997
crm_customer_list,Customer-list retargeting,meta_crm_customer_list_00,0,"full flight, 2 EDPs",13,2,baseline_vid,Existing VID,8740000.0,14429149.999999998,0.650932494279176,0.650932494279176,0.06204166666666667,4899990.054635441
crm_customer_list,Customer-list retargeting,meta_crm_customer_list_00,0,"full flight, 2 EDPs",13,2,pair_aware_fixed_plus_shared_log,Pair-aware fixed + log,8740000.0,8681113.564479798,0.0067375784348057115,-0.0067375784348057115,0.06204166666666667,4899990.054635441
crm_customer_list,Customer-list retargeting,meta_crm_customer_list_00,0,"full flight, 2 EDPs",13,2,two_group_latent_mixture,Two-group mixture,8740000.0,8339589.683749005,0.045813537328489105,-0.045813537328489105,0.06204166666666667,4899990.054635441
crm_customer_list,Customer-list retargeting,meta_crm_customer_list_00,0,"full flight, 2 EDPs",13,2,pairwise_maxent_direct,Direct pair + higher-order inference,8740000.0,7802908.1286304,0.10721874958462246,-0.10721874958462246,0.06204166666666667,4899990.054635441
crm_customer_list,Customer-list retargeting,meta_crm_customer_list_00,0,"full flight, 2 EDPs",13,2,pairwise_maxent_mixture,Mixture pair + higher-order inference,8740000.0,7802908.1286304,0.10721874958462246,-0.10721874958462246,0.06204166666666667,4899990.054635441
crm_customer_list,Customer-list retargeting,meta_crm_customer_list_00,0,"weeks 7-13, 5 EDPs",7,5,baseline_vid,Existing VID,8210000.0,17134373.09939978,1.0870125577831644,1.0870125577831644,0.030316666666666665,129999.99999912528
crm_customer_list,Customer-list retargeting,meta_crm_customer_list_00,0,"weeks 7-13, 5 EDPs",7,5,pair_aware_fixed_plus_shared_log,Pair-aware fixed + log,8210000.0,13052960.498899952,0.5898855662484715,0.5898855662484715,0.030316666666666665,129999.99999912528
crm_customer_list,Customer-list retargeting,meta_crm_customer_list_00,0,"weeks 7-13, 5 EDPs",7,5,two_group_latent_mixture,Two-group mixture,8210000.0,12681591.892973363,0.5446518749054036,0.5446518749054036,0.030316666666666665,129999.99999912528
crm_customer_list,Customer-list retargeting,meta_crm_customer_list_00,0,"weeks 7-13, 5 EDPs",7,5,pairwise_maxent_direct,Direct pair + higher-order inference,8210000.0,5836811.411099702,0.2890607294641045,-0.2890607294641045,0.030316666666666665,129999.99999912528
crm_customer_list,Customer-list retargeting,meta_crm_customer_list_00,0,"weeks 7-13, 5 EDPs",7,5,pairwise_maxent_mixture,Mixture pair + higher-order inference,8210000.0,5597569.780359849,0.3182010011741962,-0.3182010011741962,0.030316666666666665,129999.99999912528
crm_customer_list,Customer-list retargeting,meta_crm_customer_list_00,0,"full flight, 5 selected EDPs",13,5,baseline_vid,Existing VID,8440000.0,22965240.01134619,1.7210000013443354,1.7210000013443354,0.04145,249999.99999697393
crm_customer_list,Customer-list retargeting,meta_crm_customer_list_00,0,"full flight, 5 selected EDPs",13,5,pair_aware_fixed_plus_shared_log,Pair-aware fixed + log,8440000.0,16854062.703031167,0.9969268605487165,0.9969268605487165,0.04145,249999.99999697393
crm_customer_list,Customer-list retargeting,meta_crm_customer_list_00,0,"full flight, 5 selected EDPs",13,5,two_group_latent_mixture,Two-group mixture,8440000.0,16854062.703031167,0.9969268605487165,0.9969268605487165,0.04145,249999.99999697393
crm_customer_list,Customer-list retargeting,meta_crm_customer_list_00,0,"full flight, 5 selected EDPs",13,5,pairwise_maxent_direct,Direct pair + higher-order inference,8440000.0,7809714.323137939,0.07467839773247169,-0.07467839773247169,0.04145,249999.99999697393
crm_customer_list,Customer-list retargeting,meta_crm_customer_list_00,0,"full flight, 5 selected EDPs",13,5,pairwise_maxent_mixture,Mixture pair + higher-order inference,8440000.0,7809714.323137939,0.07467839773247169,-0.07467839773247169,0.04145,249999.99999697393
crm_customer_list,Customer-list retargeting,meta_crm_customer_list_00,0,"noncontiguous weeks, 5 EDPs",6,5,baseline_vid,Existing VID,6840000.0,12664730.329305582,0.8515687615943833,0.8515687615943833,0.022016666666666667,19999.99999987916
crm_customer_list,Customer-list retargeting,meta_crm_customer_list_00,0,"noncontiguous weeks, 5 EDPs",6,5,pair_aware_fixed_plus_shared_log,Pair-aware fixed + log,6840000.0,10472185.32978706,0.531021247044892,0.531021247044892,0.022016666666666667,19999.99999987916
crm_customer_list,Customer-list retargeting,meta_crm_customer_list_00,0,"noncontiguous weeks, 5 EDPs",6,5,two_group_latent_mixture,Two-group mixture,6840000.0,9686668.45295383,0.4161795983850629,0.4161795983850629,0.022016666666666667,19999.99999987916
crm_customer_list,Customer-list retargeting,meta_crm_customer_list_00,0,"noncontiguous weeks, 5 EDPs",6,5,pairwise_maxent_direct,Direct pair + higher-order inference,6840000.0,5562908.800404832,0.18670923970689593,-0.18670923970689593,0.022016666666666667,19999.99999987916
crm_customer_list,Customer-list retargeting,meta_crm_customer_list_00,0,"noncontiguous weeks, 5 EDPs",6,5,pairwise_maxent_mixture,Mixture pair + higher-order inference,6840000.0,4993815.40339829,0.26991002874294,-0.26991002874294,0.022016666666666667,19999.99999987916
crm_customer_list,Customer-list retargeting,meta_crm_customer_list_00,0,"weeks 1-3, 10 EDPs",3,10,baseline_vid,Existing VID,5870000.0,9207633.404988505,0.5685917214631184,0.5685917214631184,0.007916666666666667,-4.442618048218077e-30
crm_customer_list,Customer-list retargeting,meta_crm_customer_list_00,0,"weeks 1-3, 10 EDPs",3,10,pair_aware_fixed_plus_shared_log,Pair-aware fixed + log,5870000.0,7755412.404642656,0.3211946174859721,0.3211946174859721,0.007916666666666667,-4.442618048218077e-30
crm_customer_list,Customer-list retargeting,meta_crm_customer_list_00,0,"weeks 1-3, 10 EDPs",3,10,two_group_latent_mixture,Two-group mixture,5870000.0,7654720.120265529,0.30404090634847164,0.30404090634847164,0.007916666666666667,-4.442618048218077e-30
crm_customer_list,Customer-list retargeting,meta_crm_customer_list_00,0,"weeks 1-3, 10 EDPs",3,10,pairwise_maxent_direct,Direct pair + higher-order inference,5870000.0,5361333.294021338,0.08665531618035124,-0.08665531618035124,0.007916666666666667,-4.442618048218077e-30
crm_customer_list,Customer-list retargeting,meta_crm_customer_list_00,0,"weeks 1-3, 10 EDPs",3,10,pairwise_maxent_mixture,Mixture pair + higher-order inference,5870000.0,4506398.25779213,0.2323001264408637,-0.2323001264408637,0.007916666666666667,-4.442618048218077e-30
crm_customer_list,Customer-list retargeting,meta_crm_customer_list_00,0,"weeks 1-12, 10 EDPs",12,10,baseline_vid,Existing VID,9310000.0,38346564.548389666,3.1188576314059793,3.1188576314059793,0.037616666666666666,10000.0
crm_customer_list,Customer-list retargeting,meta_crm_customer_list_00,0,"weeks 1-12, 10 EDPs",12,10,pair_aware_fixed_plus_shared_log,Pair-aware fixed + log,9310000.0,26950289.72862777,1.894767962258622,1.894767962258622,0.037616666666666666,10000.0
crm_customer_list,Customer-list retargeting,meta_crm_customer_list_00,0,"weeks 1-12, 10 EDPs",12,10,two_group_latent_mixture,Two-group mixture,9310000.0,27036194.98347284,1.9039951647124425,1.9039951647124425,0.037616666666666666,10000.0
crm_customer_list,Customer-list retargeting,meta_crm_customer_list_00,0,"weeks 1-12, 10 EDPs",12,10,pairwise_maxent_direct,Direct pair + higher-order inference,9310000.0,7738965.139182314,0.16874703123713058,-0.16874703123713058,0.037616666666666666,10000.0
crm_customer_list,Customer-list retargeting,meta_crm_customer_list_00,0,"weeks 1-12, 10 EDPs",12,10,pairwise_maxent_mixture,Mixture pair + higher-order inference,9310000.0,7730538.145348638,0.1696521863213063,-0.1696521863213063,0.037616666666666666,10000.0
crm_customer_list,Customer-list retargeting,meta_crm_customer_list_00,0,"full flight, 10 EDPs",13,10,baseline_vid,Existing VID,9310000.0,39090006.622051254,3.1987117746564184,3.1987117746564184,0.0385,10000.0
crm_customer_list,Customer-list retargeting,meta_crm_customer_list_00,0,"full flight, 10 EDPs",13,10,pair_aware_fixed_plus_shared_log,Pair-aware fixed + log,9310000.0,27639252.213961154,1.9687703774394365,1.9687703774394365,0.0385,10000.0
crm_customer_list,Customer-list retargeting,meta_crm_customer_list_00,0,"full flight, 10 EDPs",13,10,two_group_latent_mixture,Two-group mixture,9310000.0,27569544.66662866,1.9612829931931963,1.9612829931931963,0.0385,10000.0
crm_customer_list,Customer-list retargeting,meta_crm_customer_list_00,0,"full flight, 10 EDPs",13,10,pairwise_maxent_direct,Direct pair + higher-order inference,9310000.0,7814454.824095711,0.16063857958155628,-0.16063857958155628,0.0385,10000.0
crm_customer_list,Customer-list retargeting,meta_crm_customer_list_00,0,"full flight, 10 EDPs",13,10,pairwise_maxent_mixture,Mixture pair + higher-order inference,9310000.0,7820697.640137106,0.1599680300604612,-0.1599680300604612,0.0385,10000.0
crm_customer_list,Customer-list retargeting,meta_crm_customer_list_01,1,"weeks 1-3, 2 EDPs",3,2,baseline_vid,Existing VID,5050000.0,6149315.000000013,0.21768613861386396,0.21768613861386396,0.025958333333333333,920023.7659636748
crm_customer_list,Customer-list retargeting,meta_crm_customer_list_01,1,"weeks 1-3, 2 EDPs",3,2,pair_aware_fixed_plus_shared_log,Pair-aware fixed + log,5050000.0,5395046.526563749,0.06832604486410866,0.06832604486410866,0.025958333333333333,920023.7659636748
crm_customer_list,Customer-list retargeting,meta_crm_customer_list_01,1,"weeks 1-3, 2 EDPs",3,2,two_group_latent_mixture,Two-group mixture,5050000.0,5067181.033406869,0.0034021848330432827,0.0034021848330432827,0.025958333333333333,920023.7659636748
crm_customer_list,Customer-list retargeting,meta_crm_customer_list_01,1,"weeks 1-3, 2 EDPs",3,2,pairwise_maxent_direct,Direct pair + higher-order inference,5050000.0,4693304.369507223,0.07063279811738152,-0.07063279811738152,0.025958333333333333,920023.7659636748
crm_customer_list,Customer-list retargeting,meta_crm_customer_list_01,1,"weeks 1-3, 2 EDPs",3,2,pairwise_maxent_mixture,Mixture pair + higher-order inference,5050000.0,4606872.0886627585,0.08774810125489932,-0.08774810125489932,0.025958333333333333,920023.7659636748
crm_customer_list,Customer-list retargeting,meta_crm_customer_list_01,1,"weeks 5-12, 2 EDPs",8,2,baseline_vid,Existing VID,7050000.0,9206343.333333323,0.3058643026004713,0.3058643026004713,0.039125,1899970.376620415
crm_customer_list,Customer-list retargeting,meta_crm_customer_list_01,1,"weeks 5-12, 2 EDPs",8,2,pair_aware_fixed_plus_shared_log,Pair-aware fixed + log,7050000.0,7299262.0509560555,0.03535631928454688,0.03535631928454688,0.039125,1899970.376620415
crm_customer_list,Customer-list retargeting,meta_crm_customer_list_01,1,"weeks 5-12, 2 EDPs",8,2,two_group_latent_mixture,Two-group mixture,7050000.0,6573420.533895254,0.06759992427017672,-0.06759992427017672,0.039125,1899970.376620415
crm_customer_list,Customer-list retargeting,meta_crm_customer_list_01,1,"weeks 5-12, 2 EDPs",8,2,pairwise_maxent_direct,Direct pair + higher-order inference,7050000.0,6135547.371449918,0.12970959270213936,-0.12970959270213936,0.039125,1899970.376620415
crm_customer_list,Customer-list retargeting,meta_crm_customer_list_01,1,"weeks 5-12, 2 EDPs",8,2,pairwise_maxent_mixture,Mixture pair + higher-order inference,7050000.0,6035772.088393539,0.1438621151214838,-0.1438621151214838,0.039125,1899970.376620415
crm_customer_list,Customer-list retargeting,meta_crm_customer_list_01,1,"full flight, 2 EDPs",13,2,baseline_vid,Existing VID,8810000.0,14429149.999999998,0.637814982973893,0.637814982973893,0.06204166666666667,4800033.054635441
crm_customer_list,Customer-list retargeting,meta_crm_customer_list_01,1,"full flight, 2 EDPs",13,2,pair_aware_fixed_plus_shared_log,Pair-aware fixed + log,8810000.0,8814742.897921503,0.0005383539070945052,0.0005383539070945052,0.06204166666666667,4800033.054635441
crm_customer_list,Customer-list retargeting,meta_crm_customer_list_01,1,"full flight, 2 EDPs",13,2,two_group_latent_mixture,Two-group mixture,8810000.0,8348047.174642727,0.05243505395655769,-0.05243505395655769,0.06204166666666667,4800033.054635441
crm_customer_list,Customer-list retargeting,meta_crm_customer_list_01,1,"full flight, 2 EDPs",13,2,pairwise_maxent_direct,Direct pair + higher-order inference,8810000.0,7802935.135964528,0.11430929217201728,-0.11430929217201728,0.06204166666666667,4800033.054635441
crm_customer_list,Customer-list retargeting,meta_crm_customer_list_01,1,"full flight, 2 EDPs",13,2,pairwise_maxent_mixture,Mixture pair + higher-order inference,8810000.0,7802935.135964528,0.11430929217201728,-0.11430929217201728,0.06204166666666667,4800033.054635441
crm_customer_list,Customer-list retargeting,meta_crm_customer_list_01,1,"weeks 7-13, 5 EDPs",7,5,baseline_vid,Existing VID,7910000.0,15973445.792380655,1.0193989623742927,1.0193989623742927,0.02811666666666667,29999.999999496944
crm_customer_list,Customer-list retargeting,meta_crm_customer_list_01,1,"weeks 7-13, 5 EDPs",7,5,pair_aware_fixed_plus_shared_log,Pair-aware fixed + log,7910000.0,11829410.465898082,0.4955006910111355,0.4955006910111355,0.02811666666666667,29999.999999496944
crm_customer_list,Customer-list retargeting,meta_crm_customer_list_01,1,"weeks 7-13, 5 EDPs",7,5,two_group_latent_mixture,Two-group mixture,7910000.0,11582010.765765816,0.4642238641928971,0.4642238641928971,0.02811666666666667,29999.999999496944
crm_customer_list,Customer-list retargeting,meta_crm_customer_list_01,1,"weeks 7-13, 5 EDPs",7,5,pairwise_maxent_direct,Direct pair + higher-order inference,7910000.0,5491523.127239123,0.30574928859176703,-0.30574928859176703,0.02811666666666667,29999.999999496944
crm_customer_list,Customer-list retargeting,meta_crm_customer_list_01,1,"weeks 7-13, 5 EDPs",7,5,pairwise_maxent_mixture,Mixture pair + higher-order inference,7910000.0,5344293.438255623,0.32436239718639404,-0.32436239718639404,0.02811666666666667,29999.999999496944
crm_customer_list,Customer-list retargeting,meta_crm_customer_list_01,1,"full flight, 5 selected EDPs",13,5,baseline_vid,Existing VID,8500000.0,22965240.01134619,1.7017929425113165,1.7017929425113165,0.04145,269999.9999969739
crm_customer_list,Customer-list retargeting,meta_crm_customer_list_01,1,"full flight, 5 selected EDPs",13,5,pair_aware_fixed_plus_shared_log,Pair-aware fixed + log,8500000.0,16783123.39963241,0.974485105839107,0.974485105839107,0.04145,269999.9999969739
crm_customer_list,Customer-list retargeting,meta_crm_customer_list_01,1,"full flight, 5 selected EDPs",13,5,two_group_latent_mixture,Two-group mixture,8500000.0,16783123.39963241,0.974485105839107,0.974485105839107,0.04145,269999.9999969739
crm_customer_list,Customer-list retargeting,meta_crm_customer_list_01,1,"full flight, 5 selected EDPs",13,5,pairwise_maxent_direct,Direct pair + higher-order inference,8500000.0,7809773.974167079,0.08120306186269662,-0.08120306186269662,0.04145,269999.9999969739
crm_customer_list,Customer-list retargeting,meta_crm_customer_list_01,1,"full flight, 5 selected EDPs",13,5,pairwise_maxent_mixture,Mixture pair + higher-order inference,8500000.0,7809773.974167079,0.08120306186269662,-0.08120306186269662,0.04145,269999.9999969739
crm_customer_list,Customer-list retargeting,meta_crm_customer_list_01,1,"noncontiguous weeks, 5 EDPs",6,5,baseline_vid,Existing VID,7240000.0,13752603.416108364,0.8995308585785033,0.8995308585785033,0.024,9999.999999818898
crm_customer_list,Customer-list retargeting,meta_crm_customer_list_01,1,"noncontiguous weeks, 5 EDPs",6,5,pair_aware_fixed_plus_shared_log,Pair-aware fixed + log,7240000.0,10932150.760785729,0.5099655746941614,0.5099655746941614,0.024,9999.999999818898
crm_customer_list,Customer-list retargeting,meta_crm_customer_list_01,1,"noncontiguous weeks, 5 EDPs",6,5,two_group_latent_mixture,Two-group mixture,7240000.0,10129221.12666589,0.3990636915284379,0.3990636915284379,0.024,9999.999999818898
crm_customer_list,Customer-list retargeting,meta_crm_customer_list_01,1,"noncontiguous weeks, 5 EDPs",6,5,pairwise_maxent_direct,Direct pair + higher-order inference,7240000.0,5816439.5062550455,0.1966243775890821,-0.1966243775890821,0.024,9999.999999818898
crm_customer_list,Customer-list retargeting,meta_crm_customer_list_01,1,"noncontiguous weeks, 5 EDPs",6,5,pairwise_maxent_mixture,Mixture pair + higher-order inference,7240000.0,5202627.87325415,0.28140498988202345,-0.28140498988202345,0.024,9999.999999818898
crm_customer_list,Customer-list retargeting,meta_crm_customer_list_01,1,"weeks 1-3, 10 EDPs",3,10,baseline_vid,Existing VID,7280000.0,16373516.65224532,1.249109430253478,1.249109430253478,0.014508333333333333,-2.4957522533123545e-27
crm_customer_list,Customer-list retargeting,meta_crm_customer_list_01,1,"weeks 1-3, 10 EDPs",3,10,pair_aware_fixed_plus_shared_log,Pair-aware fixed + log,7280000.0,12915423.944636494,0.774096695691826,0.774096695691826,0.014508333333333333,-2.4957522533123545e-27
crm_customer_list,Customer-list retargeting,meta_crm_customer_list_01,1,"weeks 1-3, 10 EDPs",3,10,two_group_latent_mixture,Two-group mixture,7280000.0,12628519.153473526,0.7346866969057042,0.7346866969057042,0.014508333333333333,-2.4957522533123545e-27
crm_customer_list,Customer-list retargeting,meta_crm_customer_list_01,1,"weeks 1-3, 10 EDPs",3,10,pairwise_maxent_direct,Direct pair + higher-order inference,7280000.0,6066005.636012748,0.1667574675806665,-0.1667574675806665,0.014508333333333333,-2.4957522533123545e-27
crm_customer_list,Customer-list retargeting,meta_crm_customer_list_01,1,"weeks 1-3, 10 EDPs",3,10,pairwise_maxent_mixture,Mixture pair + higher-order inference,7280000.0,5177946.6237966865,0.28874359563232327,-0.28874359563232327,0.014508333333333333,-2.4957522533123545e-27
crm_customer_list,Customer-list retargeting,meta_crm_customer_list_01,1,"weeks 1-12, 10 EDPs",12,10,baseline_vid,Existing VID,9270000.0,37753430.881689295,3.072646265554401,3.072646265554401,0.036925,20000.0
crm_customer_list,Customer-list retargeting,meta_crm_customer_list_01,1,"weeks 1-12, 10 EDPs",12,10,pair_aware_fixed_plus_shared_log,Pair-aware fixed + log,9270000.0,26641624.751744106,1.8739616776422985,1.8739616776422985,0.036925,20000.0
crm_customer_list,Customer-list retargeting,meta_crm_customer_list_01,1,"weeks 1-12, 10 EDPs",12,10,two_group_latent_mixture,Two-group mixture,9270000.0,26550041.045511797,1.864082097681963,1.864082097681963,0.036925,20000.0
crm_customer_list,Customer-list retargeting,meta_crm_customer_list_01,1,"weeks 1-12, 10 EDPs",12,10,pairwise_maxent_direct,Direct pair + higher-order inference,9270000.0,7761685.797989279,0.16270919115541757,-0.16270919115541757,0.036925,20000.0
crm_customer_list,Customer-list retargeting,meta_crm_customer_list_01,1,"weeks 1-12, 10 EDPs",12,10,pairwise_maxent_mixture,Mixture pair + higher-order inference,9270000.0,7780033.039393336,0.16072998496296273,-0.16072998496296273,0.036925,20000.0
crm_customer_list,Customer-list retargeting,meta_crm_customer_list_01,1,"full flight, 10 EDPs",13,10,baseline_vid,Existing VID,9310000.0,39090006.622051254,3.1987117746564184,3.1987117746564184,0.0385,20000.0
crm_customer_list,Customer-list retargeting,meta_crm_customer_list_01,1,"full flight, 10 EDPs",13,10,pair_aware_fixed_plus_shared_log,Pair-aware fixed + log,9310000.0,27647393.96931298,1.9696448946630485,1.9696448946630485,0.0385,20000.0
crm_customer_list,Customer-list retargeting,meta_crm_customer_list_01,1,"full flight, 10 EDPs",13,10,two_group_latent_mixture,Two-group mixture,9310000.0,27694293.68285723,1.9746824578794018,1.9746824578794018,0.0385,20000.0
crm_customer_list,Customer-list retargeting,meta_crm_customer_list_01,1,"full flight, 10 EDPs",13,10,pairwise_maxent_direct,Direct pair + higher-order inference,9310000.0,7820190.75266245,0.1600224755464608,-0.1600224755464608,0.0385,20000.0
crm_customer_list,Customer-list retargeting,meta_crm_customer_list_01,1,"full flight, 10 EDPs",13,10,pairwise_maxent_mixture,Mixture pair + higher-order inference,9310000.0,7820176.9931972325,0.160023953469685,-0.160023953469685,0.0385,20000.0
crm_customer_list,Customer-list retargeting,meta_crm_customer_list_02,2,"weeks 1-3, 2 EDPs",3,2,baseline_vid,Existing VID,4540000.0,5264137.500000006,0.1595016519823801,0.1595016519823801,0.022166666666666668,650068.0130294424
crm_customer_list,Customer-list retargeting,meta_crm_customer_list_02,2,"weeks 1-3, 2 EDPs",3,2,pair_aware_fixed_plus_shared_log,Pair-aware fixed + log,4540000.0,4824332.561747819,0.06262831756559895,0.06262831756559895,0.022166666666666668,650068.0130294424
crm_customer_list,Customer-list retargeting,meta_crm_customer_list_02,2,"weeks 1-3, 2 EDPs",3,2,two_group_latent_mixture,Two-group mixture,4540000.0,4623034.40863879,0.018289517321319438,0.018289517321319438,0.022166666666666668,650068.0130294424
crm_customer_list,Customer-list retargeting,meta_crm_customer_list_02,2,"weeks 1-3, 2 EDPs",3,2,pairwise_maxent_direct,Direct pair + higher-order inference,4540000.0,4246424.663960651,0.06466417093377741,-0.06466417093377741,0.022166666666666668,650068.0130294424
crm_customer_list,Customer-list retargeting,meta_crm_customer_list_02,2,"weeks 1-3, 2 EDPs",3,2,pairwise_maxent_mixture,Mixture pair + higher-order inference,4540000.0,4173760.254651591,0.08066954743357023,-0.08066954743357023,0.022166666666666668,650068.0130294424
crm_customer_list,Customer-list retargeting,meta_crm_customer_list_02,2,"weeks 5-12, 2 EDPs",8,2,baseline_vid,Existing VID,7540000.0,10318405.0,0.3684887267904509,0.3684887267904509,0.043958333333333335,2420061.5803776034
crm_customer_list,Customer-list retargeting,meta_crm_customer_list_02,2,"weeks 5-12, 2 EDPs",8,2,pair_aware_fixed_plus_shared_log,Pair-aware fixed + log,7540000.0,7769527.969441429,0.030441375257483923,0.030441375257483923,0.043958333333333335,2420061.5803776034
crm_customer_list,Customer-list retargeting,meta_crm_customer_list_02,2,"weeks 5-12, 2 EDPs",8,2,two_group_latent_mixture,Two-group mixture,7540000.0,6843835.553211704,0.09232950222656447,-0.09232950222656447,0.043958333333333335,2420061.5803776034
crm_customer_list,Customer-list retargeting,meta_crm_customer_list_02,2,"weeks 5-12, 2 EDPs",8,2,pairwise_maxent_direct,Direct pair + higher-order inference,7540000.0,6374944.251621231,0.15451667750381545,-0.15451667750381545,0.043958333333333335,2420061.5803776034
crm_customer_list,Customer-list retargeting,meta_crm_customer_list_02,2,"weeks 5-12, 2 EDPs",8,2,pairwise_maxent_mixture,Mixture pair + higher-order inference,7540000.0,6277067.723320097,0.16749764942704287,-0.16749764942704287,0.043958333333333335,2420061.5803776034
crm_customer_list,Customer-list retargeting,meta_crm_customer_list_02,2,"full flight, 2 EDPs",13,2,baseline_vid,Existing VID,8830000.0,14429149.999999998,0.6341053227633067,0.6341053227633067,0.06204166666666667,4809992.054635441
crm_customer_list,Customer-list retargeting,meta_crm_customer_list_02,2,"full flight, 2 EDPs",13,2,pair_aware_fixed_plus_shared_log,Pair-aware fixed + log,8830000.0,8801430.84843029,0.0032354645039308245,-0.0032354645039308245,0.06204166666666667,4809992.054635441
crm_customer_list,Customer-list retargeting,meta_crm_customer_list_02,2,"full flight, 2 EDPs",13,2,two_group_latent_mixture,Two-group mixture,8830000.0,8347189.638378441,0.054678410149666894,-0.054678410149666894,0.06204166666666667,4809992.054635441
crm_customer_list,Customer-list retargeting,meta_crm_customer_list_02,2,"full flight, 2 EDPs",13,2,pairwise_maxent_direct,Direct pair + higher-order inference,8830000.0,7802932.393706813,0.11631569720194639,-0.11631569720194639,0.06204166666666667,4809992.054635441
crm_customer_list,Customer-list retargeting,meta_crm_customer_list_02,2,"full flight, 2 EDPs",13,2,pairwise_maxent_mixture,Mixture pair + higher-order inference,8830000.0,7802932.393706813,0.11631569720194639,-0.11631569720194639,0.06204166666666667,4809992.054635441
crm_customer_list,Customer-list retargeting,meta_crm_customer_list_02,2,"weeks 7-13, 5 EDPs",7,5,baseline_vid,Existing VID,8240000.0,18162406.4931157,1.2041755452810317,1.2041755452810317,0.03228333333333333,119999.99999864689
crm_customer_list,Customer-list retargeting,meta_crm_customer_list_02,2,"weeks 7-13, 5 EDPs",7,5,pair_aware_fixed_plus_shared_log,Pair-aware fixed + log,8240000.0,13653710.397838607,0.6570036890580834,0.6570036890580834,0.03228333333333333,119999.99999864689
crm_customer_list,Customer-list retargeting,meta_crm_customer_list_02,2,"weeks 7-13, 5 EDPs",7,5,two_group_latent_mixture,Two-group mixture,8240000.0,13387567.269473419,0.6247047657127935,0.6247047657127935,0.03228333333333333,119999.99999864689
crm_customer_list,Customer-list retargeting,meta_crm_customer_list_02,2,"weeks 7-13, 5 EDPs",7,5,pairwise_maxent_direct,Direct pair + higher-order inference,8240000.0,5792195.59945181,0.29706364084322695,-0.29706364084322695,0.03228333333333333,119999.99999864689
crm_customer_list,Customer-list retargeting,meta_crm_customer_list_02,2,"weeks 7-13, 5 EDPs",7,5,pairwise_maxent_mixture,Mixture pair + higher-order inference,8240000.0,5388000.098072365,0.3461164929523829,-0.3461164929523829,0.03228333333333333,119999.99999864689
crm_customer_list,Customer-list retargeting,meta_crm_customer_list_02,2,"full flight, 5 selected EDPs",13,5,baseline_vid,Existing VID,8660000.0,22965240.01134619,1.6518752899937865,1.6518752899937865,0.04145,249999.99999697393
crm_customer_list,Customer-list retargeting,meta_crm_customer_list_02,2,"full flight, 5 selected EDPs",13,5,pair_aware_fixed_plus_shared_log,Pair-aware fixed + log,8660000.0,16810823.438172773,0.9412036302739922,0.9412036302739922,0.04145,249999.99999697393
crm_customer_list,Customer-list retargeting,meta_crm_customer_list_02,2,"full flight, 5 selected EDPs",13,5,two_group_latent_mixture,Two-group mixture,8660000.0,16783395.605360582,0.9380364440370188,0.9380364440370188,0.04145,249999.99999697393
crm_customer_list,Customer-list retargeting,meta_crm_customer_list_02,2,"full flight, 5 selected EDPs",13,5,pairwise_maxent_direct,Direct pair + higher-order inference,8660000.0,7809706.346222326,0.0981863341544658,-0.0981863341544658,0.04145,249999.99999697393
crm_customer_list,Customer-list retargeting,meta_crm_customer_list_02,2,"full flight, 5 selected EDPs",13,5,pairwise_maxent_mixture,Mixture pair + higher-order inference,8660000.0,7809706.346222326,0.0981863341544658,-0.0981863341544658,0.04145,249999.99999697393
crm_customer_list,Customer-list retargeting,meta_crm_customer_list_02,2,"noncontiguous weeks, 5 EDPs",6,5,baseline_vid,Existing VID,7240000.0,13234652.583539175,0.8279906883341401,0.8279906883341401,0.02305,9999.999999857886
crm_customer_list,Customer-list retargeting,meta_crm_customer_list_02,2,"noncontiguous weeks, 5 EDPs",6,5,pair_aware_fixed_plus_shared_log,Pair-aware fixed + log,7240000.0,10630151.752047405,0.4682530044264371,0.4682530044264371,0.02305,9999.999999857886
crm_customer_list,Customer-list retargeting,meta_crm_customer_list_02,2,"noncontiguous weeks, 5 EDPs",6,5,two_group_latent_mixture,Two-group mixture,7240000.0,9842056.475554824,0.35940006568436794,0.35940006568436794,0.02305,9999.999999857886
crm_customer_list,Customer-list retargeting,meta_crm_customer_list_02,2,"noncontiguous weeks, 5 EDPs",6,5,pairwise_maxent_direct,Direct pair + higher-order inference,7240000.0,5743054.322517842,0.2067604526909058,-0.2067604526909058,0.02305,9999.999999857886
crm_customer_list,Customer-list retargeting,meta_crm_customer_list_02,2,"noncontiguous weeks, 5 EDPs",6,5,pairwise_maxent_mixture,Mixture pair + higher-order inference,7240000.0,5366801.062279597,0.25872913504425454,-0.25872913504425454,0.02305,9999.999999857886
crm_customer_list,Customer-list retargeting,meta_crm_customer_list_02,2,"weeks 1-3, 10 EDPs",3,10,baseline_vid,Existing VID,7340000.0,15526618.883170746,1.1153431720941072,1.1153431720941072,0.0137,-3.7210100994821974e-28
crm_customer_list,Customer-list retargeting,meta_crm_customer_list_02,2,"weeks 1-3, 10 EDPs",3,10,pair_aware_fixed_plus_shared_log,Pair-aware fixed + log,7340000.0,13019842.230585456,0.7738204673822147,0.7738204673822147,0.0137,-3.7210100994821974e-28
crm_customer_list,Customer-list retargeting,meta_crm_customer_list_02,2,"weeks 1-3, 10 EDPs",3,10,two_group_latent_mixture,Two-group mixture,7340000.0,12556694.951963738,0.7107213831013266,0.7107213831013266,0.0137,-3.7210100994821974e-28
crm_customer_list,Customer-list retargeting,meta_crm_customer_list_02,2,"weeks 1-3, 10 EDPs",3,10,pairwise_maxent_direct,Direct pair + higher-order inference,7340000.0,6276859.159598768,0.14484207634894172,-0.14484207634894172,0.0137,-3.7210100994821974e-28
crm_customer_list,Customer-list retargeting,meta_crm_customer_list_02,2,"weeks 1-3, 10 EDPs",3,10,pairwise_maxent_mixture,Mixture pair + higher-order inference,7340000.0,5359519.963714331,0.26982016843129,-0.26982016843129,0.0137,-3.7210100994821974e-28
crm_customer_list,Customer-list retargeting,meta_crm_customer_list_02,2,"weeks 1-12, 10 EDPs",12,10,baseline_vid,Existing VID,9420000.0,38361218.270222366,3.07231616456713,3.07231616456713,0.03763333333333333,20000.0
crm_customer_list,Customer-list retargeting,meta_crm_customer_list_02,2,"weeks 1-12, 10 EDPs",12,10,pair_aware_fixed_plus_shared_log,Pair-aware fixed + log,9420000.0,27051977.105486557,1.8717597776525008,1.8717597776525008,0.03763333333333333,20000.0
crm_customer_list,Customer-list retargeting,meta_crm_customer_list_02,2,"weeks 1-12, 10 EDPs",12,10,two_group_latent_mixture,Two-group mixture,9420000.0,27114487.79722181,1.8783957321891518,1.8783957321891518,0.03763333333333333,20000.0
crm_customer_list,Customer-list retargeting,meta_crm_customer_list_02,2,"weeks 1-12, 10 EDPs",12,10,pairwise_maxent_direct,Direct pair + higher-order inference,9420000.0,7790527.406206846,0.17298010549821166,-0.17298010549821166,0.03763333333333333,20000.0
crm_customer_list,Customer-list retargeting,meta_crm_customer_list_02,2,"weeks 1-12, 10 EDPs",12,10,pairwise_maxent_mixture,Mixture pair + higher-order inference,9420000.0,7790601.372602254,0.17297225343925116,-0.17297225343925116,0.03763333333333333,20000.0
crm_customer_list,Customer-list retargeting,meta_crm_customer_list_02,2,"full flight, 10 EDPs",13,10,baseline_vid,Existing VID,9430000.0,39090006.622051254,3.145281720259942,3.145281720259942,0.0385,20000.0
crm_customer_list,Customer-list retargeting,meta_crm_customer_list_02,2,"full flight, 10 EDPs",13,10,pair_aware_fixed_plus_shared_log,Pair-aware fixed + log,9430000.0,27681443.314192593,1.9354658869769452,1.9354658869769452,0.0385,20000.0
crm_customer_list,Customer-list retargeting,meta_crm_customer_list_02,2,"full flight, 10 EDPs",13,10,two_group_latent_mixture,Two-group mixture,9430000.0,27688414.11316599,1.936205102138493,1.936205102138493,0.0385,20000.0
crm_customer_list,Customer-list retargeting,meta_crm_customer_list_02,2,"full flight, 10 EDPs",13,10,pairwise_maxent_direct,Direct pair + higher-order inference,9430000.0,7820480.223608166,0.17068078222606936,-0.17068078222606936,0.0385,20000.0
crm_customer_list,Customer-list retargeting,meta_crm_customer_list_02,2,"full flight, 10 EDPs",13,10,pairwise_maxent_mixture,Mixture pair + higher-order inference,9430000.0,7820595.985520944,0.17066850630742905,-0.17066850630742905,0.0385,20000.0
catalog_retargeting,Catalog / dynamic-product retargeting,meta_catalog_retargeting_00,0,"weeks 1-3, 2 EDPs",3,2,baseline_vid,Existing VID,910000.0,918239.9999999991,0.009054945054944032,0.009054945054944032,0.003833333333333333,-0.2361141286010522
catalog_retargeting,Catalog / dynamic-product retargeting,meta_catalog_retargeting_00,0,"weeks 1-3, 2 EDPs",3,2,pair_aware_fixed_plus_shared_log,Pair-aware fixed + log,910000.0,918240.0000000596,0.009054945055010555,0.009054945055010555,0.003833333333333333,-0.2361141286010522
catalog_retargeting,Catalog / dynamic-product retargeting,meta_catalog_retargeting_00,0,"weeks 1-3, 2 EDPs",3,2,two_group_latent_mixture,Two-group mixture,910000.0,918240.0000000596,0.009054945055010555,0.009054945055010555,0.003833333333333333,-0.2361141286010522
catalog_retargeting,Catalog / dynamic-product retargeting,meta_catalog_retargeting_00,0,"weeks 1-3, 2 EDPs",3,2,pairwise_maxent_direct,Direct pair + higher-order inference,910000.0,918240.0,0.009054945054945055,0.009054945054945055,0.003833333333333333,-0.2361141286010522
catalog_retargeting,Catalog / dynamic-product retargeting,meta_catalog_retargeting_00,0,"weeks 1-3, 2 EDPs",3,2,pairwise_maxent_mixture,Mixture pair + higher-order inference,910000.0,918240.0,0.009054945054945055,0.009054945054945055,0.003833333333333333,-0.2361141286010522
catalog_retargeting,Catalog / dynamic-product retargeting,meta_catalog_retargeting_00,0,"weeks 5-12, 2 EDPs",8,2,baseline_vid,Existing VID,13570000.0,18057601.66666668,0.33070019651191446,0.33070019651191446,0.07829166666666666,2830253.4320405563
catalog_retargeting,Catalog / dynamic-product retargeting,meta_catalog_retargeting_00,0,"weeks 5-12, 2 EDPs",8,2,pair_aware_fixed_plus_shared_log,Pair-aware fixed + log,13570000.0,15206317.481451467,0.12058345478640138,0.12058345478640138,0.07829166666666666,2830253.4320405563
catalog_retargeting,Catalog / dynamic-product retargeting,meta_catalog_retargeting_00,0,"weeks 5-12, 2 EDPs",8,2,two_group_latent_mixture,Two-group mixture,13570000.0,14319870.584992588,0.055259438835120675,0.055259438835120675,0.07829166666666666,2830253.4320405563
catalog_retargeting,Catalog / dynamic-product retargeting,meta_catalog_retargeting_00,0,"weeks 5-12, 2 EDPs",8,2,pairwise_maxent_direct,Direct pair + higher-order inference,13570000.0,13729326.121181965,0.011741055356076998,0.011741055356076998,0.07829166666666666,2830253.4320405563
catalog_retargeting,Catalog / dynamic-product retargeting,meta_catalog_retargeting_00,0,"weeks 5-12, 2 EDPs",8,2,pairwise_maxent_mixture,Mixture pair + higher-order inference,13570000.0,13791899.584828153,0.016352217010180786,0.016352217010180786,0.07829166666666666,2830253.4320405563
catalog_retargeting,Catalog / dynamic-product retargeting,meta_catalog_retargeting_00,0,"full flight, 2 EDPs",13,2,baseline_vid,Existing VID,14300000.0,19718000.0,0.37888111888111886,0.37888111888111886,0.08583333333333333,3439935.5537086525
catalog_retargeting,Catalog / dynamic-product retargeting,meta_catalog_retargeting_00,0,"full flight, 2 EDPs",13,2,pair_aware_fixed_plus_shared_log,Pair-aware fixed + log,14300000.0,16125696.633868605,0.12767109327752482,0.12767109327752482,0.08583333333333333,3439935.5537086525
catalog_retargeting,Catalog / dynamic-product retargeting,meta_catalog_retargeting_00,0,"full flight, 2 EDPs",13,2,two_group_latent_mixture,Two-group mixture,14300000.0,15076529.029463843,0.05430272933313584,0.05430272933313584,0.08583333333333333,3439935.5537086525
catalog_retargeting,Catalog / dynamic-product retargeting,meta_catalog_retargeting_00,0,"full flight, 2 EDPs",13,2,pairwise_maxent_direct,Direct pair + higher-order inference,14300000.0,14412575.525183976,0.007872414348529769,0.007872414348529769,0.08583333333333333,3439935.5537086525
catalog_retargeting,Catalog / dynamic-product retargeting,meta_catalog_retargeting_00,0,"full flight, 2 EDPs",13,2,pairwise_maxent_mixture,Mixture pair + higher-order inference,14300000.0,14524851.082133636,0.015723851897457054,0.015723851897457054,0.08583333333333333,3439935.5537086525
catalog_retargeting,Catalog / dynamic-product retargeting,meta_catalog_retargeting_00,0,"weeks 7-13, 5 EDPs",7,5,baseline_vid,Existing VID,23360000.0,33081463.54777895,0.4161585422850578,0.4161585422850578,0.06235,19999.999968018376
catalog_retargeting,Catalog / dynamic-product retargeting,meta_catalog_retargeting_00,0,"weeks 7-13, 5 EDPs",7,5,pair_aware_fixed_plus_shared_log,Pair-aware fixed + log,23360000.0,29067262.941341266,0.24431776289988297,0.24431776289988297,0.06235,19999.999968018376
catalog_retargeting,Catalog / dynamic-product retargeting,meta_catalog_retargeting_00,0,"weeks 7-13, 5 EDPs",7,5,two_group_latent_mixture,Two-group mixture,23360000.0,27324471.062345088,0.16971194616203286,0.16971194616203286,0.06235,19999.999968018376
catalog_retargeting,Catalog / dynamic-product retargeting,meta_catalog_retargeting_00,0,"weeks 7-13, 5 EDPs",7,5,pairwise_maxent_direct,Direct pair + higher-order inference,23360000.0,24598811.039843753,0.05303129451385929,0.05303129451385929,0.06235,19999.999968018376
catalog_retargeting,Catalog / dynamic-product retargeting,meta_catalog_retargeting_00,0,"weeks 7-13, 5 EDPs",7,5,pairwise_maxent_mixture,Mixture pair + higher-order inference,23360000.0,23952610.01806754,0.025368579540562448,0.025368579540562448,0.06235,19999.999968018376
catalog_retargeting,Catalog / dynamic-product retargeting,meta_catalog_retargeting_00,0,"full flight, 5 selected EDPs",13,5,baseline_vid,Existing VID,21690000.0,30498779.221333325,0.40612167917627134,0.40612167917627134,0.056666666666666664,9999.99998614973
catalog_retargeting,Catalog / dynamic-product retargeting,meta_catalog_retargeting_00,0,"full flight, 5 selected EDPs",13,5,pair_aware_fixed_plus_shared_log,Pair-aware fixed + log,21690000.0,27577124.824247167,0.27142115372278314,0.27142115372278314,0.056666666666666664,9999.99998614973
catalog_retargeting,Catalog / dynamic-product retargeting,meta_catalog_retargeting_00,0,"full flight, 5 selected EDPs",13,5,two_group_latent_mixture,Two-group mixture,21690000.0,26716405.47748837,0.23173838070485794,0.23173838070485794,0.056666666666666664,9999.99998614973
catalog_retargeting,Catalog / dynamic-product retargeting,meta_catalog_retargeting_00,0,"full flight, 5 selected EDPs",13,5,pairwise_maxent_direct,Direct pair + higher-order inference,21690000.0,23259840.07941261,0.07237621389638586,0.07237621389638586,0.056666666666666664,9999.99998614973
catalog_retargeting,Catalog / dynamic-product retargeting,meta_catalog_retargeting_00,0,"full flight, 5 selected EDPs",13,5,pairwise_maxent_mixture,Mixture pair + higher-order inference,21690000.0,21238085.18762265,0.020835168850961205,-0.020835168850961205,0.056666666666666664,9999.99998614973
catalog_retargeting,Catalog / dynamic-product retargeting,meta_catalog_retargeting_00,0,"noncontiguous weeks, 5 EDPs",6,5,baseline_vid,Existing VID,12430000.0,14788258.824090276,0.18972315559857408,0.18972315559857408,0.025916666666666668,-3.332196318592936e-07
catalog_retargeting,Catalog / dynamic-product retargeting,meta_catalog_retargeting_00,0,"noncontiguous weeks, 5 EDPs",6,5,pair_aware_fixed_plus_shared_log,Pair-aware fixed + log,12430000.0,14489028.227080867,0.1656498975929901,0.1656498975929901,0.025916666666666668,-3.332196318592936e-07
catalog_retargeting,Catalog / dynamic-product retargeting,meta_catalog_retargeting_00,0,"noncontiguous weeks, 5 EDPs",6,5,two_group_latent_mixture,Two-group mixture,12430000.0,14251462.527789474,0.14653761285514671,0.14653761285514671,0.025916666666666668,-3.332196318592936e-07
catalog_retargeting,Catalog / dynamic-product retargeting,meta_catalog_retargeting_00,0,"noncontiguous weeks, 5 EDPs",6,5,pairwise_maxent_direct,Direct pair + higher-order inference,12430000.0,13395145.665402785,0.07764647348373169,0.07764647348373169,0.025916666666666668,-3.332196318592936e-07
catalog_retargeting,Catalog / dynamic-product retargeting,meta_catalog_retargeting_00,0,"noncontiguous weeks, 5 EDPs",6,5,pairwise_maxent_mixture,Mixture pair + higher-order inference,12430000.0,12489638.301777318,0.004797932564546912,0.004797932564546912,0.025916666666666668,-3.332196318592936e-07
catalog_retargeting,Catalog / dynamic-product retargeting,meta_catalog_retargeting_00,0,"weeks 1-3, 10 EDPs",3,10,baseline_vid,Existing VID,7160000.0,7962082.013798822,0.11202262762553376,0.11202262762553376,0.006825,-1.8174559987703154e-30
catalog_retargeting,Catalog / dynamic-product retargeting,meta_catalog_retargeting_00,0,"weeks 1-3, 10 EDPs",3,10,pair_aware_fixed_plus_shared_log,Pair-aware fixed + log,7160000.0,7959784.871966779,0.11170179776072335,0.11170179776072335,0.006825,-1.8174559987703154e-30
catalog_retargeting,Catalog / dynamic-product retargeting,meta_catalog_retargeting_00,0,"weeks 1-3, 10 EDPs",3,10,two_group_latent_mixture,Two-group mixture,7160000.0,7951505.586871296,0.11054547302671734,0.11054547302671734,0.006825,-1.8174559987703154e-30
catalog_retargeting,Catalog / dynamic-product retargeting,meta_catalog_retargeting_00,0,"weeks 1-3, 10 EDPs",3,10,pairwise_maxent_direct,Direct pair + higher-order inference,7160000.0,7637895.818776801,0.06674522608614543,0.06674522608614543,0.006825,-1.8174559987703154e-30
catalog_retargeting,Catalog / dynamic-product retargeting,meta_catalog_retargeting_00,0,"weeks 1-3, 10 EDPs",3,10,pairwise_maxent_mixture,Mixture pair + higher-order inference,7160000.0,7203506.183811873,0.006076282655289552,0.006076282655289552,0.006825,-1.8174559987703154e-30
catalog_retargeting,Catalog / dynamic-product retargeting,meta_catalog_retargeting_00,0,"weeks 1-12, 10 EDPs",12,10,baseline_vid,Existing VID,26190000.0,48163275.41453021,0.8389948611886296,0.8389948611886296,0.049725,-6.661610541459219e-21
catalog_retargeting,Catalog / dynamic-product retargeting,meta_catalog_retargeting_00,0,"weeks 1-12, 10 EDPs",12,10,pair_aware_fixed_plus_shared_log,Pair-aware fixed + log,26190000.0,39619901.28250894,0.5127873723752936,0.5127873723752936,0.049725,-6.661610541459219e-21
catalog_retargeting,Catalog / dynamic-product retargeting,meta_catalog_retargeting_00,0,"weeks 1-12, 10 EDPs",12,10,two_group_latent_mixture,Two-group mixture,26190000.0,37579295.38438021,0.43487191234746875,0.43487191234746875,0.049725,-6.661610541459219e-21
catalog_retargeting,Catalog / dynamic-product retargeting,meta_catalog_retargeting_00,0,"weeks 1-12, 10 EDPs",12,10,pairwise_maxent_direct,Direct pair + higher-order inference,26190000.0,31525135.75957629,0.20370888734541012,0.20370888734541012,0.049725,-6.661610541459219e-21
catalog_retargeting,Catalog / dynamic-product retargeting,meta_catalog_retargeting_00,0,"weeks 1-12, 10 EDPs",12,10,pairwise_maxent_mixture,Mixture pair + higher-order inference,26190000.0,26470352.80783306,0.010704574564072571,0.010704574564072571,0.049725,-6.661610541459219e-21
catalog_retargeting,Catalog / dynamic-product retargeting,meta_catalog_retargeting_00,0,"full flight, 10 EDPs",13,10,baseline_vid,Existing VID,26580000.0,50243145.54134528,0.8902613070483553,0.8902613070483553,0.0525,-1.3401506935986382e-20
catalog_retargeting,Catalog / dynamic-product retargeting,meta_catalog_retargeting_00,0,"full flight, 10 EDPs",13,10,pair_aware_fixed_plus_shared_log,Pair-aware fixed + log,26580000.0,40809926.27926278,0.5353621625004809,0.5353621625004809,0.0525,-1.3401506935986382e-20
catalog_retargeting,Catalog / dynamic-product retargeting,meta_catalog_retargeting_00,0,"full flight, 10 EDPs",13,10,two_group_latent_mixture,Two-group mixture,26580000.0,38621898.282324106,0.4530435772130965,0.4530435772130965,0.0525,-1.3401506935986382e-20
catalog_retargeting,Catalog / dynamic-product retargeting,meta_catalog_retargeting_00,0,"full flight, 10 EDPs",13,10,pairwise_maxent_direct,Direct pair + higher-order inference,26580000.0,31930682.74426356,0.20130484365175166,0.20130484365175166,0.0525,-1.3401506935986382e-20
catalog_retargeting,Catalog / dynamic-product retargeting,meta_catalog_retargeting_00,0,"full flight, 10 EDPs",13,10,pairwise_maxent_mixture,Mixture pair + higher-order inference,26580000.0,27149330.811063617,0.021419518851151897,0.021419518851151897,0.0525,-1.3401506935986382e-20
catalog_retargeting,Catalog / dynamic-product retargeting,meta_catalog_retargeting_01,1,"weeks 1-3, 2 EDPs",3,2,baseline_vid,Existing VID,7400000.0,8323499.999999999,0.12479729729729717,0.12479729729729717,0.03525,590022.7701122556
catalog_retargeting,Catalog / dynamic-product retargeting,meta_catalog_retargeting_01,1,"weeks 1-3, 2 EDPs",3,2,pair_aware_fixed_plus_shared_log,Pair-aware fixed + log,7400000.0,7981256.306160733,0.07854814948118015,0.07854814948118015,0.03525,590022.7701122556
catalog_retargeting,Catalog / dynamic-product retargeting,meta_catalog_retargeting_01,1,"weeks 1-3, 2 EDPs",3,2,two_group_latent_mixture,Two-group mixture,7400000.0,7826135.526683167,0.057585881984211704,0.057585881984211704,0.03525,590022.7701122556
catalog_retargeting,Catalog / dynamic-product retargeting,meta_catalog_retargeting_01,1,"weeks 1-3, 2 EDPs",3,2,pairwise_maxent_direct,Direct pair + higher-order inference,7400000.0,7459403.038805604,0.00802743767643297,0.00802743767643297,0.03525,590022.7701122556
catalog_retargeting,Catalog / dynamic-product retargeting,meta_catalog_retargeting_01,1,"weeks 1-3, 2 EDPs",3,2,pairwise_maxent_mixture,Mixture pair + higher-order inference,7400000.0,7419494.926510677,0.00263444952846983,0.00263444952846983,0.03525,590022.7701122556
catalog_retargeting,Catalog / dynamic-product retargeting,meta_catalog_retargeting_01,1,"weeks 5-12, 2 EDPs",8,2,baseline_vid,Existing VID,11080000.0,13508941.66666666,0.21921856197352532,0.21921856197352532,0.057958333333333334,1489907.9780660206
catalog_retargeting,Catalog / dynamic-product retargeting,meta_catalog_retargeting_01,1,"weeks 5-12, 2 EDPs",8,2,pair_aware_fixed_plus_shared_log,Pair-aware fixed + log,11080000.0,12216331.38782908,0.10255698446110832,0.10255698446110832,0.057958333333333334,1489907.9780660206
catalog_retargeting,Catalog / dynamic-product retargeting,meta_catalog_retargeting_01,1,"weeks 5-12, 2 EDPs",8,2,two_group_latent_mixture,Two-group mixture,11080000.0,11735426.860611185,0.05915404879162323,0.05915404879162323,0.057958333333333334,1489907.9780660206
catalog_retargeting,Catalog / dynamic-product retargeting,meta_catalog_retargeting_01,1,"weeks 5-12, 2 EDPs",8,2,pairwise_maxent_direct,Direct pair + higher-order inference,11080000.0,11296348.625203058,0.019526049206052176,0.019526049206052176,0.057958333333333334,1489907.9780660206
catalog_retargeting,Catalog / dynamic-product retargeting,meta_catalog_retargeting_01,1,"weeks 5-12, 2 EDPs",8,2,pairwise_maxent_mixture,Mixture pair + higher-order inference,11080000.0,11279711.138804749,0.018024471011258904,0.018024471011258904,0.057958333333333334,1489907.9780660206
catalog_retargeting,Catalog / dynamic-product retargeting,meta_catalog_retargeting_01,1,"full flight, 2 EDPs",13,2,baseline_vid,Existing VID,14160000.0,19718000.0,0.3925141242937853,0.3925141242937853,0.08583333333333333,3510079.5537086525
catalog_retargeting,Catalog / dynamic-product retargeting,meta_catalog_retargeting_01,1,"full flight, 2 EDPs",13,2,pair_aware_fixed_plus_shared_log,Pair-aware fixed + log,14160000.0,16029547.911348745,0.13203021972801873,0.13203021972801873,0.08583333333333333,3510079.5537086525
catalog_retargeting,Catalog / dynamic-product retargeting,meta_catalog_retargeting_01,1,"full flight, 2 EDPs",13,2,two_group_latent_mixture,Two-group mixture,14160000.0,14957001.846622437,0.05628544114565235,0.05628544114565235,0.08583333333333333,3510079.5537086525
catalog_retargeting,Catalog / dynamic-product retargeting,meta_catalog_retargeting_01,1,"full flight, 2 EDPs",13,2,pairwise_maxent_direct,Direct pair + higher-order inference,14160000.0,14286382.124942273,0.008925291309482549,0.008925291309482549,0.08583333333333333,3510079.5537086525
catalog_retargeting,Catalog / dynamic-product retargeting,meta_catalog_retargeting_01,1,"full flight, 2 EDPs",13,2,pairwise_maxent_mixture,Mixture pair + higher-order inference,14160000.0,14400946.85191515,0.017016020615476756,0.017016020615476756,0.08583333333333333,3510079.5537086525
catalog_retargeting,Catalog / dynamic-product retargeting,meta_catalog_retargeting_01,1,"weeks 7-13, 5 EDPs",7,5,baseline_vid,Existing VID,21030000.0,28338795.307581495,0.34754138409802643,0.34754138409802643,0.0524,-1.4272431507867747e-05
catalog_retargeting,Catalog / dynamic-product retargeting,meta_catalog_retargeting_01,1,"weeks 7-13, 5 EDPs",7,5,pair_aware_fixed_plus_shared_log,Pair-aware fixed + log,21030000.0,26141705.38053994,0.24306730292629286,0.24306730292629286,0.0524,-1.4272431507867747e-05
catalog_retargeting,Catalog / dynamic-product retargeting,meta_catalog_retargeting_01,1,"weeks 7-13, 5 EDPs",7,5,two_group_latent_mixture,Two-group mixture,21030000.0,24478498.631622896,0.16397996346281007,0.16397996346281007,0.0524,-1.4272431507867747e-05
catalog_retargeting,Catalog / dynamic-product retargeting,meta_catalog_retargeting_01,1,"weeks 7-13, 5 EDPs",7,5,pairwise_maxent_direct,Direct pair + higher-order inference,21030000.0,22263592.88133107,0.058658719987212136,0.058658719987212136,0.0524,-1.4272431507867747e-05
catalog_retargeting,Catalog / dynamic-product retargeting,meta_catalog_retargeting_01,1,"weeks 7-13, 5 EDPs",7,5,pairwise_maxent_mixture,Mixture pair + higher-order inference,21030000.0,21494785.46809867,0.022101068383198776,0.022101068383198776,0.0524,-1.4272431507867747e-05
catalog_retargeting,Catalog / dynamic-product retargeting,meta_catalog_retargeting_01,1,"full flight, 5 selected EDPs",13,5,baseline_vid,Existing VID,21650000.0,30498779.221333325,0.40871959451886025,0.40871959451886025,0.056666666666666664,-1.3850268312023618e-05
catalog_retargeting,Catalog / dynamic-product retargeting,meta_catalog_retargeting_01,1,"full flight, 5 selected EDPs",13,5,pair_aware_fixed_plus_shared_log,Pair-aware fixed + log,21650000.0,27594376.38094127,0.2745670383806592,0.2745670383806592,0.056666666666666664,-1.3850268312023618e-05
catalog_retargeting,Catalog / dynamic-product retargeting,meta_catalog_retargeting_01,1,"full flight, 5 selected EDPs",13,5,two_group_latent_mixture,Two-group mixture,21650000.0,26627666.829370975,0.22991532699173098,0.22991532699173098,0.056666666666666664,-1.3850268312023618e-05
catalog_retargeting,Catalog / dynamic-product retargeting,meta_catalog_retargeting_01,1,"full flight, 5 selected EDPs",13,5,pairwise_maxent_direct,Direct pair + higher-order inference,21650000.0,23242113.833926603,0.07353874521600938,0.07353874521600938,0.056666666666666664,-1.3850268312023618e-05
catalog_retargeting,Catalog / dynamic-product retargeting,meta_catalog_retargeting_01,1,"full flight, 5 selected EDPs",13,5,pairwise_maxent_mixture,Mixture pair + higher-order inference,21650000.0,21661317.783893183,0.0005227613807474769,0.0005227613807474769,0.056666666666666664,-1.3850268312023618e-05
catalog_retargeting,Catalog / dynamic-product retargeting,meta_catalog_retargeting_01,1,"noncontiguous weeks, 5 EDPs",6,5,baseline_vid,Existing VID,13700000.0,15927729.16955692,0.16260796858079704,0.16260796858079704,0.028,-3.9171553283030045e-07
catalog_retargeting,Catalog / dynamic-product retargeting,meta_catalog_retargeting_01,1,"noncontiguous weeks, 5 EDPs",6,5,pair_aware_fixed_plus_shared_log,Pair-aware fixed + log,13700000.0,15309018.5620815,0.11744661037091247,0.11744661037091247,0.028,-3.9171553283030045e-07
catalog_retargeting,Catalog / dynamic-product retargeting,meta_catalog_retargeting_01,1,"noncontiguous weeks, 5 EDPs",6,5,two_group_latent_mixture,Two-group mixture,13700000.0,14935992.211020157,0.0902184095635151,0.0902184095635151,0.028,-3.9171553283030045e-07
catalog_retargeting,Catalog / dynamic-product retargeting,meta_catalog_retargeting_01,1,"noncontiguous weeks, 5 EDPs",6,5,pairwise_maxent_direct,Direct pair + higher-order inference,13700000.0,14289989.2124722,0.04306490601986864,0.04306490601986864,0.028,-3.9171553283030045e-07
catalog_retargeting,Catalog / dynamic-product retargeting,meta_catalog_retargeting_01,1,"noncontiguous weeks, 5 EDPs",6,5,pairwise_maxent_mixture,Mixture pair + higher-order inference,13700000.0,13402053.584356114,0.021747913550648593,-0.021747913550648593,0.028,-3.9171553283030045e-07
catalog_retargeting,Catalog / dynamic-product retargeting,meta_catalog_retargeting_01,1,"weeks 1-3, 10 EDPs",3,10,baseline_vid,Existing VID,12690000.0,14688238.810064677,0.15746562727066013,0.15746562727066013,0.01285,-9.4978445057212e-30
catalog_retargeting,Catalog / dynamic-product retargeting,meta_catalog_retargeting_01,1,"weeks 1-3, 10 EDPs",3,10,pair_aware_fixed_plus_shared_log,Pair-aware fixed + log,12690000.0,13801740.802725181,0.08760762826833578,0.08760762826833578,0.01285,-9.4978445057212e-30
catalog_retargeting,Catalog / dynamic-product retargeting,meta_catalog_retargeting_01,1,"weeks 1-3, 10 EDPs",3,10,two_group_latent_mixture,Two-group mixture,12690000.0,13629814.53726393,0.07405945920125531,0.07405945920125531,0.01285,-9.4978445057212e-30
catalog_retargeting,Catalog / dynamic-product retargeting,meta_catalog_retargeting_01,1,"weeks 1-3, 10 EDPs",3,10,pairwise_maxent_direct,Direct pair + higher-order inference,12690000.0,12975162.141975462,0.022471405987034076,0.022471405987034076,0.01285,-9.4978445057212e-30
catalog_retargeting,Catalog / dynamic-product retargeting,meta_catalog_retargeting_01,1,"weeks 1-3, 10 EDPs",3,10,pairwise_maxent_mixture,Mixture pair + higher-order inference,12690000.0,12312847.205716759,0.02972047236274555,-0.02972047236274555,0.01285,-9.4978445057212e-30
catalog_retargeting,Catalog / dynamic-product retargeting,meta_catalog_retargeting_01,1,"weeks 1-12, 10 EDPs",12,10,baseline_vid,Existing VID,25910000.0,48184269.80080154,0.859678494820592,0.859678494820592,0.049758333333333335,-7.851703638570115e-21
catalog_retargeting,Catalog / dynamic-product retargeting,meta_catalog_retargeting_01,1,"weeks 1-12, 10 EDPs",12,10,pair_aware_fixed_plus_shared_log,Pair-aware fixed + log,25910000.0,39329627.22008443,0.5179323512190054,0.5179323512190054,0.049758333333333335,-7.851703638570115e-21
catalog_retargeting,Catalog / dynamic-product retargeting,meta_catalog_retargeting_01,1,"weeks 1-12, 10 EDPs",12,10,two_group_latent_mixture,Two-group mixture,25910000.0,37257197.02464238,0.43794662387658734,0.43794662387658734,0.049758333333333335,-7.851703638570115e-21
catalog_retargeting,Catalog / dynamic-product retargeting,meta_catalog_retargeting_01,1,"weeks 1-12, 10 EDPs",12,10,pairwise_maxent_direct,Direct pair + higher-order inference,25910000.0,31187570.22203681,0.20368854581384827,0.20368854581384827,0.049758333333333335,-7.851703638570115e-21
catalog_retargeting,Catalog / dynamic-product retargeting,meta_catalog_retargeting_01,1,"weeks 1-12, 10 EDPs",12,10,pairwise_maxent_mixture,Mixture pair + higher-order inference,25910000.0,27063316.4751378,0.044512407376989575,0.044512407376989575,0.049758333333333335,-7.851703638570115e-21
catalog_retargeting,Catalog / dynamic-product retargeting,meta_catalog_retargeting_01,1,"full flight, 10 EDPs",13,10,baseline_vid,Existing VID,26520000.0,50243145.54134528,0.8945379163403199,0.8945379163403199,0.0525,-1.3401506935986382e-20
catalog_retargeting,Catalog / dynamic-product retargeting,meta_catalog_retargeting_01,1,"full flight, 10 EDPs",13,10,pair_aware_fixed_plus_shared_log,Pair-aware fixed + log,26520000.0,40625654.47166386,0.5318874235167369,0.5318874235167369,0.0525,-1.3401506935986382e-20
catalog_retargeting,Catalog / dynamic-product retargeting,meta_catalog_retargeting_01,1,"full flight, 10 EDPs",13,10,two_group_latent_mixture,Two-group mixture,26520000.0,38516643.7979773,0.4523621341620399,0.4523621341620399,0.0525,-1.3401506935986382e-20
catalog_retargeting,Catalog / dynamic-product retargeting,meta_catalog_retargeting_01,1,"full flight, 10 EDPs",13,10,pairwise_maxent_direct,Direct pair + higher-order inference,26520000.0,31579763.012012467,0.1907904604831247,0.1907904604831247,0.0525,-1.3401506935986382e-20
catalog_retargeting,Catalog / dynamic-product retargeting,meta_catalog_retargeting_01,1,"full flight, 10 EDPs",13,10,pairwise_maxent_mixture,Mixture pair + higher-order inference,26520000.0,26969898.52648057,0.01696449949021759,0.01696449949021759,0.0525,-1.3401506935986382e-20
catalog_retargeting,Catalog / dynamic-product retargeting,meta_catalog_retargeting_02,2,"weeks 1-3, 2 EDPs",3,2,baseline_vid,Existing VID,7910000.0,8485376.666666675,0.07274041297935213,0.07274041297935213,0.035666666666666666,369854.5722406803
catalog_retargeting,Catalog / dynamic-product retargeting,meta_catalog_retargeting_02,2,"weeks 1-3, 2 EDPs",3,2,pair_aware_fixed_plus_shared_log,Pair-aware fixed + log,7910000.0,8354536.391403511,0.056199290948610765,0.056199290948610765,0.035666666666666666,369854.5722406803
catalog_retargeting,Catalog / dynamic-product retargeting,meta_catalog_retargeting_02,2,"weeks 1-3, 2 EDPs",3,2,two_group_latent_mixture,Two-group mixture,7910000.0,8290734.618393943,0.04813332723058694,0.04813332723058694,0.035666666666666666,369854.5722406803
catalog_retargeting,Catalog / dynamic-product retargeting,meta_catalog_retargeting_02,2,"weeks 1-3, 2 EDPs",3,2,pairwise_maxent_direct,Direct pair + higher-order inference,7910000.0,7944621.407600507,0.004376916257965505,0.004376916257965505,0.035666666666666666,369854.5722406803
catalog_retargeting,Catalog / dynamic-product retargeting,meta_catalog_retargeting_02,2,"weeks 1-3, 2 EDPs",3,2,pairwise_maxent_mixture,Mixture pair + higher-order inference,7910000.0,7908522.438508645,0.0001867966487174842,-0.0001867966487174842,0.035666666666666666,369854.5722406803
catalog_retargeting,Catalog / dynamic-product retargeting,meta_catalog_retargeting_02,2,"weeks 5-12, 2 EDPs",8,2,baseline_vid,Existing VID,10600000.0,12459499.999999996,0.17542452830188643,0.17542452830188643,0.05308333333333334,1039948.5700426415
catalog_retargeting,Catalog / dynamic-product retargeting,meta_catalog_retargeting_02,2,"weeks 5-12, 2 EDPs",8,2,pair_aware_fixed_plus_shared_log,Pair-aware fixed + log,10600000.0,11649314.98891978,0.09899198008677167,0.09899198008677167,0.05308333333333334,1039948.5700426415
catalog_retargeting,Catalog / dynamic-product retargeting,meta_catalog_retargeting_02,2,"weeks 5-12, 2 EDPs",8,2,two_group_latent_mixture,Two-group mixture,10600000.0,11320646.832703635,0.06798555025505991,0.06798555025505991,0.05308333333333334,1039948.5700426415
catalog_retargeting,Catalog / dynamic-product retargeting,meta_catalog_retargeting_02,2,"weeks 5-12, 2 EDPs",8,2,pairwise_maxent_direct,Direct pair + higher-order inference,10600000.0,10936155.666428477,0.031712798719667604,0.031712798719667604,0.05308333333333334,1039948.5700426415
catalog_retargeting,Catalog / dynamic-product retargeting,meta_catalog_retargeting_02,2,"weeks 5-12, 2 EDPs",8,2,pairwise_maxent_mixture,Mixture pair + higher-order inference,10600000.0,10904615.847420007,0.028737344096227073,0.028737344096227073,0.05308333333333334,1039948.5700426415
catalog_retargeting,Catalog / dynamic-product retargeting,meta_catalog_retargeting_02,2,"full flight, 2 EDPs",13,2,baseline_vid,Existing VID,14160000.0,19718000.0,0.3925141242937853,0.3925141242937853,0.08583333333333333,3550038.5537086525
catalog_retargeting,Catalog / dynamic-product retargeting,meta_catalog_retargeting_02,2,"full flight, 2 EDPs",13,2,pair_aware_fixed_plus_shared_log,Pair-aware fixed + log,14160000.0,15974739.991963297,0.12815960395221024,0.12815960395221024,0.08583333333333333,3550038.5537086525
catalog_retargeting,Catalog / dynamic-product retargeting,meta_catalog_retargeting_02,2,"full flight, 2 EDPs",13,2,two_group_latent_mixture,Two-group mixture,14160000.0,14888873.25433287,0.05147409988226485,0.05147409988226485,0.08583333333333333,3550038.5537086525
catalog_retargeting,Catalog / dynamic-product retargeting,meta_catalog_retargeting_02,2,"full flight, 2 EDPs",13,2,pairwise_maxent_direct,Direct pair + higher-order inference,14160000.0,14214493.444237009,0.0038484070788847944,0.0038484070788847944,0.08583333333333333,3550038.5537086525
catalog_retargeting,Catalog / dynamic-product retargeting,meta_catalog_retargeting_02,2,"full flight, 2 EDPs",13,2,pairwise_maxent_mixture,Mixture pair + higher-order inference,14160000.0,14330362.691335544,0.012031263512397174,0.012031263512397174,0.08583333333333333,3550038.5537086525
catalog_retargeting,Catalog / dynamic-product retargeting,meta_catalog_retargeting_02,2,"weeks 7-13, 5 EDPs",7,5,baseline_vid,Existing VID,17800000.0,22465792.125128273,0.262123153097094,0.262123153097094,0.04056666666666667,-3.801675025834335e-06
catalog_retargeting,Catalog / dynamic-product retargeting,meta_catalog_retargeting_02,2,"weeks 7-13, 5 EDPs",7,5,pair_aware_fixed_plus_shared_log,Pair-aware fixed + log,17800000.0,21118947.70740725,0.18645773637119387,0.18645773637119387,0.04056666666666667,-3.801675025834335e-06
catalog_retargeting,Catalog / dynamic-product retargeting,meta_catalog_retargeting_02,2,"weeks 7-13, 5 EDPs",7,5,two_group_latent_mixture,Two-group mixture,17800000.0,20121501.811331883,0.1304214500748249,0.1304214500748249,0.04056666666666667,-3.801675025834335e-06
catalog_retargeting,Catalog / dynamic-product retargeting,meta_catalog_retargeting_02,2,"weeks 7-13, 5 EDPs",7,5,pairwise_maxent_direct,Direct pair + higher-order inference,17800000.0,18675664.63864574,0.0491946426205471,0.0491946426205471,0.04056666666666667,-3.801675025834335e-06
catalog_retargeting,Catalog / dynamic-product retargeting,meta_catalog_retargeting_02,2,"weeks 7-13, 5 EDPs",7,5,pairwise_maxent_mixture,Mixture pair + higher-order inference,17800000.0,18128017.169216335,0.01842793085485027,0.01842793085485027,0.04056666666666667,-3.801675025834335e-06
catalog_retargeting,Catalog / dynamic-product retargeting,meta_catalog_retargeting_02,2,"full flight, 5 selected EDPs",13,5,baseline_vid,Existing VID,21560000.0,30498779.221333325,0.4146001494124919,0.4146001494124919,0.056666666666666664,-1.3850268312023618e-05
catalog_retargeting,Catalog / dynamic-product retargeting,meta_catalog_retargeting_02,2,"full flight, 5 selected EDPs",13,5,pair_aware_fixed_plus_shared_log,Pair-aware fixed + log,21560000.0,27568909.10452406,0.2787063592079806,0.2787063592079806,0.056666666666666664,-1.3850268312023618e-05
catalog_retargeting,Catalog / dynamic-product retargeting,meta_catalog_retargeting_02,2,"full flight, 5 selected EDPs",13,5,two_group_latent_mixture,Two-group mixture,21560000.0,26395851.977248773,0.2242974015421509,0.2242974015421509,0.056666666666666664,-1.3850268312023618e-05
catalog_retargeting,Catalog / dynamic-product retargeting,meta_catalog_retargeting_02,2,"full flight, 5 selected EDPs",13,5,pairwise_maxent_direct,Direct pair + higher-order inference,21560000.0,22118599.705547154,0.02590907725172328,0.02590907725172328,0.056666666666666664,-1.3850268312023618e-05
catalog_retargeting,Catalog / dynamic-product retargeting,meta_catalog_retargeting_02,2,"full flight, 5 selected EDPs",13,5,pairwise_maxent_mixture,Mixture pair + higher-order inference,21560000.0,20495248.09171848,0.04938552450285343,-0.04938552450285343,0.056666666666666664,-1.3850268312023618e-05
catalog_retargeting,Catalog / dynamic-product retargeting,meta_catalog_retargeting_02,2,"noncontiguous weeks, 5 EDPs",6,5,baseline_vid,Existing VID,13270000.0,15928830.959307646,0.20036405119123182,0.20036405119123182,0.028016666666666665,-4.3402913564541773e-07
catalog_retargeting,Catalog / dynamic-product retargeting,meta_catalog_retargeting_02,2,"noncontiguous weeks, 5 EDPs",6,5,pair_aware_fixed_plus_shared_log,Pair-aware fixed + log,13270000.0,15357871.261099815,0.15733769865107877,0.15733769865107877,0.028016666666666665,-4.3402913564541773e-07
catalog_retargeting,Catalog / dynamic-product retargeting,meta_catalog_retargeting_02,2,"noncontiguous weeks, 5 EDPs",6,5,two_group_latent_mixture,Two-group mixture,13270000.0,14959201.337394133,0.12729475036881185,0.12729475036881185,0.028016666666666665,-4.3402913564541773e-07
catalog_retargeting,Catalog / dynamic-product retargeting,meta_catalog_retargeting_02,2,"noncontiguous weeks, 5 EDPs",6,5,pairwise_maxent_direct,Direct pair + higher-order inference,13270000.0,13953746.412759513,0.05152572816575077,0.05152572816575077,0.028016666666666665,-4.3402913564541773e-07
catalog_retargeting,Catalog / dynamic-product retargeting,meta_catalog_retargeting_02,2,"noncontiguous weeks, 5 EDPs",6,5,pairwise_maxent_mixture,Mixture pair + higher-order inference,13270000.0,13020525.385823831,0.018799895567156673,-0.018799895567156673,0.028016666666666665,-4.3402913564541773e-07
catalog_retargeting,Catalog / dynamic-product retargeting,meta_catalog_retargeting_02,2,"weeks 1-3, 10 EDPs",3,10,baseline_vid,Existing VID,11130000.0,13518578.235979209,0.21460720898285793,0.21460720898285793,0.011733333333333333,-4.0549398561607505e-29
catalog_retargeting,Catalog / dynamic-product retargeting,meta_catalog_retargeting_02,2,"weeks 1-3, 10 EDPs",3,10,pair_aware_fixed_plus_shared_log,Pair-aware fixed + log,11130000.0,12821218.377220541,0.15195133667749697,0.15195133667749697,0.011733333333333333,-4.0549398561607505e-29
catalog_retargeting,Catalog / dynamic-product retargeting,meta_catalog_retargeting_02,2,"weeks 1-3, 10 EDPs",3,10,two_group_latent_mixture,Two-group mixture,11130000.0,12666304.615963325,0.13803275974513252,0.13803275974513252,0.011733333333333333,-4.0549398561607505e-29
catalog_retargeting,Catalog / dynamic-product retargeting,meta_catalog_retargeting_02,2,"weeks 1-3, 10 EDPs",3,10,pairwise_maxent_direct,Direct pair + higher-order inference,11130000.0,12326206.415493771,0.10747586841812862,0.10747586841812862,0.011733333333333333,-4.0549398561607505e-29
catalog_retargeting,Catalog / dynamic-product retargeting,meta_catalog_retargeting_02,2,"weeks 1-3, 10 EDPs",3,10,pairwise_maxent_mixture,Mixture pair + higher-order inference,11130000.0,11546091.289238393,0.03738466210587541,0.03738466210587541,0.011733333333333333,-4.0549398561607505e-29
catalog_retargeting,Catalog / dynamic-product retargeting,meta_catalog_retargeting_02,2,"weeks 1-12, 10 EDPs",12,10,baseline_vid,Existing VID,26500000.0,48875453.04086842,0.8443567185233365,0.8443567185233365,0.05065,-8.515049741013145e-21
catalog_retargeting,Catalog / dynamic-product retargeting,meta_catalog_retargeting_02,2,"weeks 1-12, 10 EDPs",12,10,pair_aware_fixed_plus_shared_log,Pair-aware fixed + log,26500000.0,39196083.9614653,0.4790975079798226,0.4790975079798226,0.05065,-8.515049741013145e-21
catalog_retargeting,Catalog / dynamic-product retargeting,meta_catalog_retargeting_02,2,"weeks 1-12, 10 EDPs",12,10,two_group_latent_mixture,Two-group mixture,26500000.0,37364551.47597046,0.4099830745649231,0.4099830745649231,0.05065,-8.515049741013145e-21
catalog_retargeting,Catalog / dynamic-product retargeting,meta_catalog_retargeting_02,2,"weeks 1-12, 10 EDPs",12,10,pairwise_maxent_direct,Direct pair + higher-order inference,26500000.0,30160226.25570056,0.13812174549813427,0.13812174549813427,0.05065,-8.515049741013145e-21
catalog_retargeting,Catalog / dynamic-product retargeting,meta_catalog_retargeting_02,2,"weeks 1-12, 10 EDPs",12,10,pairwise_maxent_mixture,Mixture pair + higher-order inference,26500000.0,26036640.659346282,0.017485258137876134,-0.017485258137876134,0.05065,-8.515049741013145e-21
catalog_retargeting,Catalog / dynamic-product retargeting,meta_catalog_retargeting_02,2,"full flight, 10 EDPs",13,10,baseline_vid,Existing VID,26750000.0,50243145.54134528,0.8782484314521601,0.8782484314521601,0.0525,-1.3401506935986382e-20
catalog_retargeting,Catalog / dynamic-product retargeting,meta_catalog_retargeting_02,2,"full flight, 10 EDPs",13,10,pair_aware_fixed_plus_shared_log,Pair-aware fixed + log,26750000.0,40286293.74535973,0.5060296727237283,0.5060296727237283,0.0525,-1.3401506935986382e-20
catalog_retargeting,Catalog / dynamic-product retargeting,meta_catalog_retargeting_02,2,"full flight, 10 EDPs",13,10,two_group_latent_mixture,Two-group mixture,26750000.0,38420981.60220307,0.4362983776524513,0.4362983776524513,0.0525,-1.3401506935986382e-20
catalog_retargeting,Catalog / dynamic-product retargeting,meta_catalog_retargeting_02,2,"full flight, 10 EDPs",13,10,pairwise_maxent_direct,Direct pair + higher-order inference,26750000.0,30670422.788242295,0.14655786124270262,0.14655786124270262,0.0525,-1.3401506935986382e-20
catalog_retargeting,Catalog / dynamic-product retargeting,meta_catalog_retargeting_02,2,"full flight, 10 EDPs",13,10,pairwise_maxent_mixture,Mixture pair + higher-order inference,26750000.0,26121984.10450536,0.02347722973811738,-0.02347722973811738,0.0525,-1.3401506935986382e-20
lookalike_prospecting,Lookalike prospecting,meta_lookalike_prospecting_00,0,"weeks 1-3, 2 EDPs",3,2,baseline_vid,Existing VID,16150000.0,16408761.666666675,0.01602239422084677,0.01602239422084677,0.07029166666666667,440014.9356714935
lookalike_prospecting,Lookalike prospecting,meta_lookalike_prospecting_00,0,"weeks 1-3, 2 EDPs",3,2,pair_aware_fixed_plus_shared_log,Pair-aware fixed + log,16150000.0,16349198.629908815,0.01233428048970991,0.01233428048970991,0.07029166666666667,440014.9356714935
lookalike_prospecting,Lookalike prospecting,meta_lookalike_prospecting_00,0,"weeks 1-3, 2 EDPs",3,2,two_group_latent_mixture,Two-group mixture,16150000.0,16276241.16824755,0.007816790603563512,0.007816790603563512,0.07029166666666667,440014.9356714935
lookalike_prospecting,Lookalike prospecting,meta_lookalike_prospecting_00,0,"weeks 1-3, 2 EDPs",3,2,pairwise_maxent_direct,Direct pair + higher-order inference,16150000.0,16095011.231016234,0.003404877336456126,-0.003404877336456126,0.07029166666666667,440014.9356714935
lookalike_prospecting,Lookalike prospecting,meta_lookalike_prospecting_00,0,"weeks 1-3, 2 EDPs",3,2,pairwise_maxent_mixture,Mixture pair + higher-order inference,16150000.0,16093449.937896207,0.0035015518330521996,-0.0035015518330521996,0.07029166666666667,440014.9356714935
lookalike_prospecting,Lookalike prospecting,meta_lookalike_prospecting_00,0,"weeks 5-12, 2 EDPs",8,2,baseline_vid,Existing VID,38900000.0,41476724.16666667,0.06623969580119979,0.06623969580119979,0.19083333333333333,3380052.3254192644
lookalike_prospecting,Lookalike prospecting,meta_lookalike_prospecting_00,0,"weeks 5-12, 2 EDPs",8,2,pair_aware_fixed_plus_shared_log,Pair-aware fixed + log,38900000.0,40529205.00961469,0.0418818768538481,0.0418818768538481,0.19083333333333333,3380052.3254192644
lookalike_prospecting,Lookalike prospecting,meta_lookalike_prospecting_00,0,"weeks 5-12, 2 EDPs",8,2,two_group_latent_mixture,Two-group mixture,38900000.0,40006236.169061825,0.02843794779079241,0.02843794779079241,0.19083333333333333,3380052.3254192644
lookalike_prospecting,Lookalike prospecting,meta_lookalike_prospecting_00,0,"weeks 5-12, 2 EDPs",8,2,pairwise_maxent_direct,Direct pair + higher-order inference,38900000.0,39396544.06494588,0.012764628918917137,0.012764628918917137,0.19083333333333333,3380052.3254192644
lookalike_prospecting,Lookalike prospecting,meta_lookalike_prospecting_00,0,"weeks 5-12, 2 EDPs",8,2,pairwise_maxent_mixture,Mixture pair + higher-order inference,38900000.0,39829249.982195064,0.023888174349487517,0.023888174349487517,0.19083333333333333,3380052.3254192644
lookalike_prospecting,Lookalike prospecting,meta_lookalike_prospecting_00,0,"full flight, 2 EDPs",13,2,baseline_vid,Existing VID,50220000.0,55776000.0,0.11063321385902031,0.11063321385902031,0.2683333333333333,7389577.93052957
lookalike_prospecting,Lookalike prospecting,meta_lookalike_prospecting_00,0,"full flight, 2 EDPs",13,2,pair_aware_fixed_plus_shared_log,Pair-aware fixed + log,50220000.0,52174135.240131944,0.03891149422803553,0.03891149422803553,0.2683333333333333,7389577.93052957
lookalike_prospecting,Lookalike prospecting,meta_lookalike_prospecting_00,0,"full flight, 2 EDPs",13,2,two_group_latent_mixture,Two-group mixture,50220000.0,51611453.12685095,0.02770715107230083,0.02770715107230083,0.2683333333333333,7389577.93052957
lookalike_prospecting,Lookalike prospecting,meta_lookalike_prospecting_00,0,"full flight, 2 EDPs",13,2,pairwise_maxent_direct,Direct pair + higher-order inference,50220000.0,50069828.730376855,0.0029902682123286633,-0.0029902682123286633,0.2683333333333333,7389577.93052957
lookalike_prospecting,Lookalike prospecting,meta_lookalike_prospecting_00,0,"full flight, 2 EDPs",13,2,pairwise_maxent_mixture,Mixture pair + higher-order inference,50220000.0,51346057.37953231,0.02242248864062739,0.02242248864062739,0.2683333333333333,7389577.93052957
lookalike_prospecting,Lookalike prospecting,meta_lookalike_prospecting_00,0,"weeks 7-13, 5 EDPs",7,5,baseline_vid,Existing VID,55360000.0,65896976.79363627,0.19033556346886327,0.19033556346886327,0.1464,29999.997893453903
lookalike_prospecting,Lookalike prospecting,meta_lookalike_prospecting_00,0,"weeks 7-13, 5 EDPs",7,5,pair_aware_fixed_plus_shared_log,Pair-aware fixed + log,55360000.0,64096802.94958921,0.15781797235529638,0.15781797235529638,0.1464,29999.997893453903
lookalike_prospecting,Lookalike prospecting,meta_lookalike_prospecting_00,0,"weeks 7-13, 5 EDPs",7,5,two_group_latent_mixture,Two-group mixture,55360000.0,61711025.441948585,0.11472228038201925,0.11472228038201925,0.1464,29999.997893453903
lookalike_prospecting,Lookalike prospecting,meta_lookalike_prospecting_00,0,"weeks 7-13, 5 EDPs",7,5,pairwise_maxent_direct,Direct pair + higher-order inference,55360000.0,57938143.15669393,0.04657050499808396,0.04657050499808396,0.1464,29999.997893453903
lookalike_prospecting,Lookalike prospecting,meta_lookalike_prospecting_00,0,"weeks 7-13, 5 EDPs",7,5,pairwise_maxent_mixture,Mixture pair + higher-order inference,55360000.0,58238450.03042829,0.05199512338201392,0.05199512338201392,0.1464,29999.997893453903
lookalike_prospecting,Lookalike prospecting,meta_lookalike_prospecting_00,0,"full flight, 5 selected EDPs",13,5,baseline_vid,Existing VID,61550000.0,77991710.72000001,0.2671277127538589,0.2671277127538589,0.18666666666666668,30000.993726201603
lookalike_prospecting,Lookalike prospecting,meta_lookalike_prospecting_00,0,"full flight, 5 selected EDPs",13,5,pair_aware_fixed_plus_shared_log,Pair-aware fixed + log,61550000.0,75690361.62348129,0.22973780054396895,0.22973780054396895,0.18666666666666668,30000.993726201603
lookalike_prospecting,Lookalike prospecting,meta_lookalike_prospecting_00,0,"full flight, 5 selected EDPs",13,5,two_group_latent_mixture,Two-group mixture,61550000.0,73571978.59627691,0.1953205295902016,0.1953205295902016,0.18666666666666668,30000.993726201603
lookalike_prospecting,Lookalike prospecting,meta_lookalike_prospecting_00,0,"full flight, 5 selected EDPs",13,5,pairwise_maxent_direct,Direct pair + higher-order inference,61550000.0,65706035.61030145,0.06752291812025102,0.06752291812025102,0.18666666666666668,30000.993726201603
lookalike_prospecting,Lookalike prospecting,meta_lookalike_prospecting_00,0,"full flight, 5 selected EDPs",13,5,pairwise_maxent_mixture,Mixture pair + higher-order inference,61550000.0,64592006.40781392,0.049423337251241616,0.049423337251241616,0.18666666666666668,30000.993726201603
lookalike_prospecting,Lookalike prospecting,meta_lookalike_prospecting_00,0,"noncontiguous weeks, 5 EDPs",6,5,baseline_vid,Existing VID,42340000.0,48958922.41872277,0.1563278795163621,0.1563278795163621,0.09885,-0.00026643396139944394
lookalike_prospecting,Lookalike prospecting,meta_lookalike_prospecting_00,0,"noncontiguous weeks, 5 EDPs",6,5,pair_aware_fixed_plus_shared_log,Pair-aware fixed + log,42340000.0,48627796.53764114,0.1485072399064983,0.1485072399064983,0.09885,-0.00026643396139944394
lookalike_prospecting,Lookalike prospecting,meta_lookalike_prospecting_00,0,"noncontiguous weeks, 5 EDPs",6,5,two_group_latent_mixture,Two-group mixture,42340000.0,47606711.04269196,0.12439090795210112,0.12439090795210112,0.09885,-0.00026643396139944394
lookalike_prospecting,Lookalike prospecting,meta_lookalike_prospecting_00,0,"noncontiguous weeks, 5 EDPs",6,5,pairwise_maxent_direct,Direct pair + higher-order inference,42340000.0,44313750.766123116,0.046616692633989515,0.046616692633989515,0.09885,-0.00026643396139944394
lookalike_prospecting,Lookalike prospecting,meta_lookalike_prospecting_00,0,"noncontiguous weeks, 5 EDPs",6,5,pairwise_maxent_mixture,Mixture pair + higher-order inference,42340000.0,42101264.30038066,0.005638538016517192,-0.005638538016517192,0.09885,-0.00026643396139944394
lookalike_prospecting,Lookalike prospecting,meta_lookalike_prospecting_00,0,"weeks 1-3, 10 EDPs",3,10,baseline_vid,Existing VID,28820000.0,32071536.727805737,0.11282223205432815,0.11282223205432815,0.030141666666666667,-7.895457937111312e-25
lookalike_prospecting,Lookalike prospecting,meta_lookalike_prospecting_00,0,"weeks 1-3, 10 EDPs",3,10,pair_aware_fixed_plus_shared_log,Pair-aware fixed + log,28820000.0,31563163.64738667,0.09518263870182755,0.09518263870182755,0.030141666666666667,-7.895457937111312e-25
lookalike_prospecting,Lookalike prospecting,meta_lookalike_prospecting_00,0,"weeks 1-3, 10 EDPs",3,10,two_group_latent_mixture,Two-group mixture,28820000.0,30828835.45062563,0.06970282618409536,0.06970282618409536,0.030141666666666667,-7.895457937111312e-25
lookalike_prospecting,Lookalike prospecting,meta_lookalike_prospecting_00,0,"weeks 1-3, 10 EDPs",3,10,pairwise_maxent_direct,Direct pair + higher-order inference,28820000.0,30321586.07601209,0.05210222331756037,0.05210222331756037,0.030141666666666667,-7.895457937111312e-25
lookalike_prospecting,Lookalike prospecting,meta_lookalike_prospecting_00,0,"weeks 1-3, 10 EDPs",3,10,pairwise_maxent_mixture,Mixture pair + higher-order inference,28820000.0,28574752.12130405,0.008509641870088477,-0.008509641870088477,0.030141666666666667,-7.895457937111312e-25
lookalike_prospecting,Lookalike prospecting,meta_lookalike_prospecting_00,0,"weeks 1-12, 10 EDPs",12,10,baseline_vid,Existing VID,76360000.0,101634957.47301559,0.3309973477346201,0.3309973477346201,0.16839166666666666,-2.144689605280424e-15
lookalike_prospecting,Lookalike prospecting,meta_lookalike_prospecting_00,0,"weeks 1-12, 10 EDPs",12,10,pair_aware_fixed_plus_shared_log,Pair-aware fixed + log,76360000.0,89698017.43883437,0.17467283183387072,0.17467283183387072,0.16839166666666666,-2.144689605280424e-15
lookalike_prospecting,Lookalike prospecting,meta_lookalike_prospecting_00,0,"weeks 1-12, 10 EDPs",12,10,two_group_latent_mixture,Two-group mixture,76360000.0,83964341.80439354,0.09958540864842254,0.09958540864842254,0.16839166666666666,-2.144689605280424e-15
lookalike_prospecting,Lookalike prospecting,meta_lookalike_prospecting_00,0,"weeks 1-12, 10 EDPs",12,10,pairwise_maxent_direct,Direct pair + higher-order inference,76360000.0,85946197.11002263,0.12553951165561333,0.12553951165561333,0.16839166666666666,-2.144689605280424e-15
lookalike_prospecting,Lookalike prospecting,meta_lookalike_prospecting_00,0,"weeks 1-12, 10 EDPs",12,10,pairwise_maxent_mixture,Mixture pair + higher-order inference,76360000.0,83195821.7236753,0.08952097595174562,0.08952097595174562,0.16839166666666666,-2.144689605280424e-15
lookalike_prospecting,Lookalike prospecting,meta_lookalike_prospecting_00,0,"full flight, 10 EDPs",13,10,baseline_vid,Existing VID,77240000.0,103044690.17344858,0.33408454393382414,0.33408454393382414,0.175,-3.556646636980292e-15
lookalike_prospecting,Lookalike prospecting,meta_lookalike_prospecting_00,0,"full flight, 10 EDPs",13,10,pair_aware_fixed_plus_shared_log,Pair-aware fixed + log,77240000.0,90491719.30682424,0.17156550112408386,0.17156550112408386,0.175,-3.556646636980292e-15
lookalike_prospecting,Lookalike prospecting,meta_lookalike_prospecting_00,0,"full flight, 10 EDPs",13,10,two_group_latent_mixture,Two-group mixture,77240000.0,85104349.07596377,0.1018170517343833,0.1018170517343833,0.175,-3.556646636980292e-15
lookalike_prospecting,Lookalike prospecting,meta_lookalike_prospecting_00,0,"full flight, 10 EDPs",13,10,pairwise_maxent_direct,Direct pair + higher-order inference,77240000.0,87004865.00593814,0.12642238485160723,0.12642238485160723,0.175,-3.556646636980292e-15
lookalike_prospecting,Lookalike prospecting,meta_lookalike_prospecting_00,0,"full flight, 10 EDPs",13,10,pairwise_maxent_mixture,Mixture pair + higher-order inference,77240000.0,84199029.01987581,0.09009618099269562,0.09009618099269562,0.175,-3.556646636980292e-15
lookalike_prospecting,Lookalike prospecting,meta_lookalike_prospecting_01,1,"weeks 1-3, 2 EDPs",3,2,baseline_vid,Existing VID,16880000.0,17496899.999999996,0.036546208530805466,0.036546208530805466,0.07575,709974.3733997996
lookalike_prospecting,Lookalike prospecting,meta_lookalike_prospecting_01,1,"weeks 1-3, 2 EDPs",3,2,pair_aware_fixed_plus_shared_log,Pair-aware fixed + log,16880000.0,17302983.797699854,0.02505828185425674,0.02505828185425674,0.07575,709974.3733997996
lookalike_prospecting,Lookalike prospecting,meta_lookalike_prospecting_01,1,"weeks 1-3, 2 EDPs",3,2,two_group_latent_mixture,Two-group mixture,16880000.0,17143022.762950853,0.015581917236424912,0.015581917236424912,0.07575,709974.3733997996
lookalike_prospecting,Lookalike prospecting,meta_lookalike_prospecting_01,1,"weeks 1-3, 2 EDPs",3,2,pairwise_maxent_direct,Direct pair + higher-order inference,16880000.0,16913729.813038632,0.0019982116729047555,0.0019982116729047555,0.07575,709974.3733997996
lookalike_prospecting,Lookalike prospecting,meta_lookalike_prospecting_01,1,"weeks 1-3, 2 EDPs",3,2,pairwise_maxent_mixture,Mixture pair + higher-order inference,16880000.0,16926632.695607066,0.002762600450655578,0.002762600450655578,0.07575,709974.3733997996
lookalike_prospecting,Lookalike prospecting,meta_lookalike_prospecting_01,1,"weeks 5-12, 2 EDPs",8,2,baseline_vid,Existing VID,35920000.0,37977887.49999999,0.057290854677059924,0.057290854677059924,0.17233333333333334,2699973.2075871383
lookalike_prospecting,Lookalike prospecting,meta_lookalike_prospecting_01,1,"weeks 5-12, 2 EDPs",8,2,pair_aware_fixed_plus_shared_log,Pair-aware fixed + log,35920000.0,37246547.826237425,0.03693061877052965,0.03693061877052965,0.17233333333333334,2699973.2075871383
lookalike_prospecting,Lookalike prospecting,meta_lookalike_prospecting_01,1,"weeks 5-12, 2 EDPs",8,2,two_group_latent_mixture,Two-group mixture,35920000.0,36768542.25230691,0.023623113928366045,0.023623113928366045,0.17233333333333334,2699973.2075871383
lookalike_prospecting,Lookalike prospecting,meta_lookalike_prospecting_01,1,"weeks 5-12, 2 EDPs",8,2,pairwise_maxent_direct,Direct pair + higher-order inference,35920000.0,36286649.470632955,0.0102073906078217,0.0102073906078217,0.17233333333333334,2699973.2075871383
lookalike_prospecting,Lookalike prospecting,meta_lookalike_prospecting_01,1,"weeks 5-12, 2 EDPs",8,2,pairwise_maxent_mixture,Mixture pair + higher-order inference,35920000.0,36590725.79196611,0.018672767036918444,0.018672767036918444,0.17233333333333334,2699973.2075871383
lookalike_prospecting,Lookalike prospecting,meta_lookalike_prospecting_01,1,"full flight, 2 EDPs",13,2,baseline_vid,Existing VID,50080000.0,55776000.0,0.11373801916932907,0.11373801916932907,0.2683333333333333,7120206.93052957
lookalike_prospecting,Lookalike prospecting,meta_lookalike_prospecting_01,1,"full flight, 2 EDPs",13,2,pair_aware_fixed_plus_shared_log,Pair-aware fixed + log,50080000.0,52606260.63675143,0.050444501532576444,0.050444501532576444,0.2683333333333333,7120206.93052957
lookalike_prospecting,Lookalike prospecting,meta_lookalike_prospecting_01,1,"full flight, 2 EDPs",13,2,two_group_latent_mixture,Two-group mixture,50080000.0,52064995.67702912,0.039636495148345004,0.039636495148345004,0.2683333333333333,7120206.93052957
lookalike_prospecting,Lookalike prospecting,meta_lookalike_prospecting_01,1,"full flight, 2 EDPs",13,2,pairwise_maxent_direct,Direct pair + higher-order inference,50080000.0,50592180.637672365,0.010227249154799615,0.010227249154799615,0.2683333333333333,7120206.93052957
lookalike_prospecting,Lookalike prospecting,meta_lookalike_prospecting_01,1,"full flight, 2 EDPs",13,2,pairwise_maxent_mixture,Mixture pair + higher-order inference,50080000.0,51821880.99973497,0.03478196884454808,0.03478196884454808,0.2683333333333333,7120206.93052957
lookalike_prospecting,Lookalike prospecting,meta_lookalike_prospecting_01,1,"weeks 7-13, 5 EDPs",7,5,baseline_vid,Existing VID,64490000.0,79000236.27168204,0.22499978712485716,0.22499978712485716,0.19311666666666666,99999.98961544232
lookalike_prospecting,Lookalike prospecting,meta_lookalike_prospecting_01,1,"weeks 7-13, 5 EDPs",7,5,pair_aware_fixed_plus_shared_log,Pair-aware fixed + log,64490000.0,78931070.90958256,0.2239272896508382,0.2239272896508382,0.19311666666666666,99999.98961544232
lookalike_prospecting,Lookalike prospecting,meta_lookalike_prospecting_01,1,"weeks 7-13, 5 EDPs",7,5,two_group_latent_mixture,Two-group mixture,64490000.0,77817328.61361828,0.20665728971341735,0.20665728971341735,0.19311666666666666,99999.98961544232
lookalike_prospecting,Lookalike prospecting,meta_lookalike_prospecting_01,1,"weeks 7-13, 5 EDPs",7,5,pairwise_maxent_direct,Direct pair + higher-order inference,64490000.0,69423087.99357659,0.07649384390721951,0.07649384390721951,0.19311666666666666,99999.98961544232
lookalike_prospecting,Lookalike prospecting,meta_lookalike_prospecting_01,1,"weeks 7-13, 5 EDPs",7,5,pairwise_maxent_mixture,Mixture pair + higher-order inference,64490000.0,70425807.17671716,0.09204228836590421,0.09204228836590421,0.19311666666666666,99999.98961544232
lookalike_prospecting,Lookalike prospecting,meta_lookalike_prospecting_01,1,"full flight, 5 selected EDPs",13,5,baseline_vid,Existing VID,62110000.0,77991710.72000001,0.2557029579777816,0.2557029579777816,0.18666666666666668,9999.993726201605
lookalike_prospecting,Lookalike prospecting,meta_lookalike_prospecting_01,1,"full flight, 5 selected EDPs",13,5,pair_aware_fixed_plus_shared_log,Pair-aware fixed + log,62110000.0,75585583.32005028,0.21696318338512774,0.21696318338512774,0.18666666666666668,9999.993726201605
lookalike_prospecting,Lookalike prospecting,meta_lookalike_prospecting_01,1,"full flight, 5 selected EDPs",13,5,two_group_latent_mixture,Two-group mixture,62110000.0,75114419.2684927,0.20937722216217516,0.20937722216217516,0.18666666666666668,9999.993726201605
lookalike_prospecting,Lookalike prospecting,meta_lookalike_prospecting_01,1,"full flight, 5 selected EDPs",13,5,pairwise_maxent_direct,Direct pair + higher-order inference,62110000.0,68064474.18699318,0.09586981463521464,0.09586981463521464,0.18666666666666668,9999.993726201605
lookalike_prospecting,Lookalike prospecting,meta_lookalike_prospecting_01,1,"full flight, 5 selected EDPs",13,5,pairwise_maxent_mixture,Mixture pair + higher-order inference,62110000.0,66824674.84920715,0.0759084664177612,0.0759084664177612,0.18666666666666668,9999.993726201605
lookalike_prospecting,Lookalike prospecting,meta_lookalike_prospecting_01,1,"noncontiguous weeks, 5 EDPs",6,5,baseline_vid,Existing VID,37460000.0,42717531.96350826,0.1403505596238191,0.1403505596238191,0.08383333333333333,-0.00011995200045874114
lookalike_prospecting,Lookalike prospecting,meta_lookalike_prospecting_01,1,"noncontiguous weeks, 5 EDPs",6,5,pair_aware_fixed_plus_shared_log,Pair-aware fixed + log,37460000.0,42558067.06613597,0.13609362162669442,0.13609362162669442,0.08383333333333333,-0.00011995200045874114
lookalike_prospecting,Lookalike prospecting,meta_lookalike_prospecting_01,1,"noncontiguous weeks, 5 EDPs",6,5,two_group_latent_mixture,Two-group mixture,37460000.0,42040119.25329356,0.12226693148140841,0.12226693148140841,0.08383333333333333,-0.00011995200045874114
lookalike_prospecting,Lookalike prospecting,meta_lookalike_prospecting_01,1,"noncontiguous weeks, 5 EDPs",6,5,pairwise_maxent_direct,Direct pair + higher-order inference,37460000.0,41026241.40649058,0.09520131891325626,0.09520131891325626,0.08383333333333333,-0.00011995200045874114
lookalike_prospecting,Lookalike prospecting,meta_lookalike_prospecting_01,1,"noncontiguous weeks, 5 EDPs",6,5,pairwise_maxent_mixture,Mixture pair + higher-order inference,37460000.0,39757710.403877065,0.06133770432133114,0.06133770432133114,0.08383333333333333,-0.00011995200045874114
lookalike_prospecting,Lookalike prospecting,meta_lookalike_prospecting_01,1,"weeks 1-3, 10 EDPs",3,10,baseline_vid,Existing VID,32640000.0,37195718.80184294,0.1395747181937176,0.1395747181937176,0.035908333333333334,-6.870329296771088e-24
lookalike_prospecting,Lookalike prospecting,meta_lookalike_prospecting_01,1,"weeks 1-3, 10 EDPs",3,10,pair_aware_fixed_plus_shared_log,Pair-aware fixed + log,32640000.0,36422002.16932495,0.11587016450137713,0.11587016450137713,0.035908333333333334,-6.870329296771088e-24
lookalike_prospecting,Lookalike prospecting,meta_lookalike_prospecting_01,1,"weeks 1-3, 10 EDPs",3,10,two_group_latent_mixture,Two-group mixture,32640000.0,35705699.32418698,0.09392461164788544,0.09392461164788544,0.035908333333333334,-6.870329296771088e-24
lookalike_prospecting,Lookalike prospecting,meta_lookalike_prospecting_01,1,"weeks 1-3, 10 EDPs",3,10,pairwise_maxent_direct,Direct pair + higher-order inference,32640000.0,35194666.34408012,0.0782679639730429,0.0782679639730429,0.035908333333333334,-6.870329296771088e-24
lookalike_prospecting,Lookalike prospecting,meta_lookalike_prospecting_01,1,"weeks 1-3, 10 EDPs",3,10,pairwise_maxent_mixture,Mixture pair + higher-order inference,32640000.0,33363115.787872076,0.022154282716668996,0.022154282716668996,0.035908333333333334,-6.870329296771088e-24
lookalike_prospecting,Lookalike prospecting,meta_lookalike_prospecting_01,1,"weeks 1-12, 10 EDPs",12,10,baseline_vid,Existing VID,76100000.0,100501186.22109145,0.3206463366766288,0.3206463366766288,0.163875,-1.90578928537108e-15
lookalike_prospecting,Lookalike prospecting,meta_lookalike_prospecting_01,1,"weeks 1-12, 10 EDPs",12,10,pair_aware_fixed_plus_shared_log,Pair-aware fixed + log,76100000.0,90403284.18268803,0.1879538000353223,0.1879538000353223,0.163875,-1.90578928537108e-15
lookalike_prospecting,Lookalike prospecting,meta_lookalike_prospecting_01,1,"weeks 1-12, 10 EDPs",12,10,two_group_latent_mixture,Two-group mixture,76100000.0,85212940.77268523,0.11974955023239461,0.11974955023239461,0.163875,-1.90578928537108e-15
lookalike_prospecting,Lookalike prospecting,meta_lookalike_prospecting_01,1,"weeks 1-12, 10 EDPs",12,10,pairwise_maxent_direct,Direct pair + higher-order inference,76100000.0,87436265.8803176,0.1489653860751327,0.1489653860751327,0.163875,-1.90578928537108e-15
lookalike_prospecting,Lookalike prospecting,meta_lookalike_prospecting_01,1,"weeks 1-12, 10 EDPs",12,10,pairwise_maxent_mixture,Mixture pair + higher-order inference,76100000.0,83931077.85445157,0.10290509664193911,0.10290509664193911,0.163875,-1.90578928537108e-15
lookalike_prospecting,Lookalike prospecting,meta_lookalike_prospecting_01,1,"full flight, 10 EDPs",13,10,baseline_vid,Existing VID,77870000.0,103044690.17344858,0.3232912568826066,0.3232912568826066,0.175,-3.556646636980292e-15
lookalike_prospecting,Lookalike prospecting,meta_lookalike_prospecting_01,1,"full flight, 10 EDPs",13,10,pair_aware_fixed_plus_shared_log,Pair-aware fixed + log,77870000.0,91827055.99005666,0.17923534082517867,0.17923534082517867,0.175,-3.556646636980292e-15
lookalike_prospecting,Lookalike prospecting,meta_lookalike_prospecting_01,1,"full flight, 10 EDPs",13,10,two_group_latent_mixture,Two-group mixture,77870000.0,87537824.45844002,0.1241533897321179,0.1241533897321179,0.175,-3.556646636980292e-15
lookalike_prospecting,Lookalike prospecting,meta_lookalike_prospecting_01,1,"full flight, 10 EDPs",13,10,pairwise_maxent_direct,Direct pair + higher-order inference,77870000.0,89262770.22306901,0.1463049983699629,0.1463049983699629,0.175,-3.556646636980292e-15
lookalike_prospecting,Lookalike prospecting,meta_lookalike_prospecting_01,1,"full flight, 10 EDPs",13,10,pairwise_maxent_mixture,Mixture pair + higher-order inference,77870000.0,86124718.10503024,0.1060063966229644,0.1060063966229644,0.175,-3.556646636980292e-15
lookalike_prospecting,Lookalike prospecting,meta_lookalike_prospecting_02,2,"weeks 1-3, 2 EDPs",3,2,baseline_vid,Existing VID,9910000.0,9930800.000000017,0.002098890010092509,0.002098890010092509,0.041916666666666665,70030.31747385931
lookalike_prospecting,Lookalike prospecting,meta_lookalike_prospecting_02,2,"weeks 1-3, 2 EDPs",3,2,pair_aware_fixed_plus_shared_log,Pair-aware fixed + log,9910000.0,9931012.277038738,0.0021203104983590444,0.0021203104983590444,0.041916666666666665,70030.31747385931
lookalike_prospecting,Lookalike prospecting,meta_lookalike_prospecting_02,2,"weeks 1-3, 2 EDPs",3,2,two_group_latent_mixture,Two-group mixture,9910000.0,9930829.637430653,0.0021018806690870813,0.0021018806690870813,0.041916666666666665,70030.31747385931
lookalike_prospecting,Lookalike prospecting,meta_lookalike_prospecting_02,2,"weeks 1-3, 2 EDPs",3,2,pairwise_maxent_direct,Direct pair + higher-order inference,9910000.0,9941066.089149684,0.0031348223158106673,0.0031348223158106673,0.041916666666666665,70030.31747385931
lookalike_prospecting,Lookalike prospecting,meta_lookalike_prospecting_02,2,"weeks 1-3, 2 EDPs",3,2,pairwise_maxent_mixture,Mixture pair + higher-order inference,9910000.0,9936200.049323902,0.0026437991245107503,0.0026437991245107503,0.041916666666666665,70030.31747385931
lookalike_prospecting,Lookalike prospecting,meta_lookalike_prospecting_02,2,"weeks 5-12, 2 EDPs",8,2,baseline_vid,Existing VID,38840000.0,41906122.50000001,0.07894239186405787,0.07894239186405787,0.19275,3859768.0187186566
lookalike_prospecting,Lookalike prospecting,meta_lookalike_prospecting_02,2,"weeks 5-12, 2 EDPs",8,2,pair_aware_fixed_plus_shared_log,Pair-aware fixed + log,38840000.0,40281918.885544166,0.0371245851066984,0.0371245851066984,0.19275,3859768.0187186566
lookalike_prospecting,Lookalike prospecting,meta_lookalike_prospecting_02,2,"weeks 5-12, 2 EDPs",8,2,two_group_latent_mixture,Two-group mixture,38840000.0,39680749.11736809,0.021646475730383294,0.021646475730383294,0.19275,3859768.0187186566
lookalike_prospecting,Lookalike prospecting,meta_lookalike_prospecting_02,2,"weeks 5-12, 2 EDPs",8,2,pairwise_maxent_direct,Direct pair + higher-order inference,38840000.0,38946092.39505236,0.0027315240744685506,0.0027315240744685506,0.19275,3859768.0187186566
lookalike_prospecting,Lookalike prospecting,meta_lookalike_prospecting_02,2,"weeks 5-12, 2 EDPs",8,2,pairwise_maxent_mixture,Mixture pair + higher-order inference,38840000.0,39441949.72845703,0.01549819074297203,0.01549819074297203,0.19275,3859768.0187186566
lookalike_prospecting,Lookalike prospecting,meta_lookalike_prospecting_02,2,"full flight, 2 EDPs",13,2,baseline_vid,Existing VID,50050000.0,55776000.0,0.1144055944055944,0.1144055944055944,0.2683333333333333,7179848.93052957
lookalike_prospecting,Lookalike prospecting,meta_lookalike_prospecting_02,2,"full flight, 2 EDPs",13,2,pair_aware_fixed_plus_shared_log,Pair-aware fixed + log,50050000.0,52510672.13008621,0.04916427832340087,0.04916427832340087,0.2683333333333333,7179848.93052957
lookalike_prospecting,Lookalike prospecting,meta_lookalike_prospecting_02,2,"full flight, 2 EDPs",13,2,two_group_latent_mixture,Two-group mixture,50050000.0,51964665.36264904,0.03825505220077999,0.03825505220077999,0.2683333333333333,7179848.93052957
lookalike_prospecting,Lookalike prospecting,meta_lookalike_prospecting_02,2,"full flight, 2 EDPs",13,2,pairwise_maxent_direct,Direct pair + higher-order inference,50050000.0,50476525.85303338,0.008521995065601973,0.008521995065601973,0.2683333333333333,7179848.93052957
lookalike_prospecting,Lookalike prospecting,meta_lookalike_prospecting_02,2,"full flight, 2 EDPs",13,2,pairwise_maxent_mixture,Mixture pair + higher-order inference,50050000.0,51716528.09456132,0.03329726462659987,0.03329726462659987,0.2683333333333333,7179848.93052957
lookalike_prospecting,Lookalike prospecting,meta_lookalike_prospecting_02,2,"weeks 7-13, 5 EDPs",7,5,baseline_vid,Existing VID,59590000.0,72185062.12064046,0.21136200907267086,0.21136200907267086,0.16655,49999.99599483134
lookalike_prospecting,Lookalike prospecting,meta_lookalike_prospecting_02,2,"weeks 7-13, 5 EDPs",7,5,pair_aware_fixed_plus_shared_log,Pair-aware fixed + log,59590000.0,69460909.14447215,0.16564707408075435,0.16564707408075435,0.16655,49999.99599483134
lookalike_prospecting,Lookalike prospecting,meta_lookalike_prospecting_02,2,"weeks 7-13, 5 EDPs",7,5,two_group_latent_mixture,Two-group mixture,59590000.0,68754079.42673029,0.15378552486541852,0.15378552486541852,0.16655,49999.99599483134
lookalike_prospecting,Lookalike prospecting,meta_lookalike_prospecting_02,2,"weeks 7-13, 5 EDPs",7,5,pairwise_maxent_direct,Direct pair + higher-order inference,59590000.0,62744560.602523975,0.05293775134290946,0.05293775134290946,0.16655,49999.99599483134
lookalike_prospecting,Lookalike prospecting,meta_lookalike_prospecting_02,2,"weeks 7-13, 5 EDPs",7,5,pairwise_maxent_mixture,Mixture pair + higher-order inference,59590000.0,63680938.43120839,0.06865142525941244,0.06865142525941244,0.16655,49999.99599483134
lookalike_prospecting,Lookalike prospecting,meta_lookalike_prospecting_02,2,"full flight, 5 selected EDPs",13,5,baseline_vid,Existing VID,61890000.0,77991710.72000001,0.26016659751171456,0.26016659751171456,0.18666666666666668,29999.993726201603
lookalike_prospecting,Lookalike prospecting,meta_lookalike_prospecting_02,2,"full flight, 5 selected EDPs",13,5,pair_aware_fixed_plus_shared_log,Pair-aware fixed + log,61890000.0,75647871.22589359,0.22229554412495697,0.22229554412495697,0.18666666666666668,29999.993726201603
lookalike_prospecting,Lookalike prospecting,meta_lookalike_prospecting_02,2,"full flight, 5 selected EDPs",13,5,two_group_latent_mixture,Two-group mixture,61890000.0,73370733.77568886,0.185502242295829,0.185502242295829,0.18666666666666668,29999.993726201603
lookalike_prospecting,Lookalike prospecting,meta_lookalike_prospecting_02,2,"full flight, 5 selected EDPs",13,5,pairwise_maxent_direct,Direct pair + higher-order inference,61890000.0,65842785.03247012,0.06386791133414318,0.06386791133414318,0.18666666666666668,29999.993726201603
lookalike_prospecting,Lookalike prospecting,meta_lookalike_prospecting_02,2,"full flight, 5 selected EDPs",13,5,pairwise_maxent_mixture,Mixture pair + higher-order inference,61890000.0,64455108.22894157,0.04144624703411807,0.04144624703411807,0.18666666666666668,29999.993726201603
lookalike_prospecting,Lookalike prospecting,meta_lookalike_prospecting_02,2,"noncontiguous weeks, 5 EDPs",6,5,baseline_vid,Existing VID,42160000.0,49010641.30442304,0.16249149204039473,0.16249149204039473,0.09921666666666666,-0.0003048220078084367
lookalike_prospecting,Lookalike prospecting,meta_lookalike_prospecting_02,2,"noncontiguous weeks, 5 EDPs",6,5,pair_aware_fixed_plus_shared_log,Pair-aware fixed + log,42160000.0,48698089.33314276,0.1550780202358339,0.1550780202358339,0.09921666666666666,-0.0003048220078084367
lookalike_prospecting,Lookalike prospecting,meta_lookalike_prospecting_02,2,"noncontiguous weeks, 5 EDPs",6,5,two_group_latent_mixture,Two-group mixture,42160000.0,47986735.19018318,0.13820529388480024,0.13820529388480024,0.09921666666666666,-0.0003048220078084367
lookalike_prospecting,Lookalike prospecting,meta_lookalike_prospecting_02,2,"noncontiguous weeks, 5 EDPs",6,5,pairwise_maxent_direct,Direct pair + higher-order inference,42160000.0,45783658.61436038,0.08595015688710572,0.08595015688710572,0.09921666666666666,-0.0003048220078084367
lookalike_prospecting,Lookalike prospecting,meta_lookalike_prospecting_02,2,"noncontiguous weeks, 5 EDPs",6,5,pairwise_maxent_mixture,Mixture pair + higher-order inference,42160000.0,43642843.96897252,0.03517182089593261,0.03517182089593261,0.09921666666666666,-0.0003048220078084367
lookalike_prospecting,Lookalike prospecting,meta_lookalike_prospecting_02,2,"weeks 1-3, 10 EDPs",3,10,baseline_vid,Existing VID,34370000.0,38913258.18429859,0.13218673797784666,0.13218673797784666,0.037983333333333334,-2.1975063968462222e-23
lookalike_prospecting,Lookalike prospecting,meta_lookalike_prospecting_02,2,"weeks 1-3, 10 EDPs",3,10,pair_aware_fixed_plus_shared_log,Pair-aware fixed + log,34370000.0,38425456.674803615,0.11799408422471966,0.11799408422471966,0.037983333333333334,-2.1975063968462222e-23
lookalike_prospecting,Lookalike prospecting,meta_lookalike_prospecting_02,2,"weeks 1-3, 10 EDPs",3,10,two_group_latent_mixture,Two-group mixture,34370000.0,37566093.493034914,0.09299079118518808,0.09299079118518808,0.037983333333333334,-2.1975063968462222e-23
lookalike_prospecting,Lookalike prospecting,meta_lookalike_prospecting_02,2,"weeks 1-3, 10 EDPs",3,10,pairwise_maxent_direct,Direct pair + higher-order inference,34370000.0,37008103.98085527,0.07675600758962092,0.07675600758962092,0.037983333333333334,-2.1975063968462222e-23
lookalike_prospecting,Lookalike prospecting,meta_lookalike_prospecting_02,2,"weeks 1-3, 10 EDPs",3,10,pairwise_maxent_mixture,Mixture pair + higher-order inference,34370000.0,34625028.9088452,0.007420102090346265,0.007420102090346265,0.037983333333333334,-2.1975063968462222e-23
lookalike_prospecting,Lookalike prospecting,meta_lookalike_prospecting_02,2,"weeks 1-12, 10 EDPs",12,10,baseline_vid,Existing VID,74740000.0,99485391.60353696,0.33108632062532733,0.33108632062532733,0.159675,-1.451957583700969e-15
lookalike_prospecting,Lookalike prospecting,meta_lookalike_prospecting_02,2,"weeks 1-12, 10 EDPs",12,10,pair_aware_fixed_plus_shared_log,Pair-aware fixed + log,74740000.0,88679750.83079216,0.18650991210586243,0.18650991210586243,0.159675,-1.451957583700969e-15
lookalike_prospecting,Lookalike prospecting,meta_lookalike_prospecting_02,2,"weeks 1-12, 10 EDPs",12,10,two_group_latent_mixture,Two-group mixture,74740000.0,82695570.03670804,0.10644327049381913,0.10644327049381913,0.159675,-1.451957583700969e-15
lookalike_prospecting,Lookalike prospecting,meta_lookalike_prospecting_02,2,"weeks 1-12, 10 EDPs",12,10,pairwise_maxent_direct,Direct pair + higher-order inference,74740000.0,84503294.88271776,0.13063011617230075,0.13063011617230075,0.159675,-1.451957583700969e-15
lookalike_prospecting,Lookalike prospecting,meta_lookalike_prospecting_02,2,"weeks 1-12, 10 EDPs",12,10,pairwise_maxent_mixture,Mixture pair + higher-order inference,74740000.0,81207284.82974935,0.08653043657679081,0.08653043657679081,0.159675,-1.451957583700969e-15
lookalike_prospecting,Lookalike prospecting,meta_lookalike_prospecting_02,2,"full flight, 10 EDPs",13,10,baseline_vid,Existing VID,77500000.0,103044690.17344858,0.32960890546385263,0.32960890546385263,0.175,-3.556646636980292e-15
lookalike_prospecting,Lookalike prospecting,meta_lookalike_prospecting_02,2,"full flight, 10 EDPs",13,10,pair_aware_fixed_plus_shared_log,Pair-aware fixed + log,77500000.0,90711632.3935396,0.17047267604567215,0.17047267604567215,0.175,-3.556646636980292e-15
lookalike_prospecting,Lookalike prospecting,meta_lookalike_prospecting_02,2,"full flight, 10 EDPs",13,10,two_group_latent_mixture,Two-group mixture,77500000.0,85616391.01260088,0.10472762596904366,0.10472762596904366,0.175,-3.556646636980292e-15
lookalike_prospecting,Lookalike prospecting,meta_lookalike_prospecting_02,2,"full flight, 10 EDPs",13,10,pairwise_maxent_direct,Direct pair + higher-order inference,77500000.0,86910340.07008407,0.12142374283979439,0.12142374283979439,0.175,-3.556646636980292e-15
lookalike_prospecting,Lookalike prospecting,meta_lookalike_prospecting_02,2,"full flight, 10 EDPs",13,10,pairwise_maxent_mixture,Mixture pair + higher-order inference,77500000.0,84179028.01912291,0.08618100669836018,0.08618100669836018,0.175,-3.556646636980292e-15
advantage_audience_expansion,Advantage+ audience expansion,meta_advantage_audience_expansion_00,0,"weeks 1-3, 2 EDPs",3,2,baseline_vid,Existing VID,3940000.0,3917721.666666667,0.00565439932318097,-0.00565439932318097,0.016458333333333332,10064.625928034482
advantage_audience_expansion,Advantage+ audience expansion,meta_advantage_audience_expansion_00,0,"weeks 1-3, 2 EDPs",3,2,pair_aware_fixed_plus_shared_log,Pair-aware fixed + log,3940000.0,3917723.73271206,0.005653874946177611,-0.005653874946177611,0.016458333333333332,10064.625928034482
advantage_audience_expansion,Advantage+ audience expansion,meta_advantage_audience_expansion_00,0,"weeks 1-3, 2 EDPs",3,2,two_group_latent_mixture,Two-group mixture,3940000.0,3917723.158735141,0.005654020625598691,-0.005654020625598691,0.016458333333333332,10064.625928034482
advantage_audience_expansion,Advantage+ audience expansion,meta_advantage_audience_expansion_00,0,"weeks 1-3, 2 EDPs",3,2,pairwise_maxent_direct,Direct pair + higher-order inference,3940000.0,3932100.247069016,0.0020050134342598732,-0.0020050134342598732,0.016458333333333332,10064.625928034482
advantage_audience_expansion,Advantage+ audience expansion,meta_advantage_audience_expansion_00,0,"weeks 1-3, 2 EDPs",3,2,pairwise_maxent_mixture,Mixture pair + higher-order inference,3940000.0,3930845.0742386878,0.0023235852186071692,-0.0023235852186071692,0.016458333333333332,10064.625928034482
advantage_audience_expansion,Advantage+ audience expansion,meta_advantage_audience_expansion_00,0,"weeks 5-12, 2 EDPs",8,2,baseline_vid,Existing VID,52540000.0,56620296.66666666,0.07766076640020284,0.07766076640020284,0.27295833333333336,6489911.464253203
advantage_audience_expansion,Advantage+ audience expansion,meta_advantage_audience_expansion_00,0,"weeks 5-12, 2 EDPs",8,2,pair_aware_fixed_plus_shared_log,Pair-aware fixed + log,52540000.0,54678908.77840613,0.040710102367836475,0.040710102367836475,0.27295833333333336,6489911.464253203
advantage_audience_expansion,Advantage+ audience expansion,meta_advantage_audience_expansion_00,0,"weeks 5-12, 2 EDPs",8,2,two_group_latent_mixture,Two-group mixture,52540000.0,54214265.40526601,0.03186649039333859,0.03186649039333859,0.27295833333333336,6489911.464253203
advantage_audience_expansion,Advantage+ audience expansion,meta_advantage_audience_expansion_00,0,"weeks 5-12, 2 EDPs",8,2,pairwise_maxent_direct,Direct pair + higher-order inference,52540000.0,52911305.951865055,0.007067109856586499,0.007067109856586499,0.27295833333333336,6489911.464253203
advantage_audience_expansion,Advantage+ audience expansion,meta_advantage_audience_expansion_00,0,"weeks 5-12, 2 EDPs",8,2,pairwise_maxent_mixture,Mixture pair + higher-order inference,52540000.0,54045187.612805605,0.028648412881720688,0.028648412881720688,0.27295833333333336,6489911.464253203
advantage_audience_expansion,Advantage+ audience expansion,meta_advantage_audience_expansion_00,0,"full flight, 2 EDPs",13,2,baseline_vid,Existing VID,61040000.0,67044500.0,0.09836992136304062,0.09836992136304062,0.3355416666666667,9949401.164835658
advantage_audience_expansion,Advantage+ audience expansion,meta_advantage_audience_expansion_00,0,"full flight, 2 EDPs",13,2,pair_aware_fixed_plus_shared_log,Pair-aware fixed + log,61040000.0,63283552.91889101,0.03675545411027216,0.03675545411027216,0.3355416666666667,9949401.164835658
advantage_audience_expansion,Advantage+ audience expansion,meta_advantage_audience_expansion_00,0,"full flight, 2 EDPs",13,2,two_group_latent_mixture,Two-group mixture,61040000.0,63154340.10794008,0.03463859940924112,0.03463859940924112,0.3355416666666667,9949401.164835658
advantage_audience_expansion,Advantage+ audience expansion,meta_advantage_audience_expansion_00,0,"full flight, 2 EDPs",13,2,pairwise_maxent_direct,Direct pair + higher-order inference,61040000.0,60936107.145757884,0.0017020454495759536,-0.0017020454495759536,0.3355416666666667,9949401.164835658
advantage_audience_expansion,Advantage+ audience expansion,meta_advantage_audience_expansion_00,0,"full flight, 2 EDPs",13,2,pairwise_maxent_mixture,Mixture pair + higher-order inference,61040000.0,62953580.851809695,0.03134962077014573,0.03134962077014573,0.3355416666666667,9949401.164835658
advantage_audience_expansion,Advantage+ audience expansion,meta_advantage_audience_expansion_00,0,"weeks 7-13, 5 EDPs",7,5,baseline_vid,Existing VID,68200000.0,79092689.11624263,0.1597168492117688,0.1597168492117688,0.19195,49999.99157831805
advantage_audience_expansion,Advantage+ audience expansion,meta_advantage_audience_expansion_00,0,"weeks 7-13, 5 EDPs",7,5,pair_aware_fixed_plus_shared_log,Pair-aware fixed + log,68200000.0,76779058.91401725,0.12579265269820009,0.12579265269820009,0.19195,49999.99157831805
advantage_audience_expansion,Advantage+ audience expansion,meta_advantage_audience_expansion_00,0,"weeks 7-13, 5 EDPs",7,5,two_group_latent_mixture,Two-group mixture,68200000.0,76217660.72295108,0.11756100766790446,0.11756100766790446,0.19195,49999.99157831805
advantage_audience_expansion,Advantage+ audience expansion,meta_advantage_audience_expansion_00,0,"weeks 7-13, 5 EDPs",7,5,pairwise_maxent_direct,Direct pair + higher-order inference,68200000.0,70088805.44894917,0.027695094559372038,0.027695094559372038,0.19195,49999.99157831805
advantage_audience_expansion,Advantage+ audience expansion,meta_advantage_audience_expansion_00,0,"weeks 7-13, 5 EDPs",7,5,pairwise_maxent_mixture,Mixture pair + higher-order inference,68200000.0,71361282.76857805,0.046353119773871736,0.046353119773871736,0.19195,49999.99157831805
advantage_audience_expansion,Advantage+ audience expansion,meta_advantage_audience_expansion_00,0,"full flight, 5 selected EDPs",13,5,baseline_vid,Existing VID,72800000.0,89340883.49529545,0.22720993812219026,0.22720993812219026,0.23445,59999.98022444881
advantage_audience_expansion,Advantage+ audience expansion,meta_advantage_audience_expansion_00,0,"full flight, 5 selected EDPs",13,5,pair_aware_fixed_plus_shared_log,Pair-aware fixed + log,72800000.0,86470826.6130945,0.1877860798501991,0.1877860798501991,0.23445,59999.98022444881
advantage_audience_expansion,Advantage+ audience expansion,meta_advantage_audience_expansion_00,0,"full flight, 5 selected EDPs",13,5,two_group_latent_mixture,Two-group mixture,72800000.0,86155955.78179376,0.18346093106859557,0.18346093106859557,0.23445,59999.98022444881
advantage_audience_expansion,Advantage+ audience expansion,meta_advantage_audience_expansion_00,0,"full flight, 5 selected EDPs",13,5,pairwise_maxent_direct,Direct pair + higher-order inference,72800000.0,75099272.94792217,0.031583419614315524,0.031583419614315524,0.23445,59999.98022444881
advantage_audience_expansion,Advantage+ audience expansion,meta_advantage_audience_expansion_00,0,"full flight, 5 selected EDPs",13,5,pairwise_maxent_mixture,Mixture pair + higher-order inference,72800000.0,75134684.17726639,0.032069837599813036,0.032069837599813036,0.23445,59999.98022444881
advantage_audience_expansion,Advantage+ audience expansion,meta_advantage_audience_expansion_00,0,"noncontiguous weeks, 5 EDPs",6,5,baseline_vid,Existing VID,48090000.0,54773778.49420043,0.13898478881681078,0.13898478881681078,0.11406666666666666,9999.999425840437
advantage_audience_expansion,Advantage+ audience expansion,meta_advantage_audience_expansion_00,0,"noncontiguous weeks, 5 EDPs",6,5,pair_aware_fixed_plus_shared_log,Pair-aware fixed + log,48090000.0,54694559.89956929,0.13733749011373025,0.13733749011373025,0.11406666666666666,9999.999425840437
advantage_audience_expansion,Advantage+ audience expansion,meta_advantage_audience_expansion_00,0,"noncontiguous weeks, 5 EDPs",6,5,two_group_latent_mixture,Two-group mixture,48090000.0,53463138.55393779,0.11173089111952159,0.11173089111952159,0.11406666666666666,9999.999425840437
advantage_audience_expansion,Advantage+ audience expansion,meta_advantage_audience_expansion_00,0,"noncontiguous weeks, 5 EDPs",6,5,pairwise_maxent_direct,Direct pair + higher-order inference,48090000.0,51005757.58477341,0.060631266058918824,0.060631266058918824,0.11406666666666666,9999.999425840437
advantage_audience_expansion,Advantage+ audience expansion,meta_advantage_audience_expansion_00,0,"noncontiguous weeks, 5 EDPs",6,5,pairwise_maxent_mixture,Mixture pair + higher-order inference,48090000.0,48939088.38816936,0.017656235977736807,0.017656235977736807,0.11406666666666666,9999.999425840437
advantage_audience_expansion,Advantage+ audience expansion,meta_advantage_audience_expansion_00,0,"weeks 1-3, 10 EDPs",3,10,baseline_vid,Existing VID,40670000.0,47446710.93298892,0.16662677484605162,0.16662677484605162,0.048591666666666665,-2.6439058566487236e-21
advantage_audience_expansion,Advantage+ audience expansion,meta_advantage_audience_expansion_00,0,"weeks 1-3, 10 EDPs",3,10,pair_aware_fixed_plus_shared_log,Pair-aware fixed + log,40670000.0,46595459.16423771,0.14569606993453915,0.14569606993453915,0.048591666666666665,-2.6439058566487236e-21
advantage_audience_expansion,Advantage+ audience expansion,meta_advantage_audience_expansion_00,0,"weeks 1-3, 10 EDPs",3,10,two_group_latent_mixture,Two-group mixture,40670000.0,45342027.940446705,0.11487651685386537,0.11487651685386537,0.048591666666666665,-2.6439058566487236e-21
advantage_audience_expansion,Advantage+ audience expansion,meta_advantage_audience_expansion_00,0,"weeks 1-3, 10 EDPs",3,10,pairwise_maxent_direct,Direct pair + higher-order inference,40670000.0,44177002.098005965,0.08623068841912873,0.08623068841912873,0.048591666666666665,-2.6439058566487236e-21
advantage_audience_expansion,Advantage+ audience expansion,meta_advantage_audience_expansion_00,0,"weeks 1-3, 10 EDPs",3,10,pairwise_maxent_mixture,Mixture pair + higher-order inference,40670000.0,38036816.131275445,0.06474511602470014,-0.06474511602470014,0.048591666666666665,-2.6439058566487236e-21
advantage_audience_expansion,Advantage+ audience expansion,meta_advantage_audience_expansion_00,0,"weeks 1-12, 10 EDPs",12,10,baseline_vid,Existing VID,86560000.0,108689743.16080225,0.25565784612756753,0.25565784612756753,0.20704166666666668,-2.169034020326273e-14
advantage_audience_expansion,Advantage+ audience expansion,meta_advantage_audience_expansion_00,0,"weeks 1-12, 10 EDPs",12,10,pair_aware_fixed_plus_shared_log,Pair-aware fixed + log,86560000.0,94957746.88876301,0.09701648438959115,0.09701648438959115,0.20704166666666668,-2.169034020326273e-14
advantage_audience_expansion,Advantage+ audience expansion,meta_advantage_audience_expansion_00,0,"weeks 1-12, 10 EDPs",12,10,two_group_latent_mixture,Two-group mixture,86560000.0,92951481.41450064,0.07383874092537707,0.07383874092537707,0.20704166666666668,-2.169034020326273e-14
advantage_audience_expansion,Advantage+ audience expansion,meta_advantage_audience_expansion_00,0,"weeks 1-12, 10 EDPs",12,10,pairwise_maxent_direct,Direct pair + higher-order inference,86560000.0,92843059.93249436,0.07258618221458361,0.07258618221458361,0.20704166666666668,-2.169034020326273e-14
advantage_audience_expansion,Advantage+ audience expansion,meta_advantage_audience_expansion_00,0,"weeks 1-12, 10 EDPs",12,10,pairwise_maxent_mixture,Mixture pair + higher-order inference,86560000.0,91886649.47999707,0.061537078096084434,0.061537078096084434,0.20704166666666668,-2.169034020326273e-14
advantage_audience_expansion,Advantage+ audience expansion,meta_advantage_audience_expansion_00,0,"full flight, 10 EDPs",13,10,baseline_vid,Existing VID,88380000.0,110552783.36799936,0.2508801014709138,0.2508801014709138,0.22,-3.595114309796539e-14
advantage_audience_expansion,Advantage+ audience expansion,meta_advantage_audience_expansion_00,0,"full flight, 10 EDPs",13,10,pair_aware_fixed_plus_shared_log,Pair-aware fixed + log,88380000.0,96254928.98465121,0.08910306613092564,0.08910306613092564,0.22,-3.595114309796539e-14
advantage_audience_expansion,Advantage+ audience expansion,meta_advantage_audience_expansion_00,0,"full flight, 10 EDPs",13,10,two_group_latent_mixture,Two-group mixture,88380000.0,94044170.31365538,0.06408882454916696,0.06408882454916696,0.22,-3.595114309796539e-14
advantage_audience_expansion,Advantage+ audience expansion,meta_advantage_audience_expansion_00,0,"full flight, 10 EDPs",13,10,pairwise_maxent_direct,Direct pair + higher-order inference,88380000.0,94164432.09730954,0.06544955982472896,0.06544955982472896,0.22,-3.595114309796539e-14
advantage_audience_expansion,Advantage+ audience expansion,meta_advantage_audience_expansion_00,0,"full flight, 10 EDPs",13,10,pairwise_maxent_mixture,Mixture pair + higher-order inference,88380000.0,94145501.05488364,0.06523535929943024,0.06523535929943024,0.22,-3.595114309796539e-14
advantage_audience_expansion,Advantage+ audience expansion,meta_advantage_audience_expansion_01,1,"weeks 1-3, 2 EDPs",3,2,baseline_vid,Existing VID,16670000.0,16834535.000000007,0.009870125974805487,0.009870125974805487,0.07079166666666667,199971.17229832077
advantage_audience_expansion,Advantage+ audience expansion,meta_advantage_audience_expansion_01,1,"weeks 1-3, 2 EDPs",3,2,pair_aware_fixed_plus_shared_log,Pair-aware fixed + log,16670000.0,16824117.058156,0.009245174454469022,0.009245174454469022,0.07079166666666667,199971.17229832077
advantage_audience_expansion,Advantage+ audience expansion,meta_advantage_audience_expansion_01,1,"weeks 1-3, 2 EDPs",3,2,two_group_latent_mixture,Two-group mixture,16670000.0,16814642.27837865,0.008676801342450543,0.008676801342450543,0.07079166666666667,199971.17229832077
advantage_audience_expansion,Advantage+ audience expansion,meta_advantage_audience_expansion_01,1,"weeks 1-3, 2 EDPs",3,2,pairwise_maxent_direct,Direct pair + higher-order inference,16670000.0,16649993.71103859,0.0012001373102225868,-0.0012001373102225868,0.07079166666666667,199971.17229832077
advantage_audience_expansion,Advantage+ audience expansion,meta_advantage_audience_expansion_01,1,"weeks 1-3, 2 EDPs",3,2,pairwise_maxent_mixture,Mixture pair + higher-order inference,16670000.0,16637836.39770241,0.00192943025180499,-0.00192943025180499,0.07079166666666667,199971.17229832077
advantage_audience_expansion,Advantage+ audience expansion,meta_advantage_audience_expansion_01,1,"weeks 5-12, 2 EDPs",8,2,baseline_vid,Existing VID,53270000.0,57828800.00000001,0.08557912521118842,0.08557912521118842,0.27970833333333334,7009856.875905103
advantage_audience_expansion,Advantage+ audience expansion,meta_advantage_audience_expansion_01,1,"weeks 5-12, 2 EDPs",8,2,pair_aware_fixed_plus_shared_log,Pair-aware fixed + log,53270000.0,55398802.9265264,0.03996251035341463,0.03996251035341463,0.27970833333333334,7009856.875905103
advantage_audience_expansion,Advantage+ audience expansion,meta_advantage_audience_expansion_01,1,"weeks 5-12, 2 EDPs",8,2,two_group_latent_mixture,Two-group mixture,53270000.0,54938274.885404766,0.03131734344668229,0.03131734344668229,0.27970833333333334,7009856.875905103
advantage_audience_expansion,Advantage+ audience expansion,meta_advantage_audience_expansion_01,1,"weeks 5-12, 2 EDPs",8,2,pairwise_maxent_direct,Direct pair + higher-order inference,53270000.0,53500874.05038101,0.004334035111338694,0.004334035111338694,0.27970833333333334,7009856.875905103
advantage_audience_expansion,Advantage+ audience expansion,meta_advantage_audience_expansion_01,1,"weeks 5-12, 2 EDPs",8,2,pairwise_maxent_mixture,Mixture pair + higher-order inference,53270000.0,54746689.71387788,0.027720850645351586,0.027720850645351586,0.27970833333333334,7009856.875905103
advantage_audience_expansion,Advantage+ audience expansion,meta_advantage_audience_expansion_01,1,"full flight, 2 EDPs",13,2,baseline_vid,Existing VID,60390000.0,67044500.0,0.11019208478224872,0.11019208478224872,0.3355416666666667,10299742.164835658
advantage_audience_expansion,Advantage+ audience expansion,meta_advantage_audience_expansion_01,1,"full flight, 2 EDPs",13,2,pair_aware_fixed_plus_shared_log,Pair-aware fixed + log,60390000.0,62694706.829812385,0.0381637163406588,0.0381637163406588,0.3355416666666667,10299742.164835658
advantage_audience_expansion,Advantage+ audience expansion,meta_advantage_audience_expansion_01,1,"full flight, 2 EDPs",13,2,two_group_latent_mixture,Two-group mixture,60390000.0,62560793.804324515,0.03594624613883946,0.03594624613883946,0.3355416666666667,10299742.164835658
advantage_audience_expansion,Advantage+ audience expansion,meta_advantage_audience_expansion_01,1,"full flight, 2 EDPs",13,2,pairwise_maxent_direct,Direct pair + higher-order inference,60390000.0,60246196.10016123,0.0023812535161246554,-0.0023812535161246554,0.3355416666666667,10299742.164835658
advantage_audience_expansion,Advantage+ audience expansion,meta_advantage_audience_expansion_01,1,"full flight, 2 EDPs",13,2,pairwise_maxent_mixture,Mixture pair + higher-order inference,60390000.0,62334716.21339353,0.03220261986079701,0.03220261986079701,0.3355416666666667,10299742.164835658
advantage_audience_expansion,Advantage+ audience expansion,meta_advantage_audience_expansion_01,1,"weeks 7-13, 5 EDPs",7,5,baseline_vid,Existing VID,71680000.0,85838611.34393024,0.19752526986509827,0.19752526986509827,0.22048333333333334,129999.98295455916
advantage_audience_expansion,Advantage+ audience expansion,meta_advantage_audience_expansion_01,1,"weeks 7-13, 5 EDPs",7,5,pair_aware_fixed_plus_shared_log,Pair-aware fixed + log,71680000.0,83994802.98782922,0.17180249704002823,0.17180249704002823,0.22048333333333334,129999.98295455916
advantage_audience_expansion,Advantage+ audience expansion,meta_advantage_audience_expansion_01,1,"weeks 7-13, 5 EDPs",7,5,two_group_latent_mixture,Two-group mixture,71680000.0,84620649.53505123,0.1805336151653352,0.1805336151653352,0.22048333333333334,129999.98295455916
advantage_audience_expansion,Advantage+ audience expansion,meta_advantage_audience_expansion_01,1,"weeks 7-13, 5 EDPs",7,5,pairwise_maxent_direct,Direct pair + higher-order inference,71680000.0,74617108.2535925,0.04097528255569902,0.04097528255569902,0.22048333333333334,129999.98295455916
advantage_audience_expansion,Advantage+ audience expansion,meta_advantage_audience_expansion_01,1,"weeks 7-13, 5 EDPs",7,5,pairwise_maxent_mixture,Mixture pair + higher-order inference,71680000.0,76423220.16937175,0.06617215638074433,0.06617215638074433,0.22048333333333334,129999.98295455916
advantage_audience_expansion,Advantage+ audience expansion,meta_advantage_audience_expansion_01,1,"full flight, 5 selected EDPs",13,5,baseline_vid,Existing VID,72870000.0,89340883.49529545,0.22603106210093935,0.22603106210093935,0.23445,69999.98022444881
advantage_audience_expansion,Advantage+ audience expansion,meta_advantage_audience_expansion_01,1,"full flight, 5 selected EDPs",13,5,pair_aware_fixed_plus_shared_log,Pair-aware fixed + log,72870000.0,86869568.06562147,0.1921170312285092,0.1921170312285092,0.23445,69999.98022444881
advantage_audience_expansion,Advantage+ audience expansion,meta_advantage_audience_expansion_01,1,"full flight, 5 selected EDPs",13,5,two_group_latent_mixture,Two-group mixture,72870000.0,85853166.98765507,0.17816888963434985,0.17816888963434985,0.23445,69999.98022444881
advantage_audience_expansion,Advantage+ audience expansion,meta_advantage_audience_expansion_01,1,"full flight, 5 selected EDPs",13,5,pairwise_maxent_direct,Direct pair + higher-order inference,72870000.0,75944767.43585613,0.042195244076521664,0.042195244076521664,0.23445,69999.98022444881
advantage_audience_expansion,Advantage+ audience expansion,meta_advantage_audience_expansion_01,1,"full flight, 5 selected EDPs",13,5,pairwise_maxent_mixture,Mixture pair + higher-order inference,72870000.0,75865025.2393591,0.041100936453397775,0.041100936453397775,0.23445,69999.98022444881
advantage_audience_expansion,Advantage+ audience expansion,meta_advantage_audience_expansion_01,1,"noncontiguous weeks, 5 EDPs",6,5,baseline_vid,Existing VID,48780000.0,54862775.02746884,0.12469813504446162,0.12469813504446162,0.11378333333333333,-0.000491745243951484
advantage_audience_expansion,Advantage+ audience expansion,meta_advantage_audience_expansion_01,1,"noncontiguous weeks, 5 EDPs",6,5,pair_aware_fixed_plus_shared_log,Pair-aware fixed + log,48780000.0,54663287.98558783,0.12060860979064837,0.12060860979064837,0.11378333333333333,-0.000491745243951484
advantage_audience_expansion,Advantage+ audience expansion,meta_advantage_audience_expansion_01,1,"noncontiguous weeks, 5 EDPs",6,5,two_group_latent_mixture,Two-group mixture,48780000.0,53869195.59117399,0.10432955291459597,0.10432955291459597,0.11378333333333333,-0.000491745243951484
advantage_audience_expansion,Advantage+ audience expansion,meta_advantage_audience_expansion_01,1,"noncontiguous weeks, 5 EDPs",6,5,pairwise_maxent_direct,Direct pair + higher-order inference,48780000.0,51148044.37480539,0.04854539513746189,0.04854539513746189,0.11378333333333333,-0.000491745243951484
advantage_audience_expansion,Advantage+ audience expansion,meta_advantage_audience_expansion_01,1,"noncontiguous weeks, 5 EDPs",6,5,pairwise_maxent_mixture,Mixture pair + higher-order inference,48780000.0,49279257.99157199,0.010234891176137611,0.010234891176137611,0.11378333333333333,-0.000491745243951484
advantage_audience_expansion,Advantage+ audience expansion,meta_advantage_audience_expansion_01,1,"weeks 1-3, 10 EDPs",3,10,baseline_vid,Existing VID,33100000.0,36015433.178793006,0.08807955222939594,0.08807955222939594,0.034025,-2.2448497560332754e-25
advantage_audience_expansion,Advantage+ audience expansion,meta_advantage_audience_expansion_01,1,"weeks 1-3, 10 EDPs",3,10,pair_aware_fixed_plus_shared_log,Pair-aware fixed + log,33100000.0,35208257.07506977,0.06369356722265167,0.06369356722265167,0.034025,-2.2448497560332754e-25
advantage_audience_expansion,Advantage+ audience expansion,meta_advantage_audience_expansion_01,1,"weeks 1-3, 10 EDPs",3,10,two_group_latent_mixture,Two-group mixture,33100000.0,34353378.912016094,0.037866432387193165,0.037866432387193165,0.034025,-2.2448497560332754e-25
advantage_audience_expansion,Advantage+ audience expansion,meta_advantage_audience_expansion_01,1,"weeks 1-3, 10 EDPs",3,10,pairwise_maxent_direct,Direct pair + higher-order inference,33100000.0,33905384.28478107,0.024331851503959775,0.024331851503959775,0.034025,-2.2448497560332754e-25
advantage_audience_expansion,Advantage+ audience expansion,meta_advantage_audience_expansion_01,1,"weeks 1-3, 10 EDPs",3,10,pairwise_maxent_mixture,Mixture pair + higher-order inference,33100000.0,32925855.458702937,0.0052611643896393724,-0.0052611643896393724,0.034025,-2.2448497560332754e-25
advantage_audience_expansion,Advantage+ audience expansion,meta_advantage_audience_expansion_01,1,"weeks 1-12, 10 EDPs",12,10,baseline_vid,Existing VID,86090000.0,108688285.59157102,0.2624960575162158,0.2624960575162158,0.20591666666666666,-1.6925748467042375e-14
advantage_audience_expansion,Advantage+ audience expansion,meta_advantage_audience_expansion_01,1,"weeks 1-12, 10 EDPs",12,10,pair_aware_fixed_plus_shared_log,Pair-aware fixed + log,86090000.0,94727198.92109476,0.10032755164472948,0.10032755164472948,0.20591666666666666,-1.6925748467042375e-14
advantage_audience_expansion,Advantage+ audience expansion,meta_advantage_audience_expansion_01,1,"weeks 1-12, 10 EDPs",12,10,two_group_latent_mixture,Two-group mixture,86090000.0,92225501.82652189,0.07126846122106968,0.07126846122106968,0.20591666666666666,-1.6925748467042375e-14
advantage_audience_expansion,Advantage+ audience expansion,meta_advantage_audience_expansion_01,1,"weeks 1-12, 10 EDPs",12,10,pairwise_maxent_direct,Direct pair + higher-order inference,86090000.0,92630203.71000811,0.0759693775120004,0.0759693775120004,0.20591666666666666,-1.6925748467042375e-14
advantage_audience_expansion,Advantage+ audience expansion,meta_advantage_audience_expansion_01,1,"weeks 1-12, 10 EDPs",12,10,pairwise_maxent_mixture,Mixture pair + higher-order inference,86090000.0,91295510.36601266,0.06046591202244933,0.06046591202244933,0.20591666666666666,-1.6925748467042375e-14
advantage_audience_expansion,Advantage+ audience expansion,meta_advantage_audience_expansion_01,1,"full flight, 10 EDPs",13,10,baseline_vid,Existing VID,87430000.0,110552783.36799936,0.2644719589156967,0.2644719589156967,0.22,-3.595114309796539e-14
advantage_audience_expansion,Advantage+ audience expansion,meta_advantage_audience_expansion_01,1,"full flight, 10 EDPs",13,10,pair_aware_fixed_plus_shared_log,Pair-aware fixed + log,87430000.0,96016795.99946508,0.09821338212816057,0.09821338212816057,0.22,-3.595114309796539e-14
advantage_audience_expansion,Advantage+ audience expansion,meta_advantage_audience_expansion_01,1,"full flight, 10 EDPs",13,10,two_group_latent_mixture,Two-group mixture,87430000.0,94419374.75553973,0.07994252265286206,0.07994252265286206,0.22,-3.595114309796539e-14
advantage_audience_expansion,Advantage+ audience expansion,meta_advantage_audience_expansion_01,1,"full flight, 10 EDPs",13,10,pairwise_maxent_direct,Direct pair + higher-order inference,87430000.0,94324820.06467973,0.07886103242227756,0.07886103242227756,0.22,-3.595114309796539e-14
advantage_audience_expansion,Advantage+ audience expansion,meta_advantage_audience_expansion_01,1,"full flight, 10 EDPs",13,10,pairwise_maxent_mixture,Mixture pair + higher-order inference,87430000.0,92904394.81157191,0.06261460381530265,0.06261460381530265,0.22,-3.595114309796539e-14
advantage_audience_expansion,Advantage+ audience expansion,meta_advantage_audience_expansion_02,2,"weeks 1-3, 2 EDPs",3,2,baseline_vid,Existing VID,4580000.0,4595549.999999991,0.003395196506548185,0.003395196506548185,0.019333333333333334,30002.694861075906
advantage_audience_expansion,Advantage+ audience expansion,meta_advantage_audience_expansion_02,2,"weeks 1-3, 2 EDPs",3,2,pair_aware_fixed_plus_shared_log,Pair-aware fixed + log,4580000.0,4595555.014148951,0.0033962912988975058,0.0033962912988975058,0.019333333333333334,30002.694861075906
advantage_audience_expansion,Advantage+ audience expansion,meta_advantage_audience_expansion_02,2,"weeks 1-3, 2 EDPs",3,2,two_group_latent_mixture,Two-group mixture,4580000.0,4595544.37845692,0.003393969095397464,0.003393969095397464,0.019333333333333334,30002.694861075906
advantage_audience_expansion,Advantage+ audience expansion,meta_advantage_audience_expansion_02,2,"weeks 1-3, 2 EDPs",3,2,pairwise_maxent_direct,Direct pair + higher-order inference,4580000.0,4590854.4091195315,0.002369958323041815,0.002369958323041815,0.019333333333333334,30002.694861075906
advantage_audience_expansion,Advantage+ audience expansion,meta_advantage_audience_expansion_02,2,"weeks 1-3, 2 EDPs",3,2,pairwise_maxent_mixture,Mixture pair + higher-order inference,4580000.0,4587293.782807723,0.0015925289973193642,0.0015925289973193642,0.019333333333333334,30002.694861075906
advantage_audience_expansion,Advantage+ audience expansion,meta_advantage_audience_expansion_02,2,"weeks 5-12, 2 EDPs",8,2,baseline_vid,Existing VID,55060000.0,59898675.0,0.0878800399564112,0.0878800399564112,0.291375,7670136.915161859
advantage_audience_expansion,Advantage+ audience expansion,meta_advantage_audience_expansion_02,2,"weeks 5-12, 2 EDPs",8,2,pair_aware_fixed_plus_shared_log,Pair-aware fixed + log,55060000.0,57011280.02790118,0.03543915778970541,0.03543915778970541,0.291375,7670136.915161859
advantage_audience_expansion,Advantage+ audience expansion,meta_advantage_audience_expansion_02,2,"weeks 5-12, 2 EDPs",8,2,two_group_latent_mixture,Two-group mixture,55060000.0,56585647.27136633,0.02770881350102303,0.02770881350102303,0.291375,7670136.915161859
advantage_audience_expansion,Advantage+ audience expansion,meta_advantage_audience_expansion_02,2,"weeks 5-12, 2 EDPs",8,2,pairwise_maxent_direct,Direct pair + higher-order inference,55060000.0,54978388.93489613,0.0014822205794383148,-0.0014822205794383148,0.291375,7670136.915161859
advantage_audience_expansion,Advantage+ audience expansion,meta_advantage_audience_expansion_02,2,"weeks 5-12, 2 EDPs",8,2,pairwise_maxent_mixture,Mixture pair + higher-order inference,55060000.0,56380245.48600097,0.02397830523067508,0.02397830523067508,0.291375,7670136.915161859
advantage_audience_expansion,Advantage+ audience expansion,meta_advantage_audience_expansion_02,2,"full flight, 2 EDPs",13,2,baseline_vid,Existing VID,60450000.0,67044500.0,0.10909015715467328,0.10909015715467328,0.3355416666666667,10320960.164835658
advantage_audience_expansion,Advantage+ audience expansion,meta_advantage_audience_expansion_02,2,"full flight, 2 EDPs",13,2,pair_aware_fixed_plus_shared_log,Pair-aware fixed + log,60450000.0,62659012.16173703,0.036542798374475306,0.036542798374475306,0.3355416666666667,10320960.164835658
advantage_audience_expansion,Advantage+ audience expansion,meta_advantage_audience_expansion_02,2,"full flight, 2 EDPs",13,2,two_group_latent_mixture,Two-group mixture,60450000.0,62524814.46482711,0.03432281993096961,0.03432281993096961,0.3355416666666667,10320960.164835658
advantage_audience_expansion,Advantage+ audience expansion,meta_advantage_audience_expansion_02,2,"full flight, 2 EDPs",13,2,pairwise_maxent_direct,Direct pair + higher-order inference,60450000.0,60204412.34816991,0.004062657598512689,-0.004062657598512689,0.3355416666666667,10320960.164835658
advantage_audience_expansion,Advantage+ audience expansion,meta_advantage_audience_expansion_02,2,"full flight, 2 EDPs",13,2,pairwise_maxent_mixture,Mixture pair + higher-order inference,60450000.0,62297235.28510927,0.030558069232576784,0.030558069232576784,0.3355416666666667,10320960.164835658
advantage_audience_expansion,Advantage+ audience expansion,meta_advantage_audience_expansion_02,2,"weeks 7-13, 5 EDPs",7,5,baseline_vid,Existing VID,73710000.0,87476633.64244789,0.1867675165167262,0.1867675165167262,0.22745,119999.9797539152
advantage_audience_expansion,Advantage+ audience expansion,meta_advantage_audience_expansion_02,2,"weeks 7-13, 5 EDPs",7,5,pair_aware_fixed_plus_shared_log,Pair-aware fixed + log,73710000.0,85568597.18052511,0.16088179596425328,0.16088179596425328,0.22745,119999.9797539152
advantage_audience_expansion,Advantage+ audience expansion,meta_advantage_audience_expansion_02,2,"weeks 7-13, 5 EDPs",7,5,two_group_latent_mixture,Two-group mixture,73710000.0,85775337.25412202,0.16368657243416115,0.16368657243416115,0.22745,119999.9797539152
advantage_audience_expansion,Advantage+ audience expansion,meta_advantage_audience_expansion_02,2,"weeks 7-13, 5 EDPs",7,5,pairwise_maxent_direct,Direct pair + higher-order inference,73710000.0,75341354.89424111,0.022132070197274582,0.022132070197274582,0.22745,119999.9797539152
advantage_audience_expansion,Advantage+ audience expansion,meta_advantage_audience_expansion_02,2,"weeks 7-13, 5 EDPs",7,5,pairwise_maxent_mixture,Mixture pair + higher-order inference,73710000.0,77578919.50746855,0.05248839380638382,0.05248839380638382,0.22745,119999.9797539152
advantage_audience_expansion,Advantage+ audience expansion,meta_advantage_audience_expansion_02,2,"full flight, 5 selected EDPs",13,5,baseline_vid,Existing VID,73160000.0,89340883.49529545,0.22117117954203733,0.22117117954203733,0.23445,69999.98022444881
advantage_audience_expansion,Advantage+ audience expansion,meta_advantage_audience_expansion_02,2,"full flight, 5 selected EDPs",13,5,pair_aware_fixed_plus_shared_log,Pair-aware fixed + log,73160000.0,87072230.37538093,0.19016170551368142,0.19016170551368142,0.23445,69999.98022444881
advantage_audience_expansion,Advantage+ audience expansion,meta_advantage_audience_expansion_02,2,"full flight, 5 selected EDPs",13,5,two_group_latent_mixture,Two-group mixture,73160000.0,85915013.77878687,0.17434409211026336,0.17434409211026336,0.23445,69999.98022444881
advantage_audience_expansion,Advantage+ audience expansion,meta_advantage_audience_expansion_02,2,"full flight, 5 selected EDPs",13,5,pairwise_maxent_direct,Direct pair + higher-order inference,73160000.0,75504438.08775103,0.03204535385116226,0.03204535385116226,0.23445,69999.98022444881
advantage_audience_expansion,Advantage+ audience expansion,meta_advantage_audience_expansion_02,2,"full flight, 5 selected EDPs",13,5,pairwise_maxent_mixture,Mixture pair + higher-order inference,73160000.0,75405808.78001693,0.030697222252828442,0.030697222252828442,0.23445,69999.98022444881
advantage_audience_expansion,Advantage+ audience expansion,meta_advantage_audience_expansion_02,2,"noncontiguous weeks, 5 EDPs",6,5,baseline_vid,Existing VID,53540000.0,61083797.157145396,0.1409002083889689,0.1409002083889689,0.13136666666666666,9999.99890693256
advantage_audience_expansion,Advantage+ audience expansion,meta_advantage_audience_expansion_02,2,"noncontiguous weeks, 5 EDPs",6,5,pair_aware_fixed_plus_shared_log,Pair-aware fixed + log,53540000.0,60669288.21446728,0.13315816612751735,0.13315816612751735,0.13136666666666666,9999.99890693256
advantage_audience_expansion,Advantage+ audience expansion,meta_advantage_audience_expansion_02,2,"noncontiguous weeks, 5 EDPs",6,5,two_group_latent_mixture,Two-group mixture,53540000.0,59329550.5909464,0.10813505026048559,0.10813505026048559,0.13136666666666666,9999.99890693256
advantage_audience_expansion,Advantage+ audience expansion,meta_advantage_audience_expansion_02,2,"noncontiguous weeks, 5 EDPs",6,5,pairwise_maxent_direct,Direct pair + higher-order inference,53540000.0,56114453.36903358,0.04808467256319728,0.04808467256319728,0.13136666666666666,9999.99890693256
advantage_audience_expansion,Advantage+ audience expansion,meta_advantage_audience_expansion_02,2,"noncontiguous weeks, 5 EDPs",6,5,pairwise_maxent_mixture,Mixture pair + higher-order inference,53540000.0,54017844.919833384,0.008925007841490184,0.008925007841490184,0.13136666666666666,9999.99890693256
advantage_audience_expansion,Advantage+ audience expansion,meta_advantage_audience_expansion_02,2,"weeks 1-3, 10 EDPs",3,10,baseline_vid,Existing VID,35440000.0,40066878.45701017,0.13055526120231864,0.13055526120231864,0.0394,-3.4354482528012394e-22
advantage_audience_expansion,Advantage+ audience expansion,meta_advantage_audience_expansion_02,2,"weeks 1-3, 10 EDPs",3,10,pair_aware_fixed_plus_shared_log,Pair-aware fixed + log,35440000.0,39593158.570161045,0.11718844723930713,0.11718844723930713,0.0394,-3.4354482528012394e-22
advantage_audience_expansion,Advantage+ audience expansion,meta_advantage_audience_expansion_02,2,"weeks 1-3, 10 EDPs",3,10,two_group_latent_mixture,Two-group mixture,35440000.0,38451906.989496544,0.08498608886841263,0.08498608886841263,0.0394,-3.4354482528012394e-22
advantage_audience_expansion,Advantage+ audience expansion,meta_advantage_audience_expansion_02,2,"weeks 1-3, 10 EDPs",3,10,pairwise_maxent_direct,Direct pair + higher-order inference,35440000.0,38509052.65102723,0.08659855110121988,0.08659855110121988,0.0394,-3.4354482528012394e-22
advantage_audience_expansion,Advantage+ audience expansion,meta_advantage_audience_expansion_02,2,"weeks 1-3, 10 EDPs",3,10,pairwise_maxent_mixture,Mixture pair + higher-order inference,35440000.0,35579533.80955443,0.00393718424250643,0.00393718424250643,0.0394,-3.4354482528012394e-22
advantage_audience_expansion,Advantage+ audience expansion,meta_advantage_audience_expansion_02,2,"weeks 1-12, 10 EDPs",12,10,baseline_vid,Existing VID,86390000.0,108085314.81128353,0.25113224691843417,0.25113224691843417,0.2024,-1.4969267149679772e-14
advantage_audience_expansion,Advantage+ audience expansion,meta_advantage_audience_expansion_02,2,"weeks 1-12, 10 EDPs",12,10,pair_aware_fixed_plus_shared_log,Pair-aware fixed + log,86390000.0,94369835.33951901,0.0923698962787245,0.0923698962787245,0.2024,-1.4969267149679772e-14
advantage_audience_expansion,Advantage+ audience expansion,meta_advantage_audience_expansion_02,2,"weeks 1-12, 10 EDPs",12,10,two_group_latent_mixture,Two-group mixture,86390000.0,91998678.96489486,0.0649227800080433,0.0649227800080433,0.2024,-1.4969267149679772e-14
advantage_audience_expansion,Advantage+ audience expansion,meta_advantage_audience_expansion_02,2,"weeks 1-12, 10 EDPs",12,10,pairwise_maxent_direct,Direct pair + higher-order inference,86390000.0,93217635.78960261,0.07903270968402139,0.07903270968402139,0.2024,-1.4969267149679772e-14
advantage_audience_expansion,Advantage+ audience expansion,meta_advantage_audience_expansion_02,2,"weeks 1-12, 10 EDPs",12,10,pairwise_maxent_mixture,Mixture pair + higher-order inference,86390000.0,91280471.58678824,0.056609232397132045,0.056609232397132045,0.2024,-1.4969267149679772e-14
advantage_audience_expansion,Advantage+ audience expansion,meta_advantage_audience_expansion_02,2,"full flight, 10 EDPs",13,10,baseline_vid,Existing VID,88480000.0,110552783.36799936,0.24946635813742496,0.24946635813742496,0.22,-3.595114309796539e-14
advantage_audience_expansion,Advantage+ audience expansion,meta_advantage_audience_expansion_02,2,"full flight, 10 EDPs",13,10,pair_aware_fixed_plus_shared_log,Pair-aware fixed + log,88480000.0,96233301.45708534,0.08762772894535874,0.08762772894535874,0.22,-3.595114309796539e-14
advantage_audience_expansion,Advantage+ audience expansion,meta_advantage_audience_expansion_02,2,"full flight, 10 EDPs",13,10,two_group_latent_mixture,Two-group mixture,88480000.0,94644381.35376546,0.06966977117727688,0.06966977117727688,0.22,-3.595114309796539e-14
advantage_audience_expansion,Advantage+ audience expansion,meta_advantage_audience_expansion_02,2,"full flight, 10 EDPs",13,10,pairwise_maxent_direct,Direct pair + higher-order inference,88480000.0,94815323.26083866,0.07160175475631395,0.07160175475631395,0.22,-3.595114309796539e-14
advantage_audience_expansion,Advantage+ audience expansion,meta_advantage_audience_expansion_02,2,"full flight, 10 EDPs",13,10,pairwise_maxent_mixture,Mixture pair + higher-order inference,88480000.0,93844678.11351275,0.060631533832648674,0.060631533832648674,0.22,-3.595114309796539e-14
app_activity_retargeting,App activity retargeting,meta_app_activity_retargeting_00,0,"weeks 1-3, 2 EDPs",3,2,baseline_vid,Existing VID,7360000.0,7890467.500000003,0.0720743885869569,0.0720743885869569,0.03333333333333333,159953.32201791834
app_activity_retargeting,App activity retargeting,meta_app_activity_retargeting_00,0,"weeks 1-3, 2 EDPs",3,2,pair_aware_fixed_plus_shared_log,Pair-aware fixed + log,7360000.0,7885149.138759255,0.07135178515750752,0.07135178515750752,0.03333333333333333,159953.32201791834
app_activity_retargeting,App activity retargeting,meta_app_activity_retargeting_00,0,"weeks 1-3, 2 EDPs",3,2,two_group_latent_mixture,Two-group mixture,7360000.0,7880711.68402043,0.07074887011147145,0.07074887011147145,0.03333333333333333,159953.32201791834
app_activity_retargeting,App activity retargeting,meta_app_activity_retargeting_00,0,"weeks 1-3, 2 EDPs",3,2,pairwise_maxent_direct,Direct pair + higher-order inference,7360000.0,7731156.33085382,0.05042884930079074,0.05042884930079074,0.03333333333333333,159953.32201791834
app_activity_retargeting,App activity retargeting,meta_app_activity_retargeting_00,0,"weeks 1-3, 2 EDPs",3,2,pairwise_maxent_mixture,Mixture pair + higher-order inference,7360000.0,7718624.41672039,0.04872614357613999,0.04872614357613999,0.03333333333333333,159953.32201791834
app_activity_retargeting,App activity retargeting,meta_app_activity_retargeting_00,0,"weeks 5-12, 2 EDPs",8,2,baseline_vid,Existing VID,11790000.0,14468089.99999999,0.22714927905004162,0.22714927905004162,0.06220833333333333,1070259.6967426988
app_activity_retargeting,App activity retargeting,meta_app_activity_retargeting_00,0,"weeks 5-12, 2 EDPs",8,2,pair_aware_fixed_plus_shared_log,Pair-aware fixed + log,11790000.0,13726451.179623604,0.1642452230384736,0.1642452230384736,0.06220833333333333,1070259.6967426988
app_activity_retargeting,App activity retargeting,meta_app_activity_retargeting_00,0,"weeks 5-12, 2 EDPs",8,2,two_group_latent_mixture,Two-group mixture,11790000.0,13414525.997035503,0.13778846454923693,0.13778846454923693,0.06220833333333333,1070259.6967426988
app_activity_retargeting,App activity retargeting,meta_app_activity_retargeting_00,0,"weeks 5-12, 2 EDPs",8,2,pairwise_maxent_direct,Direct pair + higher-order inference,11790000.0,13044525.908850327,0.10640592950384455,0.10640592950384455,0.06220833333333333,1070259.6967426988
app_activity_retargeting,App activity retargeting,meta_app_activity_retargeting_00,0,"weeks 5-12, 2 EDPs",8,2,pairwise_maxent_mixture,Mixture pair + higher-order inference,11790000.0,13040808.064928949,0.10609059074885063,0.10609059074885063,0.06220833333333333,1070259.6967426988
app_activity_retargeting,App activity retargeting,meta_app_activity_retargeting_00,0,"full flight, 2 EDPs",13,2,baseline_vid,Existing VID,15650000.0,21819000.0,0.394185303514377,0.394185303514377,0.09545833333333334,2399878.907428433
app_activity_retargeting,App activity retargeting,meta_app_activity_retargeting_00,0,"full flight, 2 EDPs",13,2,pair_aware_fixed_plus_shared_log,Pair-aware fixed + log,15650000.0,19778712.029713973,0.26381546515744236,0.26381546515744236,0.09545833333333334,2399878.907428433
app_activity_retargeting,App activity retargeting,meta_app_activity_retargeting_00,0,"full flight, 2 EDPs",13,2,two_group_latent_mixture,Two-group mixture,15650000.0,19115038.823006183,0.22140823150199251,0.22140823150199251,0.09545833333333334,2399878.907428433
app_activity_retargeting,App activity retargeting,meta_app_activity_retargeting_00,0,"full flight, 2 EDPs",13,2,pairwise_maxent_direct,Direct pair + higher-order inference,15650000.0,18564275.558786422,0.18621569065727936,0.18621569065727936,0.09545833333333334,2399878.907428433
app_activity_retargeting,App activity retargeting,meta_app_activity_retargeting_00,0,"full flight, 2 EDPs",13,2,pairwise_maxent_mixture,Mixture pair + higher-order inference,15650000.0,18671868.76442516,0.19309065587381205,0.19309065587381205,0.09545833333333334,2399878.907428433
app_activity_retargeting,App activity retargeting,meta_app_activity_retargeting_00,0,"weeks 7-13, 5 EDPs",7,5,baseline_vid,Existing VID,15670000.0,27347777.249991294,0.7452314773446901,0.7452314773446901,0.050366666666666664,19999.99998827425
app_activity_retargeting,App activity retargeting,meta_app_activity_retargeting_00,0,"weeks 7-13, 5 EDPs",7,5,pair_aware_fixed_plus_shared_log,Pair-aware fixed + log,15670000.0,26188211.314978987,0.6712323749188888,0.6712323749188888,0.050366666666666664,19999.99998827425
app_activity_retargeting,App activity retargeting,meta_app_activity_retargeting_00,0,"weeks 7-13, 5 EDPs",7,5,two_group_latent_mixture,Two-group mixture,15670000.0,25534014.784189954,0.6294840321754916,0.6294840321754916,0.050366666666666664,19999.99998827425
app_activity_retargeting,App activity retargeting,meta_app_activity_retargeting_00,0,"weeks 7-13, 5 EDPs",7,5,pairwise_maxent_direct,Direct pair + higher-order inference,15670000.0,22743954.169735864,0.45143293999590706,0.45143293999590706,0.050366666666666664,19999.99998827425
app_activity_retargeting,App activity retargeting,meta_app_activity_retargeting_00,0,"weeks 7-13, 5 EDPs",7,5,pairwise_maxent_mixture,Mixture pair + higher-order inference,15670000.0,22307165.60622181,0.4235587495993497,0.4235587495993497,0.050366666666666664,19999.99998827425
app_activity_retargeting,App activity retargeting,meta_app_activity_retargeting_00,0,"full flight, 5 selected EDPs",13,5,baseline_vid,Existing VID,16660000.0,33745605.77267499,1.025546564986494,1.025546564986494,0.06355,-2.5311700026682948e-05
app_activity_retargeting,App activity retargeting,meta_app_activity_retargeting_00,0,"full flight, 5 selected EDPs",13,5,pair_aware_fixed_plus_shared_log,Pair-aware fixed + log,16660000.0,31874334.674226955,0.913225370601858,0.913225370601858,0.06355,-2.5311700026682948e-05
app_activity_retargeting,App activity retargeting,meta_app_activity_retargeting_00,0,"full flight, 5 selected EDPs",13,5,two_group_latent_mixture,Two-group mixture,16660000.0,31064885.859905854,0.8646390071972301,0.8646390071972301,0.06355,-2.5311700026682948e-05
app_activity_retargeting,App activity retargeting,meta_app_activity_retargeting_00,0,"full flight, 5 selected EDPs",13,5,pairwise_maxent_direct,Direct pair + higher-order inference,16660000.0,28568603.51720789,0.7148021318852276,0.7148021318852276,0.06355,-2.5311700026682948e-05
app_activity_retargeting,App activity retargeting,meta_app_activity_retargeting_00,0,"full flight, 5 selected EDPs",13,5,pairwise_maxent_mixture,Mixture pair + higher-order inference,16660000.0,27474538.29042375,0.6491319502055073,0.6491319502055073,0.06355,-2.5311700026682948e-05
app_activity_retargeting,App activity retargeting,meta_app_activity_retargeting_00,0,"noncontiguous weeks, 5 EDPs",6,5,baseline_vid,Existing VID,11700000.0,17435307.831775595,0.4901972505791106,0.4901972505791106,0.030833333333333334,-7.235869511656205e-07
app_activity_retargeting,App activity retargeting,meta_app_activity_retargeting_00,0,"noncontiguous weeks, 5 EDPs",6,5,pair_aware_fixed_plus_shared_log,Pair-aware fixed + log,11700000.0,16945835.790987074,0.44836203341769865,0.44836203341769865,0.030833333333333334,-7.235869511656205e-07
app_activity_retargeting,App activity retargeting,meta_app_activity_retargeting_00,0,"noncontiguous weeks, 5 EDPs",6,5,two_group_latent_mixture,Two-group mixture,11700000.0,16619835.184671298,0.42049873373258956,0.42049873373258956,0.030833333333333334,-7.235869511656205e-07
app_activity_retargeting,App activity retargeting,meta_app_activity_retargeting_00,0,"noncontiguous weeks, 5 EDPs",6,5,pairwise_maxent_direct,Direct pair + higher-order inference,11700000.0,16321645.359228104,0.39501242386564994,0.39501242386564994,0.030833333333333334,-7.235869511656205e-07
app_activity_retargeting,App activity retargeting,meta_app_activity_retargeting_00,0,"noncontiguous weeks, 5 EDPs",6,5,pairwise_maxent_mixture,Mixture pair + higher-order inference,11700000.0,15812194.837799966,0.35146964425640737,0.35146964425640737,0.030833333333333334,-7.235869511656205e-07
app_activity_retargeting,App activity retargeting,meta_app_activity_retargeting_00,0,"weeks 1-3, 10 EDPs",3,10,baseline_vid,Existing VID,11310000.0,16272636.798229728,0.4387830944500202,0.4387830944500202,0.014358333333333334,-5.738572278103923e-29
app_activity_retargeting,App activity retargeting,meta_app_activity_retargeting_00,0,"weeks 1-3, 10 EDPs",3,10,pair_aware_fixed_plus_shared_log,Pair-aware fixed + log,11310000.0,15931100.126939937,0.4085853339469441,0.4085853339469441,0.014358333333333334,-5.738572278103923e-29
app_activity_retargeting,App activity retargeting,meta_app_activity_retargeting_00,0,"weeks 1-3, 10 EDPs",3,10,two_group_latent_mixture,Two-group mixture,11310000.0,15745621.504866987,0.3921858094488937,0.3921858094488937,0.014358333333333334,-5.738572278103923e-29
app_activity_retargeting,App activity retargeting,meta_app_activity_retargeting_00,0,"weeks 1-3, 10 EDPs",3,10,pairwise_maxent_direct,Direct pair + higher-order inference,11310000.0,15311578.524508774,0.3538088881086449,0.3538088881086449,0.014358333333333334,-5.738572278103923e-29
app_activity_retargeting,App activity retargeting,meta_app_activity_retargeting_00,0,"weeks 1-3, 10 EDPs",3,10,pairwise_maxent_mixture,Mixture pair + higher-order inference,11310000.0,14966021.921364948,0.3232556959650706,0.3232556959650706,0.014358333333333334,-5.738572278103923e-29
app_activity_retargeting,App activity retargeting,meta_app_activity_retargeting_00,0,"weeks 1-12, 10 EDPs",12,10,baseline_vid,Existing VID,19600000.0,52143234.23561455,1.6603690936538038,1.6603690936538038,0.055075,-2.3336000189261063e-20
app_activity_retargeting,App activity retargeting,meta_app_activity_retargeting_00,0,"weeks 1-12, 10 EDPs",12,10,pair_aware_fixed_plus_shared_log,Pair-aware fixed + log,19600000.0,44357533.2356264,1.2631394507972653,1.2631394507972653,0.055075,-2.3336000189261063e-20
app_activity_retargeting,App activity retargeting,meta_app_activity_retargeting_00,0,"weeks 1-12, 10 EDPs",12,10,two_group_latent_mixture,Two-group mixture,19600000.0,42678717.911749706,1.177485607742332,1.177485607742332,0.055075,-2.3336000189261063e-20
app_activity_retargeting,App activity retargeting,meta_app_activity_retargeting_00,0,"weeks 1-12, 10 EDPs",12,10,pairwise_maxent_direct,Direct pair + higher-order inference,19600000.0,40955140.08016288,1.0895479632736165,1.0895479632736165,0.055075,-2.3336000189261063e-20
app_activity_retargeting,App activity retargeting,meta_app_activity_retargeting_00,0,"weeks 1-12, 10 EDPs",12,10,pairwise_maxent_mixture,Mixture pair + higher-order inference,19600000.0,38186707.49667445,0.9483014028915535,0.9483014028915535,0.055075,-2.3336000189261063e-20
app_activity_retargeting,App activity retargeting,meta_app_activity_retargeting_00,0,"full flight, 10 EDPs",13,10,baseline_vid,Existing VID,20040000.0,54927651.085515626,1.7409007527702407,1.7409007527702407,0.059,-4.7124859373927054e-20
app_activity_retargeting,App activity retargeting,meta_app_activity_retargeting_00,0,"full flight, 10 EDPs",13,10,pair_aware_fixed_plus_shared_log,Pair-aware fixed + log,20040000.0,46584694.15506722,1.324585536680001,1.324585536680001,0.059,-4.7124859373927054e-20
app_activity_retargeting,App activity retargeting,meta_app_activity_retargeting_00,0,"full flight, 10 EDPs",13,10,two_group_latent_mixture,Two-group mixture,20040000.0,44359380.16325237,1.2135419243139904,1.2135419243139904,0.059,-4.7124859373927054e-20
app_activity_retargeting,App activity retargeting,meta_app_activity_retargeting_00,0,"full flight, 10 EDPs",13,10,pairwise_maxent_direct,Direct pair + higher-order inference,20040000.0,42568269.70239778,1.1241651548102685,1.1241651548102685,0.059,-4.7124859373927054e-20
app_activity_retargeting,App activity retargeting,meta_app_activity_retargeting_00,0,"full flight, 10 EDPs",13,10,pairwise_maxent_mixture,Mixture pair + higher-order inference,20040000.0,39649130.98035073,0.9784995499177013,0.9784995499177013,0.059,-4.7124859373927054e-20
app_activity_retargeting,App activity retargeting,meta_app_activity_retargeting_01,1,"weeks 1-3, 2 EDPs",3,2,baseline_vid,Existing VID,4600000.0,4781179.999999998,0.03938695652173872,0.03938695652173872,0.020041666666666666,60038.65259939032
app_activity_retargeting,App activity retargeting,meta_app_activity_retargeting_01,1,"weeks 1-3, 2 EDPs",3,2,pair_aware_fixed_plus_shared_log,Pair-aware fixed + log,4600000.0,4781025.149311498,0.03935329332858648,0.03935329332858648,0.020041666666666666,60038.65259939032
app_activity_retargeting,App activity retargeting,meta_app_activity_retargeting_01,1,"weeks 1-3, 2 EDPs",3,2,two_group_latent_mixture,Two-group mixture,4600000.0,4780906.137341961,0.03932742116129593,0.03932742116129593,0.020041666666666666,60038.65259939032
app_activity_retargeting,App activity retargeting,meta_app_activity_retargeting_01,1,"weeks 1-3, 2 EDPs",3,2,pairwise_maxent_direct,Direct pair + higher-order inference,4600000.0,4713818.463667139,0.02474314427546509,0.02474314427546509,0.020041666666666666,60038.65259939032
app_activity_retargeting,App activity retargeting,meta_app_activity_retargeting_01,1,"weeks 1-3, 2 EDPs",3,2,pairwise_maxent_mixture,Mixture pair + higher-order inference,4600000.0,4705368.585691571,0.022906214280776355,0.022906214280776355,0.020041666666666666,60038.65259939032
app_activity_retargeting,App activity retargeting,meta_app_activity_retargeting_01,1,"weeks 5-12, 2 EDPs",8,2,baseline_vid,Existing VID,13730000.0,17982066.66666667,0.3096916727361014,0.3096916727361014,0.07795833333333334,1849910.251462188
app_activity_retargeting,App activity retargeting,meta_app_activity_retargeting_01,1,"weeks 5-12, 2 EDPs",8,2,pair_aware_fixed_plus_shared_log,Pair-aware fixed + log,13730000.0,16429893.62403743,0.19664192454751855,0.19664192454751855,0.07795833333333334,1849910.251462188
app_activity_retargeting,App activity retargeting,meta_app_activity_retargeting_01,1,"weeks 5-12, 2 EDPs",8,2,two_group_latent_mixture,Two-group mixture,13730000.0,15882197.235947698,0.15675143743246164,0.15675143743246164,0.07795833333333334,1849910.251462188
app_activity_retargeting,App activity retargeting,meta_app_activity_retargeting_01,1,"weeks 5-12, 2 EDPs",8,2,pairwise_maxent_direct,Direct pair + higher-order inference,13730000.0,15403278.982866123,0.12187028280161132,0.12187028280161132,0.07795833333333334,1849910.251462188
app_activity_retargeting,App activity retargeting,meta_app_activity_retargeting_01,1,"weeks 5-12, 2 EDPs",8,2,pairwise_maxent_mixture,Mixture pair + higher-order inference,13730000.0,15443534.041064441,0.12480218798721349,0.12480218798721349,0.07795833333333334,1849910.251462188
app_activity_retargeting,App activity retargeting,meta_app_activity_retargeting_01,1,"full flight, 2 EDPs",13,2,baseline_vid,Existing VID,15490000.0,21819000.0,0.40858618463524854,0.40858618463524854,0.09545833333333334,2729977.907428433
app_activity_retargeting,App activity retargeting,meta_app_activity_retargeting_01,1,"full flight, 2 EDPs",13,2,pair_aware_fixed_plus_shared_log,Pair-aware fixed + log,15490000.0,19330345.61513664,0.24792418432128072,0.24792418432128072,0.09545833333333334,2729977.907428433
app_activity_retargeting,App activity retargeting,meta_app_activity_retargeting_01,1,"full flight, 2 EDPs",13,2,two_group_latent_mixture,Two-group mixture,15490000.0,18563429.751229376,0.1984137993046724,0.1984137993046724,0.09545833333333334,2729977.907428433
app_activity_retargeting,App activity retargeting,meta_app_activity_retargeting_01,1,"full flight, 2 EDPs",13,2,pairwise_maxent_direct,Direct pair + higher-order inference,15490000.0,17966399.164001808,0.15987083047138848,0.15987083047138848,0.09545833333333334,2729977.907428433
app_activity_retargeting,App activity retargeting,meta_app_activity_retargeting_01,1,"full flight, 2 EDPs",13,2,pairwise_maxent_mixture,Mixture pair + higher-order inference,15490000.0,18088797.654203236,0.1677726051777428,0.1677726051777428,0.09545833333333334,2729977.907428433
app_activity_retargeting,App activity retargeting,meta_app_activity_retargeting_01,1,"weeks 7-13, 5 EDPs",7,5,baseline_vid,Existing VID,16250000.0,27859615.241019614,0.7144378609858224,0.7144378609858224,0.0513,-9.780339498478608e-06
app_activity_retargeting,App activity retargeting,meta_app_activity_retargeting_01,1,"weeks 7-13, 5 EDPs",7,5,pair_aware_fixed_plus_shared_log,Pair-aware fixed + log,16250000.0,26309123.195940405,0.619022965904025,0.619022965904025,0.0513,-9.780339498478608e-06
app_activity_retargeting,App activity retargeting,meta_app_activity_retargeting_01,1,"weeks 7-13, 5 EDPs",7,5,two_group_latent_mixture,Two-group mixture,16250000.0,25111654.30699095,0.5453325727379047,0.5453325727379047,0.0513,-9.780339498478608e-06
app_activity_retargeting,App activity retargeting,meta_app_activity_retargeting_01,1,"weeks 7-13, 5 EDPs",7,5,pairwise_maxent_direct,Direct pair + higher-order inference,16250000.0,22773166.732902467,0.40142564510169026,0.40142564510169026,0.0513,-9.780339498478608e-06
app_activity_retargeting,App activity retargeting,meta_app_activity_retargeting_01,1,"weeks 7-13, 5 EDPs",7,5,pairwise_maxent_mixture,Mixture pair + higher-order inference,16250000.0,22496506.580335185,0.3844004049437037,0.3844004049437037,0.0513,-9.780339498478608e-06
app_activity_retargeting,App activity retargeting,meta_app_activity_retargeting_01,1,"full flight, 5 selected EDPs",13,5,baseline_vid,Existing VID,16810000.0,33745605.77267499,1.0074720864173108,1.0074720864173108,0.06355,-2.5311700026682948e-05
app_activity_retargeting,App activity retargeting,meta_app_activity_retargeting_01,1,"full flight, 5 selected EDPs",13,5,pair_aware_fixed_plus_shared_log,Pair-aware fixed + log,16810000.0,31695713.522991955,0.8855272767990455,0.8855272767990455,0.06355,-2.5311700026682948e-05
app_activity_retargeting,App activity retargeting,meta_app_activity_retargeting_01,1,"full flight, 5 selected EDPs",13,5,two_group_latent_mixture,Two-group mixture,16810000.0,30725839.893367723,0.8278310466012923,0.8278310466012923,0.06355,-2.5311700026682948e-05
app_activity_retargeting,App activity retargeting,meta_app_activity_retargeting_01,1,"full flight, 5 selected EDPs",13,5,pairwise_maxent_direct,Direct pair + higher-order inference,16810000.0,27415327.566942513,0.6308939659097271,0.6308939659097271,0.06355,-2.5311700026682948e-05
app_activity_retargeting,App activity retargeting,meta_app_activity_retargeting_01,1,"full flight, 5 selected EDPs",13,5,pairwise_maxent_mixture,Mixture pair + higher-order inference,16810000.0,26108906.007304743,0.5531770379122393,0.5531770379122393,0.06355,-2.5311700026682948e-05
app_activity_retargeting,App activity retargeting,meta_app_activity_retargeting_01,1,"noncontiguous weeks, 5 EDPs",6,5,baseline_vid,Existing VID,11480000.0,17267149.484957315,0.5041070979927975,0.5041070979927975,0.030533333333333332,-7.426539574311861e-07
app_activity_retargeting,App activity retargeting,meta_app_activity_retargeting_01,1,"noncontiguous weeks, 5 EDPs",6,5,pair_aware_fixed_plus_shared_log,Pair-aware fixed + log,11480000.0,16717863.282111362,0.4562598677797353,0.4562598677797353,0.030533333333333332,-7.426539574311861e-07
app_activity_retargeting,App activity retargeting,meta_app_activity_retargeting_01,1,"noncontiguous weeks, 5 EDPs",6,5,two_group_latent_mixture,Two-group mixture,11480000.0,16401593.692199305,0.42871025193373735,0.42871025193373735,0.030533333333333332,-7.426539574311861e-07
app_activity_retargeting,App activity retargeting,meta_app_activity_retargeting_01,1,"noncontiguous weeks, 5 EDPs",6,5,pairwise_maxent_direct,Direct pair + higher-order inference,11480000.0,15579161.293479756,0.3570697990836024,0.3570697990836024,0.030533333333333332,-7.426539574311861e-07
app_activity_retargeting,App activity retargeting,meta_app_activity_retargeting_01,1,"noncontiguous weeks, 5 EDPs",6,5,pairwise_maxent_mixture,Mixture pair + higher-order inference,11480000.0,14913747.636973217,0.29910693701857294,0.29910693701857294,0.030533333333333332,-7.426539574311861e-07
app_activity_retargeting,App activity retargeting,meta_app_activity_retargeting_01,1,"weeks 1-3, 10 EDPs",3,10,baseline_vid,Existing VID,11770000.0,18886379.822805926,0.6046202058458731,0.6046202058458731,0.016833333333333332,-1.5088032988068521e-27
app_activity_retargeting,App activity retargeting,meta_app_activity_retargeting_01,1,"weeks 1-3, 10 EDPs",3,10,pair_aware_fixed_plus_shared_log,Pair-aware fixed + log,11770000.0,18070518.10807027,0.5353031527672276,0.5353031527672276,0.016833333333333332,-1.5088032988068521e-27
app_activity_retargeting,App activity retargeting,meta_app_activity_retargeting_01,1,"weeks 1-3, 10 EDPs",3,10,two_group_latent_mixture,Two-group mixture,11770000.0,17774962.032619104,0.5101921862887938,0.5101921862887938,0.016833333333333332,-1.5088032988068521e-27
app_activity_retargeting,App activity retargeting,meta_app_activity_retargeting_01,1,"weeks 1-3, 10 EDPs",3,10,pairwise_maxent_direct,Direct pair + higher-order inference,11770000.0,17019903.36278847,0.4460410673567093,0.4460410673567093,0.016833333333333332,-1.5088032988068521e-27
app_activity_retargeting,App activity retargeting,meta_app_activity_retargeting_01,1,"weeks 1-3, 10 EDPs",3,10,pairwise_maxent_mixture,Mixture pair + higher-order inference,11770000.0,16149562.639892548,0.37209538146920546,0.37209538146920546,0.016833333333333332,-1.5088032988068521e-27
app_activity_retargeting,App activity retargeting,meta_app_activity_retargeting_01,1,"weeks 1-12, 10 EDPs",12,10,baseline_vid,Existing VID,19910000.0,53673421.5467261,1.6958021871786086,1.6958021871786086,0.05720833333333333,-3.3476239663180136e-20
app_activity_retargeting,App activity retargeting,meta_app_activity_retargeting_01,1,"weeks 1-12, 10 EDPs",12,10,pair_aware_fixed_plus_shared_log,Pair-aware fixed + log,19910000.0,45036917.93893711,1.2620250094895586,1.2620250094895586,0.05720833333333333,-3.3476239663180136e-20
app_activity_retargeting,App activity retargeting,meta_app_activity_retargeting_01,1,"weeks 1-12, 10 EDPs",12,10,two_group_latent_mixture,Two-group mixture,19910000.0,42784358.57307671,1.148887924313245,1.148887924313245,0.05720833333333333,-3.3476239663180136e-20
app_activity_retargeting,App activity retargeting,meta_app_activity_retargeting_01,1,"weeks 1-12, 10 EDPs",12,10,pairwise_maxent_direct,Direct pair + higher-order inference,19910000.0,40559298.466627836,1.0371320174097356,1.0371320174097356,0.05720833333333333,-3.3476239663180136e-20
app_activity_retargeting,App activity retargeting,meta_app_activity_retargeting_01,1,"weeks 1-12, 10 EDPs",12,10,pairwise_maxent_mixture,Mixture pair + higher-order inference,19910000.0,37956021.74648318,0.9063797964079948,0.9063797964079948,0.05720833333333333,-3.3476239663180136e-20
app_activity_retargeting,App activity retargeting,meta_app_activity_retargeting_01,1,"full flight, 10 EDPs",13,10,baseline_vid,Existing VID,20060000.0,54927651.085515626,1.738168050125405,1.738168050125405,0.059,-4.7124859373927054e-20
app_activity_retargeting,App activity retargeting,meta_app_activity_retargeting_01,1,"full flight, 10 EDPs",13,10,pair_aware_fixed_plus_shared_log,Pair-aware fixed + log,20060000.0,45761229.98990342,1.2812178459572992,1.2812178459572992,0.059,-4.7124859373927054e-20
app_activity_retargeting,App activity retargeting,meta_app_activity_retargeting_01,1,"full flight, 10 EDPs",13,10,two_group_latent_mixture,Two-group mixture,20060000.0,43699171.04609051,1.178423282457154,1.178423282457154,0.059,-4.7124859373927054e-20
app_activity_retargeting,App activity retargeting,meta_app_activity_retargeting_01,1,"full flight, 10 EDPs",13,10,pairwise_maxent_direct,Direct pair + higher-order inference,20060000.0,41204747.449236766,1.0540751470207759,1.0540751470207759,0.059,-4.7124859373927054e-20
app_activity_retargeting,App activity retargeting,meta_app_activity_retargeting_01,1,"full flight, 10 EDPs",13,10,pairwise_maxent_mixture,Mixture pair + higher-order inference,20060000.0,38486077.21495733,0.9185482160995676,0.9185482160995676,0.059,-4.7124859373927054e-20
app_activity_retargeting,App activity retargeting,meta_app_activity_retargeting_02,2,"weeks 1-3, 2 EDPs",3,2,baseline_vid,Existing VID,3210000.0,3230943.3333333316,0.0065244029075799456,0.0065244029075799456,0.0135,10007.71041021791
app_activity_retargeting,App activity retargeting,meta_app_activity_retargeting_02,2,"weeks 1-3, 2 EDPs",3,2,pair_aware_fixed_plus_shared_log,Pair-aware fixed + log,3210000.0,3230943.0697791576,0.0065243208034759,0.0065243208034759,0.0135,10007.71041021791
app_activity_retargeting,App activity retargeting,meta_app_activity_retargeting_02,2,"weeks 1-3, 2 EDPs",3,2,two_group_latent_mixture,Two-group mixture,3210000.0,3230942.4525468796,0.00652412851927715,0.00652412851927715,0.0135,10007.71041021791
app_activity_retargeting,App activity retargeting,meta_app_activity_retargeting_02,2,"weeks 1-3, 2 EDPs",3,2,pairwise_maxent_direct,Direct pair + higher-order inference,3210000.0,3224943.665346876,0.0046553474600859145,0.0046553474600859145,0.0135,10007.71041021791
app_activity_retargeting,App activity retargeting,meta_app_activity_retargeting_02,2,"weeks 1-3, 2 EDPs",3,2,pairwise_maxent_mixture,Mixture pair + higher-order inference,3210000.0,3223180.946235895,0.004106213780652697,0.004106213780652697,0.0135,10007.71041021791
app_activity_retargeting,App activity retargeting,meta_app_activity_retargeting_02,2,"weeks 5-12, 2 EDPs",8,2,baseline_vid,Existing VID,13880000.0,18049433.33333334,0.3003914505283386,0.3003914505283386,0.07825,1909779.2920276732
app_activity_retargeting,App activity retargeting,meta_app_activity_retargeting_02,2,"weeks 5-12, 2 EDPs",8,2,pair_aware_fixed_plus_shared_log,Pair-aware fixed + log,13880000.0,16420898.529401645,0.18306185370328856,0.18306185370328856,0.07825,1909779.2920276732
app_activity_retargeting,App activity retargeting,meta_app_activity_retargeting_02,2,"weeks 5-12, 2 EDPs",8,2,two_group_latent_mixture,Two-group mixture,13880000.0,15853060.49332209,0.14215133237190844,0.14215133237190844,0.07825,1909779.2920276732
app_activity_retargeting,App activity retargeting,meta_app_activity_retargeting_02,2,"weeks 5-12, 2 EDPs",8,2,pairwise_maxent_direct,Direct pair + higher-order inference,13880000.0,15365839.7763322,0.10704897524007201,0.10704897524007201,0.07825,1909779.2920276732
app_activity_retargeting,App activity retargeting,meta_app_activity_retargeting_02,2,"weeks 5-12, 2 EDPs",8,2,pairwise_maxent_mixture,Mixture pair + higher-order inference,13880000.0,15407786.463832632,0.11007107088131353,0.11007107088131353,0.07825,1909779.2920276732
app_activity_retargeting,App activity retargeting,meta_app_activity_retargeting_02,2,"full flight, 2 EDPs",13,2,baseline_vid,Existing VID,15920000.0,21819000.0,0.3705402010050251,0.3705402010050251,0.09545833333333334,2509969.907428433
app_activity_retargeting,App activity retargeting,meta_app_activity_retargeting_02,2,"full flight, 2 EDPs",13,2,pair_aware_fixed_plus_shared_log,Pair-aware fixed + log,15920000.0,19629716.61806774,0.23302240063239582,0.23302240063239582,0.09545833333333334,2509969.907428433
app_activity_retargeting,App activity retargeting,meta_app_activity_retargeting_02,2,"full flight, 2 EDPs",13,2,two_group_latent_mixture,Two-group mixture,15920000.0,18931644.514251575,0.18917365039268685,0.18917365039268685,0.09545833333333334,2509969.907428433
app_activity_retargeting,App activity retargeting,meta_app_activity_retargeting_02,2,"full flight, 2 EDPs",13,2,pairwise_maxent_direct,Direct pair + higher-order inference,15920000.0,18364879.887814894,0.1535728572748049,0.1535728572748049,0.09545833333333334,2509969.907428433
app_activity_retargeting,App activity retargeting,meta_app_activity_retargeting_02,2,"full flight, 2 EDPs",13,2,pairwise_maxent_mixture,Mixture pair + higher-order inference,15920000.0,18477410.821537793,0.16064138326242416,0.16064138326242416,0.09545833333333334,2509969.907428433
app_activity_retargeting,App activity retargeting,meta_app_activity_retargeting_02,2,"weeks 7-13, 5 EDPs",7,5,baseline_vid,Existing VID,16880000.0,30921819.647779927,0.8318613535414648,0.8318613535414648,0.0578,-2.349089089465165e-05
app_activity_retargeting,App activity retargeting,meta_app_activity_retargeting_02,2,"weeks 7-13, 5 EDPs",7,5,pair_aware_fixed_plus_shared_log,Pair-aware fixed + log,16880000.0,29264689.75071211,0.7336901511085374,0.7336901511085374,0.0578,-2.349089089465165e-05
app_activity_retargeting,App activity retargeting,meta_app_activity_retargeting_02,2,"weeks 7-13, 5 EDPs",7,5,two_group_latent_mixture,Two-group mixture,16880000.0,28184400.561207503,0.6696919763748521,0.6696919763748521,0.0578,-2.349089089465165e-05
app_activity_retargeting,App activity retargeting,meta_app_activity_retargeting_02,2,"weeks 7-13, 5 EDPs",7,5,pairwise_maxent_direct,Direct pair + higher-order inference,16880000.0,25282439.567779273,0.4977748559110944,0.4977748559110944,0.0578,-2.349089089465165e-05
app_activity_retargeting,App activity retargeting,meta_app_activity_retargeting_02,2,"weeks 7-13, 5 EDPs",7,5,pairwise_maxent_mixture,Mixture pair + higher-order inference,16880000.0,24929655.204783365,0.4768753083402468,0.4768753083402468,0.0578,-2.349089089465165e-05
app_activity_retargeting,App activity retargeting,meta_app_activity_retargeting_02,2,"full flight, 5 selected EDPs",13,5,baseline_vid,Existing VID,16860000.0,33745605.77267499,1.001518729102906,1.001518729102906,0.06355,-2.5311700026682948e-05
app_activity_retargeting,App activity retargeting,meta_app_activity_retargeting_02,2,"full flight, 5 selected EDPs",13,5,pair_aware_fixed_plus_shared_log,Pair-aware fixed + log,16860000.0,31821862.373594195,0.8874176971289558,0.8874176971289558,0.06355,-2.5311700026682948e-05
app_activity_retargeting,App activity retargeting,meta_app_activity_retargeting_02,2,"full flight, 5 selected EDPs",13,5,two_group_latent_mixture,Two-group mixture,16860000.0,30966732.743255496,0.8366982647245252,0.8366982647245252,0.06355,-2.5311700026682948e-05
app_activity_retargeting,App activity retargeting,meta_app_activity_retargeting_02,2,"full flight, 5 selected EDPs",13,5,pairwise_maxent_direct,Direct pair + higher-order inference,16860000.0,28188392.708546355,0.6719094133182891,0.6719094133182891,0.06355,-2.5311700026682948e-05
app_activity_retargeting,App activity retargeting,meta_app_activity_retargeting_02,2,"full flight, 5 selected EDPs",13,5,pairwise_maxent_mixture,Mixture pair + higher-order inference,16860000.0,27059667.044842735,0.6049624581757257,0.6049624581757257,0.06355,-2.5311700026682948e-05
app_activity_retargeting,App activity retargeting,meta_app_activity_retargeting_02,2,"noncontiguous weeks, 5 EDPs",6,5,baseline_vid,Existing VID,12220000.0,18227417.505102847,0.49160536048304804,0.49160536048304804,0.03228333333333333,-6.582676869983966e-07
app_activity_retargeting,App activity retargeting,meta_app_activity_retargeting_02,2,"noncontiguous weeks, 5 EDPs",6,5,pair_aware_fixed_plus_shared_log,Pair-aware fixed + log,12220000.0,17655854.65470706,0.4448326231347839,0.4448326231347839,0.03228333333333333,-6.582676869983966e-07
app_activity_retargeting,App activity retargeting,meta_app_activity_retargeting_02,2,"noncontiguous weeks, 5 EDPs",6,5,two_group_latent_mixture,Two-group mixture,12220000.0,17296359.388630047,0.41541402525614135,0.41541402525614135,0.03228333333333333,-6.582676869983966e-07
app_activity_retargeting,App activity retargeting,meta_app_activity_retargeting_02,2,"noncontiguous weeks, 5 EDPs",6,5,pairwise_maxent_direct,Direct pair + higher-order inference,12220000.0,16406860.197705403,0.3426235841002785,0.3426235841002785,0.03228333333333333,-6.582676869983966e-07
app_activity_retargeting,App activity retargeting,meta_app_activity_retargeting_02,2,"noncontiguous weeks, 5 EDPs",6,5,pairwise_maxent_mixture,Mixture pair + higher-order inference,12220000.0,15856970.2146952,0.29762440382121114,0.29762440382121114,0.03228333333333333,-6.582676869983966e-07
app_activity_retargeting,App activity retargeting,meta_app_activity_retargeting_02,2,"weeks 1-3, 10 EDPs",3,10,baseline_vid,Existing VID,7460000.0,9308403.56748182,0.24777527714233505,0.24777527714233505,0.008016666666666667,-4.358817197257979e-30
app_activity_retargeting,App activity retargeting,meta_app_activity_retargeting_02,2,"weeks 1-3, 10 EDPs",3,10,pair_aware_fixed_plus_shared_log,Pair-aware fixed + log,7460000.0,9264889.41127275,0.24194228033146772,0.24194228033146772,0.008016666666666667,-4.358817197257979e-30
app_activity_retargeting,App activity retargeting,meta_app_activity_retargeting_02,2,"weeks 1-3, 10 EDPs",3,10,two_group_latent_mixture,Two-group mixture,7460000.0,9208989.241913661,0.23444896004204577,0.23444896004204577,0.008016666666666667,-4.358817197257979e-30
app_activity_retargeting,App activity retargeting,meta_app_activity_retargeting_02,2,"weeks 1-3, 10 EDPs",3,10,pairwise_maxent_direct,Direct pair + higher-order inference,7460000.0,8898370.098722517,0.192811005190686,0.192811005190686,0.008016666666666667,-4.358817197257979e-30
app_activity_retargeting,App activity retargeting,meta_app_activity_retargeting_02,2,"weeks 1-3, 10 EDPs",3,10,pairwise_maxent_mixture,Mixture pair + higher-order inference,7460000.0,8727347.27121073,0.16988569319178687,0.16988569319178687,0.008016666666666667,-4.358817197257979e-30
app_activity_retargeting,App activity retargeting,meta_app_activity_retargeting_02,2,"weeks 1-12, 10 EDPs",12,10,baseline_vid,Existing VID,20150000.0,53370591.58441668,1.648664594760133,1.648664594760133,0.05676666666666667,-2.9714964634632677e-20
app_activity_retargeting,App activity retargeting,meta_app_activity_retargeting_02,2,"weeks 1-12, 10 EDPs",12,10,pair_aware_fixed_plus_shared_log,Pair-aware fixed + log,20150000.0,45315654.1569438,1.2489158390542827,1.2489158390542827,0.05676666666666667,-2.9714964634632677e-20
app_activity_retargeting,App activity retargeting,meta_app_activity_retargeting_02,2,"weeks 1-12, 10 EDPs",12,10,two_group_latent_mixture,Two-group mixture,20150000.0,43611120.31049766,1.1643235886103056,1.1643235886103056,0.05676666666666667,-2.9714964634632677e-20
app_activity_retargeting,App activity retargeting,meta_app_activity_retargeting_02,2,"weeks 1-12, 10 EDPs",12,10,pairwise_maxent_direct,Direct pair + higher-order inference,20150000.0,41797958.18125099,1.0743403563896272,1.0743403563896272,0.05676666666666667,-2.9714964634632677e-20
app_activity_retargeting,App activity retargeting,meta_app_activity_retargeting_02,2,"weeks 1-12, 10 EDPs",12,10,pairwise_maxent_mixture,Mixture pair + higher-order inference,20150000.0,39605138.10083458,0.9655155385029567,0.9655155385029567,0.05676666666666667,-2.9714964634632677e-20
app_activity_retargeting,App activity retargeting,meta_app_activity_retargeting_02,2,"full flight, 10 EDPs",13,10,baseline_vid,Existing VID,20300000.0,54927651.085515626,1.7057956199761393,1.7057956199761393,0.059,-4.7124859373927054e-20
app_activity_retargeting,App activity retargeting,meta_app_activity_retargeting_02,2,"full flight, 10 EDPs",13,10,pair_aware_fixed_plus_shared_log,Pair-aware fixed + log,20300000.0,46434827.1644229,1.2874299095774828,1.2874299095774828,0.059,-4.7124859373927054e-20
app_activity_retargeting,App activity retargeting,meta_app_activity_retargeting_02,2,"full flight, 10 EDPs",13,10,two_group_latent_mixture,Two-group mixture,20300000.0,44539502.464010686,1.1940641607887037,1.1940641607887037,0.059,-4.7124859373927054e-20
app_activity_retargeting,App activity retargeting,meta_app_activity_retargeting_02,2,"full flight, 10 EDPs",13,10,pairwise_maxent_direct,Direct pair + higher-order inference,20300000.0,42777525.66487916,1.1072672741319782,1.1072672741319782,0.059,-4.7124859373927054e-20
app_activity_retargeting,App activity retargeting,meta_app_activity_retargeting_02,2,"full flight, 10 EDPs",13,10,pairwise_maxent_mixture,Mixture pair + higher-order inference,20300000.0,40559992.41395253,0.9980291829533265,0.9980291829533265,0.059,-4.7124859373927054e-20
unrelated_niche_control,Unrelated niche audiences,meta_unrelated_niche_control_00,0,"weeks 1-3, 2 EDPs",3,2,baseline_vid,Existing VID,3680000.0,3669794.1666666577,0.0027733242753647655,-0.0027733242753647655,0.015333333333333332,7.1501168097908305
unrelated_niche_control,Unrelated niche audiences,meta_unrelated_niche_control_00,0,"weeks 1-3, 2 EDPs",3,2,pair_aware_fixed_plus_shared_log,Pair-aware fixed + log,3680000.0,3669794.167240441,0.0027733241194454225,-0.0027733241194454225,0.015333333333333332,7.1501168097908305
unrelated_niche_control,Unrelated niche audiences,meta_unrelated_niche_control_00,0,"weeks 1-3, 2 EDPs",3,2,two_group_latent_mixture,Two-group mixture,3680000.0,3669794.167240232,0.0027733241195021115,-0.0027733241195021115,0.015333333333333332,7.1501168097908305
unrelated_niche_control,Unrelated niche audiences,meta_unrelated_niche_control_00,0,"weeks 1-3, 2 EDPs",3,2,pairwise_maxent_direct,Direct pair + higher-order inference,3680000.0,3669865.869169265,0.0027538398996562415,-0.0027538398996562415,0.015333333333333332,7.1501168097908305
unrelated_niche_control,Unrelated niche audiences,meta_unrelated_niche_control_00,0,"weeks 1-3, 2 EDPs",3,2,pairwise_maxent_mixture,Mixture pair + higher-order inference,3680000.0,3669865.85970518,0.0027538424714184974,-0.0027538424714184974,0.015333333333333332,7.1501168097908305
unrelated_niche_control,Unrelated niche audiences,meta_unrelated_niche_control_00,0,"weeks 5-12, 2 EDPs",8,2,baseline_vid,Existing VID,17170000.0,16574941.66666667,0.034656862745097855,-0.034656862745097855,0.07154166666666667,27.09651279699574
unrelated_niche_control,Unrelated niche audiences,meta_unrelated_niche_control_00,0,"weeks 5-12, 2 EDPs",8,2,pair_aware_fixed_plus_shared_log,Pair-aware fixed + log,17170000.0,16574941.793221727,0.034656855374389804,-0.034656855374389804,0.07154166666666667,27.09651279699574
unrelated_niche_control,Unrelated niche audiences,meta_unrelated_niche_control_00,0,"weeks 5-12, 2 EDPs",8,2,two_group_latent_mixture,Two-group mixture,17170000.0,16574941.793221876,0.03465685537438113,-0.03465685537438113,0.07154166666666667,27.09651279699574
unrelated_niche_control,Unrelated niche audiences,meta_unrelated_niche_control_00,0,"weeks 5-12, 2 EDPs",8,2,pairwise_maxent_direct,Direct pair + higher-order inference,17170000.0,16590635.742801756,0.03374282220141202,-0.03374282220141202,0.07154166666666667,27.09651279699574
unrelated_niche_control,Unrelated niche audiences,meta_unrelated_niche_control_00,0,"weeks 5-12, 2 EDPs",8,2,pairwise_maxent_mixture,Mixture pair + higher-order inference,17170000.0,16590635.75030291,0.03374282176453636,-0.03374282176453636,0.07154166666666667,27.09651279699574
unrelated_niche_control,Unrelated niche audiences,meta_unrelated_niche_control_00,0,"full flight, 2 EDPs",13,2,baseline_vid,Existing VID,20670000.0,19781700.000000004,0.04297532656023204,-0.04297532656023204,0.086125,-252.18631542657022
unrelated_niche_control,Unrelated niche audiences,meta_unrelated_niche_control_00,0,"full flight, 2 EDPs",13,2,pair_aware_fixed_plus_shared_log,Pair-aware fixed + log,20670000.0,19781699.99999973,0.0429753265602452,-0.0429753265602452,0.086125,-252.18631542657022
unrelated_niche_control,Unrelated niche audiences,meta_unrelated_niche_control_00,0,"full flight, 2 EDPs",13,2,two_group_latent_mixture,Two-group mixture,20670000.0,19781699.99999973,0.0429753265602452,-0.0429753265602452,0.086125,-252.18631542657022
unrelated_niche_control,Unrelated niche audiences,meta_unrelated_niche_control_00,0,"full flight, 2 EDPs",13,2,pairwise_maxent_direct,Direct pair + higher-order inference,20670000.0,19781700.0,0.04297532656023222,-0.04297532656023222,0.086125,-252.18631542657022
unrelated_niche_control,Unrelated niche audiences,meta_unrelated_niche_control_00,0,"full flight, 2 EDPs",13,2,pairwise_maxent_mixture,Mixture pair + higher-order inference,20670000.0,19781700.0,0.04297532656023222,-0.04297532656023222,0.086125,-252.18631542657022
unrelated_niche_control,Unrelated niche audiences,meta_unrelated_niche_control_00,0,"weeks 7-13, 5 EDPs",7,5,baseline_vid,Existing VID,27210000.0,30213054.19530737,0.11036582856697429,0.11036582856697429,0.05631666666666667,-2.1208758184022622e-05
unrelated_niche_control,Unrelated niche audiences,meta_unrelated_niche_control_00,0,"weeks 7-13, 5 EDPs",7,5,pair_aware_fixed_plus_shared_log,Pair-aware fixed + log,27210000.0,27455413.18095006,0.009019227524809279,0.009019227524809279,0.05631666666666667,-2.1208758184022622e-05
unrelated_niche_control,Unrelated niche audiences,meta_unrelated_niche_control_00,0,"weeks 7-13, 5 EDPs",7,5,two_group_latent_mixture,Two-group mixture,27210000.0,26120112.246552274,0.040054676716197224,-0.040054676716197224,0.05631666666666667,-2.1208758184022622e-05
unrelated_niche_control,Unrelated niche audiences,meta_unrelated_niche_control_00,0,"weeks 7-13, 5 EDPs",7,5,pairwise_maxent_direct,Direct pair + higher-order inference,27210000.0,27574000.276024625,0.013377444910864561,0.013377444910864561,0.05631666666666667,-2.1208758184022622e-05
unrelated_niche_control,Unrelated niche audiences,meta_unrelated_niche_control_00,0,"weeks 7-13, 5 EDPs",7,5,pairwise_maxent_mixture,Mixture pair + higher-order inference,27210000.0,27358339.242418185,0.005451644337309256,0.005451644337309256,0.05631666666666667,-2.1208758184022622e-05
unrelated_niche_control,Unrelated niche audiences,meta_unrelated_niche_control_00,0,"full flight, 5 selected EDPs",13,5,baseline_vid,Existing VID,20540000.0,31528204.71995442,0.5349661499490954,0.5349661499490954,0.058883333333333336,-1.8824698600023853e-05
unrelated_niche_control,Unrelated niche audiences,meta_unrelated_niche_control_00,0,"full flight, 5 selected EDPs",13,5,pair_aware_fixed_plus_shared_log,Pair-aware fixed + log,20540000.0,28455270.89503397,0.3853588556491709,0.3853588556491709,0.058883333333333336,-1.8824698600023853e-05
unrelated_niche_control,Unrelated niche audiences,meta_unrelated_niche_control_00,0,"full flight, 5 selected EDPs",13,5,two_group_latent_mixture,Two-group mixture,20540000.0,27554014.284291014,0.3414807343861253,0.3414807343861253,0.058883333333333336,-1.8824698600023853e-05
unrelated_niche_control,Unrelated niche audiences,meta_unrelated_niche_control_00,0,"full flight, 5 selected EDPs",13,5,pairwise_maxent_direct,Direct pair + higher-order inference,20540000.0,25857838.060670152,0.25890156088949134,0.25890156088949134,0.058883333333333336,-1.8824698600023853e-05
unrelated_niche_control,Unrelated niche audiences,meta_unrelated_niche_control_00,0,"full flight, 5 selected EDPs",13,5,pairwise_maxent_mixture,Mixture pair + higher-order inference,20540000.0,23971974.521828577,0.16708736717763276,0.16708736717763276,0.058883333333333336,-1.8824698600023853e-05
unrelated_niche_control,Unrelated niche audiences,meta_unrelated_niche_control_00,0,"noncontiguous weeks, 5 EDPs",6,5,baseline_vid,Existing VID,14060000.0,17466049.13229616,0.2422510051419744,0.2422510051419744,0.0309,-7.544923039011729e-07
unrelated_niche_control,Unrelated niche audiences,meta_unrelated_niche_control_00,0,"noncontiguous weeks, 5 EDPs",6,5,pair_aware_fixed_plus_shared_log,Pair-aware fixed + log,14060000.0,16716207.117256984,0.18891942512496332,0.18891942512496332,0.0309,-7.544923039011729e-07
unrelated_niche_control,Unrelated niche audiences,meta_unrelated_niche_control_00,0,"noncontiguous weeks, 5 EDPs",6,5,two_group_latent_mixture,Two-group mixture,14060000.0,16212395.829476476,0.15308647435821307,0.15308647435821307,0.0309,-7.544923039011729e-07
unrelated_niche_control,Unrelated niche audiences,meta_unrelated_niche_control_00,0,"noncontiguous weeks, 5 EDPs",6,5,pairwise_maxent_direct,Direct pair + higher-order inference,14060000.0,15846367.55476892,0.12705316890248364,0.12705316890248364,0.0309,-7.544923039011729e-07
unrelated_niche_control,Unrelated niche audiences,meta_unrelated_niche_control_00,0,"noncontiguous weeks, 5 EDPs",6,5,pairwise_maxent_mixture,Mixture pair + higher-order inference,14060000.0,15094834.15017949,0.07360129090892535,0.07360129090892535,0.0309,-7.544923039011729e-07
unrelated_niche_control,Unrelated niche audiences,meta_unrelated_niche_control_00,0,"weeks 1-3, 10 EDPs",3,10,baseline_vid,Existing VID,7330000.0,7375985.326247574,0.0062735779328204405,0.0062735779328204405,0.006291666666666667,-6.681617474164016e-32
unrelated_niche_control,Unrelated niche audiences,meta_unrelated_niche_control_00,0,"weeks 1-3, 10 EDPs",3,10,pair_aware_fixed_plus_shared_log,Pair-aware fixed + log,7330000.0,7375920.963943243,0.006264797263743933,0.006264797263743933,0.006291666666666667,-6.681617474164016e-32
unrelated_niche_control,Unrelated niche audiences,meta_unrelated_niche_control_00,0,"weeks 1-3, 10 EDPs",3,10,two_group_latent_mixture,Two-group mixture,7330000.0,7374490.102317765,0.006069591039258575,0.006069591039258575,0.006291666666666667,-6.681617474164016e-32
unrelated_niche_control,Unrelated niche audiences,meta_unrelated_niche_control_00,0,"weeks 1-3, 10 EDPs",3,10,pairwise_maxent_direct,Direct pair + higher-order inference,7330000.0,7320701.057410389,0.0012686142687054318,-0.0012686142687054318,0.006291666666666667,-6.681617474164016e-32
unrelated_niche_control,Unrelated niche audiences,meta_unrelated_niche_control_00,0,"weeks 1-3, 10 EDPs",3,10,pairwise_maxent_mixture,Mixture pair + higher-order inference,7330000.0,7254791.416556716,0.010260379733053757,-0.010260379733053757,0.006291666666666667,-6.681617474164016e-32
unrelated_niche_control,Unrelated niche audiences,meta_unrelated_niche_control_00,0,"weeks 1-12, 10 EDPs",12,10,baseline_vid,Existing VID,35680000.0,49478521.26233252,0.3867298560070774,0.3867298560070774,0.051533333333333334,-1.577250231527724e-20
unrelated_niche_control,Unrelated niche audiences,meta_unrelated_niche_control_00,0,"weeks 1-12, 10 EDPs",12,10,pair_aware_fixed_plus_shared_log,Pair-aware fixed + log,35680000.0,43852348.16532591,0.2290456324362643,0.2290456324362643,0.051533333333333334,-1.577250231527724e-20
unrelated_niche_control,Unrelated niche audiences,meta_unrelated_niche_control_00,0,"weeks 1-12, 10 EDPs",12,10,two_group_latent_mixture,Two-group mixture,35680000.0,41609025.086075604,0.16617222774875573,0.16617222774875573,0.051533333333333334,-1.577250231527724e-20
unrelated_niche_control,Unrelated niche audiences,meta_unrelated_niche_control_00,0,"weeks 1-12, 10 EDPs",12,10,pairwise_maxent_direct,Direct pair + higher-order inference,35680000.0,43345991.544323355,0.21485402310323304,0.21485402310323304,0.051533333333333334,-1.577250231527724e-20
unrelated_niche_control,Unrelated niche audiences,meta_unrelated_niche_control_00,0,"weeks 1-12, 10 EDPs",12,10,pairwise_maxent_mixture,Mixture pair + higher-order inference,35680000.0,39882111.08691375,0.11777217171843468,0.11777217171843468,0.051533333333333334,-1.577250231527724e-20
unrelated_niche_control,Unrelated niche audiences,meta_unrelated_niche_control_00,0,"full flight, 10 EDPs",13,10,baseline_vid,Existing VID,37110000.0,52035071.04105929,0.4021846144181971,0.4021846144181971,0.055,-2.97887939867327e-20
unrelated_niche_control,Unrelated niche audiences,meta_unrelated_niche_control_00,0,"full flight, 10 EDPs",13,10,pair_aware_fixed_plus_shared_log,Pair-aware fixed + log,37110000.0,45870148.78797302,0.23605898108253884,0.23605898108253884,0.055,-2.97887939867327e-20
unrelated_niche_control,Unrelated niche audiences,meta_unrelated_niche_control_00,0,"full flight, 10 EDPs",13,10,two_group_latent_mixture,Two-group mixture,37110000.0,43406974.38530849,0.16968403086253003,0.16968403086253003,0.055,-2.97887939867327e-20
unrelated_niche_control,Unrelated niche audiences,meta_unrelated_niche_control_00,0,"full flight, 10 EDPs",13,10,pairwise_maxent_direct,Direct pair + higher-order inference,37110000.0,45042220.60585949,0.2137488710821743,0.2137488710821743,0.055,-2.97887939867327e-20
unrelated_niche_control,Unrelated niche audiences,meta_unrelated_niche_control_00,0,"full flight, 10 EDPs",13,10,pairwise_maxent_mixture,Mixture pair + higher-order inference,37110000.0,41183867.20498021,0.10977815157586121,0.10977815157586121,0.055,-2.97887939867327e-20
unrelated_niche_control,Unrelated niche audiences,meta_unrelated_niche_control_01,1,"weeks 1-3, 2 EDPs",3,2,baseline_vid,Existing VID,4450000.0,4434120.000000008,0.003568539325840813,-0.003568539325840813,0.018541666666666668,41.04955051679815
unrelated_niche_control,Unrelated niche audiences,meta_unrelated_niche_control_01,1,"weeks 1-3, 2 EDPs",3,2,pair_aware_fixed_plus_shared_log,Pair-aware fixed + log,4450000.0,4434120.005112365,0.0035685381769966543,-0.0035685381769966543,0.018541666666666668,41.04955051679815
unrelated_niche_control,Unrelated niche audiences,meta_unrelated_niche_control_01,1,"weeks 1-3, 2 EDPs",3,2,two_group_latent_mixture,Two-group mixture,4450000.0,4434120.005104348,0.003568538178798188,-0.003568538178798188,0.018541666666666668,41.04955051679815
unrelated_niche_control,Unrelated niche audiences,meta_unrelated_niche_control_01,1,"weeks 1-3, 2 EDPs",3,2,pairwise_maxent_direct,Direct pair + higher-order inference,4450000.0,4434738.812018424,0.003429480445297916,-0.003429480445297916,0.018541666666666668,41.04955051679815
unrelated_niche_control,Unrelated niche audiences,meta_unrelated_niche_control_01,1,"weeks 1-3, 2 EDPs",3,2,pairwise_maxent_mixture,Mixture pair + higher-order inference,4450000.0,4434738.538515493,0.003429541906630725,-0.003429541906630725,0.018541666666666668,41.04955051679815
unrelated_niche_control,Unrelated niche audiences,meta_unrelated_niche_control_01,1,"weeks 5-12, 2 EDPs",8,2,baseline_vid,Existing VID,14000000.0,13606630.000000002,0.02809785714285701,-0.02809785714285701,0.058333333333333334,-59.67361202724169
unrelated_niche_control,Unrelated niche audiences,meta_unrelated_niche_control_01,1,"weeks 5-12, 2 EDPs",8,2,pair_aware_fixed_plus_shared_log,Pair-aware fixed + log,14000000.0,13606629.999999419,0.02809785714289865,-0.02809785714289865,0.058333333333333334,-59.67361202724169
unrelated_niche_control,Unrelated niche audiences,meta_unrelated_niche_control_01,1,"weeks 5-12, 2 EDPs",8,2,two_group_latent_mixture,Two-group mixture,14000000.0,13606629.999999419,0.02809785714289865,-0.02809785714289865,0.058333333333333334,-59.67361202724169
unrelated_niche_control,Unrelated niche audiences,meta_unrelated_niche_control_01,1,"weeks 5-12, 2 EDPs",8,2,pairwise_maxent_direct,Direct pair + higher-order inference,14000000.0,13606630.0,0.028097857142857143,-0.028097857142857143,0.058333333333333334,-59.67361202724169
unrelated_niche_control,Unrelated niche audiences,meta_unrelated_niche_control_01,1,"weeks 5-12, 2 EDPs",8,2,pairwise_maxent_mixture,Mixture pair + higher-order inference,14000000.0,13606630.0,0.028097857142857143,-0.028097857142857143,0.058333333333333334,-59.67361202724169
unrelated_niche_control,Unrelated niche audiences,meta_unrelated_niche_control_01,1,"full flight, 2 EDPs",13,2,baseline_vid,Existing VID,20670000.0,19781700.000000004,0.04297532656023204,-0.04297532656023204,0.086125,43.81368457342978
unrelated_niche_control,Unrelated niche audiences,meta_unrelated_niche_control_01,1,"full flight, 2 EDPs",13,2,pair_aware_fixed_plus_shared_log,Pair-aware fixed + log,20670000.0,19781700.305318728,0.042975311789127814,-0.042975311789127814,0.086125,43.81368457342978
unrelated_niche_control,Unrelated niche audiences,meta_unrelated_niche_control_01,1,"full flight, 2 EDPs",13,2,two_group_latent_mixture,Two-group mixture,20670000.0,19781700.305314645,0.04297531178932534,-0.04297531178932534,0.086125,43.81368457342978
unrelated_niche_control,Unrelated niche audiences,meta_unrelated_niche_control_01,1,"full flight, 2 EDPs",13,2,pairwise_maxent_direct,Direct pair + higher-order inference,20670000.0,19818977.116652578,0.041171885986812866,-0.041171885986812866,0.086125,43.81368457342978
unrelated_niche_control,Unrelated niche audiences,meta_unrelated_niche_control_01,1,"full flight, 2 EDPs",13,2,pairwise_maxent_mixture,Mixture pair + higher-order inference,20670000.0,19818977.177435398,0.04117188304618297,-0.04117188304618297,0.086125,43.81368457342978
unrelated_niche_control,Unrelated niche audiences,meta_unrelated_niche_control_01,1,"weeks 7-13, 5 EDPs",7,5,baseline_vid,Existing VID,24760000.0,24992587.083574202,0.009393662502996846,0.009393662502996846,0.04545,-4.940072385336458e-06
unrelated_niche_control,Unrelated niche audiences,meta_unrelated_niche_control_01,1,"weeks 7-13, 5 EDPs",7,5,pair_aware_fixed_plus_shared_log,Pair-aware fixed + log,24760000.0,24548188.701722175,0.008554575859362888,-0.008554575859362888,0.04545,-4.940072385336458e-06
unrelated_niche_control,Unrelated niche audiences,meta_unrelated_niche_control_01,1,"weeks 7-13, 5 EDPs",7,5,two_group_latent_mixture,Two-group mixture,24760000.0,24109300.36679621,0.02628027597753593,-0.02628027597753593,0.04545,-4.940072385336458e-06
unrelated_niche_control,Unrelated niche audiences,meta_unrelated_niche_control_01,1,"weeks 7-13, 5 EDPs",7,5,pairwise_maxent_direct,Direct pair + higher-order inference,24760000.0,24609342.17798631,0.0060847262525723375,-0.0060847262525723375,0.04545,-4.940072385336458e-06
unrelated_niche_control,Unrelated niche audiences,meta_unrelated_niche_control_01,1,"weeks 7-13, 5 EDPs",7,5,pairwise_maxent_mixture,Mixture pair + higher-order inference,24760000.0,24463395.33154115,0.011979186932909903,-0.011979186932909903,0.04545,-4.940072385336458e-06
unrelated_niche_control,Unrelated niche audiences,meta_unrelated_niche_control_01,1,"full flight, 5 selected EDPs",13,5,baseline_vid,Existing VID,20600000.0,31528204.71995442,0.5304953747550689,0.5304953747550689,0.058883333333333336,-1.8824698600023853e-05
unrelated_niche_control,Unrelated niche audiences,meta_unrelated_niche_control_01,1,"full flight, 5 selected EDPs",13,5,pair_aware_fixed_plus_shared_log,Pair-aware fixed + log,20600000.0,28473754.00290513,0.3822210681021908,0.3822210681021908,0.058883333333333336,-1.8824698600023853e-05
unrelated_niche_control,Unrelated niche audiences,meta_unrelated_niche_control_01,1,"full flight, 5 selected EDPs",13,5,two_group_latent_mixture,Two-group mixture,20600000.0,27630171.836179644,0.3412704774844487,0.3412704774844487,0.058883333333333336,-1.8824698600023853e-05
unrelated_niche_control,Unrelated niche audiences,meta_unrelated_niche_control_01,1,"full flight, 5 selected EDPs",13,5,pairwise_maxent_direct,Direct pair + higher-order inference,20600000.0,25774721.484369665,0.25120007205677986,0.25120007205677986,0.058883333333333336,-1.8824698600023853e-05
unrelated_niche_control,Unrelated niche audiences,meta_unrelated_niche_control_01,1,"full flight, 5 selected EDPs",13,5,pairwise_maxent_mixture,Mixture pair + higher-order inference,20600000.0,23490735.455741435,0.14032696387094346,0.14032696387094346,0.058883333333333336,-1.8824698600023853e-05
unrelated_niche_control,Unrelated niche audiences,meta_unrelated_niche_control_01,1,"noncontiguous weeks, 5 EDPs",6,5,baseline_vid,Existing VID,13750000.0,17138855.81842512,0.24646224134000866,0.24646224134000866,0.030283333333333332,-6.685029387910733e-07
unrelated_niche_control,Unrelated niche audiences,meta_unrelated_niche_control_01,1,"noncontiguous weeks, 5 EDPs",6,5,pair_aware_fixed_plus_shared_log,Pair-aware fixed + log,13750000.0,16579958.44992195,0.20581515999432368,0.20581515999432368,0.030283333333333332,-6.685029387910733e-07
unrelated_niche_control,Unrelated niche audiences,meta_unrelated_niche_control_01,1,"noncontiguous weeks, 5 EDPs",6,5,two_group_latent_mixture,Two-group mixture,13750000.0,16113824.393290952,0.17191450133025105,0.17191450133025105,0.030283333333333332,-6.685029387910733e-07
unrelated_niche_control,Unrelated niche audiences,meta_unrelated_niche_control_01,1,"noncontiguous weeks, 5 EDPs",6,5,pairwise_maxent_direct,Direct pair + higher-order inference,13750000.0,15857013.451730967,0.1532373419440703,0.1532373419440703,0.030283333333333332,-6.685029387910733e-07
unrelated_niche_control,Unrelated niche audiences,meta_unrelated_niche_control_01,1,"noncontiguous weeks, 5 EDPs",6,5,pairwise_maxent_mixture,Mixture pair + higher-order inference,13750000.0,14987396.244632676,0.08999245415510372,0.08999245415510372,0.030283333333333332,-6.685029387910733e-07
unrelated_niche_control,Unrelated niche audiences,meta_unrelated_niche_control_01,1,"weeks 1-3, 10 EDPs",3,10,baseline_vid,Existing VID,13810000.0,14761744.04386218,0.06891701983071548,0.06891701983071548,0.013,-8.696338364399633e-28
unrelated_niche_control,Unrelated niche audiences,meta_unrelated_niche_control_01,1,"weeks 1-3, 10 EDPs",3,10,pair_aware_fixed_plus_shared_log,Pair-aware fixed + log,13810000.0,14401646.580794483,0.0428418957852631,0.0428418957852631,0.013,-8.696338364399633e-28
unrelated_niche_control,Unrelated niche audiences,meta_unrelated_niche_control_01,1,"weeks 1-3, 10 EDPs",3,10,two_group_latent_mixture,Two-group mixture,13810000.0,14290858.993541092,0.03481962299356203,0.03481962299356203,0.013,-8.696338364399633e-28
unrelated_niche_control,Unrelated niche audiences,meta_unrelated_niche_control_01,1,"weeks 1-3, 10 EDPs",3,10,pairwise_maxent_direct,Direct pair + higher-order inference,13810000.0,14380696.789307475,0.041324894229360976,0.041324894229360976,0.013,-8.696338364399633e-28
unrelated_niche_control,Unrelated niche audiences,meta_unrelated_niche_control_01,1,"weeks 1-3, 10 EDPs",3,10,pairwise_maxent_mixture,Mixture pair + higher-order inference,13810000.0,14200864.045713514,0.028302972173317457,0.028302972173317457,0.013,-8.696338364399633e-28
unrelated_niche_control,Unrelated niche audiences,meta_unrelated_niche_control_01,1,"weeks 1-12, 10 EDPs",12,10,baseline_vid,Existing VID,36210000.0,49548804.67592305,0.3683735066534949,0.3683735066534949,0.05163333333333334,-1.468086411000733e-20
unrelated_niche_control,Unrelated niche audiences,meta_unrelated_niche_control_01,1,"weeks 1-12, 10 EDPs",12,10,pair_aware_fixed_plus_shared_log,Pair-aware fixed + log,36210000.0,43936215.51687506,0.2133724252105788,0.2133724252105788,0.05163333333333334,-1.468086411000733e-20
unrelated_niche_control,Unrelated niche audiences,meta_unrelated_niche_control_01,1,"weeks 1-12, 10 EDPs",12,10,two_group_latent_mixture,Two-group mixture,36210000.0,41560737.7351806,0.14776961433804478,0.14776961433804478,0.05163333333333334,-1.468086411000733e-20
unrelated_niche_control,Unrelated niche audiences,meta_unrelated_niche_control_01,1,"weeks 1-12, 10 EDPs",12,10,pairwise_maxent_direct,Direct pair + higher-order inference,36210000.0,42839892.36008428,0.183095618892137,0.183095618892137,0.05163333333333334,-1.468086411000733e-20
unrelated_niche_control,Unrelated niche audiences,meta_unrelated_niche_control_01,1,"weeks 1-12, 10 EDPs",12,10,pairwise_maxent_mixture,Mixture pair + higher-order inference,36210000.0,38660463.5038093,0.06767366760036739,0.06767366760036739,0.05163333333333334,-1.468086411000733e-20
unrelated_niche_control,Unrelated niche audiences,meta_unrelated_niche_control_01,1,"full flight, 10 EDPs",13,10,baseline_vid,Existing VID,37370000.0,52035071.04105929,0.39242898156433753,0.39242898156433753,0.055,-2.97887939867327e-20
unrelated_niche_control,Unrelated niche audiences,meta_unrelated_niche_control_01,1,"full flight, 10 EDPs",13,10,pair_aware_fixed_plus_shared_log,Pair-aware fixed + log,37370000.0,45788340.45645498,0.2252700148904195,0.2252700148904195,0.055,-2.97887939867327e-20
unrelated_niche_control,Unrelated niche audiences,meta_unrelated_niche_control_01,1,"full flight, 10 EDPs",13,10,two_group_latent_mixture,Two-group mixture,37370000.0,43458583.49861184,0.16292704036959693,0.16292704036959693,0.055,-2.97887939867327e-20
unrelated_niche_control,Unrelated niche audiences,meta_unrelated_niche_control_01,1,"full flight, 10 EDPs",13,10,pairwise_maxent_direct,Direct pair + higher-order inference,37370000.0,44641609.28984715,0.1945841394125542,0.1945841394125542,0.055,-2.97887939867327e-20
unrelated_niche_control,Unrelated niche audiences,meta_unrelated_niche_control_01,1,"full flight, 10 EDPs",13,10,pairwise_maxent_mixture,Mixture pair + higher-order inference,37370000.0,40135804.008534014,0.07401134622783019,0.07401134622783019,0.055,-2.97887939867327e-20
unrelated_niche_control,Unrelated niche audiences,meta_unrelated_niche_control_02,2,"weeks 1-3, 2 EDPs",3,2,baseline_vid,Existing VID,5060000.0,5038672.499999999,0.0042149209486167846,-0.0042149209486167846,0.021083333333333332,2.39891817684412
unrelated_niche_control,Unrelated niche audiences,meta_unrelated_niche_control_02,2,"weeks 1-3, 2 EDPs",3,2,pair_aware_fixed_plus_shared_log,Pair-aware fixed + log,5060000.0,5038672.500402644,0.0042149208690426335,-0.0042149208690426335,0.021083333333333332,2.39891817684412
unrelated_niche_control,Unrelated niche audiences,meta_unrelated_niche_control_02,2,"weeks 1-3, 2 EDPs",3,2,two_group_latent_mixture,Two-group mixture,5060000.0,5038672.500402629,0.004214920869045578,-0.004214920869045578,0.021083333333333332,2.39891817684412
unrelated_niche_control,Unrelated niche audiences,meta_unrelated_niche_control_02,2,"weeks 1-3, 2 EDPs",3,2,pairwise_maxent_direct,Direct pair + higher-order inference,5060000.0,5038723.489046514,0.004204844061953748,-0.004204844061953748,0.021083333333333332,2.39891817684412
unrelated_niche_control,Unrelated niche audiences,meta_unrelated_niche_control_02,2,"weeks 1-3, 2 EDPs",3,2,pairwise_maxent_mixture,Mixture pair + higher-order inference,5060000.0,5038723.488151103,0.0042048442389123995,-0.0042048442389123995,0.021083333333333332,2.39891817684412
unrelated_niche_control,Unrelated niche audiences,meta_unrelated_niche_control_02,2,"weeks 5-12, 2 EDPs",8,2,baseline_vid,Existing VID,14880000.0,14436973.333333327,0.029773297491039886,-0.029773297491039886,0.062,33.167566608486595
unrelated_niche_control,Unrelated niche audiences,meta_unrelated_niche_control_02,2,"weeks 5-12, 2 EDPs",8,2,pair_aware_fixed_plus_shared_log,Pair-aware fixed + log,14880000.0,14436973.448706657,0.02977328973745587,-0.02977328973745587,0.062,33.167566608486595
unrelated_niche_control,Unrelated niche audiences,meta_unrelated_niche_control_02,2,"weeks 5-12, 2 EDPs",8,2,two_group_latent_mixture,Two-group mixture,14880000.0,14436973.4487046,0.029773289737594064,-0.029773289737594064,0.062,33.167566608486595
unrelated_niche_control,Unrelated niche audiences,meta_unrelated_niche_control_02,2,"weeks 5-12, 2 EDPs",8,2,pairwise_maxent_direct,Direct pair + higher-order inference,14880000.0,14451189.817479089,0.028817888610276284,-0.028817888610276284,0.062,33.167566608486595
unrelated_niche_control,Unrelated niche audiences,meta_unrelated_niche_control_02,2,"weeks 5-12, 2 EDPs",8,2,pairwise_maxent_mixture,Mixture pair + higher-order inference,14880000.0,14451189.81134899,0.028817889022245323,-0.028817889022245323,0.062,33.167566608486595
unrelated_niche_control,Unrelated niche audiences,meta_unrelated_niche_control_02,2,"full flight, 2 EDPs",13,2,baseline_vid,Existing VID,20670000.0,19781700.000000004,0.04297532656023204,-0.04297532656023204,0.086125,-105.18631542657022
unrelated_niche_control,Unrelated niche audiences,meta_unrelated_niche_control_02,2,"full flight, 2 EDPs",13,2,pair_aware_fixed_plus_shared_log,Pair-aware fixed + log,20670000.0,19781699.99999973,0.0429753265602452,-0.0429753265602452,0.086125,-105.18631542657022
unrelated_niche_control,Unrelated niche audiences,meta_unrelated_niche_control_02,2,"full flight, 2 EDPs",13,2,two_group_latent_mixture,Two-group mixture,20670000.0,19781699.99999973,0.0429753265602452,-0.0429753265602452,0.086125,-105.18631542657022
unrelated_niche_control,Unrelated niche audiences,meta_unrelated_niche_control_02,2,"full flight, 2 EDPs",13,2,pairwise_maxent_direct,Direct pair + higher-order inference,20670000.0,19781700.0,0.04297532656023222,-0.04297532656023222,0.086125,-105.18631542657022
unrelated_niche_control,Unrelated niche audiences,meta_unrelated_niche_control_02,2,"full flight, 2 EDPs",13,2,pairwise_maxent_mixture,Mixture pair + higher-order inference,20670000.0,19781700.0,0.04297532656023222,-0.04297532656023222,0.086125,-105.18631542657022
unrelated_niche_control,Unrelated niche audiences,meta_unrelated_niche_control_02,2,"weeks 7-13, 5 EDPs",7,5,baseline_vid,Existing VID,26380000.0,28592328.607526597,0.08386385926939335,0.08386385926939335,0.05295,-1.5772374851390895e-05
unrelated_niche_control,Unrelated niche audiences,meta_unrelated_niche_control_02,2,"weeks 7-13, 5 EDPs",7,5,pair_aware_fixed_plus_shared_log,Pair-aware fixed + log,26380000.0,26801558.284783736,0.01598022307747293,0.01598022307747293,0.05295,-1.5772374851390895e-05
unrelated_niche_control,Unrelated niche audiences,meta_unrelated_niche_control_02,2,"weeks 7-13, 5 EDPs",7,5,two_group_latent_mixture,Two-group mixture,26380000.0,25779528.992402285,0.02276235813486409,-0.02276235813486409,0.05295,-1.5772374851390895e-05
unrelated_niche_control,Unrelated niche audiences,meta_unrelated_niche_control_02,2,"weeks 7-13, 5 EDPs",7,5,pairwise_maxent_direct,Direct pair + higher-order inference,26380000.0,27330984.632957175,0.036049455381242435,0.036049455381242435,0.05295,-1.5772374851390895e-05
unrelated_niche_control,Unrelated niche audiences,meta_unrelated_niche_control_02,2,"weeks 7-13, 5 EDPs",7,5,pairwise_maxent_mixture,Mixture pair + higher-order inference,26380000.0,27153095.05369103,0.029306105143708475,0.029306105143708475,0.05295,-1.5772374851390895e-05
unrelated_niche_control,Unrelated niche audiences,meta_unrelated_niche_control_02,2,"full flight, 5 selected EDPs",13,5,baseline_vid,Existing VID,20540000.0,31528204.71995442,0.5349661499490954,0.5349661499490954,0.058883333333333336,-1.8824698600023853e-05
unrelated_niche_control,Unrelated niche audiences,meta_unrelated_niche_control_02,2,"full flight, 5 selected EDPs",13,5,pair_aware_fixed_plus_shared_log,Pair-aware fixed + log,20540000.0,28600365.010629937,0.39242283401314204,0.39242283401314204,0.058883333333333336,-1.8824698600023853e-05
unrelated_niche_control,Unrelated niche audiences,meta_unrelated_niche_control_02,2,"full flight, 5 selected EDPs",13,5,two_group_latent_mixture,Two-group mixture,20540000.0,27510854.001570165,0.33937945479893694,0.33937945479893694,0.058883333333333336,-1.8824698600023853e-05
unrelated_niche_control,Unrelated niche audiences,meta_unrelated_niche_control_02,2,"full flight, 5 selected EDPs",13,5,pairwise_maxent_direct,Direct pair + higher-order inference,20540000.0,25515266.625336543,0.2422233021098609,0.2422233021098609,0.058883333333333336,-1.8824698600023853e-05
unrelated_niche_control,Unrelated niche audiences,meta_unrelated_niche_control_02,2,"full flight, 5 selected EDPs",13,5,pairwise_maxent_mixture,Mixture pair + higher-order inference,20540000.0,23352300.289886326,0.13691822248716287,0.13691822248716287,0.058883333333333336,-1.8824698600023853e-05
unrelated_niche_control,Unrelated niche audiences,meta_unrelated_niche_control_02,2,"noncontiguous weeks, 5 EDPs",6,5,baseline_vid,Existing VID,13080000.0,16391954.094562182,0.2532074995842647,0.2532074995842647,0.028883333333333334,-5.681896722105674e-07
unrelated_niche_control,Unrelated niche audiences,meta_unrelated_niche_control_02,2,"noncontiguous weeks, 5 EDPs",6,5,pair_aware_fixed_plus_shared_log,Pair-aware fixed + log,13080000.0,15737636.604383603,0.20318322663483201,0.20318322663483201,0.028883333333333334,-5.681896722105674e-07
unrelated_niche_control,Unrelated niche audiences,meta_unrelated_niche_control_02,2,"noncontiguous weeks, 5 EDPs",6,5,two_group_latent_mixture,Two-group mixture,13080000.0,15418774.597199291,0.17880539733939532,0.17880539733939532,0.028883333333333334,-5.681896722105674e-07
unrelated_niche_control,Unrelated niche audiences,meta_unrelated_niche_control_02,2,"noncontiguous weeks, 5 EDPs",6,5,pairwise_maxent_direct,Direct pair + higher-order inference,13080000.0,14759158.094437644,0.1283760011037954,0.1283760011037954,0.028883333333333334,-5.681896722105674e-07
unrelated_niche_control,Unrelated niche audiences,meta_unrelated_niche_control_02,2,"noncontiguous weeks, 5 EDPs",6,5,pairwise_maxent_mixture,Mixture pair + higher-order inference,13080000.0,13816132.381308764,0.056279234045012554,0.056279234045012554,0.028883333333333334,-5.681896722105674e-07
unrelated_niche_control,Unrelated niche audiences,meta_unrelated_niche_control_02,2,"weeks 1-3, 10 EDPs",3,10,baseline_vid,Existing VID,11360000.0,12871687.528466467,0.13307108525232983,0.13307108525232983,0.011233333333333333,-5.041385789037508e-28
unrelated_niche_control,Unrelated niche audiences,meta_unrelated_niche_control_02,2,"weeks 1-3, 10 EDPs",3,10,pair_aware_fixed_plus_shared_log,Pair-aware fixed + log,11360000.0,12800196.121398091,0.12677782758786016,0.12677782758786016,0.011233333333333333,-5.041385789037508e-28
unrelated_niche_control,Unrelated niche audiences,meta_unrelated_niche_control_02,2,"weeks 1-3, 10 EDPs",3,10,two_group_latent_mixture,Two-group mixture,11360000.0,12693855.060768321,0.11741681872960573,0.11741681872960573,0.011233333333333333,-5.041385789037508e-28
unrelated_niche_control,Unrelated niche audiences,meta_unrelated_niche_control_02,2,"weeks 1-3, 10 EDPs",3,10,pairwise_maxent_direct,Direct pair + higher-order inference,11360000.0,12474537.91539073,0.0981107319886206,0.0981107319886206,0.011233333333333333,-5.041385789037508e-28
unrelated_niche_control,Unrelated niche audiences,meta_unrelated_niche_control_02,2,"weeks 1-3, 10 EDPs",3,10,pairwise_maxent_mixture,Mixture pair + higher-order inference,11360000.0,11534886.776448026,0.015394962715495272,0.015394962715495272,0.011233333333333333,-5.041385789037508e-28
unrelated_niche_control,Unrelated niche audiences,meta_unrelated_niche_control_02,2,"weeks 1-12, 10 EDPs",12,10,baseline_vid,Existing VID,36290000.0,50544521.750867486,0.3927947575328599,0.3927947575328599,0.052983333333333334,-2.164059824598452e-20
unrelated_niche_control,Unrelated niche audiences,meta_unrelated_niche_control_02,2,"weeks 1-12, 10 EDPs",12,10,pair_aware_fixed_plus_shared_log,Pair-aware fixed + log,36290000.0,44562469.73891488,0.22795452573477204,0.22795452573477204,0.052983333333333334,-2.164059824598452e-20
unrelated_niche_control,Unrelated niche audiences,meta_unrelated_niche_control_02,2,"weeks 1-12, 10 EDPs",12,10,two_group_latent_mixture,Two-group mixture,36290000.0,42149958.15163919,0.16147583774150437,0.16147583774150437,0.052983333333333334,-2.164059824598452e-20
unrelated_niche_control,Unrelated niche audiences,meta_unrelated_niche_control_02,2,"weeks 1-12, 10 EDPs",12,10,pairwise_maxent_direct,Direct pair + higher-order inference,36290000.0,43783632.37905122,0.2064930388275344,0.2064930388275344,0.052983333333333334,-2.164059824598452e-20
unrelated_niche_control,Unrelated niche audiences,meta_unrelated_niche_control_02,2,"weeks 1-12, 10 EDPs",12,10,pairwise_maxent_mixture,Mixture pair + higher-order inference,36290000.0,39733894.72974832,0.09489927610218582,0.09489927610218582,0.052983333333333334,-2.164059824598452e-20
unrelated_niche_control,Unrelated niche audiences,meta_unrelated_niche_control_02,2,"full flight, 10 EDPs",13,10,baseline_vid,Existing VID,37120000.0,52035071.04105929,0.40180687071819216,0.40180687071819216,0.055,-2.97887939867327e-20
unrelated_niche_control,Unrelated niche audiences,meta_unrelated_niche_control_02,2,"full flight, 10 EDPs",13,10,pair_aware_fixed_plus_shared_log,Pair-aware fixed + log,37120000.0,45708475.77226454,0.23137057576143696,0.23137057576143696,0.055,-2.97887939867327e-20
unrelated_niche_control,Unrelated niche audiences,meta_unrelated_niche_control_02,2,"full flight, 10 EDPs",13,10,two_group_latent_mixture,Two-group mixture,37120000.0,43524534.06485815,0.1725359392472563,0.1725359392472563,0.055,-2.97887939867327e-20
unrelated_niche_control,Unrelated niche audiences,meta_unrelated_niche_control_02,2,"full flight, 10 EDPs",13,10,pairwise_maxent_direct,Direct pair + higher-order inference,37120000.0,45048023.22411938,0.21357821185666434,0.21357821185666434,0.055,-2.97887939867327e-20
unrelated_niche_control,Unrelated niche audiences,meta_unrelated_niche_control_02,2,"full flight, 10 EDPs",13,10,pairwise_maxent_mixture,Mixture pair + higher-order inference,37120000.0,40944617.023657754,0.10303386378388346,0.10303386378388346,0.055,-2.97887939867327e-20
mixed_funnel_portfolio,Mixed-funnel portfolio,meta_mixed_funnel_portfolio_00,0,"weeks 1-3, 2 EDPs",3,2,baseline_vid,Existing VID,4870000.0,4900831.666666674,0.006330937713896186,0.006330937713896186,0.020541666666666666,40005.30501448218
mixed_funnel_portfolio,Mixed-funnel portfolio,meta_mixed_funnel_portfolio_00,0,"weeks 1-3, 2 EDPs",3,2,pair_aware_fixed_plus_shared_log,Pair-aware fixed + log,4870000.0,4900807.552012935,0.006325986039617101,0.006325986039617101,0.020541666666666666,40005.30501448218
mixed_funnel_portfolio,Mixed-funnel portfolio,meta_mixed_funnel_portfolio_00,0,"weeks 1-3, 2 EDPs",3,2,two_group_latent_mixture,Two-group mixture,4870000.0,4900779.425605118,0.006320210596533526,0.006320210596533526,0.020541666666666666,40005.30501448218
mixed_funnel_portfolio,Mixed-funnel portfolio,meta_mixed_funnel_portfolio_00,0,"weeks 1-3, 2 EDPs",3,2,pairwise_maxent_direct,Direct pair + higher-order inference,4870000.0,4866009.18443352,0.0008194693154990061,-0.0008194693154990061,0.020541666666666666,40005.30501448218
mixed_funnel_portfolio,Mixed-funnel portfolio,meta_mixed_funnel_portfolio_00,0,"weeks 1-3, 2 EDPs",3,2,pairwise_maxent_mixture,Mixture pair + higher-order inference,4870000.0,4860449.685547501,0.0019610501955850414,-0.0019610501955850414,0.020541666666666666,40005.30501448218
mixed_funnel_portfolio,Mixed-funnel portfolio,meta_mixed_funnel_portfolio_00,0,"weeks 5-12, 2 EDPs",8,2,baseline_vid,Existing VID,57180000.0,57826544.99999999,0.011307187827911727,0.011307187827911727,0.275125,4030393.0358837284
mixed_funnel_portfolio,Mixed-funnel portfolio,meta_mixed_funnel_portfolio_00,0,"weeks 5-12, 2 EDPs",8,2,pair_aware_fixed_plus_shared_log,Pair-aware fixed + log,57180000.0,59130002.85938405,0.034102883165163564,0.034102883165163564,0.275125,4030393.0358837284
mixed_funnel_portfolio,Mixed-funnel portfolio,meta_mixed_funnel_portfolio_00,0,"weeks 5-12, 2 EDPs",8,2,two_group_latent_mixture,Two-group mixture,57180000.0,58808012.065902576,0.028471704545340606,0.028471704545340606,0.275125,4030393.0358837284
mixed_funnel_portfolio,Mixed-funnel portfolio,meta_mixed_funnel_portfolio_00,0,"weeks 5-12, 2 EDPs",8,2,pairwise_maxent_direct,Direct pair + higher-order inference,57180000.0,58226810.21355496,0.018307279005858053,0.018307279005858053,0.275125,4030393.0358837284
mixed_funnel_portfolio,Mixed-funnel portfolio,meta_mixed_funnel_portfolio_00,0,"weeks 5-12, 2 EDPs",8,2,pairwise_maxent_mixture,Mixture pair + higher-order inference,57180000.0,58909486.339844175,0.030246350819240552,0.030246350819240552,0.275125,4030393.0358837284
mixed_funnel_portfolio,Mixed-funnel portfolio,meta_mixed_funnel_portfolio_00,0,"full flight, 2 EDPs",13,2,baseline_vid,Existing VID,63540000.0,64319999.99999999,0.012275731822473915,0.012275731822473915,0.31,5049579.95867787
mixed_funnel_portfolio,Mixed-funnel portfolio,meta_mixed_funnel_portfolio_00,0,"full flight, 2 EDPs",13,2,pair_aware_fixed_plus_shared_log,Pair-aware fixed + log,63540000.0,65658260.233115345,0.03333742891273757,0.03333742891273757,0.31,5049579.95867787
mixed_funnel_portfolio,Mixed-funnel portfolio,meta_mixed_funnel_portfolio_00,0,"full flight, 2 EDPs",13,2,two_group_latent_mixture,Two-group mixture,63540000.0,65387490.454383254,0.029076022259730154,0.029076022259730154,0.31,5049579.95867787
mixed_funnel_portfolio,Mixed-funnel portfolio,meta_mixed_funnel_portfolio_00,0,"full flight, 2 EDPs",13,2,pairwise_maxent_direct,Direct pair + higher-order inference,63540000.0,64554529.14300728,0.0159667790841561,0.0159667790841561,0.31,5049579.95867787
mixed_funnel_portfolio,Mixed-funnel portfolio,meta_mixed_funnel_portfolio_00,0,"full flight, 2 EDPs",13,2,pairwise_maxent_mixture,Mixture pair + higher-order inference,63540000.0,65479000.753461115,0.030516222119312483,0.030516222119312483,0.31,5049579.95867787
mixed_funnel_portfolio,Mixed-funnel portfolio,meta_mixed_funnel_portfolio_00,0,"weeks 7-13, 5 EDPs",7,5,baseline_vid,Existing VID,59460000.0,60179389.232605,0.012098708923730286,0.012098708923730286,0.12511666666666665,-0.00015885738030379433
mixed_funnel_portfolio,Mixed-funnel portfolio,meta_mixed_funnel_portfolio_00,0,"weeks 7-13, 5 EDPs",7,5,pair_aware_fixed_plus_shared_log,Pair-aware fixed + log,59460000.0,58774952.14951332,0.011521154565870852,-0.011521154565870852,0.12511666666666665,-0.00015885738030379433
mixed_funnel_portfolio,Mixed-funnel portfolio,meta_mixed_funnel_portfolio_00,0,"weeks 7-13, 5 EDPs",7,5,two_group_latent_mixture,Two-group mixture,59460000.0,59421618.149043694,0.000645507079655329,-0.000645507079655329,0.12511666666666665,-0.00015885738030379433
mixed_funnel_portfolio,Mixed-funnel portfolio,meta_mixed_funnel_portfolio_00,0,"weeks 7-13, 5 EDPs",7,5,pairwise_maxent_direct,Direct pair + higher-order inference,59460000.0,61398990.98351858,0.03261000645002654,0.03261000645002654,0.12511666666666665,-0.00015885738030379433
mixed_funnel_portfolio,Mixed-funnel portfolio,meta_mixed_funnel_portfolio_00,0,"weeks 7-13, 5 EDPs",7,5,pairwise_maxent_mixture,Mixture pair + higher-order inference,59460000.0,61791668.89180292,0.03921407487055032,0.03921407487055032,0.12511666666666665,-0.00015885738030379433
mixed_funnel_portfolio,Mixed-funnel portfolio,meta_mixed_funnel_portfolio_00,0,"full flight, 5 selected EDPs",13,5,baseline_vid,Existing VID,98380000.0,99966875.39999999,0.016130060988005603,0.016130060988005603,0.282,9999.983686243288
mixed_funnel_portfolio,Mixed-funnel portfolio,meta_mixed_funnel_portfolio_00,0,"full flight, 5 selected EDPs",13,5,pair_aware_fixed_plus_shared_log,Pair-aware fixed + log,98380000.0,100615144.35715094,0.022719499462806894,0.022719499462806894,0.282,9999.983686243288
mixed_funnel_portfolio,Mixed-funnel portfolio,meta_mixed_funnel_portfolio_00,0,"full flight, 5 selected EDPs",13,5,two_group_latent_mixture,Two-group mixture,98380000.0,102892501.14506046,0.04586807425351153,0.04586807425351153,0.282,9999.983686243288
mixed_funnel_portfolio,Mixed-funnel portfolio,meta_mixed_funnel_portfolio_00,0,"full flight, 5 selected EDPs",13,5,pairwise_maxent_direct,Direct pair + higher-order inference,98380000.0,105527640.07246369,0.07265338557088526,0.07265338557088526,0.282,9999.983686243288
mixed_funnel_portfolio,Mixed-funnel portfolio,meta_mixed_funnel_portfolio_00,0,"full flight, 5 selected EDPs",13,5,pairwise_maxent_mixture,Mixture pair + higher-order inference,98380000.0,105672015.09847043,0.07412090972220405,0.07412090972220405,0.282,9999.983686243288
mixed_funnel_portfolio,Mixed-funnel portfolio,meta_mixed_funnel_portfolio_00,0,"noncontiguous weeks, 5 EDPs",6,5,baseline_vid,Existing VID,70130000.0,70925576.5472708,0.011344311240136955,0.011344311240136955,0.15788333333333332,-0.0007277339129187311
mixed_funnel_portfolio,Mixed-funnel portfolio,meta_mixed_funnel_portfolio_00,0,"noncontiguous weeks, 5 EDPs",6,5,pair_aware_fixed_plus_shared_log,Pair-aware fixed + log,70130000.0,69096829.50920224,0.014732218605415058,-0.014732218605415058,0.15788333333333332,-0.0007277339129187311
mixed_funnel_portfolio,Mixed-funnel portfolio,meta_mixed_funnel_portfolio_00,0,"noncontiguous weeks, 5 EDPs",6,5,two_group_latent_mixture,Two-group mixture,70130000.0,69793691.00856563,0.004795508219511842,-0.004795508219511842,0.15788333333333332,-0.0007277339129187311
mixed_funnel_portfolio,Mixed-funnel portfolio,meta_mixed_funnel_portfolio_00,0,"noncontiguous weeks, 5 EDPs",6,5,pairwise_maxent_direct,Direct pair + higher-order inference,70130000.0,75780740.24369934,0.08057522092826667,0.08057522092826667,0.15788333333333332,-0.0007277339129187311
mixed_funnel_portfolio,Mixed-funnel portfolio,meta_mixed_funnel_portfolio_00,0,"noncontiguous weeks, 5 EDPs",6,5,pairwise_maxent_mixture,Mixture pair + higher-order inference,70130000.0,72999558.0743956,0.04091769676879505,0.04091769676879505,0.15788333333333332,-0.0007277339129187311
mixed_funnel_portfolio,Mixed-funnel portfolio,meta_mixed_funnel_portfolio_00,0,"weeks 1-3, 10 EDPs",3,10,baseline_vid,Existing VID,53900000.0,54754664.574178375,0.015856485606277834,0.015856485606277834,0.05516666666666667,-1.2655405360196364e-24
mixed_funnel_portfolio,Mixed-funnel portfolio,meta_mixed_funnel_portfolio_00,0,"weeks 1-3, 10 EDPs",3,10,pair_aware_fixed_plus_shared_log,Pair-aware fixed + log,53900000.0,53490937.94601601,0.007589277439406055,-0.007589277439406055,0.05516666666666667,-1.2655405360196364e-24
mixed_funnel_portfolio,Mixed-funnel portfolio,meta_mixed_funnel_portfolio_00,0,"weeks 1-3, 10 EDPs",3,10,two_group_latent_mixture,Two-group mixture,53900000.0,54120689.31223529,0.004094421377278077,0.004094421377278077,0.05516666666666667,-1.2655405360196364e-24
mixed_funnel_portfolio,Mixed-funnel portfolio,meta_mixed_funnel_portfolio_00,0,"weeks 1-3, 10 EDPs",3,10,pairwise_maxent_direct,Direct pair + higher-order inference,53900000.0,57285360.58230659,0.06280817406876797,0.06280817406876797,0.05516666666666667,-1.2655405360196364e-24
mixed_funnel_portfolio,Mixed-funnel portfolio,meta_mixed_funnel_portfolio_00,0,"weeks 1-3, 10 EDPs",3,10,pairwise_maxent_mixture,Mixture pair + higher-order inference,53900000.0,54212812.60495794,0.005803573375843009,0.005803573375843009,0.05516666666666667,-1.2655405360196364e-24
mixed_funnel_portfolio,Mixed-funnel portfolio,meta_mixed_funnel_portfolio_00,0,"weeks 1-12, 10 EDPs",12,10,baseline_vid,Existing VID,104060000.0,107972863.9071348,0.0376019979543994,0.0376019979543994,0.19186666666666666,-5.738202345565398e-16
mixed_funnel_portfolio,Mixed-funnel portfolio,meta_mixed_funnel_portfolio_00,0,"weeks 1-12, 10 EDPs",12,10,pair_aware_fixed_plus_shared_log,Pair-aware fixed + log,104060000.0,98757772.435498,0.05095356106575054,-0.05095356106575054,0.19186666666666666,-5.738202345565398e-16
mixed_funnel_portfolio,Mixed-funnel portfolio,meta_mixed_funnel_portfolio_00,0,"weeks 1-12, 10 EDPs",12,10,two_group_latent_mixture,Two-group mixture,104060000.0,100567183.13750878,0.033565412862687105,-0.033565412862687105,0.19186666666666666,-5.738202345565398e-16
mixed_funnel_portfolio,Mixed-funnel portfolio,meta_mixed_funnel_portfolio_00,0,"weeks 1-12, 10 EDPs",12,10,pairwise_maxent_direct,Direct pair + higher-order inference,104060000.0,114814389.41819294,0.10334796673258638,0.10334796673258638,0.19186666666666666,-5.738202345565398e-16
mixed_funnel_portfolio,Mixed-funnel portfolio,meta_mixed_funnel_portfolio_00,0,"weeks 1-12, 10 EDPs",12,10,pairwise_maxent_mixture,Mixture pair + higher-order inference,104060000.0,110961866.30203389,0.06632583415369869,0.06632583415369869,0.19186666666666666,-5.738202345565398e-16
mixed_funnel_portfolio,Mixed-funnel portfolio,meta_mixed_funnel_portfolio_00,0,"full flight, 10 EDPs",13,10,baseline_vid,Existing VID,106700000.0,110448462.61471488,0.035130858619633325,0.035130858619633325,0.208,-1.2628326861607336e-15
mixed_funnel_portfolio,Mixed-funnel portfolio,meta_mixed_funnel_portfolio_00,0,"full flight, 10 EDPs",13,10,pair_aware_fixed_plus_shared_log,Pair-aware fixed + log,106700000.0,101185467.8816823,0.051682587800540705,-0.051682587800540705,0.208,-1.2628326861607336e-15
mixed_funnel_portfolio,Mixed-funnel portfolio,meta_mixed_funnel_portfolio_00,0,"full flight, 10 EDPs",13,10,two_group_latent_mixture,Two-group mixture,106700000.0,102415873.73514953,0.040151136502816,-0.040151136502816,0.208,-1.2628326861607336e-15
mixed_funnel_portfolio,Mixed-funnel portfolio,meta_mixed_funnel_portfolio_00,0,"full flight, 10 EDPs",13,10,pairwise_maxent_direct,Direct pair + higher-order inference,106700000.0,117796012.7203193,0.10399262155875634,0.10399262155875634,0.208,-1.2628326861607336e-15
mixed_funnel_portfolio,Mixed-funnel portfolio,meta_mixed_funnel_portfolio_00,0,"full flight, 10 EDPs",13,10,pairwise_maxent_mixture,Mixture pair + higher-order inference,106700000.0,114643194.46617872,0.07444418431282769,0.07444418431282769,0.208,-1.2628326861607336e-15
mixed_funnel_portfolio,Mixed-funnel portfolio,meta_mixed_funnel_portfolio_01,1,"weeks 1-3, 2 EDPs",3,2,baseline_vid,Existing VID,10900000.0,10993954.999999994,0.00861972477064169,0.00861972477064169,0.04645833333333333,150048.09289544492
mixed_funnel_portfolio,Mixed-funnel portfolio,meta_mixed_funnel_portfolio_01,1,"weeks 1-3, 2 EDPs",3,2,pair_aware_fixed_plus_shared_log,Pair-aware fixed + log,10900000.0,10992139.067420676,0.008453125451438198,0.008453125451438198,0.04645833333333333,150048.09289544492
mixed_funnel_portfolio,Mixed-funnel portfolio,meta_mixed_funnel_portfolio_01,1,"weeks 1-3, 2 EDPs",3,2,two_group_latent_mixture,Two-group mixture,10900000.0,10988794.62168467,0.008146295567400959,0.008146295567400959,0.04645833333333333,150048.09289544492
mixed_funnel_portfolio,Mixed-funnel portfolio,meta_mixed_funnel_portfolio_01,1,"weeks 1-3, 2 EDPs",3,2,pairwise_maxent_direct,Direct pair + higher-order inference,10900000.0,10894793.283686653,0.00047768039571992847,-0.00047768039571992847,0.04645833333333333,150048.09289544492
mixed_funnel_portfolio,Mixed-funnel portfolio,meta_mixed_funnel_portfolio_01,1,"weeks 1-3, 2 EDPs",3,2,pairwise_maxent_mixture,Mixture pair + higher-order inference,10900000.0,10885714.909776717,0.0013105587360809703,-0.0013105587360809703,0.04645833333333333,150048.09289544492
mixed_funnel_portfolio,Mixed-funnel portfolio,meta_mixed_funnel_portfolio_01,1,"weeks 5-12, 2 EDPs",8,2,baseline_vid,Existing VID,46640000.0,47038245.00000001,0.008538700686106506,0.008538700686106506,0.214375,2140280.9656573837
mixed_funnel_portfolio,Mixed-funnel portfolio,meta_mixed_funnel_portfolio_01,1,"weeks 5-12, 2 EDPs",8,2,pair_aware_fixed_plus_shared_log,Pair-aware fixed + log,46640000.0,47880858.19102651,0.026605021248424288,0.026605021248424288,0.214375,2140280.9656573837
mixed_funnel_portfolio,Mixed-funnel portfolio,meta_mixed_funnel_portfolio_01,1,"weeks 5-12, 2 EDPs",8,2,two_group_latent_mixture,Two-group mixture,46640000.0,47571537.717796415,0.019972935630283344,0.019972935630283344,0.214375,2140280.9656573837
mixed_funnel_portfolio,Mixed-funnel portfolio,meta_mixed_funnel_portfolio_01,1,"weeks 5-12, 2 EDPs",8,2,pairwise_maxent_direct,Direct pair + higher-order inference,46640000.0,47391907.81447843,0.01612152260888566,0.01612152260888566,0.214375,2140280.9656573837
mixed_funnel_portfolio,Mixed-funnel portfolio,meta_mixed_funnel_portfolio_01,1,"weeks 5-12, 2 EDPs",8,2,pairwise_maxent_mixture,Mixture pair + higher-order inference,46640000.0,47668592.05836634,0.022053860599621427,0.022053860599621427,0.214375,2140280.9656573837
mixed_funnel_portfolio,Mixed-funnel portfolio,meta_mixed_funnel_portfolio_01,1,"full flight, 2 EDPs",13,2,baseline_vid,Existing VID,63380000.0,64319999.99999999,0.014831177027453337,0.014831177027453337,0.31,4990174.95867787
mixed_funnel_portfolio,Mixed-funnel portfolio,meta_mixed_funnel_portfolio_01,1,"full flight, 2 EDPs",13,2,pair_aware_fixed_plus_shared_log,Pair-aware fixed + log,63380000.0,65750618.80785575,0.03740326298289283,0.03740326298289283,0.31,4990174.95867787
mixed_funnel_portfolio,Mixed-funnel portfolio,meta_mixed_funnel_portfolio_01,1,"full flight, 2 EDPs",13,2,two_group_latent_mixture,Two-group mixture,63380000.0,65483237.924025245,0.03318456806603416,0.03318456806603416,0.31,4990174.95867787
mixed_funnel_portfolio,Mixed-funnel portfolio,meta_mixed_funnel_portfolio_01,1,"full flight, 2 EDPs",13,2,pairwise_maxent_direct,Direct pair + higher-order inference,63380000.0,64670327.291776374,0.02035858775286169,0.02035858775286169,0.31,4990174.95867787
mixed_funnel_portfolio,Mixed-funnel portfolio,meta_mixed_funnel_portfolio_01,1,"full flight, 2 EDPs",13,2,pairwise_maxent_mixture,Mixture pair + higher-order inference,63380000.0,65583920.834599614,0.034773127715361535,0.034773127715361535,0.31,4990174.95867787
mixed_funnel_portfolio,Mixed-funnel portfolio,meta_mixed_funnel_portfolio_01,1,"weeks 7-13, 5 EDPs",7,5,baseline_vid,Existing VID,77910000.0,78909754.96504848,0.012832177705666501,0.012832177705666501,0.1777,-0.00029562964301266595
mixed_funnel_portfolio,Mixed-funnel portfolio,meta_mixed_funnel_portfolio_01,1,"weeks 7-13, 5 EDPs",7,5,pair_aware_fixed_plus_shared_log,Pair-aware fixed + log,77910000.0,78021328.37115806,0.0014289355815436198,0.0014289355815436198,0.1777,-0.00029562964301266595
mixed_funnel_portfolio,Mixed-funnel portfolio,meta_mixed_funnel_portfolio_01,1,"weeks 7-13, 5 EDPs",7,5,two_group_latent_mixture,Two-group mixture,77910000.0,78231090.15586495,0.004121295801116083,0.004121295801116083,0.1777,-0.00029562964301266595
mixed_funnel_portfolio,Mixed-funnel portfolio,meta_mixed_funnel_portfolio_01,1,"weeks 7-13, 5 EDPs",7,5,pairwise_maxent_direct,Direct pair + higher-order inference,77910000.0,82172722.87336019,0.05471342412219467,0.05471342412219467,0.1777,-0.00029562964301266595
mixed_funnel_portfolio,Mixed-funnel portfolio,meta_mixed_funnel_portfolio_01,1,"weeks 7-13, 5 EDPs",7,5,pairwise_maxent_mixture,Mixture pair + higher-order inference,77910000.0,83819492.22740552,0.0758502403722952,0.0758502403722952,0.1777,-0.00029562964301266595
mixed_funnel_portfolio,Mixed-funnel portfolio,meta_mixed_funnel_portfolio_01,1,"full flight, 5 selected EDPs",13,5,baseline_vid,Existing VID,98360000.0,99966875.39999999,0.01633667547783643,0.01633667547783643,0.282,-0.016313756712709935
mixed_funnel_portfolio,Mixed-funnel portfolio,meta_mixed_funnel_portfolio_01,1,"full flight, 5 selected EDPs",13,5,pair_aware_fixed_plus_shared_log,Pair-aware fixed + log,98360000.0,99827178.95473777,0.01491641881595941,0.01491641881595941,0.282,-0.016313756712709935
mixed_funnel_portfolio,Mixed-funnel portfolio,meta_mixed_funnel_portfolio_01,1,"full flight, 5 selected EDPs",13,5,two_group_latent_mixture,Two-group mixture,98360000.0,101955154.69276479,0.03655098304966235,0.03655098304966235,0.282,-0.016313756712709935
mixed_funnel_portfolio,Mixed-funnel portfolio,meta_mixed_funnel_portfolio_01,1,"full flight, 5 selected EDPs",13,5,pairwise_maxent_direct,Direct pair + higher-order inference,98360000.0,107091162.65074459,0.08876741206531708,0.08876741206531708,0.282,-0.016313756712709935
mixed_funnel_portfolio,Mixed-funnel portfolio,meta_mixed_funnel_portfolio_01,1,"full flight, 5 selected EDPs",13,5,pairwise_maxent_mixture,Mixture pair + higher-order inference,98360000.0,107185930.29191057,0.08973088950702088,0.08973088950702088,0.282,-0.016313756712709935
mixed_funnel_portfolio,Mixed-funnel portfolio,meta_mixed_funnel_portfolio_01,1,"noncontiguous weeks, 5 EDPs",6,5,baseline_vid,Existing VID,64040000.0,64352771.96224269,0.004884009404164471,0.004884009404164471,0.13831666666666667,-0.0004862033138051653
mixed_funnel_portfolio,Mixed-funnel portfolio,meta_mixed_funnel_portfolio_01,1,"noncontiguous weeks, 5 EDPs",6,5,pair_aware_fixed_plus_shared_log,Pair-aware fixed + log,64040000.0,61977563.85837125,0.03220543631525218,-0.03220543631525218,0.13831666666666667,-0.0004862033138051653
mixed_funnel_portfolio,Mixed-funnel portfolio,meta_mixed_funnel_portfolio_01,1,"noncontiguous weeks, 5 EDPs",6,5,two_group_latent_mixture,Two-group mixture,64040000.0,62779691.35723221,0.019680022529165942,-0.019680022529165942,0.13831666666666667,-0.0004862033138051653
mixed_funnel_portfolio,Mixed-funnel portfolio,meta_mixed_funnel_portfolio_01,1,"noncontiguous weeks, 5 EDPs",6,5,pairwise_maxent_direct,Direct pair + higher-order inference,64040000.0,68785174.35652095,0.07409703867147019,0.07409703867147019,0.13831666666666667,-0.0004862033138051653
mixed_funnel_portfolio,Mixed-funnel portfolio,meta_mixed_funnel_portfolio_01,1,"noncontiguous weeks, 5 EDPs",6,5,pairwise_maxent_mixture,Mixture pair + higher-order inference,64040000.0,66547052.84028337,0.0391482329838128,0.0391482329838128,0.13831666666666667,-0.0004862033138051653
mixed_funnel_portfolio,Mixed-funnel portfolio,meta_mixed_funnel_portfolio_01,1,"weeks 1-3, 10 EDPs",3,10,baseline_vid,Existing VID,34200000.0,35016546.26955508,0.023875621916815117,0.023875621916815117,0.03336666666666667,-4.543290131904087e-25
mixed_funnel_portfolio,Mixed-funnel portfolio,meta_mixed_funnel_portfolio_01,1,"weeks 1-3, 10 EDPs",3,10,pair_aware_fixed_plus_shared_log,Pair-aware fixed + log,34200000.0,34851513.916215286,0.01905011450921888,0.01905011450921888,0.03336666666666667,-4.543290131904087e-25
mixed_funnel_portfolio,Mixed-funnel portfolio,meta_mixed_funnel_portfolio_01,1,"weeks 1-3, 10 EDPs",3,10,two_group_latent_mixture,Two-group mixture,34200000.0,34521822.76010157,0.009410022225192154,0.009410022225192154,0.03336666666666667,-4.543290131904087e-25
mixed_funnel_portfolio,Mixed-funnel portfolio,meta_mixed_funnel_portfolio_01,1,"weeks 1-3, 10 EDPs",3,10,pairwise_maxent_direct,Direct pair + higher-order inference,34200000.0,35238329.67855151,0.03036051691671082,0.03036051691671082,0.03336666666666667,-4.543290131904087e-25
mixed_funnel_portfolio,Mixed-funnel portfolio,meta_mixed_funnel_portfolio_01,1,"weeks 1-3, 10 EDPs",3,10,pairwise_maxent_mixture,Mixture pair + higher-order inference,34200000.0,32293099.00294353,0.0557573390952184,-0.0557573390952184,0.03336666666666667,-4.543290131904087e-25
mixed_funnel_portfolio,Mixed-funnel portfolio,meta_mixed_funnel_portfolio_01,1,"weeks 1-12, 10 EDPs",12,10,baseline_vid,Existing VID,104810000.0,108487369.51970175,0.03508605590784991,0.03508605590784991,0.195575,-7.636323068886335e-16
mixed_funnel_portfolio,Mixed-funnel portfolio,meta_mixed_funnel_portfolio_01,1,"weeks 1-12, 10 EDPs",12,10,pair_aware_fixed_plus_shared_log,Pair-aware fixed + log,104810000.0,98870984.38498215,0.0566645894000367,-0.0566645894000367,0.195575,-7.636323068886335e-16
mixed_funnel_portfolio,Mixed-funnel portfolio,meta_mixed_funnel_portfolio_01,1,"weeks 1-12, 10 EDPs",12,10,two_group_latent_mixture,Two-group mixture,104810000.0,100824212.95137757,0.038028690474405394,-0.038028690474405394,0.195575,-7.636323068886335e-16
mixed_funnel_portfolio,Mixed-funnel portfolio,meta_mixed_funnel_portfolio_01,1,"weeks 1-12, 10 EDPs",12,10,pairwise_maxent_direct,Direct pair + higher-order inference,104810000.0,116661389.32238093,0.11307498637898035,0.11307498637898035,0.195575,-7.636323068886335e-16
mixed_funnel_portfolio,Mixed-funnel portfolio,meta_mixed_funnel_portfolio_01,1,"weeks 1-12, 10 EDPs",12,10,pairwise_maxent_mixture,Mixture pair + higher-order inference,104810000.0,112124413.50341383,0.06978736287962815,0.06978736287962815,0.195575,-7.636323068886335e-16
mixed_funnel_portfolio,Mixed-funnel portfolio,meta_mixed_funnel_portfolio_01,1,"full flight, 10 EDPs",13,10,baseline_vid,Existing VID,106900000.0,110448462.61471488,0.03319422464653766,0.03319422464653766,0.208,-1.2628326861607336e-15
mixed_funnel_portfolio,Mixed-funnel portfolio,meta_mixed_funnel_portfolio_01,1,"full flight, 10 EDPs",13,10,pair_aware_fixed_plus_shared_log,Pair-aware fixed + log,106900000.0,100702924.10384312,0.057970775455162556,-0.057970775455162556,0.208,-1.2628326861607336e-15
mixed_funnel_portfolio,Mixed-funnel portfolio,meta_mixed_funnel_portfolio_01,1,"full flight, 10 EDPs",13,10,two_group_latent_mixture,Two-group mixture,106900000.0,102108075.8334401,0.04482623167969976,-0.04482623167969976,0.208,-1.2628326861607336e-15
mixed_funnel_portfolio,Mixed-funnel portfolio,meta_mixed_funnel_portfolio_01,1,"full flight, 10 EDPs",13,10,pairwise_maxent_direct,Direct pair + higher-order inference,106900000.0,117761904.66617578,0.10160808855169114,0.10160808855169114,0.208,-1.2628326861607336e-15
mixed_funnel_portfolio,Mixed-funnel portfolio,meta_mixed_funnel_portfolio_01,1,"full flight, 10 EDPs",13,10,pairwise_maxent_mixture,Mixture pair + higher-order inference,106900000.0,114736149.18746728,0.07330354712317377,0.07330354712317377,0.208,-1.2628326861607336e-15
mixed_funnel_portfolio,Mixed-funnel portfolio,meta_mixed_funnel_portfolio_02,2,"weeks 1-3, 2 EDPs",3,2,baseline_vid,Existing VID,11380000.0,11395892.500000002,0.0013965289982426944,0.0013965289982426944,0.04808333333333333,109932.4083316597
mixed_funnel_portfolio,Mixed-funnel portfolio,meta_mixed_funnel_portfolio_02,2,"weeks 1-3, 2 EDPs",3,2,pair_aware_fixed_plus_shared_log,Pair-aware fixed + log,11380000.0,11395935.78475286,0.0014003325793374925,0.0014003325793374925,0.04808333333333333,109932.4083316597
mixed_funnel_portfolio,Mixed-funnel portfolio,meta_mixed_funnel_portfolio_02,2,"weeks 1-3, 2 EDPs",3,2,two_group_latent_mixture,Two-group mixture,11380000.0,11394910.660262719,0.0013102513411879435,0.0013102513411879435,0.04808333333333333,109932.4083316597
mixed_funnel_portfolio,Mixed-funnel portfolio,meta_mixed_funnel_portfolio_02,2,"weeks 1-3, 2 EDPs",3,2,pairwise_maxent_direct,Direct pair + higher-order inference,11380000.0,11353359.031019956,0.0023410341810232095,-0.0023410341810232095,0.04808333333333333,109932.4083316597
mixed_funnel_portfolio,Mixed-funnel portfolio,meta_mixed_funnel_portfolio_02,2,"weeks 1-3, 2 EDPs",3,2,pairwise_maxent_mixture,Mixture pair + higher-order inference,11380000.0,11346282.254963279,0.0029628949944394754,-0.0029628949944394754,0.04808333333333333,109932.4083316597
mixed_funnel_portfolio,Mixed-funnel portfolio,meta_mixed_funnel_portfolio_02,2,"weeks 5-12, 2 EDPs",8,2,baseline_vid,Existing VID,52950000.0,53701477.5,0.014192209631728046,0.014192209631728046,0.2445,2560297.0970192016
mixed_funnel_portfolio,Mixed-funnel portfolio,meta_mixed_funnel_portfolio_02,2,"weeks 5-12, 2 EDPs",8,2,pair_aware_fixed_plus_shared_log,Pair-aware fixed + log,52950000.0,54440833.433870986,0.028155494501812768,0.028155494501812768,0.2445,2560297.0970192016
mixed_funnel_portfolio,Mixed-funnel portfolio,meta_mixed_funnel_portfolio_02,2,"weeks 5-12, 2 EDPs",8,2,two_group_latent_mixture,Two-group mixture,52950000.0,54095829.23901735,0.02163983454234849,0.02163983454234849,0.2445,2560297.0970192016
mixed_funnel_portfolio,Mixed-funnel portfolio,meta_mixed_funnel_portfolio_02,2,"weeks 5-12, 2 EDPs",8,2,pairwise_maxent_direct,Direct pair + higher-order inference,52950000.0,53806041.69100636,0.016166981888694285,0.016166981888694285,0.2445,2560297.0970192016
mixed_funnel_portfolio,Mixed-funnel portfolio,meta_mixed_funnel_portfolio_02,2,"weeks 5-12, 2 EDPs",8,2,pairwise_maxent_mixture,Mixture pair + higher-order inference,52950000.0,54156704.90080018,0.022789516540135665,0.022789516540135665,0.2445,2560297.0970192016
mixed_funnel_portfolio,Mixed-funnel portfolio,meta_mixed_funnel_portfolio_02,2,"full flight, 2 EDPs",13,2,baseline_vid,Existing VID,63230000.0,64319999.99999999,0.01723865253835193,0.01723865253835193,0.31,5280054.95867787
mixed_funnel_portfolio,Mixed-funnel portfolio,meta_mixed_funnel_portfolio_02,2,"full flight, 2 EDPs",13,2,pair_aware_fixed_plus_shared_log,Pair-aware fixed + log,63230000.0,65298428.17569575,0.03271276570766641,0.03271276570766641,0.31,5280054.95867787
mixed_funnel_portfolio,Mixed-funnel portfolio,meta_mixed_funnel_portfolio_02,2,"full flight, 2 EDPs",13,2,two_group_latent_mixture,Two-group mixture,63230000.0,65014508.248249486,0.028222493250822173,0.028222493250822173,0.31,5280054.95867787
mixed_funnel_portfolio,Mixed-funnel portfolio,meta_mixed_funnel_portfolio_02,2,"full flight, 2 EDPs",13,2,pairwise_maxent_direct,Direct pair + higher-order inference,63230000.0,64105259.16383427,0.013842466611327951,0.013842466611327951,0.31,5280054.95867787
mixed_funnel_portfolio,Mixed-funnel portfolio,meta_mixed_funnel_portfolio_02,2,"full flight, 2 EDPs",13,2,pairwise_maxent_mixture,Mixture pair + higher-order inference,63230000.0,65071934.62562897,0.02913070734823613,0.02913070734823613,0.31,5280054.95867787
mixed_funnel_portfolio,Mixed-funnel portfolio,meta_mixed_funnel_portfolio_02,2,"weeks 7-13, 5 EDPs",7,5,baseline_vid,Existing VID,71270000.0,72083287.89286919,0.01141136372764402,0.01141136372764402,0.15465,-0.0003207132664390728
mixed_funnel_portfolio,Mixed-funnel portfolio,meta_mixed_funnel_portfolio_02,2,"weeks 7-13, 5 EDPs",7,5,pair_aware_fixed_plus_shared_log,Pair-aware fixed + log,71270000.0,69907996.54740044,0.019110473587758598,-0.019110473587758598,0.15465,-0.0003207132664390728
mixed_funnel_portfolio,Mixed-funnel portfolio,meta_mixed_funnel_portfolio_02,2,"weeks 7-13, 5 EDPs",7,5,two_group_latent_mixture,Two-group mixture,71270000.0,70615952.47543229,0.00917703836912738,-0.00917703836912738,0.15465,-0.0003207132664390728
mixed_funnel_portfolio,Mixed-funnel portfolio,meta_mixed_funnel_portfolio_02,2,"weeks 7-13, 5 EDPs",7,5,pairwise_maxent_direct,Direct pair + higher-order inference,71270000.0,74345372.22593382,0.04315100639727543,0.04315100639727543,0.15465,-0.0003207132664390728
mixed_funnel_portfolio,Mixed-funnel portfolio,meta_mixed_funnel_portfolio_02,2,"weeks 7-13, 5 EDPs",7,5,pairwise_maxent_mixture,Mixture pair + higher-order inference,71270000.0,75328174.2387876,0.05694084802564342,0.05694084802564342,0.15465,-0.0003207132664390728
mixed_funnel_portfolio,Mixed-funnel portfolio,meta_mixed_funnel_portfolio_02,2,"full flight, 5 selected EDPs",13,5,baseline_vid,Existing VID,98220000.0,99966875.39999999,0.01778533292608421,0.01778533292608421,0.282,9999.983686243288
mixed_funnel_portfolio,Mixed-funnel portfolio,meta_mixed_funnel_portfolio_02,2,"full flight, 5 selected EDPs",13,5,pair_aware_fixed_plus_shared_log,Pair-aware fixed + log,98220000.0,100066017.99148741,0.01879472603835689,0.01879472603835689,0.282,9999.983686243288
mixed_funnel_portfolio,Mixed-funnel portfolio,meta_mixed_funnel_portfolio_02,2,"full flight, 5 selected EDPs",13,5,two_group_latent_mixture,Two-group mixture,98220000.0,101946753.60923474,0.03794292006958598,0.03794292006958598,0.282,9999.983686243288
mixed_funnel_portfolio,Mixed-funnel portfolio,meta_mixed_funnel_portfolio_02,2,"full flight, 5 selected EDPs",13,5,pairwise_maxent_direct,Direct pair + higher-order inference,98220000.0,104813477.03618124,0.0671296786416335,0.0671296786416335,0.282,9999.983686243288
mixed_funnel_portfolio,Mixed-funnel portfolio,meta_mixed_funnel_portfolio_02,2,"full flight, 5 selected EDPs",13,5,pairwise_maxent_mixture,Mixture pair + higher-order inference,98220000.0,104793607.0972932,0.06692737830679289,0.06692737830679289,0.282,9999.983686243288
mixed_funnel_portfolio,Mixed-funnel portfolio,meta_mixed_funnel_portfolio_02,2,"noncontiguous weeks, 5 EDPs",6,5,baseline_vid,Existing VID,63030000.0,64175100.84888814,0.018167552735017238,0.018167552735017238,0.13823333333333335,-0.0005433093598058471
mixed_funnel_portfolio,Mixed-funnel portfolio,meta_mixed_funnel_portfolio_02,2,"noncontiguous weeks, 5 EDPs",6,5,pair_aware_fixed_plus_shared_log,Pair-aware fixed + log,63030000.0,62459825.484826416,0.009046081471895673,-0.009046081471895673,0.13823333333333335,-0.0005433093598058471
mixed_funnel_portfolio,Mixed-funnel portfolio,meta_mixed_funnel_portfolio_02,2,"noncontiguous weeks, 5 EDPs",6,5,two_group_latent_mixture,Two-group mixture,63030000.0,63841235.1063129,0.012870618853131854,0.012870618853131854,0.13823333333333335,-0.0005433093598058471
mixed_funnel_portfolio,Mixed-funnel portfolio,meta_mixed_funnel_portfolio_02,2,"noncontiguous weeks, 5 EDPs",6,5,pairwise_maxent_direct,Direct pair + higher-order inference,63030000.0,66260917.46649461,0.05125999470878331,0.05125999470878331,0.13823333333333335,-0.0005433093598058471
mixed_funnel_portfolio,Mixed-funnel portfolio,meta_mixed_funnel_portfolio_02,2,"noncontiguous weeks, 5 EDPs",6,5,pairwise_maxent_mixture,Mixture pair + higher-order inference,63030000.0,63300431.336721264,0.004290517796624842,0.004290517796624842,0.13823333333333335,-0.0005433093598058471
mixed_funnel_portfolio,Mixed-funnel portfolio,meta_mixed_funnel_portfolio_02,2,"weeks 1-3, 10 EDPs",3,10,baseline_vid,Existing VID,37330000.0,38032996.69402888,0.018831950014167605,0.018831950014167605,0.036625,-3.691241263577399e-24
mixed_funnel_portfolio,Mixed-funnel portfolio,meta_mixed_funnel_portfolio_02,2,"weeks 1-3, 10 EDPs",3,10,pair_aware_fixed_plus_shared_log,Pair-aware fixed + log,37330000.0,37373719.00765118,0.0011711494147114928,0.0011711494147114928,0.036625,-3.691241263577399e-24
mixed_funnel_portfolio,Mixed-funnel portfolio,meta_mixed_funnel_portfolio_02,2,"weeks 1-3, 10 EDPs",3,10,two_group_latent_mixture,Two-group mixture,37330000.0,37599667.48209365,0.007223881116893842,0.007223881116893842,0.036625,-3.691241263577399e-24
mixed_funnel_portfolio,Mixed-funnel portfolio,meta_mixed_funnel_portfolio_02,2,"weeks 1-3, 10 EDPs",3,10,pairwise_maxent_direct,Direct pair + higher-order inference,37330000.0,38079967.78112516,0.02009021647803799,0.02009021647803799,0.036625,-3.691241263577399e-24
mixed_funnel_portfolio,Mixed-funnel portfolio,meta_mixed_funnel_portfolio_02,2,"weeks 1-3, 10 EDPs",3,10,pairwise_maxent_mixture,Mixture pair + higher-order inference,37330000.0,35856102.216536954,0.03948293017581157,-0.03948293017581157,0.036625,-3.691241263577399e-24
mixed_funnel_portfolio,Mixed-funnel portfolio,meta_mixed_funnel_portfolio_02,2,"weeks 1-12, 10 EDPs",12,10,baseline_vid,Existing VID,105650000.0,109375505.9787813,0.03526271631596117,0.03526271631596117,0.20091666666666666,-9.108866060342015e-16
mixed_funnel_portfolio,Mixed-funnel portfolio,meta_mixed_funnel_portfolio_02,2,"weeks 1-12, 10 EDPs",12,10,pair_aware_fixed_plus_shared_log,Pair-aware fixed + log,105650000.0,100473791.39708556,0.04899392903847078,-0.04899392903847078,0.20091666666666666,-9.108866060342015e-16
mixed_funnel_portfolio,Mixed-funnel portfolio,meta_mixed_funnel_portfolio_02,2,"weeks 1-12, 10 EDPs",12,10,two_group_latent_mixture,Two-group mixture,105650000.0,101859055.30628203,0.03588210784399405,-0.03588210784399405,0.20091666666666666,-9.108866060342015e-16
mixed_funnel_portfolio,Mixed-funnel portfolio,meta_mixed_funnel_portfolio_02,2,"weeks 1-12, 10 EDPs",12,10,pairwise_maxent_direct,Direct pair + higher-order inference,105650000.0,116353481.10864596,0.10131075351297644,0.10131075351297644,0.20091666666666666,-9.108866060342015e-16
mixed_funnel_portfolio,Mixed-funnel portfolio,meta_mixed_funnel_portfolio_02,2,"weeks 1-12, 10 EDPs",12,10,pairwise_maxent_mixture,Mixture pair + higher-order inference,105650000.0,111786594.243348,0.05808418592851872,0.05808418592851872,0.20091666666666666,-9.108866060342015e-16
mixed_funnel_portfolio,Mixed-funnel portfolio,meta_mixed_funnel_portfolio_02,2,"full flight, 10 EDPs",13,10,baseline_vid,Existing VID,106850000.0,110448462.61471488,0.03367770346012986,0.03367770346012986,0.208,-1.2628326861607336e-15
mixed_funnel_portfolio,Mixed-funnel portfolio,meta_mixed_funnel_portfolio_02,2,"full flight, 10 EDPs",13,10,pair_aware_fixed_plus_shared_log,Pair-aware fixed + log,106850000.0,101486602.45468809,0.05019557833703241,-0.05019557833703241,0.208,-1.2628326861607336e-15
mixed_funnel_portfolio,Mixed-funnel portfolio,meta_mixed_funnel_portfolio_02,2,"full flight, 10 EDPs",13,10,two_group_latent_mixture,Two-group mixture,106850000.0,102745326.90224914,0.03841528402200147,-0.03841528402200147,0.208,-1.2628326861607336e-15
mixed_funnel_portfolio,Mixed-funnel portfolio,meta_mixed_funnel_portfolio_02,2,"full flight, 10 EDPs",13,10,pairwise_maxent_direct,Direct pair + higher-order inference,106850000.0,117191138.1867204,0.0967818267358016,0.0967818267358016,0.208,-1.2628326861607336e-15
mixed_funnel_portfolio,Mixed-funnel portfolio,meta_mixed_funnel_portfolio_02,2,"full flight, 10 EDPs",13,10,pairwise_maxent_mixture,Mixture pair + higher-order inference,106850000.0,113315389.97796202,0.06050903114611153,0.06050903114611153,0.208,-1.2628326861607336e-15
