scenario,scenario_label,variant,similarity_multiplier,matchability_shift,replicate,report,edp_count,method,method_label,relative_error
broad_awareness_control,Broad awareness / reach control,central,1.0,0.0,0,"full flight, 2 EDPs",2,baseline_vid,Existing VID,0.009584172822923662
broad_awareness_control,Broad awareness / reach control,central,1.0,0.0,0,"full flight, 2 EDPs",2,pair_aware_fixed_plus_shared_log,Pair-aware fixed + log,0.01999739825674951
broad_awareness_control,Broad awareness / reach control,central,1.0,0.0,0,"full flight, 2 EDPs",2,two_group_latent_mixture,Two-group mixture,0.0404661129486337
broad_awareness_control,Broad awareness / reach control,central,1.0,0.0,0,"full flight, 2 EDPs",2,pairwise_maxent_direct,Direct pair + higher-order inference,0.002834531244998687
broad_awareness_control,Broad awareness / reach control,central,1.0,0.0,0,"full flight, 2 EDPs",2,pairwise_maxent_mixture,Mixture pair + higher-order inference,0.041685564703963826
broad_awareness_control,Broad awareness / reach control,central,1.0,0.0,0,"full flight, 5 EDPs",5,baseline_vid,Existing VID,0.00374742249153161
broad_awareness_control,Broad awareness / reach control,central,1.0,0.0,0,"full flight, 5 EDPs",5,pair_aware_fixed_plus_shared_log,Pair-aware fixed + log,0.01394169835234386
broad_awareness_control,Broad awareness / reach control,central,1.0,0.0,0,"full flight, 5 EDPs",5,two_group_latent_mixture,Two-group mixture,0.013941698352344236
broad_awareness_control,Broad awareness / reach control,central,1.0,0.0,0,"full flight, 5 EDPs",5,pairwise_maxent_direct,Direct pair + higher-order inference,0.0060715138963702165
broad_awareness_control,Broad awareness / reach control,central,1.0,0.0,0,"full flight, 5 EDPs",5,pairwise_maxent_mixture,Mixture pair + higher-order inference,0.01394169835134705
broad_awareness_control,Broad awareness / reach control,central,1.0,0.0,0,"full flight, 10 EDPs",10,baseline_vid,Existing VID,0.00026694579658114977
broad_awareness_control,Broad awareness / reach control,central,1.0,0.0,0,"full flight, 10 EDPs",10,pair_aware_fixed_plus_shared_log,Pair-aware fixed + log,0.00033344448149370706
broad_awareness_control,Broad awareness / reach control,central,1.0,0.0,0,"full flight, 10 EDPs",10,two_group_latent_mixture,Two-group mixture,0.00033344448149370706
broad_awareness_control,Broad awareness / reach control,central,1.0,0.0,0,"full flight, 10 EDPs",10,pairwise_maxent_direct,Direct pair + higher-order inference,0.00033344448149383126
broad_awareness_control,Broad awareness / reach control,central,1.0,0.0,0,"full flight, 10 EDPs",10,pairwise_maxent_mixture,Mixture pair + higher-order inference,0.0003334444803399726
broad_awareness_control,Broad awareness / reach control,central,1.0,0.0,1,"full flight, 2 EDPs",2,baseline_vid,Existing VID,0.0017799119647859602
broad_awareness_control,Broad awareness / reach control,central,1.0,0.0,1,"full flight, 2 EDPs",2,pair_aware_fixed_plus_shared_log,Pair-aware fixed + log,0.021139050665982283
broad_awareness_control,Broad awareness / reach control,central,1.0,0.0,1,"full flight, 2 EDPs",2,two_group_latent_mixture,Two-group mixture,0.08021335455633433
broad_awareness_control,Broad awareness / reach control,central,1.0,0.0,1,"full flight, 2 EDPs",2,pairwise_maxent_direct,Direct pair + higher-order inference,0.0076249514766664256
broad_awareness_control,Broad awareness / reach control,central,1.0,0.0,1,"full flight, 2 EDPs",2,pairwise_maxent_mixture,Mixture pair + higher-order inference,0.08260968256087936
broad_awareness_control,Broad awareness / reach control,central,1.0,0.0,1,"full flight, 5 EDPs",5,baseline_vid,Existing VID,0.0020657273635872734
broad_awareness_control,Broad awareness / reach control,central,1.0,0.0,1,"full flight, 5 EDPs",5,pair_aware_fixed_plus_shared_log,Pair-aware fixed + log,0.010015991919871688
broad_awareness_control,Broad awareness / reach control,central,1.0,0.0,1,"full flight, 5 EDPs",5,two_group_latent_mixture,Two-group mixture,0.010015991919871814
broad_awareness_control,Broad awareness / reach control,central,1.0,0.0,1,"full flight, 5 EDPs",5,pairwise_maxent_direct,Direct pair + higher-order inference,0.005786866776463199
broad_awareness_control,Broad awareness / reach control,central,1.0,0.0,1,"full flight, 5 EDPs",5,pairwise_maxent_mixture,Mixture pair + higher-order inference,0.010015991918909716
broad_awareness_control,Broad awareness / reach control,central,1.0,0.0,1,"full flight, 10 EDPs",10,baseline_vid,Existing VID,5.423543094813759e-05
broad_awareness_control,Broad awareness / reach control,central,1.0,0.0,1,"full flight, 10 EDPs",10,pair_aware_fixed_plus_shared_log,Pair-aware fixed + log,8.33402783566539e-05
broad_awareness_control,Broad awareness / reach control,central,1.0,0.0,1,"full flight, 10 EDPs",10,two_group_latent_mixture,Two-group mixture,8.33402783565297e-05
broad_awareness_control,Broad awareness / reach control,central,1.0,0.0,1,"full flight, 10 EDPs",10,pairwise_maxent_direct,Direct pair + higher-order inference,8.334027732130944e-05
broad_awareness_control,Broad awareness / reach control,central,1.0,0.0,1,"full flight, 10 EDPs",10,pairwise_maxent_mixture,Mixture pair + higher-order inference,8.150996639622938e-05
broad_awareness_control,Broad awareness / reach control,weaker similarity,0.65,0.0,0,"full flight, 2 EDPs",2,baseline_vid,Existing VID,0.008630263729107879
broad_awareness_control,Broad awareness / reach control,weaker similarity,0.65,0.0,0,"full flight, 2 EDPs",2,pair_aware_fixed_plus_shared_log,Pair-aware fixed + log,0.02881588814467635
broad_awareness_control,Broad awareness / reach control,weaker similarity,0.65,0.0,0,"full flight, 2 EDPs",2,two_group_latent_mixture,Two-group mixture,0.04834534004647256
broad_awareness_control,Broad awareness / reach control,weaker similarity,0.65,0.0,0,"full flight, 2 EDPs",2,pairwise_maxent_direct,Direct pair + higher-order inference,0.0097369971474236
broad_awareness_control,Broad awareness / reach control,weaker similarity,0.65,0.0,0,"full flight, 2 EDPs",2,pairwise_maxent_mixture,Mixture pair + higher-order inference,0.05067910279113389
broad_awareness_control,Broad awareness / reach control,weaker similarity,0.65,0.0,0,"full flight, 5 EDPs",5,baseline_vid,Existing VID,0.004401301217395354
broad_awareness_control,Broad awareness / reach control,weaker similarity,0.65,0.0,0,"full flight, 5 EDPs",5,pair_aware_fixed_plus_shared_log,Pair-aware fixed + log,0.01044122600202013
broad_awareness_control,Broad awareness / reach control,weaker similarity,0.65,0.0,0,"full flight, 5 EDPs",5,two_group_latent_mixture,Two-group mixture,0.010441226002020255
broad_awareness_control,Broad awareness / reach control,weaker similarity,0.65,0.0,0,"full flight, 5 EDPs",5,pairwise_maxent_direct,Direct pair + higher-order inference,0.0069145617739811574
broad_awareness_control,Broad awareness / reach control,weaker similarity,0.65,0.0,0,"full flight, 5 EDPs",5,pairwise_maxent_mixture,Mixture pair + higher-order inference,0.01044122600103454
broad_awareness_control,Broad awareness / reach control,weaker similarity,0.65,0.0,0,"full flight, 10 EDPs",10,baseline_vid,Existing VID,7.105576757433832e-05
broad_awareness_control,Broad awareness / reach control,weaker similarity,0.65,0.0,0,"full flight, 10 EDPs",10,pair_aware_fixed_plus_shared_log,Pair-aware fixed + log,8.334027835640552e-05
broad_awareness_control,Broad awareness / reach control,weaker similarity,0.65,0.0,0,"full flight, 10 EDPs",10,two_group_latent_mixture,Two-group mixture,8.334027835640552e-05
broad_awareness_control,Broad awareness / reach control,weaker similarity,0.65,0.0,0,"full flight, 10 EDPs",10,pairwise_maxent_direct,Direct pair + higher-order inference,8.333461712460605e-05
broad_awareness_control,Broad awareness / reach control,weaker similarity,0.65,0.0,0,"full flight, 10 EDPs",10,pairwise_maxent_mixture,Mixture pair + higher-order inference,8.334027551575913e-05
broad_awareness_control,Broad awareness / reach control,weaker similarity,0.65,0.0,1,"full flight, 2 EDPs",2,baseline_vid,Existing VID,0.0067673983410884075
broad_awareness_control,Broad awareness / reach control,weaker similarity,0.65,0.0,1,"full flight, 2 EDPs",2,pair_aware_fixed_plus_shared_log,Pair-aware fixed + log,0.027672779963974187
broad_awareness_control,Broad awareness / reach control,weaker similarity,0.65,0.0,1,"full flight, 2 EDPs",2,two_group_latent_mixture,Two-group mixture,0.055194730126158824
broad_awareness_control,Broad awareness / reach control,weaker similarity,0.65,0.0,1,"full flight, 2 EDPs",2,pairwise_maxent_direct,Direct pair + higher-order inference,0.009574277432399459
broad_awareness_control,Broad awareness / reach control,weaker similarity,0.65,0.0,1,"full flight, 2 EDPs",2,pairwise_maxent_mixture,Mixture pair + higher-order inference,0.05749596371176967
broad_awareness_control,Broad awareness / reach control,weaker similarity,0.65,0.0,1,"full flight, 5 EDPs",5,baseline_vid,Existing VID,0.0029745068337082973
broad_awareness_control,Broad awareness / reach control,weaker similarity,0.65,0.0,1,"full flight, 5 EDPs",5,pair_aware_fixed_plus_shared_log,Pair-aware fixed + log,0.003932067263448257
broad_awareness_control,Broad awareness / reach control,weaker similarity,0.65,0.0,1,"full flight, 5 EDPs",5,two_group_latent_mixture,Two-group mixture,0.003932067263448257
broad_awareness_control,Broad awareness / reach control,weaker similarity,0.65,0.0,1,"full flight, 5 EDPs",5,pairwise_maxent_direct,Direct pair + higher-order inference,0.003663746292841995
broad_awareness_control,Broad awareness / reach control,weaker similarity,0.65,0.0,1,"full flight, 5 EDPs",5,pairwise_maxent_mixture,Mixture pair + higher-order inference,0.003932055917321903
broad_awareness_control,Broad awareness / reach control,weaker similarity,0.65,0.0,1,"full flight, 10 EDPs",10,baseline_vid,Existing VID,2.1715297624592978e-05
broad_awareness_control,Broad awareness / reach control,weaker similarity,0.65,0.0,1,"full flight, 10 EDPs",10,pair_aware_fixed_plus_shared_log,Pair-aware fixed + log,0.0
broad_awareness_control,Broad awareness / reach control,weaker similarity,0.65,0.0,1,"full flight, 10 EDPs",10,two_group_latent_mixture,Two-group mixture,1.241763432820638e-16
broad_awareness_control,Broad awareness / reach control,weaker similarity,0.65,0.0,1,"full flight, 10 EDPs",10,pairwise_maxent_direct,Direct pair + higher-order inference,3.053569545348485e-09
broad_awareness_control,Broad awareness / reach control,weaker similarity,0.65,0.0,1,"full flight, 10 EDPs",10,pairwise_maxent_mixture,Mixture pair + higher-order inference,2.483526865641276e-16
broad_awareness_control,Broad awareness / reach control,stronger similarity,1.35,0.0,0,"full flight, 2 EDPs",2,baseline_vid,Existing VID,0.023021884311106546
broad_awareness_control,Broad awareness / reach control,stronger similarity,1.35,0.0,0,"full flight, 2 EDPs",2,pair_aware_fixed_plus_shared_log,Pair-aware fixed + log,0.028159080136363042
broad_awareness_control,Broad awareness / reach control,stronger similarity,1.35,0.0,0,"full flight, 2 EDPs",2,two_group_latent_mixture,Two-group mixture,0.06666478038630759
broad_awareness_control,Broad awareness / reach control,stronger similarity,1.35,0.0,0,"full flight, 2 EDPs",2,pairwise_maxent_direct,Direct pair + higher-order inference,0.007540506458080686
broad_awareness_control,Broad awareness / reach control,stronger similarity,1.35,0.0,0,"full flight, 2 EDPs",2,pairwise_maxent_mixture,Mixture pair + higher-order inference,0.06813527288489281
broad_awareness_control,Broad awareness / reach control,stronger similarity,1.35,0.0,0,"full flight, 5 EDPs",5,baseline_vid,Existing VID,0.012738199383513298
broad_awareness_control,Broad awareness / reach control,stronger similarity,1.35,0.0,0,"full flight, 5 EDPs",5,pair_aware_fixed_plus_shared_log,Pair-aware fixed + log,0.022233580373114622
broad_awareness_control,Broad awareness / reach control,stronger similarity,1.35,0.0,0,"full flight, 5 EDPs",5,two_group_latent_mixture,Two-group mixture,0.02223358037311475
broad_awareness_control,Broad awareness / reach control,stronger similarity,1.35,0.0,0,"full flight, 5 EDPs",5,pairwise_maxent_direct,Direct pair + higher-order inference,0.0062070618279860285
broad_awareness_control,Broad awareness / reach control,stronger similarity,1.35,0.0,0,"full flight, 5 EDPs",5,pairwise_maxent_mixture,Mixture pair + higher-order inference,0.022233580109731678
broad_awareness_control,Broad awareness / reach control,stronger similarity,1.35,0.0,0,"full flight, 10 EDPs",10,baseline_vid,Existing VID,0.001290334028512916
broad_awareness_control,Broad awareness / reach control,stronger similarity,1.35,0.0,0,"full flight, 10 EDPs",10,pair_aware_fixed_plus_shared_log,Pair-aware fixed + log,0.0013351134846460706
broad_awareness_control,Broad awareness / reach control,stronger similarity,1.35,0.0,0,"full flight, 10 EDPs",10,two_group_latent_mixture,Two-group mixture,0.0013351134846461949
broad_awareness_control,Broad awareness / reach control,stronger similarity,1.35,0.0,0,"full flight, 10 EDPs",10,pairwise_maxent_direct,Direct pair + higher-order inference,0.0013351106126301578
broad_awareness_control,Broad awareness / reach control,stronger similarity,1.35,0.0,0,"full flight, 10 EDPs",10,pairwise_maxent_mixture,Mixture pair + higher-order inference,0.0013351134842616047
broad_awareness_control,Broad awareness / reach control,stronger similarity,1.35,0.0,1,"full flight, 2 EDPs",2,baseline_vid,Existing VID,0.022161877106905693
broad_awareness_control,Broad awareness / reach control,stronger similarity,1.35,0.0,1,"full flight, 2 EDPs",2,pair_aware_fixed_plus_shared_log,Pair-aware fixed + log,0.023190923404347894
broad_awareness_control,Broad awareness / reach control,stronger similarity,1.35,0.0,1,"full flight, 2 EDPs",2,two_group_latent_mixture,Two-group mixture,0.06781480054828669
broad_awareness_control,Broad awareness / reach control,stronger similarity,1.35,0.0,1,"full flight, 2 EDPs",2,pairwise_maxent_direct,Direct pair + higher-order inference,0.0035798695274557547
broad_awareness_control,Broad awareness / reach control,stronger similarity,1.35,0.0,1,"full flight, 2 EDPs",2,pairwise_maxent_mixture,Mixture pair + higher-order inference,0.06929406093192912
broad_awareness_control,Broad awareness / reach control,stronger similarity,1.35,0.0,1,"full flight, 5 EDPs",5,baseline_vid,Existing VID,0.015503861569381787
broad_awareness_control,Broad awareness / reach control,stronger similarity,1.35,0.0,1,"full flight, 5 EDPs",5,pair_aware_fixed_plus_shared_log,Pair-aware fixed + log,0.027133441752973515
broad_awareness_control,Broad awareness / reach control,stronger similarity,1.35,0.0,1,"full flight, 5 EDPs",5,two_group_latent_mixture,Two-group mixture,0.027133441752973643
broad_awareness_control,Broad awareness / reach control,stronger similarity,1.35,0.0,1,"full flight, 5 EDPs",5,pairwise_maxent_direct,Direct pair + higher-order inference,0.0074493741653441905
broad_awareness_control,Broad awareness / reach control,stronger similarity,1.35,0.0,1,"full flight, 5 EDPs",5,pairwise_maxent_mixture,Mixture pair + higher-order inference,0.027133221398854664
broad_awareness_control,Broad awareness / reach control,stronger similarity,1.35,0.0,1,"full flight, 10 EDPs",10,baseline_vid,Existing VID,0.0023529716516487603
broad_awareness_control,Broad awareness / reach control,stronger similarity,1.35,0.0,1,"full flight, 10 EDPs",10,pair_aware_fixed_plus_shared_log,Pair-aware fixed + log,0.0024225210926404235
broad_awareness_control,Broad awareness / reach control,stronger similarity,1.35,0.0,1,"full flight, 10 EDPs",10,two_group_latent_mixture,Two-group mixture,0.0024225210926406724
broad_awareness_control,Broad awareness / reach control,stronger similarity,1.35,0.0,1,"full flight, 10 EDPs",10,pairwise_maxent_direct,Direct pair + higher-order inference,0.002422521089518163
broad_awareness_control,Broad awareness / reach control,stronger similarity,1.35,0.0,1,"full flight, 10 EDPs",10,pairwise_maxent_mixture,Mixture pair + higher-order inference,0.002422521092640548
broad_awareness_control,Broad awareness / reach control,lower matchability,1.0,-0.15,0,"full flight, 2 EDPs",2,baseline_vid,Existing VID,0.0018206011029979043
broad_awareness_control,Broad awareness / reach control,lower matchability,1.0,-0.15,0,"full flight, 2 EDPs",2,pair_aware_fixed_plus_shared_log,Pair-aware fixed + log,0.058977177238231315
broad_awareness_control,Broad awareness / reach control,lower matchability,1.0,-0.15,0,"full flight, 2 EDPs",2,two_group_latent_mixture,Two-group mixture,0.10915981144283068
broad_awareness_control,Broad awareness / reach control,lower matchability,1.0,-0.15,0,"full flight, 2 EDPs",2,pairwise_maxent_direct,Direct pair + higher-order inference,0.04780004570362173
broad_awareness_control,Broad awareness / reach control,lower matchability,1.0,-0.15,0,"full flight, 2 EDPs",2,pairwise_maxent_mixture,Mixture pair + higher-order inference,0.10914430832477207
broad_awareness_control,Broad awareness / reach control,lower matchability,1.0,-0.15,0,"full flight, 5 EDPs",5,baseline_vid,Existing VID,0.0031885089506704764
broad_awareness_control,Broad awareness / reach control,lower matchability,1.0,-0.15,0,"full flight, 5 EDPs",5,pair_aware_fixed_plus_shared_log,Pair-aware fixed + log,0.01171907933563768
broad_awareness_control,Broad awareness / reach control,lower matchability,1.0,-0.15,0,"full flight, 5 EDPs",5,two_group_latent_mixture,Two-group mixture,0.011719079335637553
broad_awareness_control,Broad awareness / reach control,lower matchability,1.0,-0.15,0,"full flight, 5 EDPs",5,pairwise_maxent_direct,Direct pair + higher-order inference,0.011718693433616688
broad_awareness_control,Broad awareness / reach control,lower matchability,1.0,-0.15,0,"full flight, 5 EDPs",5,pairwise_maxent_mixture,Mixture pair + higher-order inference,0.011719079335021833
broad_awareness_control,Broad awareness / reach control,lower matchability,1.0,-0.15,0,"full flight, 10 EDPs",10,baseline_vid,Existing VID,5.1660505495096245e-05
broad_awareness_control,Broad awareness / reach control,lower matchability,1.0,-0.15,0,"full flight, 10 EDPs",10,pair_aware_fixed_plus_shared_log,Pair-aware fixed + log,0.0
broad_awareness_control,Broad awareness / reach control,lower matchability,1.0,-0.15,0,"full flight, 10 EDPs",10,two_group_latent_mixture,Two-group mixture,1.241763432820638e-16
broad_awareness_control,Broad awareness / reach control,lower matchability,1.0,-0.15,0,"full flight, 10 EDPs",10,pairwise_maxent_direct,Direct pair + higher-order inference,0.0
broad_awareness_control,Broad awareness / reach control,lower matchability,1.0,-0.15,0,"full flight, 10 EDPs",10,pairwise_maxent_mixture,Mixture pair + higher-order inference,0.0
broad_awareness_control,Broad awareness / reach control,lower matchability,1.0,-0.15,1,"full flight, 2 EDPs",2,baseline_vid,Existing VID,0.0025561963347429523
broad_awareness_control,Broad awareness / reach control,lower matchability,1.0,-0.15,1,"full flight, 2 EDPs",2,pair_aware_fixed_plus_shared_log,Pair-aware fixed + log,0.05615171394181201
broad_awareness_control,Broad awareness / reach control,lower matchability,1.0,-0.15,1,"full flight, 2 EDPs",2,two_group_latent_mixture,Two-group mixture,0.09383205984080241
broad_awareness_control,Broad awareness / reach control,lower matchability,1.0,-0.15,1,"full flight, 2 EDPs",2,pairwise_maxent_direct,Direct pair + higher-order inference,0.04156842807107825
broad_awareness_control,Broad awareness / reach control,lower matchability,1.0,-0.15,1,"full flight, 2 EDPs",2,pairwise_maxent_mixture,Mixture pair + higher-order inference,0.09700358715351186
broad_awareness_control,Broad awareness / reach control,lower matchability,1.0,-0.15,1,"full flight, 5 EDPs",5,baseline_vid,Existing VID,0.0015264294059289518
broad_awareness_control,Broad awareness / reach control,lower matchability,1.0,-0.15,1,"full flight, 5 EDPs",5,pair_aware_fixed_plus_shared_log,Pair-aware fixed + log,0.005614681974356576
broad_awareness_control,Broad awareness / reach control,lower matchability,1.0,-0.15,1,"full flight, 5 EDPs",5,two_group_latent_mixture,Two-group mixture,0.005614681974356701
broad_awareness_control,Broad awareness / reach control,lower matchability,1.0,-0.15,1,"full flight, 5 EDPs",5,pairwise_maxent_direct,Direct pair + higher-order inference,0.005614681973353966
broad_awareness_control,Broad awareness / reach control,lower matchability,1.0,-0.15,1,"full flight, 5 EDPs",5,pairwise_maxent_mixture,Mixture pair + higher-order inference,0.005614681972271188
broad_awareness_control,Broad awareness / reach control,lower matchability,1.0,-0.15,1,"full flight, 10 EDPs",10,baseline_vid,Existing VID,6.361697733325256e-05
broad_awareness_control,Broad awareness / reach control,lower matchability,1.0,-0.15,1,"full flight, 10 EDPs",10,pair_aware_fixed_plus_shared_log,Pair-aware fixed + log,8.33402783566539e-05
broad_awareness_control,Broad awareness / reach control,lower matchability,1.0,-0.15,1,"full flight, 10 EDPs",10,two_group_latent_mixture,Two-group mixture,8.334027835640552e-05
broad_awareness_control,Broad awareness / reach control,lower matchability,1.0,-0.15,1,"full flight, 10 EDPs",10,pairwise_maxent_direct,Direct pair + higher-order inference,8.334027835640552e-05
broad_awareness_control,Broad awareness / reach control,lower matchability,1.0,-0.15,1,"full flight, 10 EDPs",10,pairwise_maxent_mixture,Mixture pair + higher-order inference,8.33402783566539e-05
broad_awareness_control,Broad awareness / reach control,higher matchability,1.0,0.15,0,"full flight, 2 EDPs",2,baseline_vid,Existing VID,0.014325315288616731
broad_awareness_control,Broad awareness / reach control,higher matchability,1.0,0.15,0,"full flight, 2 EDPs",2,pair_aware_fixed_plus_shared_log,Pair-aware fixed + log,0.00018332709229935726
broad_awareness_control,Broad awareness / reach control,higher matchability,1.0,0.15,0,"full flight, 2 EDPs",2,two_group_latent_mixture,Two-group mixture,0.043773495646209706
broad_awareness_control,Broad awareness / reach control,higher matchability,1.0,0.15,0,"full flight, 2 EDPs",2,pairwise_maxent_direct,Direct pair + higher-order inference,0.020973044224883903
broad_awareness_control,Broad awareness / reach control,higher matchability,1.0,0.15,0,"full flight, 2 EDPs",2,pairwise_maxent_mixture,Mixture pair + higher-order inference,0.04471858820316099
broad_awareness_control,Broad awareness / reach control,higher matchability,1.0,0.15,0,"full flight, 5 EDPs",5,baseline_vid,Existing VID,0.007617594571868758
broad_awareness_control,Broad awareness / reach control,higher matchability,1.0,0.15,0,"full flight, 5 EDPs",5,pair_aware_fixed_plus_shared_log,Pair-aware fixed + log,0.015050831507631882
broad_awareness_control,Broad awareness / reach control,higher matchability,1.0,0.15,0,"full flight, 5 EDPs",5,two_group_latent_mixture,Two-group mixture,0.015572105619498228
broad_awareness_control,Broad awareness / reach control,higher matchability,1.0,0.15,0,"full flight, 5 EDPs",5,pairwise_maxent_direct,Direct pair + higher-order inference,0.020001050352199116
broad_awareness_control,Broad awareness / reach control,higher matchability,1.0,0.15,0,"full flight, 5 EDPs",5,pairwise_maxent_mixture,Mixture pair + higher-order inference,0.01557206774373919
broad_awareness_control,Broad awareness / reach control,higher matchability,1.0,0.15,0,"full flight, 10 EDPs",10,baseline_vid,Existing VID,0.00034727839699172635
broad_awareness_control,Broad awareness / reach control,higher matchability,1.0,0.15,0,"full flight, 10 EDPs",10,pair_aware_fixed_plus_shared_log,Pair-aware fixed + log,0.00041684035014589413
broad_awareness_control,Broad awareness / reach control,higher matchability,1.0,0.15,0,"full flight, 10 EDPs",10,two_group_latent_mixture,Two-group mixture,0.0004168403501457699
broad_awareness_control,Broad awareness / reach control,higher matchability,1.0,0.15,0,"full flight, 10 EDPs",10,pairwise_maxent_direct,Direct pair + higher-order inference,0.00041684026358772584
broad_awareness_control,Broad awareness / reach control,higher matchability,1.0,0.15,0,"full flight, 10 EDPs",10,pairwise_maxent_mixture,Mixture pair + higher-order inference,0.0004168403491038688
broad_awareness_control,Broad awareness / reach control,higher matchability,1.0,0.15,1,"full flight, 2 EDPs",2,baseline_vid,Existing VID,0.009681678543151275
broad_awareness_control,Broad awareness / reach control,higher matchability,1.0,0.15,1,"full flight, 2 EDPs",2,pair_aware_fixed_plus_shared_log,Pair-aware fixed + log,0.0028412373108664206
broad_awareness_control,Broad awareness / reach control,higher matchability,1.0,0.15,1,"full flight, 2 EDPs",2,two_group_latent_mixture,Two-group mixture,0.05221476966223864
broad_awareness_control,Broad awareness / reach control,higher matchability,1.0,0.15,1,"full flight, 2 EDPs",2,pairwise_maxent_direct,Direct pair + higher-order inference,0.020599445833434968
broad_awareness_control,Broad awareness / reach control,higher matchability,1.0,0.15,1,"full flight, 2 EDPs",2,pairwise_maxent_mixture,Mixture pair + higher-order inference,0.053512193612968696
broad_awareness_control,Broad awareness / reach control,higher matchability,1.0,0.15,1,"full flight, 5 EDPs",5,baseline_vid,Existing VID,0.004923776553529184
broad_awareness_control,Broad awareness / reach control,higher matchability,1.0,0.15,1,"full flight, 5 EDPs",5,pair_aware_fixed_plus_shared_log,Pair-aware fixed + log,0.007973613950367456
broad_awareness_control,Broad awareness / reach control,higher matchability,1.0,0.15,1,"full flight, 5 EDPs",5,two_group_latent_mixture,Two-group mixture,0.01061141990904447
broad_awareness_control,Broad awareness / reach control,higher matchability,1.0,0.15,1,"full flight, 5 EDPs",5,pairwise_maxent_direct,Direct pair + higher-order inference,0.02036469711732243
broad_awareness_control,Broad awareness / reach control,higher matchability,1.0,0.15,1,"full flight, 5 EDPs",5,pairwise_maxent_mixture,Mixture pair + higher-order inference,0.010611419186818544
broad_awareness_control,Broad awareness / reach control,higher matchability,1.0,0.15,1,"full flight, 10 EDPs",10,baseline_vid,Existing VID,0.00028768295241136596
broad_awareness_control,Broad awareness / reach control,higher matchability,1.0,0.15,1,"full flight, 10 EDPs",10,pair_aware_fixed_plus_shared_log,Pair-aware fixed + log,0.00033344448149370706
broad_awareness_control,Broad awareness / reach control,higher matchability,1.0,0.15,1,"full flight, 10 EDPs",10,two_group_latent_mixture,Two-group mixture,0.00033344448149358287
broad_awareness_control,Broad awareness / reach control,higher matchability,1.0,0.15,1,"full flight, 10 EDPs",10,pairwise_maxent_direct,Direct pair + higher-order inference,0.0003334443898900732
broad_awareness_control,Broad awareness / reach control,higher matchability,1.0,0.15,1,"full flight, 10 EDPs",10,pairwise_maxent_mixture,Mixture pair + higher-order inference,0.00033344448149383126
traffic_optimization,Traffic / landing-page views,central,1.0,0.0,0,"full flight, 2 EDPs",2,baseline_vid,Existing VID,0.036428946907306685
traffic_optimization,Traffic / landing-page views,central,1.0,0.0,0,"full flight, 2 EDPs",2,pair_aware_fixed_plus_shared_log,Pair-aware fixed + log,0.03379391730442403
traffic_optimization,Traffic / landing-page views,central,1.0,0.0,0,"full flight, 2 EDPs",2,two_group_latent_mixture,Two-group mixture,0.027961750271707247
traffic_optimization,Traffic / landing-page views,central,1.0,0.0,0,"full flight, 2 EDPs",2,pairwise_maxent_direct,Direct pair + higher-order inference,0.008472332157324122
traffic_optimization,Traffic / landing-page views,central,1.0,0.0,0,"full flight, 2 EDPs",2,pairwise_maxent_mixture,Mixture pair + higher-order inference,0.027322016844243353
traffic_optimization,Traffic / landing-page views,central,1.0,0.0,0,"full flight, 5 EDPs",5,baseline_vid,Existing VID,0.09205152773127448
traffic_optimization,Traffic / landing-page views,central,1.0,0.0,0,"full flight, 5 EDPs",5,pair_aware_fixed_plus_shared_log,Pair-aware fixed + log,0.05361599004047112
traffic_optimization,Traffic / landing-page views,central,1.0,0.0,0,"full flight, 5 EDPs",5,two_group_latent_mixture,Two-group mixture,0.0921465381553134
traffic_optimization,Traffic / landing-page views,central,1.0,0.0,0,"full flight, 5 EDPs",5,pairwise_maxent_direct,Direct pair + higher-order inference,0.04340269116926996
traffic_optimization,Traffic / landing-page views,central,1.0,0.0,0,"full flight, 5 EDPs",5,pairwise_maxent_mixture,Mixture pair + higher-order inference,0.07085277160530826
traffic_optimization,Traffic / landing-page views,central,1.0,0.0,0,"full flight, 10 EDPs",10,baseline_vid,Existing VID,0.11201006495422543
traffic_optimization,Traffic / landing-page views,central,1.0,0.0,0,"full flight, 10 EDPs",10,pair_aware_fixed_plus_shared_log,Pair-aware fixed + log,0.0074918470125654784
traffic_optimization,Traffic / landing-page views,central,1.0,0.0,0,"full flight, 10 EDPs",10,two_group_latent_mixture,Two-group mixture,0.07314687275007856
traffic_optimization,Traffic / landing-page views,central,1.0,0.0,0,"full flight, 10 EDPs",10,pairwise_maxent_direct,Direct pair + higher-order inference,0.10162276293966954
traffic_optimization,Traffic / landing-page views,central,1.0,0.0,0,"full flight, 10 EDPs",10,pairwise_maxent_mixture,Mixture pair + higher-order inference,0.06048379058900135
traffic_optimization,Traffic / landing-page views,central,1.0,0.0,1,"full flight, 2 EDPs",2,baseline_vid,Existing VID,0.03661058534875557
traffic_optimization,Traffic / landing-page views,central,1.0,0.0,1,"full flight, 2 EDPs",2,pair_aware_fixed_plus_shared_log,Pair-aware fixed + log,0.03812600516630953
traffic_optimization,Traffic / landing-page views,central,1.0,0.0,1,"full flight, 2 EDPs",2,two_group_latent_mixture,Two-group mixture,0.03244839008398069
traffic_optimization,Traffic / landing-page views,central,1.0,0.0,1,"full flight, 2 EDPs",2,pairwise_maxent_direct,Direct pair + higher-order inference,0.013751283880601426
traffic_optimization,Traffic / landing-page views,central,1.0,0.0,1,"full flight, 2 EDPs",2,pairwise_maxent_mixture,Mixture pair + higher-order inference,0.032127521268693976
traffic_optimization,Traffic / landing-page views,central,1.0,0.0,1,"full flight, 5 EDPs",5,baseline_vid,Existing VID,0.08894543189511063
traffic_optimization,Traffic / landing-page views,central,1.0,0.0,1,"full flight, 5 EDPs",5,pair_aware_fixed_plus_shared_log,Pair-aware fixed + log,0.04656956190561183
traffic_optimization,Traffic / landing-page views,central,1.0,0.0,1,"full flight, 5 EDPs",5,two_group_latent_mixture,Two-group mixture,0.08688195310994669
traffic_optimization,Traffic / landing-page views,central,1.0,0.0,1,"full flight, 5 EDPs",5,pairwise_maxent_direct,Direct pair + higher-order inference,0.037662593826393566
traffic_optimization,Traffic / landing-page views,central,1.0,0.0,1,"full flight, 5 EDPs",5,pairwise_maxent_mixture,Mixture pair + higher-order inference,0.06520166895255274
traffic_optimization,Traffic / landing-page views,central,1.0,0.0,1,"full flight, 10 EDPs",10,baseline_vid,Existing VID,0.11189336749751913
traffic_optimization,Traffic / landing-page views,central,1.0,0.0,1,"full flight, 10 EDPs",10,pair_aware_fixed_plus_shared_log,Pair-aware fixed + log,0.011639727996089724
traffic_optimization,Traffic / landing-page views,central,1.0,0.0,1,"full flight, 10 EDPs",10,two_group_latent_mixture,Two-group mixture,0.061777036306784314
traffic_optimization,Traffic / landing-page views,central,1.0,0.0,1,"full flight, 10 EDPs",10,pairwise_maxent_direct,Direct pair + higher-order inference,0.10720346247961594
traffic_optimization,Traffic / landing-page views,central,1.0,0.0,1,"full flight, 10 EDPs",10,pairwise_maxent_mixture,Mixture pair + higher-order inference,0.06343988706038561
traffic_optimization,Traffic / landing-page views,weaker similarity,0.65,0.0,0,"full flight, 2 EDPs",2,baseline_vid,Existing VID,0.013519533927347371
traffic_optimization,Traffic / landing-page views,weaker similarity,0.65,0.0,0,"full flight, 2 EDPs",2,pair_aware_fixed_plus_shared_log,Pair-aware fixed + log,0.0349260367660946
traffic_optimization,Traffic / landing-page views,weaker similarity,0.65,0.0,0,"full flight, 2 EDPs",2,two_group_latent_mixture,Two-group mixture,0.030128772863075953
traffic_optimization,Traffic / landing-page views,weaker similarity,0.65,0.0,0,"full flight, 2 EDPs",2,pairwise_maxent_direct,Direct pair + higher-order inference,0.015902966247551716
traffic_optimization,Traffic / landing-page views,weaker similarity,0.65,0.0,0,"full flight, 2 EDPs",2,pairwise_maxent_mixture,Mixture pair + higher-order inference,0.03155871119452481
traffic_optimization,Traffic / landing-page views,weaker similarity,0.65,0.0,0,"full flight, 5 EDPs",5,baseline_vid,Existing VID,0.011951713032042238
traffic_optimization,Traffic / landing-page views,weaker similarity,0.65,0.0,0,"full flight, 5 EDPs",5,pair_aware_fixed_plus_shared_log,Pair-aware fixed + log,0.07795684494495654
traffic_optimization,Traffic / landing-page views,weaker similarity,0.65,0.0,0,"full flight, 5 EDPs",5,two_group_latent_mixture,Two-group mixture,0.029591809555881282
traffic_optimization,Traffic / landing-page views,weaker similarity,0.65,0.0,0,"full flight, 5 EDPs",5,pairwise_maxent_direct,Direct pair + higher-order inference,0.045213081628043154
traffic_optimization,Traffic / landing-page views,weaker similarity,0.65,0.0,0,"full flight, 5 EDPs",5,pairwise_maxent_mixture,Mixture pair + higher-order inference,0.0705578952779616
traffic_optimization,Traffic / landing-page views,weaker similarity,0.65,0.0,0,"full flight, 10 EDPs",10,baseline_vid,Existing VID,0.010609681312844316
traffic_optimization,Traffic / landing-page views,weaker similarity,0.65,0.0,0,"full flight, 10 EDPs",10,pair_aware_fixed_plus_shared_log,Pair-aware fixed + log,0.13734887746266952
traffic_optimization,Traffic / landing-page views,weaker similarity,0.65,0.0,0,"full flight, 10 EDPs",10,two_group_latent_mixture,Two-group mixture,0.08587821148430509
traffic_optimization,Traffic / landing-page views,weaker similarity,0.65,0.0,0,"full flight, 10 EDPs",10,pairwise_maxent_direct,Direct pair + higher-order inference,0.09499210158362999
traffic_optimization,Traffic / landing-page views,weaker similarity,0.65,0.0,0,"full flight, 10 EDPs",10,pairwise_maxent_mixture,Mixture pair + higher-order inference,0.05603258919515219
traffic_optimization,Traffic / landing-page views,weaker similarity,0.65,0.0,1,"full flight, 2 EDPs",2,baseline_vid,Existing VID,0.002041504977223004
traffic_optimization,Traffic / landing-page views,weaker similarity,0.65,0.0,1,"full flight, 2 EDPs",2,pair_aware_fixed_plus_shared_log,Pair-aware fixed + log,0.03412150849179552
traffic_optimization,Traffic / landing-page views,weaker similarity,0.65,0.0,1,"full flight, 2 EDPs",2,two_group_latent_mixture,Two-group mixture,0.029979458479497782
traffic_optimization,Traffic / landing-page views,weaker similarity,0.65,0.0,1,"full flight, 2 EDPs",2,pairwise_maxent_direct,Direct pair + higher-order inference,0.019399386507451096
traffic_optimization,Traffic / landing-page views,weaker similarity,0.65,0.0,1,"full flight, 2 EDPs",2,pairwise_maxent_mixture,Mixture pair + higher-order inference,0.033030450280769084
traffic_optimization,Traffic / landing-page views,weaker similarity,0.65,0.0,1,"full flight, 5 EDPs",5,baseline_vid,Existing VID,0.00983861460940142
traffic_optimization,Traffic / landing-page views,weaker similarity,0.65,0.0,1,"full flight, 5 EDPs",5,pair_aware_fixed_plus_shared_log,Pair-aware fixed + log,0.09778112633353665
traffic_optimization,Traffic / landing-page views,weaker similarity,0.65,0.0,1,"full flight, 5 EDPs",5,two_group_latent_mixture,Two-group mixture,0.050235485481034466
traffic_optimization,Traffic / landing-page views,weaker similarity,0.65,0.0,1,"full flight, 5 EDPs",5,pairwise_maxent_direct,Direct pair + higher-order inference,0.043893295462266904
traffic_optimization,Traffic / landing-page views,weaker similarity,0.65,0.0,1,"full flight, 5 EDPs",5,pairwise_maxent_mixture,Mixture pair + higher-order inference,0.06901908431452458
traffic_optimization,Traffic / landing-page views,weaker similarity,0.65,0.0,1,"full flight, 10 EDPs",10,baseline_vid,Existing VID,0.014188944087667256
traffic_optimization,Traffic / landing-page views,weaker similarity,0.65,0.0,1,"full flight, 10 EDPs",10,pair_aware_fixed_plus_shared_log,Pair-aware fixed + log,0.14006616028986105
traffic_optimization,Traffic / landing-page views,weaker similarity,0.65,0.0,1,"full flight, 10 EDPs",10,two_group_latent_mixture,Two-group mixture,0.09391869164060221
traffic_optimization,Traffic / landing-page views,weaker similarity,0.65,0.0,1,"full flight, 10 EDPs",10,pairwise_maxent_direct,Direct pair + higher-order inference,0.1002479815739541
traffic_optimization,Traffic / landing-page views,weaker similarity,0.65,0.0,1,"full flight, 10 EDPs",10,pairwise_maxent_mixture,Mixture pair + higher-order inference,0.061911144999174696
traffic_optimization,Traffic / landing-page views,stronger similarity,1.5,0.0,0,"full flight, 2 EDPs",2,baseline_vid,Existing VID,0.1039380365808136
traffic_optimization,Traffic / landing-page views,stronger similarity,1.5,0.0,0,"full flight, 2 EDPs",2,pair_aware_fixed_plus_shared_log,Pair-aware fixed + log,0.044077916397256396
traffic_optimization,Traffic / landing-page views,stronger similarity,1.5,0.0,0,"full flight, 2 EDPs",2,two_group_latent_mixture,Two-group mixture,0.03575744502693012
traffic_optimization,Traffic / landing-page views,stronger similarity,1.5,0.0,0,"full flight, 2 EDPs",2,pairwise_maxent_direct,Direct pair + higher-order inference,0.005051567434964645
traffic_optimization,Traffic / landing-page views,stronger similarity,1.5,0.0,0,"full flight, 2 EDPs",2,pairwise_maxent_mixture,Mixture pair + higher-order inference,0.03158629099185696
traffic_optimization,Traffic / landing-page views,stronger similarity,1.5,0.0,0,"full flight, 5 EDPs",5,baseline_vid,Existing VID,0.22677190311494574
traffic_optimization,Traffic / landing-page views,stronger similarity,1.5,0.0,0,"full flight, 5 EDPs",5,pair_aware_fixed_plus_shared_log,Pair-aware fixed + log,0.2242317067052426
traffic_optimization,Traffic / landing-page views,stronger similarity,1.5,0.0,0,"full flight, 5 EDPs",5,two_group_latent_mixture,Two-group mixture,0.2158540384438986
traffic_optimization,Traffic / landing-page views,stronger similarity,1.5,0.0,0,"full flight, 5 EDPs",5,pairwise_maxent_direct,Direct pair + higher-order inference,0.049931830385483114
traffic_optimization,Traffic / landing-page views,stronger similarity,1.5,0.0,0,"full flight, 5 EDPs",5,pairwise_maxent_mixture,Mixture pair + higher-order inference,0.08306596801154066
traffic_optimization,Traffic / landing-page views,stronger similarity,1.5,0.0,0,"full flight, 10 EDPs",10,baseline_vid,Existing VID,0.2763801829760101
traffic_optimization,Traffic / landing-page views,stronger similarity,1.5,0.0,0,"full flight, 10 EDPs",10,pair_aware_fixed_plus_shared_log,Pair-aware fixed + log,0.1262337035633978
traffic_optimization,Traffic / landing-page views,stronger similarity,1.5,0.0,0,"full flight, 10 EDPs",10,two_group_latent_mixture,Two-group mixture,0.09590926321335204
traffic_optimization,Traffic / landing-page views,stronger similarity,1.5,0.0,0,"full flight, 10 EDPs",10,pairwise_maxent_direct,Direct pair + higher-order inference,0.1358500617072153
traffic_optimization,Traffic / landing-page views,stronger similarity,1.5,0.0,0,"full flight, 10 EDPs",10,pairwise_maxent_mixture,Mixture pair + higher-order inference,0.09631875441075036
traffic_optimization,Traffic / landing-page views,stronger similarity,1.5,0.0,1,"full flight, 2 EDPs",2,baseline_vid,Existing VID,0.0994237918215612
traffic_optimization,Traffic / landing-page views,stronger similarity,1.5,0.0,1,"full flight, 2 EDPs",2,pair_aware_fixed_plus_shared_log,Pair-aware fixed + log,0.057917686562076014
traffic_optimization,Traffic / landing-page views,stronger similarity,1.5,0.0,1,"full flight, 2 EDPs",2,two_group_latent_mixture,Two-group mixture,0.050295724063333276
traffic_optimization,Traffic / landing-page views,stronger similarity,1.5,0.0,1,"full flight, 2 EDPs",2,pairwise_maxent_direct,Direct pair + higher-order inference,0.022715630788951696
traffic_optimization,Traffic / landing-page views,stronger similarity,1.5,0.0,1,"full flight, 2 EDPs",2,pairwise_maxent_mixture,Mixture pair + higher-order inference,0.04710742532577892
traffic_optimization,Traffic / landing-page views,stronger similarity,1.5,0.0,1,"full flight, 5 EDPs",5,baseline_vid,Existing VID,0.22939812072932078
traffic_optimization,Traffic / landing-page views,stronger similarity,1.5,0.0,1,"full flight, 5 EDPs",5,pair_aware_fixed_plus_shared_log,Pair-aware fixed + log,0.21601262750586872
traffic_optimization,Traffic / landing-page views,stronger similarity,1.5,0.0,1,"full flight, 5 EDPs",5,two_group_latent_mixture,Two-group mixture,0.2212837301103315
traffic_optimization,Traffic / landing-page views,stronger similarity,1.5,0.0,1,"full flight, 5 EDPs",5,pairwise_maxent_direct,Direct pair + higher-order inference,0.06968295446820787
traffic_optimization,Traffic / landing-page views,stronger similarity,1.5,0.0,1,"full flight, 5 EDPs",5,pairwise_maxent_mixture,Mixture pair + higher-order inference,0.1021320775745764
traffic_optimization,Traffic / landing-page views,stronger similarity,1.5,0.0,1,"full flight, 10 EDPs",10,baseline_vid,Existing VID,0.2780738116868347
traffic_optimization,Traffic / landing-page views,stronger similarity,1.5,0.0,1,"full flight, 10 EDPs",10,pair_aware_fixed_plus_shared_log,Pair-aware fixed + log,0.12064941260002761
traffic_optimization,Traffic / landing-page views,stronger similarity,1.5,0.0,1,"full flight, 10 EDPs",10,two_group_latent_mixture,Two-group mixture,0.12027022921362404
traffic_optimization,Traffic / landing-page views,stronger similarity,1.5,0.0,1,"full flight, 10 EDPs",10,pairwise_maxent_direct,Direct pair + higher-order inference,0.14423210460489455
traffic_optimization,Traffic / landing-page views,stronger similarity,1.5,0.0,1,"full flight, 10 EDPs",10,pairwise_maxent_mixture,Mixture pair + higher-order inference,0.11028990849793928
traffic_optimization,Traffic / landing-page views,lower matchability,1.0,-0.2,0,"full flight, 2 EDPs",2,baseline_vid,Existing VID,0.042640578177331086
traffic_optimization,Traffic / landing-page views,lower matchability,1.0,-0.2,0,"full flight, 2 EDPs",2,pair_aware_fixed_plus_shared_log,Pair-aware fixed + log,0.06767239641073403
traffic_optimization,Traffic / landing-page views,lower matchability,1.0,-0.2,0,"full flight, 2 EDPs",2,two_group_latent_mixture,Two-group mixture,0.06285244155195344
traffic_optimization,Traffic / landing-page views,lower matchability,1.0,-0.2,0,"full flight, 2 EDPs",2,pairwise_maxent_direct,Direct pair + higher-order inference,0.048871895896571954
traffic_optimization,Traffic / landing-page views,lower matchability,1.0,-0.2,0,"full flight, 2 EDPs",2,pairwise_maxent_mixture,Mixture pair + higher-order inference,0.06462430882885561
traffic_optimization,Traffic / landing-page views,lower matchability,1.0,-0.2,0,"full flight, 5 EDPs",5,baseline_vid,Existing VID,0.09556713417562221
traffic_optimization,Traffic / landing-page views,lower matchability,1.0,-0.2,0,"full flight, 5 EDPs",5,pair_aware_fixed_plus_shared_log,Pair-aware fixed + log,0.006099737616866397
traffic_optimization,Traffic / landing-page views,lower matchability,1.0,-0.2,0,"full flight, 5 EDPs",5,two_group_latent_mixture,Two-group mixture,0.058943877147150735
traffic_optimization,Traffic / landing-page views,lower matchability,1.0,-0.2,0,"full flight, 5 EDPs",5,pairwise_maxent_direct,Direct pair + higher-order inference,0.14537140515625416
traffic_optimization,Traffic / landing-page views,lower matchability,1.0,-0.2,0,"full flight, 5 EDPs",5,pairwise_maxent_mixture,Mixture pair + higher-order inference,0.1728707041561154
traffic_optimization,Traffic / landing-page views,lower matchability,1.0,-0.2,0,"full flight, 10 EDPs",10,baseline_vid,Existing VID,0.12118856072845077
traffic_optimization,Traffic / landing-page views,lower matchability,1.0,-0.2,0,"full flight, 10 EDPs",10,pair_aware_fixed_plus_shared_log,Pair-aware fixed + log,0.06013274319415717
traffic_optimization,Traffic / landing-page views,lower matchability,1.0,-0.2,0,"full flight, 10 EDPs",10,two_group_latent_mixture,Two-group mixture,0.016619996543113358
traffic_optimization,Traffic / landing-page views,lower matchability,1.0,-0.2,0,"full flight, 10 EDPs",10,pairwise_maxent_direct,Direct pair + higher-order inference,0.2464134610633311
traffic_optimization,Traffic / landing-page views,lower matchability,1.0,-0.2,0,"full flight, 10 EDPs",10,pairwise_maxent_mixture,Mixture pair + higher-order inference,0.21724010133983346
traffic_optimization,Traffic / landing-page views,lower matchability,1.0,-0.2,1,"full flight, 2 EDPs",2,baseline_vid,Existing VID,0.04762663832801971
traffic_optimization,Traffic / landing-page views,lower matchability,1.0,-0.2,1,"full flight, 2 EDPs",2,pair_aware_fixed_plus_shared_log,Pair-aware fixed + log,0.07714146443609356
traffic_optimization,Traffic / landing-page views,lower matchability,1.0,-0.2,1,"full flight, 2 EDPs",2,two_group_latent_mixture,Two-group mixture,0.0724660635518725
traffic_optimization,Traffic / landing-page views,lower matchability,1.0,-0.2,1,"full flight, 2 EDPs",2,pairwise_maxent_direct,Direct pair + higher-order inference,0.05938982039096162
traffic_optimization,Traffic / landing-page views,lower matchability,1.0,-0.2,1,"full flight, 2 EDPs",2,pairwise_maxent_mixture,Mixture pair + higher-order inference,0.0747034011344462
traffic_optimization,Traffic / landing-page views,lower matchability,1.0,-0.2,1,"full flight, 5 EDPs",5,baseline_vid,Existing VID,0.11079806024310246
traffic_optimization,Traffic / landing-page views,lower matchability,1.0,-0.2,1,"full flight, 5 EDPs",5,pair_aware_fixed_plus_shared_log,Pair-aware fixed + log,0.0038599162653807327
traffic_optimization,Traffic / landing-page views,lower matchability,1.0,-0.2,1,"full flight, 5 EDPs",5,two_group_latent_mixture,Two-group mixture,0.05210645813556763
traffic_optimization,Traffic / landing-page views,lower matchability,1.0,-0.2,1,"full flight, 5 EDPs",5,pairwise_maxent_direct,Direct pair + higher-order inference,0.15438687564180353
traffic_optimization,Traffic / landing-page views,lower matchability,1.0,-0.2,1,"full flight, 5 EDPs",5,pairwise_maxent_mixture,Mixture pair + higher-order inference,0.18159757661109438
traffic_optimization,Traffic / landing-page views,lower matchability,1.0,-0.2,1,"full flight, 10 EDPs",10,baseline_vid,Existing VID,0.12991702024995838
traffic_optimization,Traffic / landing-page views,lower matchability,1.0,-0.2,1,"full flight, 10 EDPs",10,pair_aware_fixed_plus_shared_log,Pair-aware fixed + log,0.0487353460734584
traffic_optimization,Traffic / landing-page views,lower matchability,1.0,-0.2,1,"full flight, 10 EDPs",10,two_group_latent_mixture,Two-group mixture,0.001313290325798459
traffic_optimization,Traffic / landing-page views,lower matchability,1.0,-0.2,1,"full flight, 10 EDPs",10,pairwise_maxent_direct,Direct pair + higher-order inference,0.2430213735853976
traffic_optimization,Traffic / landing-page views,lower matchability,1.0,-0.2,1,"full flight, 10 EDPs",10,pairwise_maxent_mixture,Mixture pair + higher-order inference,0.2025852689658037
traffic_optimization,Traffic / landing-page views,higher matchability,1.0,0.25,0,"full flight, 2 EDPs",2,baseline_vid,Existing VID,0.06287511230907444
traffic_optimization,Traffic / landing-page views,higher matchability,1.0,0.25,0,"full flight, 2 EDPs",2,pair_aware_fixed_plus_shared_log,Pair-aware fixed + log,0.011101051393272983
traffic_optimization,Traffic / landing-page views,higher matchability,1.0,0.25,0,"full flight, 2 EDPs",2,two_group_latent_mixture,Two-group mixture,0.0033047090536262253
traffic_optimization,Traffic / landing-page views,higher matchability,1.0,0.25,0,"full flight, 2 EDPs",2,pairwise_maxent_direct,Direct pair + higher-order inference,0.02530041326924275
traffic_optimization,Traffic / landing-page views,higher matchability,1.0,0.25,0,"full flight, 2 EDPs",2,pairwise_maxent_mixture,Mixture pair + higher-order inference,0.0004097825869324769
traffic_optimization,Traffic / landing-page views,higher matchability,1.0,0.25,0,"full flight, 5 EDPs",5,baseline_vid,Existing VID,0.13902585277438248
traffic_optimization,Traffic / landing-page views,higher matchability,1.0,0.25,0,"full flight, 5 EDPs",5,pair_aware_fixed_plus_shared_log,Pair-aware fixed + log,0.13659652472795056
traffic_optimization,Traffic / landing-page views,higher matchability,1.0,0.25,0,"full flight, 5 EDPs",5,two_group_latent_mixture,Two-group mixture,0.10156107011963603
traffic_optimization,Traffic / landing-page views,higher matchability,1.0,0.25,0,"full flight, 5 EDPs",5,pairwise_maxent_direct,Direct pair + higher-order inference,0.05047204108136109
traffic_optimization,Traffic / landing-page views,higher matchability,1.0,0.25,0,"full flight, 5 EDPs",5,pairwise_maxent_mixture,Mixture pair + higher-order inference,0.019255890317448707
traffic_optimization,Traffic / landing-page views,higher matchability,1.0,0.25,0,"full flight, 10 EDPs",10,baseline_vid,Existing VID,0.16893555812928726
traffic_optimization,Traffic / landing-page views,higher matchability,1.0,0.25,0,"full flight, 10 EDPs",10,pair_aware_fixed_plus_shared_log,Pair-aware fixed + log,0.023517758668239894
traffic_optimization,Traffic / landing-page views,higher matchability,1.0,0.25,0,"full flight, 10 EDPs",10,two_group_latent_mixture,Two-group mixture,0.036862960141221354
traffic_optimization,Traffic / landing-page views,higher matchability,1.0,0.25,0,"full flight, 10 EDPs",10,pairwise_maxent_direct,Direct pair + higher-order inference,0.02634183193335321
traffic_optimization,Traffic / landing-page views,higher matchability,1.0,0.25,0,"full flight, 10 EDPs",10,pairwise_maxent_mixture,Mixture pair + higher-order inference,0.03149202829517707
traffic_optimization,Traffic / landing-page views,higher matchability,1.0,0.25,1,"full flight, 2 EDPs",2,baseline_vid,Existing VID,0.057743204577968395
traffic_optimization,Traffic / landing-page views,higher matchability,1.0,0.25,1,"full flight, 2 EDPs",2,pair_aware_fixed_plus_shared_log,Pair-aware fixed + log,0.003594412829625142
traffic_optimization,Traffic / landing-page views,higher matchability,1.0,0.25,1,"full flight, 2 EDPs",2,two_group_latent_mixture,Two-group mixture,0.004260473099139483
traffic_optimization,Traffic / landing-page views,higher matchability,1.0,0.25,1,"full flight, 2 EDPs",2,pairwise_maxent_direct,Direct pair + higher-order inference,0.033158284541596396
traffic_optimization,Traffic / landing-page views,higher matchability,1.0,0.25,1,"full flight, 2 EDPs",2,pairwise_maxent_mixture,Mixture pair + higher-order inference,0.008093362200245906
traffic_optimization,Traffic / landing-page views,higher matchability,1.0,0.25,1,"full flight, 5 EDPs",5,baseline_vid,Existing VID,0.1366305732720118
traffic_optimization,Traffic / landing-page views,higher matchability,1.0,0.25,1,"full flight, 5 EDPs",5,pair_aware_fixed_plus_shared_log,Pair-aware fixed + log,0.13540366132794734
traffic_optimization,Traffic / landing-page views,higher matchability,1.0,0.25,1,"full flight, 5 EDPs",5,two_group_latent_mixture,Two-group mixture,0.11239797042061044
traffic_optimization,Traffic / landing-page views,higher matchability,1.0,0.25,1,"full flight, 5 EDPs",5,pairwise_maxent_direct,Direct pair + higher-order inference,0.048319868080738244
traffic_optimization,Traffic / landing-page views,higher matchability,1.0,0.25,1,"full flight, 5 EDPs",5,pairwise_maxent_mixture,Mixture pair + higher-order inference,0.01674692607148634
traffic_optimization,Traffic / landing-page views,higher matchability,1.0,0.25,1,"full flight, 10 EDPs",10,baseline_vid,Existing VID,0.16854879220071245
traffic_optimization,Traffic / landing-page views,higher matchability,1.0,0.25,1,"full flight, 10 EDPs",10,pair_aware_fixed_plus_shared_log,Pair-aware fixed + log,0.030095741695879384
traffic_optimization,Traffic / landing-page views,higher matchability,1.0,0.25,1,"full flight, 10 EDPs",10,two_group_latent_mixture,Two-group mixture,0.032472812709050426
traffic_optimization,Traffic / landing-page views,higher matchability,1.0,0.25,1,"full flight, 10 EDPs",10,pairwise_maxent_direct,Direct pair + higher-order inference,0.012713520705293002
traffic_optimization,Traffic / landing-page views,higher matchability,1.0,0.25,1,"full flight, 10 EDPs",10,pairwise_maxent_mixture,Mixture pair + higher-order inference,0.02456048935978152
video_engagement_retargeting,Video or engagement retargeting,central,1.0,0.0,0,"full flight, 2 EDPs",2,baseline_vid,Existing VID,0.2034480312167435
video_engagement_retargeting,Video or engagement retargeting,central,1.0,0.0,0,"full flight, 2 EDPs",2,pair_aware_fixed_plus_shared_log,Pair-aware fixed + log,0.11553024028373043
video_engagement_retargeting,Video or engagement retargeting,central,1.0,0.0,0,"full flight, 2 EDPs",2,two_group_latent_mixture,Two-group mixture,0.08969011390480897
video_engagement_retargeting,Video or engagement retargeting,central,1.0,0.0,0,"full flight, 2 EDPs",2,pairwise_maxent_direct,Direct pair + higher-order inference,0.0638099013061288
video_engagement_retargeting,Video or engagement retargeting,central,1.0,0.0,0,"full flight, 2 EDPs",2,pairwise_maxent_mixture,Mixture pair + higher-order inference,0.0767527565714626
video_engagement_retargeting,Video or engagement retargeting,central,1.0,0.0,0,"full flight, 5 EDPs",5,baseline_vid,Existing VID,0.5731688168702018
video_engagement_retargeting,Video or engagement retargeting,central,1.0,0.0,0,"full flight, 5 EDPs",5,pair_aware_fixed_plus_shared_log,Pair-aware fixed + log,0.48526986239324177
video_engagement_retargeting,Video or engagement retargeting,central,1.0,0.0,0,"full flight, 5 EDPs",5,two_group_latent_mixture,Two-group mixture,0.40049547832581756
video_engagement_retargeting,Video or engagement retargeting,central,1.0,0.0,0,"full flight, 5 EDPs",5,pairwise_maxent_direct,Direct pair + higher-order inference,0.19336226982666363
video_engagement_retargeting,Video or engagement retargeting,central,1.0,0.0,0,"full flight, 5 EDPs",5,pairwise_maxent_mixture,Mixture pair + higher-order inference,0.19956079945440688
video_engagement_retargeting,Video or engagement retargeting,central,1.0,0.0,0,"full flight, 10 EDPs",10,baseline_vid,Existing VID,0.819477344997506
video_engagement_retargeting,Video or engagement retargeting,central,1.0,0.0,0,"full flight, 10 EDPs",10,pair_aware_fixed_plus_shared_log,Pair-aware fixed + log,0.5730305760936224
video_engagement_retargeting,Video or engagement retargeting,central,1.0,0.0,0,"full flight, 10 EDPs",10,two_group_latent_mixture,Two-group mixture,0.46852580603298305
video_engagement_retargeting,Video or engagement retargeting,central,1.0,0.0,0,"full flight, 10 EDPs",10,pairwise_maxent_direct,Direct pair + higher-order inference,0.43418794410678985
video_engagement_retargeting,Video or engagement retargeting,central,1.0,0.0,0,"full flight, 10 EDPs",10,pairwise_maxent_mixture,Mixture pair + higher-order inference,0.3290475432749037
video_engagement_retargeting,Video or engagement retargeting,central,1.0,0.0,1,"full flight, 2 EDPs",2,baseline_vid,Existing VID,0.21726587728740582
video_engagement_retargeting,Video or engagement retargeting,central,1.0,0.0,1,"full flight, 2 EDPs",2,pair_aware_fixed_plus_shared_log,Pair-aware fixed + log,0.10960523113136196
video_engagement_retargeting,Video or engagement retargeting,central,1.0,0.0,1,"full flight, 2 EDPs",2,two_group_latent_mixture,Two-group mixture,0.08063126267453793
video_engagement_retargeting,Video or engagement retargeting,central,1.0,0.0,1,"full flight, 2 EDPs",2,pairwise_maxent_direct,Direct pair + higher-order inference,0.05191133914338054
video_engagement_retargeting,Video or engagement retargeting,central,1.0,0.0,1,"full flight, 2 EDPs",2,pairwise_maxent_mixture,Mixture pair + higher-order inference,0.06630820126530247
video_engagement_retargeting,Video or engagement retargeting,central,1.0,0.0,1,"full flight, 5 EDPs",5,baseline_vid,Existing VID,0.5719530758988957
video_engagement_retargeting,Video or engagement retargeting,central,1.0,0.0,1,"full flight, 5 EDPs",5,pair_aware_fixed_plus_shared_log,Pair-aware fixed + log,0.4656444047348258
video_engagement_retargeting,Video or engagement retargeting,central,1.0,0.0,1,"full flight, 5 EDPs",5,two_group_latent_mixture,Two-group mixture,0.3993241964066283
video_engagement_retargeting,Video or engagement retargeting,central,1.0,0.0,1,"full flight, 5 EDPs",5,pairwise_maxent_direct,Direct pair + higher-order inference,0.18884342406217366
video_engagement_retargeting,Video or engagement retargeting,central,1.0,0.0,1,"full flight, 5 EDPs",5,pairwise_maxent_mixture,Mixture pair + higher-order inference,0.19531582713140994
video_engagement_retargeting,Video or engagement retargeting,central,1.0,0.0,1,"full flight, 10 EDPs",10,baseline_vid,Existing VID,0.815210278053328
video_engagement_retargeting,Video or engagement retargeting,central,1.0,0.0,1,"full flight, 10 EDPs",10,pair_aware_fixed_plus_shared_log,Pair-aware fixed + log,0.5494498278992471
video_engagement_retargeting,Video or engagement retargeting,central,1.0,0.0,1,"full flight, 10 EDPs",10,two_group_latent_mixture,Two-group mixture,0.45515870973280376
video_engagement_retargeting,Video or engagement retargeting,central,1.0,0.0,1,"full flight, 10 EDPs",10,pairwise_maxent_direct,Direct pair + higher-order inference,0.3899544849582275
video_engagement_retargeting,Video or engagement retargeting,central,1.0,0.0,1,"full flight, 10 EDPs",10,pairwise_maxent_mixture,Mixture pair + higher-order inference,0.30890326648212213
video_engagement_retargeting,Video or engagement retargeting,weaker similarity,0.7,0.0,0,"full flight, 2 EDPs",2,baseline_vid,Existing VID,0.12149421487603305
video_engagement_retargeting,Video or engagement retargeting,weaker similarity,0.7,0.0,0,"full flight, 2 EDPs",2,pair_aware_fixed_plus_shared_log,Pair-aware fixed + log,0.07075492868955027
video_engagement_retargeting,Video or engagement retargeting,weaker similarity,0.7,0.0,0,"full flight, 2 EDPs",2,two_group_latent_mixture,Two-group mixture,0.051457675663176154
video_engagement_retargeting,Video or engagement retargeting,weaker similarity,0.7,0.0,0,"full flight, 2 EDPs",2,pairwise_maxent_direct,Direct pair + higher-order inference,0.032090586178441675
video_engagement_retargeting,Video or engagement retargeting,weaker similarity,0.7,0.0,0,"full flight, 2 EDPs",2,pairwise_maxent_mixture,Mixture pair + higher-order inference,0.04194722455205848
video_engagement_retargeting,Video or engagement retargeting,weaker similarity,0.7,0.0,0,"full flight, 5 EDPs",5,baseline_vid,Existing VID,0.3306414829131079
video_engagement_retargeting,Video or engagement retargeting,weaker similarity,0.7,0.0,0,"full flight, 5 EDPs",5,pair_aware_fixed_plus_shared_log,Pair-aware fixed + log,0.2908477709462625
video_engagement_retargeting,Video or engagement retargeting,weaker similarity,0.7,0.0,0,"full flight, 5 EDPs",5,two_group_latent_mixture,Two-group mixture,0.279306741800412
video_engagement_retargeting,Video or engagement retargeting,weaker similarity,0.7,0.0,0,"full flight, 5 EDPs",5,pairwise_maxent_direct,Direct pair + higher-order inference,0.12817857727267423
video_engagement_retargeting,Video or engagement retargeting,weaker similarity,0.7,0.0,0,"full flight, 5 EDPs",5,pairwise_maxent_mixture,Mixture pair + higher-order inference,0.13234877439101503
video_engagement_retargeting,Video or engagement retargeting,weaker similarity,0.7,0.0,0,"full flight, 10 EDPs",10,baseline_vid,Existing VID,0.4822015751856359
video_engagement_retargeting,Video or engagement retargeting,weaker similarity,0.7,0.0,0,"full flight, 10 EDPs",10,pair_aware_fixed_plus_shared_log,Pair-aware fixed + log,0.36319286017317404
video_engagement_retargeting,Video or engagement retargeting,weaker similarity,0.7,0.0,0,"full flight, 10 EDPs",10,two_group_latent_mixture,Two-group mixture,0.2752352171009979
video_engagement_retargeting,Video or engagement retargeting,weaker similarity,0.7,0.0,0,"full flight, 10 EDPs",10,pairwise_maxent_direct,Direct pair + higher-order inference,0.3009962665280866
video_engagement_retargeting,Video or engagement retargeting,weaker similarity,0.7,0.0,0,"full flight, 10 EDPs",10,pairwise_maxent_mixture,Mixture pair + higher-order inference,0.22913147163587336
video_engagement_retargeting,Video or engagement retargeting,weaker similarity,0.7,0.0,1,"full flight, 2 EDPs",2,baseline_vid,Existing VID,0.11632773938795657
video_engagement_retargeting,Video or engagement retargeting,weaker similarity,0.7,0.0,1,"full flight, 2 EDPs",2,pair_aware_fixed_plus_shared_log,Pair-aware fixed + log,0.07277019068578693
video_engagement_retargeting,Video or engagement retargeting,weaker similarity,0.7,0.0,1,"full flight, 2 EDPs",2,two_group_latent_mixture,Two-group mixture,0.05464221124401382
video_engagement_retargeting,Video or engagement retargeting,weaker similarity,0.7,0.0,1,"full flight, 2 EDPs",2,pairwise_maxent_direct,Direct pair + higher-order inference,0.03655278400419211
video_engagement_retargeting,Video or engagement retargeting,weaker similarity,0.7,0.0,1,"full flight, 2 EDPs",2,pairwise_maxent_mixture,Mixture pair + higher-order inference,0.04586499727921693
video_engagement_retargeting,Video or engagement retargeting,weaker similarity,0.7,0.0,1,"full flight, 5 EDPs",5,baseline_vid,Existing VID,0.33267565858036974
video_engagement_retargeting,Video or engagement retargeting,weaker similarity,0.7,0.0,1,"full flight, 5 EDPs",5,pair_aware_fixed_plus_shared_log,Pair-aware fixed + log,0.32982710569218376
video_engagement_retargeting,Video or engagement retargeting,weaker similarity,0.7,0.0,1,"full flight, 5 EDPs",5,two_group_latent_mixture,Two-group mixture,0.2908479502957702
video_engagement_retargeting,Video or engagement retargeting,weaker similarity,0.7,0.0,1,"full flight, 5 EDPs",5,pairwise_maxent_direct,Direct pair + higher-order inference,0.14435367645245534
video_engagement_retargeting,Video or engagement retargeting,weaker similarity,0.7,0.0,1,"full flight, 5 EDPs",5,pairwise_maxent_mixture,Mixture pair + higher-order inference,0.14876599100554522
video_engagement_retargeting,Video or engagement retargeting,weaker similarity,0.7,0.0,1,"full flight, 10 EDPs",10,baseline_vid,Existing VID,0.48533038296284603
video_engagement_retargeting,Video or engagement retargeting,weaker similarity,0.7,0.0,1,"full flight, 10 EDPs",10,pair_aware_fixed_plus_shared_log,Pair-aware fixed + log,0.3869610678955152
video_engagement_retargeting,Video or engagement retargeting,weaker similarity,0.7,0.0,1,"full flight, 10 EDPs",10,two_group_latent_mixture,Two-group mixture,0.2803728937960175
video_engagement_retargeting,Video or engagement retargeting,weaker similarity,0.7,0.0,1,"full flight, 10 EDPs",10,pairwise_maxent_direct,Direct pair + higher-order inference,0.2956615671584466
video_engagement_retargeting,Video or engagement retargeting,weaker similarity,0.7,0.0,1,"full flight, 10 EDPs",10,pairwise_maxent_mixture,Mixture pair + higher-order inference,0.22417161063156713
video_engagement_retargeting,Video or engagement retargeting,stronger similarity,1.4,0.0,0,"full flight, 2 EDPs",2,baseline_vid,Existing VID,0.3139116963594113
video_engagement_retargeting,Video or engagement retargeting,stronger similarity,1.4,0.0,0,"full flight, 2 EDPs",2,pair_aware_fixed_plus_shared_log,Pair-aware fixed + log,0.15684528625643215
video_engagement_retargeting,Video or engagement retargeting,stronger similarity,1.4,0.0,0,"full flight, 2 EDPs",2,two_group_latent_mixture,Two-group mixture,0.11943522324819814
video_engagement_retargeting,Video or engagement retargeting,stronger similarity,1.4,0.0,0,"full flight, 2 EDPs",2,pairwise_maxent_direct,Direct pair + higher-order inference,0.08334450259082232
video_engagement_retargeting,Video or engagement retargeting,stronger similarity,1.4,0.0,0,"full flight, 2 EDPs",2,pairwise_maxent_mixture,Mixture pair + higher-order inference,0.10170403233239705
video_engagement_retargeting,Video or engagement retargeting,stronger similarity,1.4,0.0,0,"full flight, 5 EDPs",5,baseline_vid,Existing VID,0.8508710465997916
video_engagement_retargeting,Video or engagement retargeting,stronger similarity,1.4,0.0,0,"full flight, 5 EDPs",5,pair_aware_fixed_plus_shared_log,Pair-aware fixed + log,0.6880183566406907
video_engagement_retargeting,Video or engagement retargeting,stronger similarity,1.4,0.0,0,"full flight, 5 EDPs",5,two_group_latent_mixture,Two-group mixture,0.5716514403315645
video_engagement_retargeting,Video or engagement retargeting,stronger similarity,1.4,0.0,0,"full flight, 5 EDPs",5,pairwise_maxent_direct,Direct pair + higher-order inference,0.27232554685138627
video_engagement_retargeting,Video or engagement retargeting,stronger similarity,1.4,0.0,0,"full flight, 5 EDPs",5,pairwise_maxent_mixture,Mixture pair + higher-order inference,0.28140897734498604
video_engagement_retargeting,Video or engagement retargeting,stronger similarity,1.4,0.0,0,"full flight, 10 EDPs",10,baseline_vid,Existing VID,1.2158765031833354
video_engagement_retargeting,Video or engagement retargeting,stronger similarity,1.4,0.0,0,"full flight, 10 EDPs",10,pair_aware_fixed_plus_shared_log,Pair-aware fixed + log,0.8167353369050172
video_engagement_retargeting,Video or engagement retargeting,stronger similarity,1.4,0.0,0,"full flight, 10 EDPs",10,two_group_latent_mixture,Two-group mixture,0.710287436407992
video_engagement_retargeting,Video or engagement retargeting,stronger similarity,1.4,0.0,0,"full flight, 10 EDPs",10,pairwise_maxent_direct,Direct pair + higher-order inference,0.5652889491490435
video_engagement_retargeting,Video or engagement retargeting,stronger similarity,1.4,0.0,0,"full flight, 10 EDPs",10,pairwise_maxent_mixture,Mixture pair + higher-order inference,0.45993785708664253
video_engagement_retargeting,Video or engagement retargeting,stronger similarity,1.4,0.0,1,"full flight, 2 EDPs",2,baseline_vid,Existing VID,0.3088425925925926
video_engagement_retargeting,Video or engagement retargeting,stronger similarity,1.4,0.0,1,"full flight, 2 EDPs",2,pair_aware_fixed_plus_shared_log,Pair-aware fixed + log,0.1427160486365703
video_engagement_retargeting,Video or engagement retargeting,stronger similarity,1.4,0.0,1,"full flight, 2 EDPs",2,two_group_latent_mixture,Two-group mixture,0.10400632623239006
video_engagement_retargeting,Video or engagement retargeting,stronger similarity,1.4,0.0,1,"full flight, 2 EDPs",2,pairwise_maxent_direct,Direct pair + higher-order inference,0.06691652174814443
video_engagement_retargeting,Video or engagement retargeting,stronger similarity,1.4,0.0,1,"full flight, 2 EDPs",2,pairwise_maxent_mixture,Mixture pair + higher-order inference,0.08586824138835072
video_engagement_retargeting,Video or engagement retargeting,stronger similarity,1.4,0.0,1,"full flight, 5 EDPs",5,baseline_vid,Existing VID,0.870730178001077
video_engagement_retargeting,Video or engagement retargeting,stronger similarity,1.4,0.0,1,"full flight, 5 EDPs",5,pair_aware_fixed_plus_shared_log,Pair-aware fixed + log,0.6636895833521963
video_engagement_retargeting,Video or engagement retargeting,stronger similarity,1.4,0.0,1,"full flight, 5 EDPs",5,two_group_latent_mixture,Two-group mixture,0.5798585596900239
video_engagement_retargeting,Video or engagement retargeting,stronger similarity,1.4,0.0,1,"full flight, 5 EDPs",5,pairwise_maxent_direct,Direct pair + higher-order inference,0.27012165223715234
video_engagement_retargeting,Video or engagement retargeting,stronger similarity,1.4,0.0,1,"full flight, 5 EDPs",5,pairwise_maxent_mixture,Mixture pair + higher-order inference,0.2795117277084511
video_engagement_retargeting,Video or engagement retargeting,stronger similarity,1.4,0.0,1,"full flight, 10 EDPs",10,baseline_vid,Existing VID,1.2441451509479242
video_engagement_retargeting,Video or engagement retargeting,stronger similarity,1.4,0.0,1,"full flight, 10 EDPs",10,pair_aware_fixed_plus_shared_log,Pair-aware fixed + log,0.835429661318779
video_engagement_retargeting,Video or engagement retargeting,stronger similarity,1.4,0.0,1,"full flight, 10 EDPs",10,two_group_latent_mixture,Two-group mixture,0.7363513758705618
video_engagement_retargeting,Video or engagement retargeting,stronger similarity,1.4,0.0,1,"full flight, 10 EDPs",10,pairwise_maxent_direct,Direct pair + higher-order inference,0.5870379092001075
video_engagement_retargeting,Video or engagement retargeting,stronger similarity,1.4,0.0,1,"full flight, 10 EDPs",10,pairwise_maxent_mixture,Mixture pair + higher-order inference,0.4657002500485725
video_engagement_retargeting,Video or engagement retargeting,lower matchability,1.0,-0.4,0,"full flight, 2 EDPs",2,baseline_vid,Existing VID,0.24679162072767366
video_engagement_retargeting,Video or engagement retargeting,lower matchability,1.0,-0.4,0,"full flight, 2 EDPs",2,pair_aware_fixed_plus_shared_log,Pair-aware fixed + log,0.18730142742134726
video_engagement_retargeting,Video or engagement retargeting,lower matchability,1.0,-0.4,0,"full flight, 2 EDPs",2,two_group_latent_mixture,Two-group mixture,0.16537100281737957
video_engagement_retargeting,Video or engagement retargeting,lower matchability,1.0,-0.4,0,"full flight, 2 EDPs",2,pairwise_maxent_direct,Direct pair + higher-order inference,0.1433308085094087
video_engagement_retargeting,Video or engagement retargeting,lower matchability,1.0,-0.4,0,"full flight, 2 EDPs",2,pairwise_maxent_mixture,Mixture pair + higher-order inference,0.15450894844467666
video_engagement_retargeting,Video or engagement retargeting,lower matchability,1.0,-0.4,0,"full flight, 5 EDPs",5,baseline_vid,Existing VID,0.7102919956949307
video_engagement_retargeting,Video or engagement retargeting,lower matchability,1.0,-0.4,0,"full flight, 5 EDPs",5,pair_aware_fixed_plus_shared_log,Pair-aware fixed + log,0.6425432776257626
video_engagement_retargeting,Video or engagement retargeting,lower matchability,1.0,-0.4,0,"full flight, 5 EDPs",5,two_group_latent_mixture,Two-group mixture,0.6685206719201714
video_engagement_retargeting,Video or engagement retargeting,lower matchability,1.0,-0.4,0,"full flight, 5 EDPs",5,pairwise_maxent_direct,Direct pair + higher-order inference,0.5006345844294667
video_engagement_retargeting,Video or engagement retargeting,lower matchability,1.0,-0.4,0,"full flight, 5 EDPs",5,pairwise_maxent_mixture,Mixture pair + higher-order inference,0.5066173415495501
video_engagement_retargeting,Video or engagement retargeting,lower matchability,1.0,-0.4,0,"full flight, 10 EDPs",10,baseline_vid,Existing VID,1.035785540667909
video_engagement_retargeting,Video or engagement retargeting,lower matchability,1.0,-0.4,0,"full flight, 10 EDPs",10,pair_aware_fixed_plus_shared_log,Pair-aware fixed + log,0.9270155169596528
video_engagement_retargeting,Video or engagement retargeting,lower matchability,1.0,-0.4,0,"full flight, 10 EDPs",10,two_group_latent_mixture,Two-group mixture,0.8121130439943848
video_engagement_retargeting,Video or engagement retargeting,lower matchability,1.0,-0.4,0,"full flight, 10 EDPs",10,pairwise_maxent_direct,Direct pair + higher-order inference,0.893628495307237
video_engagement_retargeting,Video or engagement retargeting,lower matchability,1.0,-0.4,0,"full flight, 10 EDPs",10,pairwise_maxent_mixture,Mixture pair + higher-order inference,0.7828633027298757
video_engagement_retargeting,Video or engagement retargeting,lower matchability,1.0,-0.4,1,"full flight, 2 EDPs",2,baseline_vid,Existing VID,0.258353115727003
video_engagement_retargeting,Video or engagement retargeting,lower matchability,1.0,-0.4,1,"full flight, 2 EDPs",2,pair_aware_fixed_plus_shared_log,Pair-aware fixed + log,0.20196848263272613
video_engagement_retargeting,Video or engagement retargeting,lower matchability,1.0,-0.4,1,"full flight, 2 EDPs",2,two_group_latent_mixture,Two-group mixture,0.18040106593012278
video_engagement_retargeting,Video or engagement retargeting,lower matchability,1.0,-0.4,1,"full flight, 2 EDPs",2,pairwise_maxent_direct,Direct pair + higher-order inference,0.15876187763698785
video_engagement_retargeting,Video or engagement retargeting,lower matchability,1.0,-0.4,1,"full flight, 2 EDPs",2,pairwise_maxent_mixture,Mixture pair + higher-order inference,0.16978222735971102
video_engagement_retargeting,Video or engagement retargeting,lower matchability,1.0,-0.4,1,"full flight, 5 EDPs",5,baseline_vid,Existing VID,0.70598877289335
video_engagement_retargeting,Video or engagement retargeting,lower matchability,1.0,-0.4,1,"full flight, 5 EDPs",5,pair_aware_fixed_plus_shared_log,Pair-aware fixed + log,0.6629104947579527
video_engagement_retargeting,Video or engagement retargeting,lower matchability,1.0,-0.4,1,"full flight, 5 EDPs",5,two_group_latent_mixture,Two-group mixture,0.6743183565970926
video_engagement_retargeting,Video or engagement retargeting,lower matchability,1.0,-0.4,1,"full flight, 5 EDPs",5,pairwise_maxent_direct,Direct pair + higher-order inference,0.49844111765215865
video_engagement_retargeting,Video or engagement retargeting,lower matchability,1.0,-0.4,1,"full flight, 5 EDPs",5,pairwise_maxent_mixture,Mixture pair + higher-order inference,0.5039706251336485
video_engagement_retargeting,Video or engagement retargeting,lower matchability,1.0,-0.4,1,"full flight, 10 EDPs",10,baseline_vid,Existing VID,1.0088389892601586
video_engagement_retargeting,Video or engagement retargeting,lower matchability,1.0,-0.4,1,"full flight, 10 EDPs",10,pair_aware_fixed_plus_shared_log,Pair-aware fixed + log,0.9001707878797102
video_engagement_retargeting,Video or engagement retargeting,lower matchability,1.0,-0.4,1,"full flight, 10 EDPs",10,two_group_latent_mixture,Two-group mixture,0.8079148822100858
video_engagement_retargeting,Video or engagement retargeting,lower matchability,1.0,-0.4,1,"full flight, 10 EDPs",10,pairwise_maxent_direct,Direct pair + higher-order inference,0.8973255653248366
video_engagement_retargeting,Video or engagement retargeting,lower matchability,1.0,-0.4,1,"full flight, 10 EDPs",10,pairwise_maxent_mixture,Mixture pair + higher-order inference,0.7961980367907813
video_engagement_retargeting,Video or engagement retargeting,higher matchability,1.0,0.25,0,"full flight, 2 EDPs",2,baseline_vid,Existing VID,0.22517876489707475
video_engagement_retargeting,Video or engagement retargeting,higher matchability,1.0,0.25,0,"full flight, 2 EDPs",2,pair_aware_fixed_plus_shared_log,Pair-aware fixed + log,0.07286748327309633
video_engagement_retargeting,Video or engagement retargeting,higher matchability,1.0,0.25,0,"full flight, 2 EDPs",2,two_group_latent_mixture,Two-group mixture,0.03710936494367503
video_engagement_retargeting,Video or engagement retargeting,higher matchability,1.0,0.25,0,"full flight, 2 EDPs",2,pairwise_maxent_direct,Direct pair + higher-order inference,0.002764564615248041
video_engagement_retargeting,Video or engagement retargeting,higher matchability,1.0,0.25,0,"full flight, 2 EDPs",2,pairwise_maxent_mixture,Mixture pair + higher-order inference,0.020285747633851277
video_engagement_retargeting,Video or engagement retargeting,higher matchability,1.0,0.25,0,"full flight, 5 EDPs",5,baseline_vid,Existing VID,0.6012390030541886
video_engagement_retargeting,Video or engagement retargeting,higher matchability,1.0,0.25,0,"full flight, 5 EDPs",5,pair_aware_fixed_plus_shared_log,Pair-aware fixed + log,0.4014190693245642
video_engagement_retargeting,Video or engagement retargeting,higher matchability,1.0,0.25,0,"full flight, 5 EDPs",5,two_group_latent_mixture,Two-group mixture,0.33388624431602687
video_engagement_retargeting,Video or engagement retargeting,higher matchability,1.0,0.25,0,"full flight, 5 EDPs",5,pairwise_maxent_direct,Direct pair + higher-order inference,0.0565265418654882
video_engagement_retargeting,Video or engagement retargeting,higher matchability,1.0,0.25,0,"full flight, 5 EDPs",5,pairwise_maxent_mixture,Mixture pair + higher-order inference,0.06496427318167848
video_engagement_retargeting,Video or engagement retargeting,higher matchability,1.0,0.25,0,"full flight, 10 EDPs",10,baseline_vid,Existing VID,0.8583569329218225
video_engagement_retargeting,Video or engagement retargeting,higher matchability,1.0,0.25,0,"full flight, 10 EDPs",10,pair_aware_fixed_plus_shared_log,Pair-aware fixed + log,0.49166507266788084
video_engagement_retargeting,Video or engagement retargeting,higher matchability,1.0,0.25,0,"full flight, 10 EDPs",10,two_group_latent_mixture,Two-group mixture,0.4042780982667011
video_engagement_retargeting,Video or engagement retargeting,higher matchability,1.0,0.25,0,"full flight, 10 EDPs",10,pairwise_maxent_direct,Direct pair + higher-order inference,0.22501853595501414
video_engagement_retargeting,Video or engagement retargeting,higher matchability,1.0,0.25,0,"full flight, 10 EDPs",10,pairwise_maxent_mixture,Mixture pair + higher-order inference,0.1190327599031073
video_engagement_retargeting,Video or engagement retargeting,higher matchability,1.0,0.25,1,"full flight, 2 EDPs",2,baseline_vid,Existing VID,0.23229930984380676
video_engagement_retargeting,Video or engagement retargeting,higher matchability,1.0,0.25,1,"full flight, 2 EDPs",2,pair_aware_fixed_plus_shared_log,Pair-aware fixed + log,0.07268770666679186
video_engagement_retargeting,Video or engagement retargeting,higher matchability,1.0,0.25,1,"full flight, 2 EDPs",2,two_group_latent_mixture,Two-group mixture,0.03576421827193914
video_engagement_retargeting,Video or engagement retargeting,higher matchability,1.0,0.25,1,"full flight, 2 EDPs",2,pairwise_maxent_direct,Direct pair + higher-order inference,0.00047116540699406964
video_engagement_retargeting,Video or engagement retargeting,higher matchability,1.0,0.25,1,"full flight, 2 EDPs",2,pairwise_maxent_mixture,Mixture pair + higher-order inference,0.018533814196500763
video_engagement_retargeting,Video or engagement retargeting,higher matchability,1.0,0.25,1,"full flight, 5 EDPs",5,baseline_vid,Existing VID,0.6126643342070595
video_engagement_retargeting,Video or engagement retargeting,higher matchability,1.0,0.25,1,"full flight, 5 EDPs",5,pair_aware_fixed_plus_shared_log,Pair-aware fixed + log,0.4110963229762713
video_engagement_retargeting,Video or engagement retargeting,higher matchability,1.0,0.25,1,"full flight, 5 EDPs",5,two_group_latent_mixture,Two-group mixture,0.34007993667347053
video_engagement_retargeting,Video or engagement retargeting,higher matchability,1.0,0.25,1,"full flight, 5 EDPs",5,pairwise_maxent_direct,Direct pair + higher-order inference,0.06630027393080594
video_engagement_retargeting,Video or engagement retargeting,higher matchability,1.0,0.25,1,"full flight, 5 EDPs",5,pairwise_maxent_mixture,Mixture pair + higher-order inference,0.07150260563189278
video_engagement_retargeting,Video or engagement retargeting,higher matchability,1.0,0.25,1,"full flight, 10 EDPs",10,baseline_vid,Existing VID,0.8741057204889565
video_engagement_retargeting,Video or engagement retargeting,higher matchability,1.0,0.25,1,"full flight, 10 EDPs",10,pair_aware_fixed_plus_shared_log,Pair-aware fixed + log,0.5039815966954114
video_engagement_retargeting,Video or engagement retargeting,higher matchability,1.0,0.25,1,"full flight, 10 EDPs",10,two_group_latent_mixture,Two-group mixture,0.42458803891363267
video_engagement_retargeting,Video or engagement retargeting,higher matchability,1.0,0.25,1,"full flight, 10 EDPs",10,pairwise_maxent_direct,Direct pair + higher-order inference,0.22495493013596057
video_engagement_retargeting,Video or engagement retargeting,higher matchability,1.0,0.25,1,"full flight, 10 EDPs",10,pairwise_maxent_mixture,Mixture pair + higher-order inference,0.10806507753992377
lead_generation,Lead generation,central,1.0,0.0,0,"full flight, 2 EDPs",2,baseline_vid,Existing VID,0.1893840039741681
lead_generation,Lead generation,central,1.0,0.0,0,"full flight, 2 EDPs",2,pair_aware_fixed_plus_shared_log,Pair-aware fixed + log,0.04912230966694309
lead_generation,Lead generation,central,1.0,0.0,0,"full flight, 2 EDPs",2,two_group_latent_mixture,Two-group mixture,0.007953075488701545
lead_generation,Lead generation,central,1.0,0.0,0,"full flight, 2 EDPs",2,pairwise_maxent_direct,Direct pair + higher-order inference,0.024355652477958283
lead_generation,Lead generation,central,1.0,0.0,0,"full flight, 2 EDPs",2,pairwise_maxent_mixture,Mixture pair + higher-order inference,0.015722574770059002
lead_generation,Lead generation,central,1.0,0.0,0,"full flight, 5 EDPs",5,baseline_vid,Existing VID,0.5230258449189651
lead_generation,Lead generation,central,1.0,0.0,0,"full flight, 5 EDPs",5,pair_aware_fixed_plus_shared_log,Pair-aware fixed + log,0.3238591536434196
lead_generation,Lead generation,central,1.0,0.0,0,"full flight, 5 EDPs",5,two_group_latent_mixture,Two-group mixture,0.2687244834619671
lead_generation,Lead generation,central,1.0,0.0,0,"full flight, 5 EDPs",5,pairwise_maxent_direct,Direct pair + higher-order inference,0.03884966432214928
lead_generation,Lead generation,central,1.0,0.0,0,"full flight, 5 EDPs",5,pairwise_maxent_mixture,Mixture pair + higher-order inference,0.03116587170649301
lead_generation,Lead generation,central,1.0,0.0,0,"full flight, 10 EDPs",10,baseline_vid,Existing VID,0.7764295607214433
lead_generation,Lead generation,central,1.0,0.0,0,"full flight, 10 EDPs",10,pair_aware_fixed_plus_shared_log,Pair-aware fixed + log,0.41859978116536656
lead_generation,Lead generation,central,1.0,0.0,0,"full flight, 10 EDPs",10,two_group_latent_mixture,Two-group mixture,0.33448447391055863
lead_generation,Lead generation,central,1.0,0.0,0,"full flight, 10 EDPs",10,pairwise_maxent_direct,Direct pair + higher-order inference,0.18188921043948103
lead_generation,Lead generation,central,1.0,0.0,0,"full flight, 10 EDPs",10,pairwise_maxent_mixture,Mixture pair + higher-order inference,0.059580806111024294
lead_generation,Lead generation,central,1.0,0.0,1,"full flight, 2 EDPs",2,baseline_vid,Existing VID,0.18409000989119703
lead_generation,Lead generation,central,1.0,0.0,1,"full flight, 2 EDPs",2,pair_aware_fixed_plus_shared_log,Pair-aware fixed + log,0.04650659137685681
lead_generation,Lead generation,central,1.0,0.0,1,"full flight, 2 EDPs",2,two_group_latent_mixture,Two-group mixture,0.005958419828270917
lead_generation,Lead generation,central,1.0,0.0,1,"full flight, 2 EDPs",2,pairwise_maxent_direct,Direct pair + higher-order inference,0.025999366505452155
lead_generation,Lead generation,central,1.0,0.0,1,"full flight, 2 EDPs",2,pairwise_maxent_mixture,Mixture pair + higher-order inference,0.01748802450875633
lead_generation,Lead generation,central,1.0,0.0,1,"full flight, 5 EDPs",5,baseline_vid,Existing VID,0.5245529430255015
lead_generation,Lead generation,central,1.0,0.0,1,"full flight, 5 EDPs",5,pair_aware_fixed_plus_shared_log,Pair-aware fixed + log,0.3075754992131861
lead_generation,Lead generation,central,1.0,0.0,1,"full flight, 5 EDPs",5,two_group_latent_mixture,Two-group mixture,0.25520696753981886
lead_generation,Lead generation,central,1.0,0.0,1,"full flight, 5 EDPs",5,pairwise_maxent_direct,Direct pair + higher-order inference,0.016819740709683353
lead_generation,Lead generation,central,1.0,0.0,1,"full flight, 5 EDPs",5,pairwise_maxent_mixture,Mixture pair + higher-order inference,0.008082577926662058
lead_generation,Lead generation,central,1.0,0.0,1,"full flight, 10 EDPs",10,baseline_vid,Existing VID,0.783225789176234
lead_generation,Lead generation,central,1.0,0.0,1,"full flight, 10 EDPs",10,pair_aware_fixed_plus_shared_log,Pair-aware fixed + log,0.4216092175715702
lead_generation,Lead generation,central,1.0,0.0,1,"full flight, 10 EDPs",10,two_group_latent_mixture,Two-group mixture,0.3348377368124567
lead_generation,Lead generation,central,1.0,0.0,1,"full flight, 10 EDPs",10,pairwise_maxent_direct,Direct pair + higher-order inference,0.1693071855458027
lead_generation,Lead generation,central,1.0,0.0,1,"full flight, 10 EDPs",10,pairwise_maxent_mixture,Mixture pair + higher-order inference,0.04159583305180897
lead_generation,Lead generation,weaker similarity,0.7,0.0,0,"full flight, 2 EDPs",2,baseline_vid,Existing VID,0.09978410656867266
lead_generation,Lead generation,weaker similarity,0.7,0.0,0,"full flight, 2 EDPs",2,pair_aware_fixed_plus_shared_log,Pair-aware fixed + log,0.03524335264160743
lead_generation,Lead generation,weaker similarity,0.7,0.0,0,"full flight, 2 EDPs",2,two_group_latent_mixture,Two-group mixture,0.011237596843528895
lead_generation,Lead generation,weaker similarity,0.7,0.0,0,"full flight, 2 EDPs",2,pairwise_maxent_direct,Direct pair + higher-order inference,0.010841588701019606
lead_generation,Lead generation,weaker similarity,0.7,0.0,0,"full flight, 2 EDPs",2,pairwise_maxent_mixture,Mixture pair + higher-order inference,0.005545110441649185
lead_generation,Lead generation,weaker similarity,0.7,0.0,0,"full flight, 5 EDPs",5,baseline_vid,Existing VID,0.29623825107482255
lead_generation,Lead generation,weaker similarity,0.7,0.0,0,"full flight, 5 EDPs",5,pair_aware_fixed_plus_shared_log,Pair-aware fixed + log,0.17320592162008736
lead_generation,Lead generation,weaker similarity,0.7,0.0,0,"full flight, 5 EDPs",5,two_group_latent_mixture,Two-group mixture,0.12253232360740224
lead_generation,Lead generation,weaker similarity,0.7,0.0,0,"full flight, 5 EDPs",5,pairwise_maxent_direct,Direct pair + higher-order inference,0.015708925770052493
lead_generation,Lead generation,weaker similarity,0.7,0.0,0,"full flight, 5 EDPs",5,pairwise_maxent_mixture,Mixture pair + higher-order inference,0.008084435306929854
lead_generation,Lead generation,weaker similarity,0.7,0.0,0,"full flight, 10 EDPs",10,baseline_vid,Existing VID,0.4348570285628328
lead_generation,Lead generation,weaker similarity,0.7,0.0,0,"full flight, 10 EDPs",10,pair_aware_fixed_plus_shared_log,Pair-aware fixed + log,0.21365527479322655
lead_generation,Lead generation,weaker similarity,0.7,0.0,0,"full flight, 10 EDPs",10,two_group_latent_mixture,Two-group mixture,0.15057924699153263
lead_generation,Lead generation,weaker similarity,0.7,0.0,0,"full flight, 10 EDPs",10,pairwise_maxent_direct,Direct pair + higher-order inference,0.08767542226221885
lead_generation,Lead generation,weaker similarity,0.7,0.0,0,"full flight, 10 EDPs",10,pairwise_maxent_mixture,Mixture pair + higher-order inference,0.01470684410737161
lead_generation,Lead generation,weaker similarity,0.7,0.0,1,"full flight, 2 EDPs",2,baseline_vid,Existing VID,0.09978410656867266
lead_generation,Lead generation,weaker similarity,0.7,0.0,1,"full flight, 2 EDPs",2,pair_aware_fixed_plus_shared_log,Pair-aware fixed + log,0.027273470574081436
lead_generation,Lead generation,weaker similarity,0.7,0.0,1,"full flight, 2 EDPs",2,two_group_latent_mixture,Two-group mixture,0.0015206497893045406
lead_generation,Lead generation,weaker similarity,0.7,0.0,1,"full flight, 2 EDPs",2,pairwise_maxent_direct,Direct pair + higher-order inference,0.02170237391445962
lead_generation,Lead generation,weaker similarity,0.7,0.0,1,"full flight, 2 EDPs",2,pairwise_maxent_mixture,Mixture pair + higher-order inference,0.016070598367317914
lead_generation,Lead generation,weaker similarity,0.7,0.0,1,"full flight, 5 EDPs",5,baseline_vid,Existing VID,0.2980826424394708
lead_generation,Lead generation,weaker similarity,0.7,0.0,1,"full flight, 5 EDPs",5,pair_aware_fixed_plus_shared_log,Pair-aware fixed + log,0.16077562469937667
lead_generation,Lead generation,weaker similarity,0.7,0.0,1,"full flight, 5 EDPs",5,two_group_latent_mixture,Two-group mixture,0.11784854613224688
lead_generation,Lead generation,weaker similarity,0.7,0.0,1,"full flight, 5 EDPs",5,pairwise_maxent_direct,Direct pair + higher-order inference,0.017260434101186543
lead_generation,Lead generation,weaker similarity,0.7,0.0,1,"full flight, 5 EDPs",5,pairwise_maxent_mixture,Mixture pair + higher-order inference,0.011128751241307607
lead_generation,Lead generation,weaker similarity,0.7,0.0,1,"full flight, 10 EDPs",10,baseline_vid,Existing VID,0.4304535485412755
lead_generation,Lead generation,weaker similarity,0.7,0.0,1,"full flight, 10 EDPs",10,pair_aware_fixed_plus_shared_log,Pair-aware fixed + log,0.21583191513271513
lead_generation,Lead generation,weaker similarity,0.7,0.0,1,"full flight, 10 EDPs",10,two_group_latent_mixture,Two-group mixture,0.15455520266362865
lead_generation,Lead generation,weaker similarity,0.7,0.0,1,"full flight, 10 EDPs",10,pairwise_maxent_direct,Direct pair + higher-order inference,0.10399369163829324
lead_generation,Lead generation,weaker similarity,0.7,0.0,1,"full flight, 10 EDPs",10,pairwise_maxent_mixture,Mixture pair + higher-order inference,0.009632305592116992
lead_generation,Lead generation,stronger similarity,1.4,0.0,0,"full flight, 2 EDPs",2,baseline_vid,Existing VID,0.2647807712625464
lead_generation,Lead generation,stronger similarity,1.4,0.0,0,"full flight, 2 EDPs",2,pair_aware_fixed_plus_shared_log,Pair-aware fixed + log,0.06691341203672273
lead_generation,Lead generation,stronger similarity,1.4,0.0,0,"full flight, 2 EDPs",2,two_group_latent_mixture,Two-group mixture,0.01280096896991913
lead_generation,Lead generation,stronger similarity,1.4,0.0,0,"full flight, 2 EDPs",2,pairwise_maxent_direct,Direct pair + higher-order inference,0.026115106660610964
lead_generation,Lead generation,stronger similarity,1.4,0.0,0,"full flight, 2 EDPs",2,pairwise_maxent_mixture,Mixture pair + higher-order inference,0.014971215337977734
lead_generation,Lead generation,stronger similarity,1.4,0.0,0,"full flight, 5 EDPs",5,baseline_vid,Existing VID,0.7790414998175899
lead_generation,Lead generation,stronger similarity,1.4,0.0,0,"full flight, 5 EDPs",5,pair_aware_fixed_plus_shared_log,Pair-aware fixed + log,0.47426871376346547
lead_generation,Lead generation,stronger similarity,1.4,0.0,0,"full flight, 5 EDPs",5,two_group_latent_mixture,Two-group mixture,0.3867125158663758
lead_generation,Lead generation,stronger similarity,1.4,0.0,0,"full flight, 5 EDPs",5,pairwise_maxent_direct,Direct pair + higher-order inference,0.0343393897285159
lead_generation,Lead generation,stronger similarity,1.4,0.0,0,"full flight, 5 EDPs",5,pairwise_maxent_mixture,Mixture pair + higher-order inference,0.01894264771240631
lead_generation,Lead generation,stronger similarity,1.4,0.0,0,"full flight, 10 EDPs",10,baseline_vid,Existing VID,1.1804250563587055
lead_generation,Lead generation,stronger similarity,1.4,0.0,0,"full flight, 10 EDPs",10,pair_aware_fixed_plus_shared_log,Pair-aware fixed + log,0.6669390043289316
lead_generation,Lead generation,stronger similarity,1.4,0.0,0,"full flight, 10 EDPs",10,two_group_latent_mixture,Two-group mixture,0.613814231151641
lead_generation,Lead generation,stronger similarity,1.4,0.0,0,"full flight, 10 EDPs",10,pairwise_maxent_direct,Direct pair + higher-order inference,0.16816097915660685
lead_generation,Lead generation,stronger similarity,1.4,0.0,0,"full flight, 10 EDPs",10,pairwise_maxent_mixture,Mixture pair + higher-order inference,0.11648107975919755
lead_generation,Lead generation,stronger similarity,1.4,0.0,1,"full flight, 2 EDPs",2,baseline_vid,Existing VID,0.2776040554962649
lead_generation,Lead generation,stronger similarity,1.4,0.0,1,"full flight, 2 EDPs",2,pair_aware_fixed_plus_shared_log,Pair-aware fixed + log,0.07624842229417526
lead_generation,Lead generation,stronger similarity,1.4,0.0,1,"full flight, 2 EDPs",2,two_group_latent_mixture,Two-group mixture,0.02127417923110431
lead_generation,Lead generation,stronger similarity,1.4,0.0,1,"full flight, 2 EDPs",2,pairwise_maxent_direct,Direct pair + higher-order inference,0.018166544497665117
lead_generation,Lead generation,stronger similarity,1.4,0.0,1,"full flight, 2 EDPs",2,pairwise_maxent_mixture,Mixture pair + higher-order inference,0.006850232563073983
lead_generation,Lead generation,stronger similarity,1.4,0.0,1,"full flight, 5 EDPs",5,baseline_vid,Existing VID,0.7965586473148092
lead_generation,Lead generation,stronger similarity,1.4,0.0,1,"full flight, 5 EDPs",5,pair_aware_fixed_plus_shared_log,Pair-aware fixed + log,0.4811411936759632
lead_generation,Lead generation,stronger similarity,1.4,0.0,1,"full flight, 5 EDPs",5,two_group_latent_mixture,Two-group mixture,0.38767635308332143
lead_generation,Lead generation,stronger similarity,1.4,0.0,1,"full flight, 5 EDPs",5,pairwise_maxent_direct,Direct pair + higher-order inference,0.015750763019722787
lead_generation,Lead generation,stronger similarity,1.4,0.0,1,"full flight, 5 EDPs",5,pairwise_maxent_mixture,Mixture pair + higher-order inference,0.002147918700079671
lead_generation,Lead generation,stronger similarity,1.4,0.0,1,"full flight, 10 EDPs",10,baseline_vid,Existing VID,1.2042201642855013
lead_generation,Lead generation,stronger similarity,1.4,0.0,1,"full flight, 10 EDPs",10,pair_aware_fixed_plus_shared_log,Pair-aware fixed + log,0.6738659145271585
lead_generation,Lead generation,stronger similarity,1.4,0.0,1,"full flight, 10 EDPs",10,two_group_latent_mixture,Two-group mixture,0.6117953057090969
lead_generation,Lead generation,stronger similarity,1.4,0.0,1,"full flight, 10 EDPs",10,pairwise_maxent_direct,Direct pair + higher-order inference,0.160594792982112
lead_generation,Lead generation,stronger similarity,1.4,0.0,1,"full flight, 10 EDPs",10,pairwise_maxent_mixture,Mixture pair + higher-order inference,0.0022139651366312662
lead_generation,Lead generation,lower matchability,1.0,-0.25,0,"full flight, 2 EDPs",2,baseline_vid,Existing VID,0.1417405817835004
lead_generation,Lead generation,lower matchability,1.0,-0.25,0,"full flight, 2 EDPs",2,pair_aware_fixed_plus_shared_log,Pair-aware fixed + log,0.07601517941313567
lead_generation,Lead generation,lower matchability,1.0,-0.25,0,"full flight, 2 EDPs",2,two_group_latent_mixture,Two-group mixture,0.05137472529776632
lead_generation,Lead generation,lower matchability,1.0,-0.25,0,"full flight, 2 EDPs",2,pairwise_maxent_direct,Direct pair + higher-order inference,0.02864411672680902
lead_generation,Lead generation,lower matchability,1.0,-0.25,0,"full flight, 2 EDPs",2,pairwise_maxent_mixture,Mixture pair + higher-order inference,0.03408860510190044
lead_generation,Lead generation,lower matchability,1.0,-0.25,0,"full flight, 5 EDPs",5,baseline_vid,Existing VID,0.434422140104497
lead_generation,Lead generation,lower matchability,1.0,-0.25,0,"full flight, 5 EDPs",5,pair_aware_fixed_plus_shared_log,Pair-aware fixed + log,0.30997439598934595
lead_generation,Lead generation,lower matchability,1.0,-0.25,0,"full flight, 5 EDPs",5,two_group_latent_mixture,Two-group mixture,0.26260162277215776
lead_generation,Lead generation,lower matchability,1.0,-0.25,0,"full flight, 5 EDPs",5,pairwise_maxent_direct,Direct pair + higher-order inference,0.15256804501417298
lead_generation,Lead generation,lower matchability,1.0,-0.25,0,"full flight, 5 EDPs",5,pairwise_maxent_mixture,Mixture pair + higher-order inference,0.14536183490804952
lead_generation,Lead generation,lower matchability,1.0,-0.25,0,"full flight, 10 EDPs",10,baseline_vid,Existing VID,0.662843367623722
lead_generation,Lead generation,lower matchability,1.0,-0.25,0,"full flight, 10 EDPs",10,pair_aware_fixed_plus_shared_log,Pair-aware fixed + log,0.45027935356670046
lead_generation,Lead generation,lower matchability,1.0,-0.25,0,"full flight, 10 EDPs",10,two_group_latent_mixture,Two-group mixture,0.3723189347428426
lead_generation,Lead generation,lower matchability,1.0,-0.25,0,"full flight, 10 EDPs",10,pairwise_maxent_direct,Direct pair + higher-order inference,0.3293387679783396
lead_generation,Lead generation,lower matchability,1.0,-0.25,0,"full flight, 10 EDPs",10,pairwise_maxent_mixture,Mixture pair + higher-order inference,0.2375515153989801
lead_generation,Lead generation,lower matchability,1.0,-0.25,1,"full flight, 2 EDPs",2,baseline_vid,Existing VID,0.16677875243664736
lead_generation,Lead generation,lower matchability,1.0,-0.25,1,"full flight, 2 EDPs",2,pair_aware_fixed_plus_shared_log,Pair-aware fixed + log,0.08657337465424302
lead_generation,Lead generation,lower matchability,1.0,-0.25,1,"full flight, 2 EDPs",2,two_group_latent_mixture,Two-group mixture,0.05853627710429549
lead_generation,Lead generation,lower matchability,1.0,-0.25,1,"full flight, 2 EDPs",2,pairwise_maxent_direct,Direct pair + higher-order inference,0.03344925433448125
lead_generation,Lead generation,lower matchability,1.0,-0.25,1,"full flight, 2 EDPs",2,pairwise_maxent_mixture,Mixture pair + higher-order inference,0.03956125813642658
lead_generation,Lead generation,lower matchability,1.0,-0.25,1,"full flight, 5 EDPs",5,baseline_vid,Existing VID,0.45177033912549347
lead_generation,Lead generation,lower matchability,1.0,-0.25,1,"full flight, 5 EDPs",5,pair_aware_fixed_plus_shared_log,Pair-aware fixed + log,0.3161899430869274
lead_generation,Lead generation,lower matchability,1.0,-0.25,1,"full flight, 5 EDPs",5,two_group_latent_mixture,Two-group mixture,0.2810100454267681
lead_generation,Lead generation,lower matchability,1.0,-0.25,1,"full flight, 5 EDPs",5,pairwise_maxent_direct,Direct pair + higher-order inference,0.14467823783195535
lead_generation,Lead generation,lower matchability,1.0,-0.25,1,"full flight, 5 EDPs",5,pairwise_maxent_mixture,Mixture pair + higher-order inference,0.13692534794564187
lead_generation,Lead generation,lower matchability,1.0,-0.25,1,"full flight, 10 EDPs",10,baseline_vid,Existing VID,0.6897382129450204
lead_generation,Lead generation,lower matchability,1.0,-0.25,1,"full flight, 10 EDPs",10,pair_aware_fixed_plus_shared_log,Pair-aware fixed + log,0.44932096946380506
lead_generation,Lead generation,lower matchability,1.0,-0.25,1,"full flight, 10 EDPs",10,two_group_latent_mixture,Two-group mixture,0.3735744580273572
lead_generation,Lead generation,lower matchability,1.0,-0.25,1,"full flight, 10 EDPs",10,pairwise_maxent_direct,Direct pair + higher-order inference,0.320450445026739
lead_generation,Lead generation,lower matchability,1.0,-0.25,1,"full flight, 10 EDPs",10,pairwise_maxent_mixture,Mixture pair + higher-order inference,0.2213608464769084
lead_generation,Lead generation,higher matchability,1.0,0.45,0,"full flight, 2 EDPs",2,baseline_vid,Existing VID,0.2776040554962649
lead_generation,Lead generation,higher matchability,1.0,0.45,0,"full flight, 2 EDPs",2,pair_aware_fixed_plus_shared_log,Pair-aware fixed + log,0.016838104076161105
lead_generation,Lead generation,higher matchability,1.0,0.45,0,"full flight, 2 EDPs",2,two_group_latent_mixture,Two-group mixture,0.0506486953895384
lead_generation,Lead generation,higher matchability,1.0,0.45,0,"full flight, 2 EDPs",2,pairwise_maxent_direct,Direct pair + higher-order inference,0.0950204027369682
lead_generation,Lead generation,higher matchability,1.0,0.45,0,"full flight, 2 EDPs",2,pairwise_maxent_mixture,Mixture pair + higher-order inference,0.08133176698762856
lead_generation,Lead generation,higher matchability,1.0,0.45,0,"full flight, 5 EDPs",5,baseline_vid,Existing VID,0.7909157461846488
lead_generation,Lead generation,higher matchability,1.0,0.45,0,"full flight, 5 EDPs",5,pair_aware_fixed_plus_shared_log,Pair-aware fixed + log,0.3264671765573437
lead_generation,Lead generation,higher matchability,1.0,0.45,0,"full flight, 5 EDPs",5,two_group_latent_mixture,Two-group mixture,0.2345594749125333
lead_generation,Lead generation,higher matchability,1.0,0.45,0,"full flight, 5 EDPs",5,pairwise_maxent_direct,Direct pair + higher-order inference,0.19763340822170425
lead_generation,Lead generation,higher matchability,1.0,0.45,0,"full flight, 5 EDPs",5,pairwise_maxent_mixture,Mixture pair + higher-order inference,0.20167022843132207
lead_generation,Lead generation,higher matchability,1.0,0.45,0,"full flight, 10 EDPs",10,baseline_vid,Existing VID,1.2082366004449137
lead_generation,Lead generation,higher matchability,1.0,0.45,0,"full flight, 10 EDPs",10,pair_aware_fixed_plus_shared_log,Pair-aware fixed + log,0.6456562866630006
lead_generation,Lead generation,higher matchability,1.0,0.45,0,"full flight, 10 EDPs",10,two_group_latent_mixture,Two-group mixture,0.6081129105254443
lead_generation,Lead generation,higher matchability,1.0,0.45,0,"full flight, 10 EDPs",10,pairwise_maxent_direct,Direct pair + higher-order inference,0.22992688997058366
lead_generation,Lead generation,higher matchability,1.0,0.45,0,"full flight, 10 EDPs",10,pairwise_maxent_mixture,Mixture pair + higher-order inference,0.25943113187090233
lead_generation,Lead generation,higher matchability,1.0,0.45,1,"full flight, 2 EDPs",2,baseline_vid,Existing VID,0.27624200426439255
lead_generation,Lead generation,higher matchability,1.0,0.45,1,"full flight, 2 EDPs",2,pair_aware_fixed_plus_shared_log,Pair-aware fixed + log,0.016544353796517863
lead_generation,Lead generation,higher matchability,1.0,0.45,1,"full flight, 2 EDPs",2,two_group_latent_mixture,Two-group mixture,0.05070447993540624
lead_generation,Lead generation,higher matchability,1.0,0.45,1,"full flight, 2 EDPs",2,pairwise_maxent_direct,Direct pair + higher-order inference,0.09496629280164631
lead_generation,Lead generation,higher matchability,1.0,0.45,1,"full flight, 2 EDPs",2,pairwise_maxent_mixture,Mixture pair + higher-order inference,0.08132369586253631
lead_generation,Lead generation,higher matchability,1.0,0.45,1,"full flight, 5 EDPs",5,baseline_vid,Existing VID,0.8122615834454908
lead_generation,Lead generation,higher matchability,1.0,0.45,1,"full flight, 5 EDPs",5,pair_aware_fixed_plus_shared_log,Pair-aware fixed + log,0.3653102732316482
lead_generation,Lead generation,higher matchability,1.0,0.45,1,"full flight, 5 EDPs",5,two_group_latent_mixture,Two-group mixture,0.27219577799352285
lead_generation,Lead generation,higher matchability,1.0,0.45,1,"full flight, 5 EDPs",5,pairwise_maxent_direct,Direct pair + higher-order inference,0.16222316916888913
lead_generation,Lead generation,higher matchability,1.0,0.45,1,"full flight, 5 EDPs",5,pairwise_maxent_mixture,Mixture pair + higher-order inference,0.17387111354073304
lead_generation,Lead generation,higher matchability,1.0,0.45,1,"full flight, 10 EDPs",10,baseline_vid,Existing VID,1.222002651859495
lead_generation,Lead generation,higher matchability,1.0,0.45,1,"full flight, 10 EDPs",10,pair_aware_fixed_plus_shared_log,Pair-aware fixed + log,0.6424307645560715
lead_generation,Lead generation,higher matchability,1.0,0.45,1,"full flight, 10 EDPs",10,two_group_latent_mixture,Two-group mixture,0.6213983838394623
lead_generation,Lead generation,higher matchability,1.0,0.45,1,"full flight, 10 EDPs",10,pairwise_maxent_direct,Direct pair + higher-order inference,0.19841052555443714
lead_generation,Lead generation,higher matchability,1.0,0.45,1,"full flight, 10 EDPs",10,pairwise_maxent_mixture,Mixture pair + higher-order inference,0.21068598308749292
sales_prospecting,Sales / purchase prospecting,central,1.0,0.0,0,"full flight, 2 EDPs",2,baseline_vid,Existing VID,0.17683718028696194
sales_prospecting,Sales / purchase prospecting,central,1.0,0.0,0,"full flight, 2 EDPs",2,pair_aware_fixed_plus_shared_log,Pair-aware fixed + log,0.049557181607156116
sales_prospecting,Sales / purchase prospecting,central,1.0,0.0,0,"full flight, 2 EDPs",2,two_group_latent_mixture,Two-group mixture,0.02070153078317447
sales_prospecting,Sales / purchase prospecting,central,1.0,0.0,0,"full flight, 2 EDPs",2,pairwise_maxent_direct,Direct pair + higher-order inference,0.010928920499860533
sales_prospecting,Sales / purchase prospecting,central,1.0,0.0,0,"full flight, 2 EDPs",2,pairwise_maxent_mixture,Mixture pair + higher-order inference,0.007372288868563739
sales_prospecting,Sales / purchase prospecting,central,1.0,0.0,0,"full flight, 5 EDPs",5,baseline_vid,Existing VID,0.4720471583686239
sales_prospecting,Sales / purchase prospecting,central,1.0,0.0,0,"full flight, 5 EDPs",5,pair_aware_fixed_plus_shared_log,Pair-aware fixed + log,0.32415663736079336
sales_prospecting,Sales / purchase prospecting,central,1.0,0.0,0,"full flight, 5 EDPs",5,two_group_latent_mixture,Two-group mixture,0.25552517453543244
sales_prospecting,Sales / purchase prospecting,central,1.0,0.0,0,"full flight, 5 EDPs",5,pairwise_maxent_direct,Direct pair + higher-order inference,0.007688452104957543
sales_prospecting,Sales / purchase prospecting,central,1.0,0.0,0,"full flight, 5 EDPs",5,pairwise_maxent_mixture,Mixture pair + higher-order inference,0.021131718765274123
sales_prospecting,Sales / purchase prospecting,central,1.0,0.0,0,"full flight, 10 EDPs",10,baseline_vid,Existing VID,0.6578937486847852
sales_prospecting,Sales / purchase prospecting,central,1.0,0.0,0,"full flight, 10 EDPs",10,pair_aware_fixed_plus_shared_log,Pair-aware fixed + log,0.33439509184281785
sales_prospecting,Sales / purchase prospecting,central,1.0,0.0,0,"full flight, 10 EDPs",10,two_group_latent_mixture,Two-group mixture,0.2755042193393882
sales_prospecting,Sales / purchase prospecting,central,1.0,0.0,0,"full flight, 10 EDPs",10,pairwise_maxent_direct,Direct pair + higher-order inference,0.11546757514078498
sales_prospecting,Sales / purchase prospecting,central,1.0,0.0,0,"full flight, 10 EDPs",10,pairwise_maxent_mixture,Mixture pair + higher-order inference,0.04299855287753937
sales_prospecting,Sales / purchase prospecting,central,1.0,0.0,1,"full flight, 2 EDPs",2,baseline_vid,Existing VID,0.18088888888888888
sales_prospecting,Sales / purchase prospecting,central,1.0,0.0,1,"full flight, 2 EDPs",2,pair_aware_fixed_plus_shared_log,Pair-aware fixed + log,0.04147513084004789
sales_prospecting,Sales / purchase prospecting,central,1.0,0.0,1,"full flight, 2 EDPs",2,two_group_latent_mixture,Two-group mixture,0.011008183880085023
sales_prospecting,Sales / purchase prospecting,central,1.0,0.0,1,"full flight, 2 EDPs",2,pairwise_maxent_direct,Direct pair + higher-order inference,0.022210841678704175
sales_prospecting,Sales / purchase prospecting,central,1.0,0.0,1,"full flight, 2 EDPs",2,pairwise_maxent_mixture,Mixture pair + higher-order inference,0.0029451222669294743
sales_prospecting,Sales / purchase prospecting,central,1.0,0.0,1,"full flight, 5 EDPs",5,baseline_vid,Existing VID,0.48028192654029883
sales_prospecting,Sales / purchase prospecting,central,1.0,0.0,1,"full flight, 5 EDPs",5,pair_aware_fixed_plus_shared_log,Pair-aware fixed + log,0.34188108254144256
sales_prospecting,Sales / purchase prospecting,central,1.0,0.0,1,"full flight, 5 EDPs",5,two_group_latent_mixture,Two-group mixture,0.2584261184496809
sales_prospecting,Sales / purchase prospecting,central,1.0,0.0,1,"full flight, 5 EDPs",5,pairwise_maxent_direct,Direct pair + higher-order inference,0.00528115961558535
sales_prospecting,Sales / purchase prospecting,central,1.0,0.0,1,"full flight, 5 EDPs",5,pairwise_maxent_mixture,Mixture pair + higher-order inference,0.018407766043260596
sales_prospecting,Sales / purchase prospecting,central,1.0,0.0,1,"full flight, 10 EDPs",10,baseline_vid,Existing VID,0.664622213573928
sales_prospecting,Sales / purchase prospecting,central,1.0,0.0,1,"full flight, 10 EDPs",10,pair_aware_fixed_plus_shared_log,Pair-aware fixed + log,0.33741245791281926
sales_prospecting,Sales / purchase prospecting,central,1.0,0.0,1,"full flight, 10 EDPs",10,two_group_latent_mixture,Two-group mixture,0.2750358670826956
sales_prospecting,Sales / purchase prospecting,central,1.0,0.0,1,"full flight, 10 EDPs",10,pairwise_maxent_direct,Direct pair + higher-order inference,0.10883761079297401
sales_prospecting,Sales / purchase prospecting,central,1.0,0.0,1,"full flight, 10 EDPs",10,pairwise_maxent_mixture,Mixture pair + higher-order inference,0.10113046802901814
sales_prospecting,Sales / purchase prospecting,weaker similarity,0.7,0.0,0,"full flight, 2 EDPs",2,baseline_vid,Existing VID,0.09360579710144927
sales_prospecting,Sales / purchase prospecting,weaker similarity,0.7,0.0,0,"full flight, 2 EDPs",2,pair_aware_fixed_plus_shared_log,Pair-aware fixed + log,0.03921559422755328
sales_prospecting,Sales / purchase prospecting,weaker similarity,0.7,0.0,0,"full flight, 2 EDPs",2,two_group_latent_mixture,Two-group mixture,0.020758815729601227
sales_prospecting,Sales / purchase prospecting,weaker similarity,0.7,0.0,0,"full flight, 2 EDPs",2,pairwise_maxent_direct,Direct pair + higher-order inference,0.0004204130687558133
sales_prospecting,Sales / purchase prospecting,weaker similarity,0.7,0.0,0,"full flight, 2 EDPs",2,pairwise_maxent_mixture,Mixture pair + higher-order inference,0.012436753983622876
sales_prospecting,Sales / purchase prospecting,weaker similarity,0.7,0.0,0,"full flight, 5 EDPs",5,baseline_vid,Existing VID,0.26320029209635204
sales_prospecting,Sales / purchase prospecting,weaker similarity,0.7,0.0,0,"full flight, 5 EDPs",5,pair_aware_fixed_plus_shared_log,Pair-aware fixed + log,0.23162628527289517
sales_prospecting,Sales / purchase prospecting,weaker similarity,0.7,0.0,0,"full flight, 5 EDPs",5,two_group_latent_mixture,Two-group mixture,0.1400571845862436
sales_prospecting,Sales / purchase prospecting,weaker similarity,0.7,0.0,0,"full flight, 5 EDPs",5,pairwise_maxent_direct,Direct pair + higher-order inference,0.003978026371025415
sales_prospecting,Sales / purchase prospecting,weaker similarity,0.7,0.0,0,"full flight, 5 EDPs",5,pairwise_maxent_mixture,Mixture pair + higher-order inference,0.002510814470368554
sales_prospecting,Sales / purchase prospecting,weaker similarity,0.7,0.0,0,"full flight, 10 EDPs",10,baseline_vid,Existing VID,0.3729302541409736
sales_prospecting,Sales / purchase prospecting,weaker similarity,0.7,0.0,0,"full flight, 10 EDPs",10,pair_aware_fixed_plus_shared_log,Pair-aware fixed + log,0.17049021643158183
sales_prospecting,Sales / purchase prospecting,weaker similarity,0.7,0.0,0,"full flight, 10 EDPs",10,two_group_latent_mixture,Two-group mixture,0.09621978031225646
sales_prospecting,Sales / purchase prospecting,weaker similarity,0.7,0.0,0,"full flight, 10 EDPs",10,pairwise_maxent_direct,Direct pair + higher-order inference,0.0659026258770513
sales_prospecting,Sales / purchase prospecting,weaker similarity,0.7,0.0,0,"full flight, 10 EDPs",10,pairwise_maxent_mixture,Mixture pair + higher-order inference,0.02123269178555189
sales_prospecting,Sales / purchase prospecting,weaker similarity,0.7,0.0,1,"full flight, 2 EDPs",2,baseline_vid,Existing VID,0.09551103368176539
sales_prospecting,Sales / purchase prospecting,weaker similarity,0.7,0.0,1,"full flight, 2 EDPs",2,pair_aware_fixed_plus_shared_log,Pair-aware fixed + log,0.030431551882741447
sales_prospecting,Sales / purchase prospecting,weaker similarity,0.7,0.0,1,"full flight, 2 EDPs",2,two_group_latent_mixture,Two-group mixture,0.010540247167775388
sales_prospecting,Sales / purchase prospecting,weaker similarity,0.7,0.0,1,"full flight, 2 EDPs",2,pairwise_maxent_direct,Direct pair + higher-order inference,0.011496031881958402
sales_prospecting,Sales / purchase prospecting,weaker similarity,0.7,0.0,1,"full flight, 2 EDPs",2,pairwise_maxent_mixture,Mixture pair + higher-order inference,0.00137970584781146
sales_prospecting,Sales / purchase prospecting,weaker similarity,0.7,0.0,1,"full flight, 5 EDPs",5,baseline_vid,Existing VID,0.26658623965318695
sales_prospecting,Sales / purchase prospecting,weaker similarity,0.7,0.0,1,"full flight, 5 EDPs",5,pair_aware_fixed_plus_shared_log,Pair-aware fixed + log,0.22157421010868353
sales_prospecting,Sales / purchase prospecting,weaker similarity,0.7,0.0,1,"full flight, 5 EDPs",5,two_group_latent_mixture,Two-group mixture,0.1376060916884273
sales_prospecting,Sales / purchase prospecting,weaker similarity,0.7,0.0,1,"full flight, 5 EDPs",5,pairwise_maxent_direct,Direct pair + higher-order inference,0.00804585818834981
sales_prospecting,Sales / purchase prospecting,weaker similarity,0.7,0.0,1,"full flight, 5 EDPs",5,pairwise_maxent_mixture,Mixture pair + higher-order inference,0.00033244335408950704
sales_prospecting,Sales / purchase prospecting,weaker similarity,0.7,0.0,1,"full flight, 10 EDPs",10,baseline_vid,Existing VID,0.37431031470804443
sales_prospecting,Sales / purchase prospecting,weaker similarity,0.7,0.0,1,"full flight, 10 EDPs",10,pair_aware_fixed_plus_shared_log,Pair-aware fixed + log,0.16986836123215526
sales_prospecting,Sales / purchase prospecting,weaker similarity,0.7,0.0,1,"full flight, 10 EDPs",10,two_group_latent_mixture,Two-group mixture,0.10214437795726224
sales_prospecting,Sales / purchase prospecting,weaker similarity,0.7,0.0,1,"full flight, 10 EDPs",10,pairwise_maxent_direct,Direct pair + higher-order inference,0.06378415153252633
sales_prospecting,Sales / purchase prospecting,weaker similarity,0.7,0.0,1,"full flight, 10 EDPs",10,pairwise_maxent_mixture,Mixture pair + higher-order inference,0.017630477159262616
sales_prospecting,Sales / purchase prospecting,stronger similarity,1.4,0.0,0,"full flight, 2 EDPs",2,baseline_vid,Existing VID,0.28287657259435567
sales_prospecting,Sales / purchase prospecting,stronger similarity,1.4,0.0,0,"full flight, 2 EDPs",2,pair_aware_fixed_plus_shared_log,Pair-aware fixed + log,0.05701524189559427
sales_prospecting,Sales / purchase prospecting,stronger similarity,1.4,0.0,0,"full flight, 2 EDPs",2,two_group_latent_mixture,Two-group mixture,0.014358314881032216
sales_prospecting,Sales / purchase prospecting,stronger similarity,1.4,0.0,0,"full flight, 2 EDPs",2,pairwise_maxent_direct,Direct pair + higher-order inference,0.03055100361713085
sales_prospecting,Sales / purchase prospecting,stronger similarity,1.4,0.0,0,"full flight, 2 EDPs",2,pairwise_maxent_mixture,Mixture pair + higher-order inference,0.003926235248046094
sales_prospecting,Sales / purchase prospecting,stronger similarity,1.4,0.0,0,"full flight, 5 EDPs",5,baseline_vid,Existing VID,0.7505636225743836
sales_prospecting,Sales / purchase prospecting,stronger similarity,1.4,0.0,0,"full flight, 5 EDPs",5,pair_aware_fixed_plus_shared_log,Pair-aware fixed + log,0.4340153963297832
sales_prospecting,Sales / purchase prospecting,stronger similarity,1.4,0.0,0,"full flight, 5 EDPs",5,two_group_latent_mixture,Two-group mixture,0.34417360722850626
sales_prospecting,Sales / purchase prospecting,stronger similarity,1.4,0.0,0,"full flight, 5 EDPs",5,pairwise_maxent_direct,Direct pair + higher-order inference,0.0013963901746116103
sales_prospecting,Sales / purchase prospecting,stronger similarity,1.4,0.0,0,"full flight, 5 EDPs",5,pairwise_maxent_mixture,Mixture pair + higher-order inference,0.025525740514299754
sales_prospecting,Sales / purchase prospecting,stronger similarity,1.4,0.0,0,"full flight, 10 EDPs",10,baseline_vid,Existing VID,1.0451902938150879
sales_prospecting,Sales / purchase prospecting,stronger similarity,1.4,0.0,0,"full flight, 10 EDPs",10,pair_aware_fixed_plus_shared_log,Pair-aware fixed + log,0.580527770244072
sales_prospecting,Sales / purchase prospecting,stronger similarity,1.4,0.0,0,"full flight, 10 EDPs",10,two_group_latent_mixture,Two-group mixture,0.5377358313056023
sales_prospecting,Sales / purchase prospecting,stronger similarity,1.4,0.0,0,"full flight, 10 EDPs",10,pairwise_maxent_direct,Direct pair + higher-order inference,0.1788330651309801
sales_prospecting,Sales / purchase prospecting,stronger similarity,1.4,0.0,0,"full flight, 10 EDPs",10,pairwise_maxent_mixture,Mixture pair + higher-order inference,0.11132053084708611
sales_prospecting,Sales / purchase prospecting,stronger similarity,1.4,0.0,1,"full flight, 2 EDPs",2,baseline_vid,Existing VID,0.27077803974402154
sales_prospecting,Sales / purchase prospecting,stronger similarity,1.4,0.0,1,"full flight, 2 EDPs",2,pair_aware_fixed_plus_shared_log,Pair-aware fixed + log,0.06640698346122874
sales_prospecting,Sales / purchase prospecting,stronger similarity,1.4,0.0,1,"full flight, 2 EDPs",2,two_group_latent_mixture,Two-group mixture,0.026631611247401862
sales_prospecting,Sales / purchase prospecting,stronger similarity,1.4,0.0,1,"full flight, 2 EDPs",2,pairwise_maxent_direct,Direct pair + higher-order inference,0.015635942342554672
sales_prospecting,Sales / purchase prospecting,stronger similarity,1.4,0.0,1,"full flight, 2 EDPs",2,pairwise_maxent_mixture,Mixture pair + higher-order inference,0.009261139725864375
sales_prospecting,Sales / purchase prospecting,stronger similarity,1.4,0.0,1,"full flight, 5 EDPs",5,baseline_vid,Existing VID,0.7404314469109696
sales_prospecting,Sales / purchase prospecting,stronger similarity,1.4,0.0,1,"full flight, 5 EDPs",5,pair_aware_fixed_plus_shared_log,Pair-aware fixed + log,0.41432761563814235
sales_prospecting,Sales / purchase prospecting,stronger similarity,1.4,0.0,1,"full flight, 5 EDPs",5,two_group_latent_mixture,Two-group mixture,0.34678774868891143
sales_prospecting,Sales / purchase prospecting,stronger similarity,1.4,0.0,1,"full flight, 5 EDPs",5,pairwise_maxent_direct,Direct pair + higher-order inference,0.010253818649167655
sales_prospecting,Sales / purchase prospecting,stronger similarity,1.4,0.0,1,"full flight, 5 EDPs",5,pairwise_maxent_mixture,Mixture pair + higher-order inference,0.03341755767029011
sales_prospecting,Sales / purchase prospecting,stronger similarity,1.4,0.0,1,"full flight, 10 EDPs",10,baseline_vid,Existing VID,1.0380765884452963
sales_prospecting,Sales / purchase prospecting,stronger similarity,1.4,0.0,1,"full flight, 10 EDPs",10,pair_aware_fixed_plus_shared_log,Pair-aware fixed + log,0.5794273750176526
sales_prospecting,Sales / purchase prospecting,stronger similarity,1.4,0.0,1,"full flight, 10 EDPs",10,two_group_latent_mixture,Two-group mixture,0.545928624675233
sales_prospecting,Sales / purchase prospecting,stronger similarity,1.4,0.0,1,"full flight, 10 EDPs",10,pairwise_maxent_direct,Direct pair + higher-order inference,0.1368326912089975
sales_prospecting,Sales / purchase prospecting,stronger similarity,1.4,0.0,1,"full flight, 10 EDPs",10,pairwise_maxent_mixture,Mixture pair + higher-order inference,0.06806692977283645
sales_prospecting,Sales / purchase prospecting,lower matchability,1.0,-0.25,0,"full flight, 2 EDPs",2,baseline_vid,Existing VID,0.15451040391676868
sales_prospecting,Sales / purchase prospecting,lower matchability,1.0,-0.25,0,"full flight, 2 EDPs",2,pair_aware_fixed_plus_shared_log,Pair-aware fixed + log,0.08547842410865446
sales_prospecting,Sales / purchase prospecting,lower matchability,1.0,-0.25,0,"full flight, 2 EDPs",2,two_group_latent_mixture,Two-group mixture,0.06445680316826842
sales_prospecting,Sales / purchase prospecting,lower matchability,1.0,-0.25,0,"full flight, 2 EDPs",2,pairwise_maxent_direct,Direct pair + higher-order inference,0.041165378752727896
sales_prospecting,Sales / purchase prospecting,lower matchability,1.0,-0.25,0,"full flight, 2 EDPs",2,pairwise_maxent_mixture,Mixture pair + higher-order inference,0.05476984440377495
sales_prospecting,Sales / purchase prospecting,lower matchability,1.0,-0.25,0,"full flight, 5 EDPs",5,baseline_vid,Existing VID,0.4393777044622706
sales_prospecting,Sales / purchase prospecting,lower matchability,1.0,-0.25,0,"full flight, 5 EDPs",5,pair_aware_fixed_plus_shared_log,Pair-aware fixed + log,0.4120096789781677
sales_prospecting,Sales / purchase prospecting,lower matchability,1.0,-0.25,0,"full flight, 5 EDPs",5,two_group_latent_mixture,Two-group mixture,0.32760623466412936
sales_prospecting,Sales / purchase prospecting,lower matchability,1.0,-0.25,0,"full flight, 5 EDPs",5,pairwise_maxent_direct,Direct pair + higher-order inference,0.13749891560991967
sales_prospecting,Sales / purchase prospecting,lower matchability,1.0,-0.25,0,"full flight, 5 EDPs",5,pairwise_maxent_mixture,Mixture pair + higher-order inference,0.14659422093370267
sales_prospecting,Sales / purchase prospecting,lower matchability,1.0,-0.25,0,"full flight, 10 EDPs",10,baseline_vid,Existing VID,0.6160871293326078
sales_prospecting,Sales / purchase prospecting,lower matchability,1.0,-0.25,0,"full flight, 10 EDPs",10,pair_aware_fixed_plus_shared_log,Pair-aware fixed + log,0.42128614620985866
sales_prospecting,Sales / purchase prospecting,lower matchability,1.0,-0.25,0,"full flight, 10 EDPs",10,two_group_latent_mixture,Two-group mixture,0.31636186269898986
sales_prospecting,Sales / purchase prospecting,lower matchability,1.0,-0.25,0,"full flight, 10 EDPs",10,pairwise_maxent_direct,Direct pair + higher-order inference,0.30341440313560575
sales_prospecting,Sales / purchase prospecting,lower matchability,1.0,-0.25,0,"full flight, 10 EDPs",10,pairwise_maxent_mixture,Mixture pair + higher-order inference,0.2314460739908822
sales_prospecting,Sales / purchase prospecting,lower matchability,1.0,-0.25,1,"full flight, 2 EDPs",2,baseline_vid,Existing VID,0.17208449829139486
sales_prospecting,Sales / purchase prospecting,lower matchability,1.0,-0.25,1,"full flight, 2 EDPs",2,pair_aware_fixed_plus_shared_log,Pair-aware fixed + log,0.08967680596723324
sales_prospecting,Sales / purchase prospecting,lower matchability,1.0,-0.25,1,"full flight, 2 EDPs",2,two_group_latent_mixture,Two-group mixture,0.06671391405894793
sales_prospecting,Sales / purchase prospecting,lower matchability,1.0,-0.25,1,"full flight, 2 EDPs",2,pairwise_maxent_direct,Direct pair + higher-order inference,0.04123374348673929
sales_prospecting,Sales / purchase prospecting,lower matchability,1.0,-0.25,1,"full flight, 2 EDPs",2,pairwise_maxent_mixture,Mixture pair + higher-order inference,0.0560139866447807
sales_prospecting,Sales / purchase prospecting,lower matchability,1.0,-0.25,1,"full flight, 5 EDPs",5,baseline_vid,Existing VID,0.4297341538164244
sales_prospecting,Sales / purchase prospecting,lower matchability,1.0,-0.25,1,"full flight, 5 EDPs",5,pair_aware_fixed_plus_shared_log,Pair-aware fixed + log,0.3990731821453902
sales_prospecting,Sales / purchase prospecting,lower matchability,1.0,-0.25,1,"full flight, 5 EDPs",5,two_group_latent_mixture,Two-group mixture,0.3167444211215398
sales_prospecting,Sales / purchase prospecting,lower matchability,1.0,-0.25,1,"full flight, 5 EDPs",5,pairwise_maxent_direct,Direct pair + higher-order inference,0.13548113649535995
sales_prospecting,Sales / purchase prospecting,lower matchability,1.0,-0.25,1,"full flight, 5 EDPs",5,pairwise_maxent_mixture,Mixture pair + higher-order inference,0.14493238416596255
sales_prospecting,Sales / purchase prospecting,lower matchability,1.0,-0.25,1,"full flight, 10 EDPs",10,baseline_vid,Existing VID,0.6119587872847941
sales_prospecting,Sales / purchase prospecting,lower matchability,1.0,-0.25,1,"full flight, 10 EDPs",10,pair_aware_fixed_plus_shared_log,Pair-aware fixed + log,0.41573654286116685
sales_prospecting,Sales / purchase prospecting,lower matchability,1.0,-0.25,1,"full flight, 10 EDPs",10,two_group_latent_mixture,Two-group mixture,0.3153823527904584
sales_prospecting,Sales / purchase prospecting,lower matchability,1.0,-0.25,1,"full flight, 10 EDPs",10,pairwise_maxent_direct,Direct pair + higher-order inference,0.31423870832045975
sales_prospecting,Sales / purchase prospecting,lower matchability,1.0,-0.25,1,"full flight, 10 EDPs",10,pairwise_maxent_mixture,Mixture pair + higher-order inference,0.23789213366183098
sales_prospecting,Sales / purchase prospecting,higher matchability,1.0,0.4,0,"full flight, 2 EDPs",2,baseline_vid,Existing VID,0.23540929927963328
sales_prospecting,Sales / purchase prospecting,higher matchability,1.0,0.4,0,"full flight, 2 EDPs",2,pair_aware_fixed_plus_shared_log,Pair-aware fixed + log,0.00396392688220068
sales_prospecting,Sales / purchase prospecting,higher matchability,1.0,0.4,0,"full flight, 2 EDPs",2,two_group_latent_mixture,Two-group mixture,0.03889731094595228
sales_prospecting,Sales / purchase prospecting,higher matchability,1.0,0.4,0,"full flight, 2 EDPs",2,pairwise_maxent_direct,Direct pair + higher-order inference,0.08371633274911927
sales_prospecting,Sales / purchase prospecting,higher matchability,1.0,0.4,0,"full flight, 2 EDPs",2,pairwise_maxent_mixture,Mixture pair + higher-order inference,0.05701517579660707
sales_prospecting,Sales / purchase prospecting,higher matchability,1.0,0.4,0,"full flight, 5 EDPs",5,baseline_vid,Existing VID,0.6579899573204501
sales_prospecting,Sales / purchase prospecting,higher matchability,1.0,0.4,0,"full flight, 5 EDPs",5,pair_aware_fixed_plus_shared_log,Pair-aware fixed + log,0.2817788965042925
sales_prospecting,Sales / purchase prospecting,higher matchability,1.0,0.4,0,"full flight, 5 EDPs",5,two_group_latent_mixture,Two-group mixture,0.20876215884783775
sales_prospecting,Sales / purchase prospecting,higher matchability,1.0,0.4,0,"full flight, 5 EDPs",5,pairwise_maxent_direct,Direct pair + higher-order inference,0.1737484272766748
sales_prospecting,Sales / purchase prospecting,higher matchability,1.0,0.4,0,"full flight, 5 EDPs",5,pairwise_maxent_mixture,Mixture pair + higher-order inference,0.14488753093219453
sales_prospecting,Sales / purchase prospecting,higher matchability,1.0,0.4,0,"full flight, 10 EDPs",10,baseline_vid,Existing VID,0.9324518889263409
sales_prospecting,Sales / purchase prospecting,higher matchability,1.0,0.4,0,"full flight, 10 EDPs",10,pair_aware_fixed_plus_shared_log,Pair-aware fixed + log,0.4723228985304741
sales_prospecting,Sales / purchase prospecting,higher matchability,1.0,0.4,0,"full flight, 10 EDPs",10,two_group_latent_mixture,Two-group mixture,0.4648390273919268
sales_prospecting,Sales / purchase prospecting,higher matchability,1.0,0.4,0,"full flight, 10 EDPs",10,pairwise_maxent_direct,Direct pair + higher-order inference,0.1789649880671733
sales_prospecting,Sales / purchase prospecting,higher matchability,1.0,0.4,0,"full flight, 10 EDPs",10,pairwise_maxent_mixture,Mixture pair + higher-order inference,0.15209048908575964
sales_prospecting,Sales / purchase prospecting,higher matchability,1.0,0.4,1,"full flight, 2 EDPs",2,baseline_vid,Existing VID,0.2530521421454666
sales_prospecting,Sales / purchase prospecting,higher matchability,1.0,0.4,1,"full flight, 2 EDPs",2,pair_aware_fixed_plus_shared_log,Pair-aware fixed + log,0.004689049932646696
sales_prospecting,Sales / purchase prospecting,higher matchability,1.0,0.4,1,"full flight, 2 EDPs",2,two_group_latent_mixture,Two-group mixture,0.040523031239357056
sales_prospecting,Sales / purchase prospecting,higher matchability,1.0,0.4,1,"full flight, 2 EDPs",2,pairwise_maxent_direct,Direct pair + higher-order inference,0.08749795251858963
sales_prospecting,Sales / purchase prospecting,higher matchability,1.0,0.4,1,"full flight, 2 EDPs",2,pairwise_maxent_mixture,Mixture pair + higher-order inference,0.059380239197695445
sales_prospecting,Sales / purchase prospecting,higher matchability,1.0,0.4,1,"full flight, 5 EDPs",5,baseline_vid,Existing VID,0.6722396182276531
sales_prospecting,Sales / purchase prospecting,higher matchability,1.0,0.4,1,"full flight, 5 EDPs",5,pair_aware_fixed_plus_shared_log,Pair-aware fixed + log,0.272249199504574
sales_prospecting,Sales / purchase prospecting,higher matchability,1.0,0.4,1,"full flight, 5 EDPs",5,two_group_latent_mixture,Two-group mixture,0.19277384191937405
sales_prospecting,Sales / purchase prospecting,higher matchability,1.0,0.4,1,"full flight, 5 EDPs",5,pairwise_maxent_direct,Direct pair + higher-order inference,0.18573545050009016
sales_prospecting,Sales / purchase prospecting,higher matchability,1.0,0.4,1,"full flight, 5 EDPs",5,pairwise_maxent_mixture,Mixture pair + higher-order inference,0.15980476207993735
sales_prospecting,Sales / purchase prospecting,higher matchability,1.0,0.4,1,"full flight, 10 EDPs",10,baseline_vid,Existing VID,0.9425191258565753
sales_prospecting,Sales / purchase prospecting,higher matchability,1.0,0.4,1,"full flight, 10 EDPs",10,pair_aware_fixed_plus_shared_log,Pair-aware fixed + log,0.47004394451660436
sales_prospecting,Sales / purchase prospecting,higher matchability,1.0,0.4,1,"full flight, 10 EDPs",10,two_group_latent_mixture,Two-group mixture,0.46946492819619134
sales_prospecting,Sales / purchase prospecting,higher matchability,1.0,0.4,1,"full flight, 10 EDPs",10,pairwise_maxent_direct,Direct pair + higher-order inference,0.1901113191611174
sales_prospecting,Sales / purchase prospecting,higher matchability,1.0,0.4,1,"full flight, 10 EDPs",10,pairwise_maxent_mixture,Mixture pair + higher-order inference,0.1763346648348629
website_retargeting,Website retargeting,central,1.0,0.0,0,"full flight, 2 EDPs",2,baseline_vid,Existing VID,0.4973220338983054
website_retargeting,Website retargeting,central,1.0,0.0,0,"full flight, 2 EDPs",2,pair_aware_fixed_plus_shared_log,Pair-aware fixed + log,0.15911898697880997
website_retargeting,Website retargeting,central,1.0,0.0,0,"full flight, 2 EDPs",2,two_group_latent_mixture,Two-group mixture,0.05844867266488909
website_retargeting,Website retargeting,central,1.0,0.0,0,"full flight, 2 EDPs",2,pairwise_maxent_direct,Direct pair + higher-order inference,0.0028762975169554102
website_retargeting,Website retargeting,central,1.0,0.0,0,"full flight, 2 EDPs",2,pairwise_maxent_mixture,Mixture pair + higher-order inference,0.008984988636308807
website_retargeting,Website retargeting,central,1.0,0.0,0,"full flight, 5 EDPs",5,baseline_vid,Existing VID,1.4475507208508966
website_retargeting,Website retargeting,central,1.0,0.0,0,"full flight, 5 EDPs",5,pair_aware_fixed_plus_shared_log,Pair-aware fixed + log,0.8324305576085385
website_retargeting,Website retargeting,central,1.0,0.0,0,"full flight, 5 EDPs",5,two_group_latent_mixture,Two-group mixture,0.701000027503601
website_retargeting,Website retargeting,central,1.0,0.0,0,"full flight, 5 EDPs",5,pairwise_maxent_direct,Direct pair + higher-order inference,0.11028178191952046
website_retargeting,Website retargeting,central,1.0,0.0,0,"full flight, 5 EDPs",5,pairwise_maxent_mixture,Mixture pair + higher-order inference,0.06496528203710653
website_retargeting,Website retargeting,central,1.0,0.0,0,"full flight, 10 EDPs",10,baseline_vid,Existing VID,2.239011035889988
website_retargeting,Website retargeting,central,1.0,0.0,0,"full flight, 10 EDPs",10,pair_aware_fixed_plus_shared_log,Pair-aware fixed + log,1.4130143784176283
website_retargeting,Website retargeting,central,1.0,0.0,0,"full flight, 10 EDPs",10,two_group_latent_mixture,Two-group mixture,1.328274757776183
website_retargeting,Website retargeting,central,1.0,0.0,0,"full flight, 10 EDPs",10,pairwise_maxent_direct,Direct pair + higher-order inference,0.30714375365803004
website_retargeting,Website retargeting,central,1.0,0.0,0,"full flight, 10 EDPs",10,pairwise_maxent_mixture,Mixture pair + higher-order inference,0.01879798825898332
website_retargeting,Website retargeting,central,1.0,0.0,1,"full flight, 2 EDPs",2,baseline_vid,Existing VID,0.471140716069942
website_retargeting,Website retargeting,central,1.0,0.0,1,"full flight, 2 EDPs",2,pair_aware_fixed_plus_shared_log,Pair-aware fixed + log,0.15919290125579585
website_retargeting,Website retargeting,central,1.0,0.0,1,"full flight, 2 EDPs",2,two_group_latent_mixture,Two-group mixture,0.06557273001430385
website_retargeting,Website retargeting,central,1.0,0.0,1,"full flight, 2 EDPs",2,pairwise_maxent_direct,Direct pair + higher-order inference,0.012119504453207084
website_retargeting,Website retargeting,central,1.0,0.0,1,"full flight, 2 EDPs",2,pairwise_maxent_mixture,Mixture pair + higher-order inference,0.017826067619096428
website_retargeting,Website retargeting,central,1.0,0.0,1,"full flight, 5 EDPs",5,baseline_vid,Existing VID,1.454450088633422
website_retargeting,Website retargeting,central,1.0,0.0,1,"full flight, 5 EDPs",5,pair_aware_fixed_plus_shared_log,Pair-aware fixed + log,0.8353093428398235
website_retargeting,Website retargeting,central,1.0,0.0,1,"full flight, 5 EDPs",5,two_group_latent_mixture,Two-group mixture,0.7090871511787618
website_retargeting,Website retargeting,central,1.0,0.0,1,"full flight, 5 EDPs",5,pairwise_maxent_direct,Direct pair + higher-order inference,0.1251485656551812
website_retargeting,Website retargeting,central,1.0,0.0,1,"full flight, 5 EDPs",5,pairwise_maxent_mixture,Mixture pair + higher-order inference,0.07326964311029413
website_retargeting,Website retargeting,central,1.0,0.0,1,"full flight, 10 EDPs",10,baseline_vid,Existing VID,2.247860792818649
website_retargeting,Website retargeting,central,1.0,0.0,1,"full flight, 10 EDPs",10,pair_aware_fixed_plus_shared_log,Pair-aware fixed + log,1.4195898613916873
website_retargeting,Website retargeting,central,1.0,0.0,1,"full flight, 10 EDPs",10,two_group_latent_mixture,Two-group mixture,1.3428895554122602
website_retargeting,Website retargeting,central,1.0,0.0,1,"full flight, 10 EDPs",10,pairwise_maxent_direct,Direct pair + higher-order inference,0.4306070432836994
website_retargeting,Website retargeting,central,1.0,0.0,1,"full flight, 10 EDPs",10,pairwise_maxent_mixture,Mixture pair + higher-order inference,0.06383662251212374
website_retargeting,Website retargeting,weaker similarity,0.75,0.0,0,"full flight, 2 EDPs",2,baseline_vid,Existing VID,0.3934069400630918
website_retargeting,Website retargeting,weaker similarity,0.75,0.0,0,"full flight, 2 EDPs",2,pair_aware_fixed_plus_shared_log,Pair-aware fixed + log,0.12783171198132803
website_retargeting,Website retargeting,weaker similarity,0.75,0.0,0,"full flight, 2 EDPs",2,two_group_latent_mixture,Two-group mixture,0.046943118116166735
website_retargeting,Website retargeting,weaker similarity,0.75,0.0,0,"full flight, 2 EDPs",2,pairwise_maxent_direct,Direct pair + higher-order inference,0.0019166159893247983
website_retargeting,Website retargeting,weaker similarity,0.75,0.0,0,"full flight, 2 EDPs",2,pairwise_maxent_mixture,Mixture pair + higher-order inference,0.003053404609531117
website_retargeting,Website retargeting,weaker similarity,0.75,0.0,0,"full flight, 5 EDPs",5,baseline_vid,Existing VID,1.1767904223567662
website_retargeting,Website retargeting,weaker similarity,0.75,0.0,0,"full flight, 5 EDPs",5,pair_aware_fixed_plus_shared_log,Pair-aware fixed + log,0.6992728759377775
website_retargeting,Website retargeting,weaker similarity,0.75,0.0,0,"full flight, 5 EDPs",5,two_group_latent_mixture,Two-group mixture,0.593639083971587
website_retargeting,Website retargeting,weaker similarity,0.75,0.0,0,"full flight, 5 EDPs",5,pairwise_maxent_direct,Direct pair + higher-order inference,0.1083341643638406
website_retargeting,Website retargeting,weaker similarity,0.75,0.0,0,"full flight, 5 EDPs",5,pairwise_maxent_mixture,Mixture pair + higher-order inference,0.0677395134645179
website_retargeting,Website retargeting,weaker similarity,0.75,0.0,0,"full flight, 10 EDPs",10,baseline_vid,Existing VID,1.8218802377961438
website_retargeting,Website retargeting,weaker similarity,0.75,0.0,0,"full flight, 10 EDPs",10,pair_aware_fixed_plus_shared_log,Pair-aware fixed + log,1.1242235191668362
website_retargeting,Website retargeting,weaker similarity,0.75,0.0,0,"full flight, 10 EDPs",10,two_group_latent_mixture,Two-group mixture,1.0550059997012264
website_retargeting,Website retargeting,weaker similarity,0.75,0.0,0,"full flight, 10 EDPs",10,pairwise_maxent_direct,Direct pair + higher-order inference,0.3467854337495265
website_retargeting,Website retargeting,weaker similarity,0.75,0.0,0,"full flight, 10 EDPs",10,pairwise_maxent_mixture,Mixture pair + higher-order inference,0.05429529285331066
website_retargeting,Website retargeting,weaker similarity,0.75,0.0,1,"full flight, 2 EDPs",2,baseline_vid,Existing VID,0.36964341085271346
website_retargeting,Website retargeting,weaker similarity,0.75,0.0,1,"full flight, 2 EDPs",2,pair_aware_fixed_plus_shared_log,Pair-aware fixed + log,0.11491274040863379
website_retargeting,Website retargeting,weaker similarity,0.75,0.0,1,"full flight, 2 EDPs",2,two_group_latent_mixture,Two-group mixture,0.037050645875588865
website_retargeting,Website retargeting,weaker similarity,0.75,0.0,1,"full flight, 2 EDPs",2,pairwise_maxent_direct,Direct pair + higher-order inference,0.010586994007851264
website_retargeting,Website retargeting,weaker similarity,0.75,0.0,1,"full flight, 2 EDPs",2,pairwise_maxent_mixture,Mixture pair + higher-order inference,0.005793745350958996
website_retargeting,Website retargeting,weaker similarity,0.75,0.0,1,"full flight, 5 EDPs",5,baseline_vid,Existing VID,1.1301924622451534
website_retargeting,Website retargeting,weaker similarity,0.75,0.0,1,"full flight, 5 EDPs",5,pair_aware_fixed_plus_shared_log,Pair-aware fixed + log,0.6623207422299104
website_retargeting,Website retargeting,weaker similarity,0.75,0.0,1,"full flight, 5 EDPs",5,two_group_latent_mixture,Two-group mixture,0.5689195809784915
website_retargeting,Website retargeting,weaker similarity,0.75,0.0,1,"full flight, 5 EDPs",5,pairwise_maxent_direct,Direct pair + higher-order inference,0.10311543100363527
website_retargeting,Website retargeting,weaker similarity,0.75,0.0,1,"full flight, 5 EDPs",5,pairwise_maxent_mixture,Mixture pair + higher-order inference,0.06566801249268404
website_retargeting,Website retargeting,weaker similarity,0.75,0.0,1,"full flight, 10 EDPs",10,baseline_vid,Existing VID,1.7855115411168732
website_retargeting,Website retargeting,weaker similarity,0.75,0.0,1,"full flight, 10 EDPs",10,pair_aware_fixed_plus_shared_log,Pair-aware fixed + log,1.118571437064907
website_retargeting,Website retargeting,weaker similarity,0.75,0.0,1,"full flight, 10 EDPs",10,two_group_latent_mixture,Two-group mixture,1.0289505938774524
website_retargeting,Website retargeting,weaker similarity,0.75,0.0,1,"full flight, 10 EDPs",10,pairwise_maxent_direct,Direct pair + higher-order inference,0.3163484853144934
website_retargeting,Website retargeting,weaker similarity,0.75,0.0,1,"full flight, 10 EDPs",10,pairwise_maxent_mixture,Mixture pair + higher-order inference,0.036765828921933516
website_retargeting,Website retargeting,stronger similarity,1.3,0.0,0,"full flight, 2 EDPs",2,baseline_vid,Existing VID,0.5350477845351871
website_retargeting,Website retargeting,stronger similarity,1.3,0.0,0,"full flight, 2 EDPs",2,pair_aware_fixed_plus_shared_log,Pair-aware fixed + log,0.1718036957828689
website_retargeting,Website retargeting,stronger similarity,1.3,0.0,0,"full flight, 2 EDPs",2,two_group_latent_mixture,Two-group mixture,0.06430481909322645
website_retargeting,Website retargeting,stronger similarity,1.3,0.0,0,"full flight, 2 EDPs",2,pairwise_maxent_direct,Direct pair + higher-order inference,0.006427584342781509
website_retargeting,Website retargeting,stronger similarity,1.3,0.0,0,"full flight, 2 EDPs",2,pairwise_maxent_mixture,Mixture pair + higher-order inference,0.012929652456557306
website_retargeting,Website retargeting,stronger similarity,1.3,0.0,0,"full flight, 5 EDPs",5,baseline_vid,Existing VID,1.718863915511964
website_retargeting,Website retargeting,stronger similarity,1.3,0.0,0,"full flight, 5 EDPs",5,pair_aware_fixed_plus_shared_log,Pair-aware fixed + log,0.9547428679140353
website_retargeting,Website retargeting,stronger similarity,1.3,0.0,0,"full flight, 5 EDPs",5,two_group_latent_mixture,Two-group mixture,0.8048555110408379
website_retargeting,Website retargeting,stronger similarity,1.3,0.0,0,"full flight, 5 EDPs",5,pairwise_maxent_direct,Direct pair + higher-order inference,0.10147151123104642
website_retargeting,Website retargeting,stronger similarity,1.3,0.0,0,"full flight, 5 EDPs",5,pairwise_maxent_mixture,Mixture pair + higher-order inference,0.04120662630457928
website_retargeting,Website retargeting,stronger similarity,1.3,0.0,0,"full flight, 10 EDPs",10,baseline_vid,Existing VID,2.677392266578888
website_retargeting,Website retargeting,stronger similarity,1.3,0.0,0,"full flight, 10 EDPs",10,pair_aware_fixed_plus_shared_log,Pair-aware fixed + log,1.7265029423850387
website_retargeting,Website retargeting,stronger similarity,1.3,0.0,0,"full flight, 10 EDPs",10,two_group_latent_mixture,Two-group mixture,1.645067685683204
website_retargeting,Website retargeting,stronger similarity,1.3,0.0,0,"full flight, 10 EDPs",10,pairwise_maxent_direct,Direct pair + higher-order inference,0.35642456182577725
website_retargeting,Website retargeting,stronger similarity,1.3,0.0,0,"full flight, 10 EDPs",10,pairwise_maxent_mixture,Mixture pair + higher-order inference,0.03218492313963401
website_retargeting,Website retargeting,stronger similarity,1.3,0.0,1,"full flight, 2 EDPs",2,baseline_vid,Existing VID,0.5649601417183351
website_retargeting,Website retargeting,stronger similarity,1.3,0.0,1,"full flight, 2 EDPs",2,pair_aware_fixed_plus_shared_log,Pair-aware fixed + log,0.16087979726959928
website_retargeting,Website retargeting,stronger similarity,1.3,0.0,1,"full flight, 2 EDPs",2,two_group_latent_mixture,Two-group mixture,0.04252430506580113
website_retargeting,Website retargeting,stronger similarity,1.3,0.0,1,"full flight, 2 EDPs",2,pairwise_maxent_direct,Direct pair + higher-order inference,0.018266637181145517
website_retargeting,Website retargeting,stronger similarity,1.3,0.0,1,"full flight, 2 EDPs",2,pairwise_maxent_mixture,Mixture pair + higher-order inference,0.011149405144261933
website_retargeting,Website retargeting,stronger similarity,1.3,0.0,1,"full flight, 5 EDPs",5,baseline_vid,Existing VID,1.708292904953986
website_retargeting,Website retargeting,stronger similarity,1.3,0.0,1,"full flight, 5 EDPs",5,pair_aware_fixed_plus_shared_log,Pair-aware fixed + log,0.9179258200735769
website_retargeting,Website retargeting,stronger similarity,1.3,0.0,1,"full flight, 5 EDPs",5,two_group_latent_mixture,Two-group mixture,0.7741389224775773
website_retargeting,Website retargeting,stronger similarity,1.3,0.0,1,"full flight, 5 EDPs",5,pairwise_maxent_direct,Direct pair + higher-order inference,0.04300000654337218
website_retargeting,Website retargeting,stronger similarity,1.3,0.0,1,"full flight, 5 EDPs",5,pairwise_maxent_mixture,Mixture pair + higher-order inference,0.0015793434193528736
website_retargeting,Website retargeting,stronger similarity,1.3,0.0,1,"full flight, 10 EDPs",10,baseline_vid,Existing VID,2.6575909236050017
website_retargeting,Website retargeting,stronger similarity,1.3,0.0,1,"full flight, 10 EDPs",10,pair_aware_fixed_plus_shared_log,Pair-aware fixed + log,1.6824559698145756
website_retargeting,Website retargeting,stronger similarity,1.3,0.0,1,"full flight, 10 EDPs",10,two_group_latent_mixture,Two-group mixture,1.6252699446985688
website_retargeting,Website retargeting,stronger similarity,1.3,0.0,1,"full flight, 10 EDPs",10,pairwise_maxent_direct,Direct pair + higher-order inference,0.3150301790973418
website_retargeting,Website retargeting,stronger similarity,1.3,0.0,1,"full flight, 10 EDPs",10,pairwise_maxent_mixture,Mixture pair + higher-order inference,0.00024004457764212903
website_retargeting,Website retargeting,lower matchability,1.0,-0.5,0,"full flight, 2 EDPs",2,baseline_vid,Existing VID,0.4662572614107887
website_retargeting,Website retargeting,lower matchability,1.0,-0.5,0,"full flight, 2 EDPs",2,pair_aware_fixed_plus_shared_log,Pair-aware fixed + log,0.2825202401889014
website_retargeting,Website retargeting,lower matchability,1.0,-0.5,0,"full flight, 2 EDPs",2,two_group_latent_mixture,Two-group mixture,0.2224778685551647
website_retargeting,Website retargeting,lower matchability,1.0,-0.5,0,"full flight, 2 EDPs",2,pairwise_maxent_direct,Direct pair + higher-order inference,0.17773300286006877
website_retargeting,Website retargeting,lower matchability,1.0,-0.5,0,"full flight, 2 EDPs",2,pairwise_maxent_mixture,Mixture pair + higher-order inference,0.1815570364610214
website_retargeting,Website retargeting,lower matchability,1.0,-0.5,0,"full flight, 5 EDPs",5,baseline_vid,Existing VID,1.4220199414261654
website_retargeting,Website retargeting,lower matchability,1.0,-0.5,0,"full flight, 5 EDPs",5,pair_aware_fixed_plus_shared_log,Pair-aware fixed + log,1.1147628288616038
website_retargeting,Website retargeting,lower matchability,1.0,-0.5,0,"full flight, 5 EDPs",5,two_group_latent_mixture,Two-group mixture,1.0183324401462464
website_retargeting,Website retargeting,lower matchability,1.0,-0.5,0,"full flight, 5 EDPs",5,pairwise_maxent_direct,Direct pair + higher-order inference,0.633565312245114
website_retargeting,Website retargeting,lower matchability,1.0,-0.5,0,"full flight, 5 EDPs",5,pairwise_maxent_mixture,Mixture pair + higher-order inference,0.6030519815745861
website_retargeting,Website retargeting,lower matchability,1.0,-0.5,0,"full flight, 10 EDPs",10,baseline_vid,Existing VID,2.2192743403429267
website_retargeting,Website retargeting,lower matchability,1.0,-0.5,0,"full flight, 10 EDPs",10,pair_aware_fixed_plus_shared_log,Pair-aware fixed + log,1.6834673738409487
website_retargeting,Website retargeting,lower matchability,1.0,-0.5,0,"full flight, 10 EDPs",10,two_group_latent_mixture,Two-group mixture,1.527181958091487
website_retargeting,Website retargeting,lower matchability,1.0,-0.5,0,"full flight, 10 EDPs",10,pairwise_maxent_direct,Direct pair + higher-order inference,1.2589440946294141
website_retargeting,Website retargeting,lower matchability,1.0,-0.5,0,"full flight, 10 EDPs",10,pairwise_maxent_mixture,Mixture pair + higher-order inference,1.0376750764227802
website_retargeting,Website retargeting,lower matchability,1.0,-0.5,1,"full flight, 2 EDPs",2,baseline_vid,Existing VID,0.4662572614107887
website_retargeting,Website retargeting,lower matchability,1.0,-0.5,1,"full flight, 2 EDPs",2,pair_aware_fixed_plus_shared_log,Pair-aware fixed + log,0.2604155524669161
website_retargeting,Website retargeting,lower matchability,1.0,-0.5,1,"full flight, 2 EDPs",2,two_group_latent_mixture,Two-group mixture,0.19455662020368075
website_retargeting,Website retargeting,lower matchability,1.0,-0.5,1,"full flight, 2 EDPs",2,pairwise_maxent_direct,Direct pair + higher-order inference,0.14808955648065356
website_retargeting,Website retargeting,lower matchability,1.0,-0.5,1,"full flight, 2 EDPs",2,pairwise_maxent_mixture,Mixture pair + higher-order inference,0.1522405625428253
website_retargeting,Website retargeting,lower matchability,1.0,-0.5,1,"full flight, 5 EDPs",5,baseline_vid,Existing VID,1.4475507208508966
website_retargeting,Website retargeting,lower matchability,1.0,-0.5,1,"full flight, 5 EDPs",5,pair_aware_fixed_plus_shared_log,Pair-aware fixed + log,1.1358338606075897
website_retargeting,Website retargeting,lower matchability,1.0,-0.5,1,"full flight, 5 EDPs",5,two_group_latent_mixture,Two-group mixture,1.0354308924392222
website_retargeting,Website retargeting,lower matchability,1.0,-0.5,1,"full flight, 5 EDPs",5,pairwise_maxent_direct,Direct pair + higher-order inference,0.6293887493795375
website_retargeting,Website retargeting,lower matchability,1.0,-0.5,1,"full flight, 5 EDPs",5,pairwise_maxent_mixture,Mixture pair + higher-order inference,0.5949219123437184
website_retargeting,Website retargeting,lower matchability,1.0,-0.5,1,"full flight, 10 EDPs",10,baseline_vid,Existing VID,2.263464791136927
website_retargeting,Website retargeting,lower matchability,1.0,-0.5,1,"full flight, 10 EDPs",10,pair_aware_fixed_plus_shared_log,Pair-aware fixed + log,1.6908075800072364
website_retargeting,Website retargeting,lower matchability,1.0,-0.5,1,"full flight, 10 EDPs",10,two_group_latent_mixture,Two-group mixture,1.5301063259393375
website_retargeting,Website retargeting,lower matchability,1.0,-0.5,1,"full flight, 10 EDPs",10,pairwise_maxent_direct,Direct pair + higher-order inference,1.243905378445174
website_retargeting,Website retargeting,lower matchability,1.0,-0.5,1,"full flight, 10 EDPs",10,pairwise_maxent_mixture,Mixture pair + higher-order inference,0.9272842975231141
website_retargeting,Website retargeting,higher matchability,1.0,0.5,0,"full flight, 2 EDPs",2,baseline_vid,Existing VID,0.5166008583690991
website_retargeting,Website retargeting,higher matchability,1.0,0.5,0,"full flight, 2 EDPs",2,pair_aware_fixed_plus_shared_log,Pair-aware fixed + log,0.06999238087150417
website_retargeting,Website retargeting,higher matchability,1.0,0.5,0,"full flight, 2 EDPs",2,two_group_latent_mixture,Two-group mixture,0.05896330504590606
website_retargeting,Website retargeting,higher matchability,1.0,0.5,0,"full flight, 2 EDPs",2,pairwise_maxent_direct,Direct pair + higher-order inference,0.12063545500252508
website_retargeting,Website retargeting,higher matchability,1.0,0.5,0,"full flight, 2 EDPs",2,pairwise_maxent_mixture,Mixture pair + higher-order inference,0.11294459676267507
website_retargeting,Website retargeting,higher matchability,1.0,0.5,0,"full flight, 5 EDPs",5,baseline_vid,Existing VID,1.6445441729467167
website_retargeting,Website retargeting,higher matchability,1.0,0.5,0,"full flight, 5 EDPs",5,pair_aware_fixed_plus_shared_log,Pair-aware fixed + log,0.7598124087225128
website_retargeting,Website retargeting,higher matchability,1.0,0.5,0,"full flight, 5 EDPs",5,two_group_latent_mixture,Two-group mixture,0.5811736786986289
website_retargeting,Website retargeting,higher matchability,1.0,0.5,0,"full flight, 5 EDPs",5,pairwise_maxent_direct,Direct pair + higher-order inference,0.22188264735914828
website_retargeting,Website retargeting,higher matchability,1.0,0.5,0,"full flight, 5 EDPs",5,pairwise_maxent_mixture,Mixture pair + higher-order inference,0.21509017420130058
website_retargeting,Website retargeting,higher matchability,1.0,0.5,0,"full flight, 10 EDPs",10,baseline_vid,Existing VID,2.569720871386263
website_retargeting,Website retargeting,higher matchability,1.0,0.5,0,"full flight, 10 EDPs",10,pair_aware_fixed_plus_shared_log,Pair-aware fixed + log,1.5991568618432024
website_retargeting,Website retargeting,higher matchability,1.0,0.5,0,"full flight, 10 EDPs",10,two_group_latent_mixture,Two-group mixture,1.5489711787888887
website_retargeting,Website retargeting,higher matchability,1.0,0.5,0,"full flight, 10 EDPs",10,pairwise_maxent_direct,Direct pair + higher-order inference,0.2294339289105858
website_retargeting,Website retargeting,higher matchability,1.0,0.5,0,"full flight, 10 EDPs",10,pairwise_maxent_mixture,Mixture pair + higher-order inference,0.22239205488643465
website_retargeting,Website retargeting,higher matchability,1.0,0.5,1,"full flight, 2 EDPs",2,baseline_vid,Existing VID,0.5444405594405598
website_retargeting,Website retargeting,higher matchability,1.0,0.5,1,"full flight, 2 EDPs",2,pair_aware_fixed_plus_shared_log,Pair-aware fixed + log,0.05259658667927256
website_retargeting,Website retargeting,higher matchability,1.0,0.5,1,"full flight, 2 EDPs",2,two_group_latent_mixture,Two-group mixture,0.08831235265485109
website_retargeting,Website retargeting,higher matchability,1.0,0.5,1,"full flight, 2 EDPs",2,pairwise_maxent_direct,Direct pair + higher-order inference,0.15287791549275415
website_retargeting,Website retargeting,higher matchability,1.0,0.5,1,"full flight, 2 EDPs",2,pairwise_maxent_mixture,Mixture pair + higher-order inference,0.1445185740331201
website_retargeting,Website retargeting,higher matchability,1.0,0.5,1,"full flight, 5 EDPs",5,baseline_vid,Existing VID,1.679126673669866
website_retargeting,Website retargeting,higher matchability,1.0,0.5,1,"full flight, 5 EDPs",5,pair_aware_fixed_plus_shared_log,Pair-aware fixed + log,0.742584283068085
website_retargeting,Website retargeting,higher matchability,1.0,0.5,1,"full flight, 5 EDPs",5,two_group_latent_mixture,Two-group mixture,0.6016604304978125
website_retargeting,Website retargeting,higher matchability,1.0,0.5,1,"full flight, 5 EDPs",5,pairwise_maxent_direct,Direct pair + higher-order inference,0.2540980191891698
website_retargeting,Website retargeting,higher matchability,1.0,0.5,1,"full flight, 5 EDPs",5,pairwise_maxent_mixture,Mixture pair + higher-order inference,0.24685378260207863
website_retargeting,Website retargeting,higher matchability,1.0,0.5,1,"full flight, 10 EDPs",10,baseline_vid,Existing VID,2.5831712137803335
website_retargeting,Website retargeting,higher matchability,1.0,0.5,1,"full flight, 10 EDPs",10,pair_aware_fixed_plus_shared_log,Pair-aware fixed + log,1.6119257192388434
website_retargeting,Website retargeting,higher matchability,1.0,0.5,1,"full flight, 10 EDPs",10,two_group_latent_mixture,Two-group mixture,1.5512669204050558
website_retargeting,Website retargeting,higher matchability,1.0,0.5,1,"full flight, 10 EDPs",10,pairwise_maxent_direct,Direct pair + higher-order inference,0.26645721066590194
website_retargeting,Website retargeting,higher matchability,1.0,0.5,1,"full flight, 10 EDPs",10,pairwise_maxent_mixture,Mixture pair + higher-order inference,0.2607045925276546
crm_customer_list,Customer-list retargeting,central,1.0,0.0,0,"full flight, 2 EDPs",2,baseline_vid,Existing VID,0.6304124293785308
crm_customer_list,Customer-list retargeting,central,1.0,0.0,0,"full flight, 2 EDPs",2,pair_aware_fixed_plus_shared_log,Pair-aware fixed + log,0.014529680776397387
crm_customer_list,Customer-list retargeting,central,1.0,0.0,0,"full flight, 2 EDPs",2,two_group_latent_mixture,Two-group mixture,0.057389221024818006
crm_customer_list,Customer-list retargeting,central,1.0,0.0,0,"full flight, 2 EDPs",2,pairwise_maxent_direct,Direct pair + higher-order inference,0.11831455895081583
crm_customer_list,Customer-list retargeting,central,1.0,0.0,0,"full flight, 2 EDPs",2,pairwise_maxent_mixture,Mixture pair + higher-order inference,0.11831455895081583
crm_customer_list,Customer-list retargeting,central,1.0,0.0,0,"full flight, 5 EDPs",5,baseline_vid,Existing VID,2.0722299631613277
crm_customer_list,Customer-list retargeting,central,1.0,0.0,0,"full flight, 5 EDPs",5,pair_aware_fixed_plus_shared_log,Pair-aware fixed + log,0.7999633809291297
crm_customer_list,Customer-list retargeting,central,1.0,0.0,0,"full flight, 5 EDPs",5,two_group_latent_mixture,Two-group mixture,0.803407236390117
crm_customer_list,Customer-list retargeting,central,1.0,0.0,0,"full flight, 5 EDPs",5,pairwise_maxent_direct,Direct pair + higher-order inference,0.1649661369248619
crm_customer_list,Customer-list retargeting,central,1.0,0.0,0,"full flight, 5 EDPs",5,pairwise_maxent_mixture,Mixture pair + higher-order inference,0.1649661369248619
crm_customer_list,Customer-list retargeting,central,1.0,0.0,0,"full flight, 10 EDPs",10,baseline_vid,Existing VID,3.167378104696296
crm_customer_list,Customer-list retargeting,central,1.0,0.0,0,"full flight, 10 EDPs",10,pair_aware_fixed_plus_shared_log,Pair-aware fixed + log,1.947475004528536
crm_customer_list,Customer-list retargeting,central,1.0,0.0,0,"full flight, 10 EDPs",10,two_group_latent_mixture,Two-group mixture,1.9410269526731279
crm_customer_list,Customer-list retargeting,central,1.0,0.0,0,"full flight, 10 EDPs",10,pairwise_maxent_direct,Direct pair + higher-order inference,0.16624826390120997
crm_customer_list,Customer-list retargeting,central,1.0,0.0,0,"full flight, 10 EDPs",10,pairwise_maxent_mixture,Mixture pair + higher-order inference,0.16622721253299413
crm_customer_list,Customer-list retargeting,central,1.0,0.0,1,"full flight, 2 EDPs",2,baseline_vid,Existing VID,0.641541524459613
crm_customer_list,Customer-list retargeting,central,1.0,0.0,1,"full flight, 2 EDPs",2,pair_aware_fixed_plus_shared_log,Pair-aware fixed + log,0.013889209407749369
crm_customer_list,Customer-list retargeting,central,1.0,0.0,1,"full flight, 2 EDPs",2,two_group_latent_mixture,Two-group mixture,0.05133423548851743
crm_customer_list,Customer-list retargeting,central,1.0,0.0,1,"full flight, 2 EDPs",2,pairwise_maxent_direct,Direct pair + higher-order inference,0.11229743776298017
crm_customer_list,Customer-list retargeting,central,1.0,0.0,1,"full flight, 2 EDPs",2,pairwise_maxent_mixture,Mixture pair + higher-order inference,0.11229743776298017
crm_customer_list,Customer-list retargeting,central,1.0,0.0,1,"full flight, 5 EDPs",5,baseline_vid,Existing VID,2.105443260060369
crm_customer_list,Customer-list retargeting,central,1.0,0.0,1,"full flight, 5 EDPs",5,pair_aware_fixed_plus_shared_log,Pair-aware fixed + log,0.8072718829705908
crm_customer_list,Customer-list retargeting,central,1.0,0.0,1,"full flight, 5 EDPs",5,two_group_latent_mixture,Two-group mixture,0.797523960264359
crm_customer_list,Customer-list retargeting,central,1.0,0.0,1,"full flight, 5 EDPs",5,pairwise_maxent_direct,Direct pair + higher-order inference,0.15593671712106305
crm_customer_list,Customer-list retargeting,central,1.0,0.0,1,"full flight, 5 EDPs",5,pairwise_maxent_mixture,Mixture pair + higher-order inference,0.15593671712106305
crm_customer_list,Customer-list retargeting,central,1.0,0.0,1,"full flight, 10 EDPs",10,baseline_vid,Existing VID,3.207750981921556
crm_customer_list,Customer-list retargeting,central,1.0,0.0,1,"full flight, 10 EDPs",10,pair_aware_fixed_plus_shared_log,Pair-aware fixed + log,1.9770269085642982
crm_customer_list,Customer-list retargeting,central,1.0,0.0,1,"full flight, 10 EDPs",10,two_group_latent_mixture,Two-group mixture,1.9827313927562056
crm_customer_list,Customer-list retargeting,central,1.0,0.0,1,"full flight, 10 EDPs",10,pairwise_maxent_direct,Direct pair + higher-order inference,0.15836842678571672
crm_customer_list,Customer-list retargeting,central,1.0,0.0,1,"full flight, 10 EDPs",10,pairwise_maxent_mixture,Mixture pair + higher-order inference,0.15817248812193538
crm_customer_list,Customer-list retargeting,weaker similarity,0.8,0.0,0,"full flight, 2 EDPs",2,baseline_vid,Existing VID,0.6068095768374163
crm_customer_list,Customer-list retargeting,weaker similarity,0.8,0.0,0,"full flight, 2 EDPs",2,pair_aware_fixed_plus_shared_log,Pair-aware fixed + log,0.0005495456477398995
crm_customer_list,Customer-list retargeting,weaker similarity,0.8,0.0,0,"full flight, 2 EDPs",2,two_group_latent_mixture,Two-group mixture,0.0691929397052125
crm_customer_list,Customer-list retargeting,weaker similarity,0.8,0.0,0,"full flight, 2 EDPs",2,pairwise_maxent_direct,Direct pair + higher-order inference,0.13107248279748357
crm_customer_list,Customer-list retargeting,weaker similarity,0.8,0.0,0,"full flight, 2 EDPs",2,pairwise_maxent_mixture,Mixture pair + higher-order inference,0.13107248279748357
crm_customer_list,Customer-list retargeting,weaker similarity,0.8,0.0,0,"full flight, 5 EDPs",5,baseline_vid,Existing VID,1.9074241048136047
crm_customer_list,Customer-list retargeting,weaker similarity,0.8,0.0,0,"full flight, 5 EDPs",5,pair_aware_fixed_plus_shared_log,Pair-aware fixed + log,0.7336309678534008
crm_customer_list,Customer-list retargeting,weaker similarity,0.8,0.0,0,"full flight, 5 EDPs",5,two_group_latent_mixture,Two-group mixture,0.713401246346467
crm_customer_list,Customer-list retargeting,weaker similarity,0.8,0.0,0,"full flight, 5 EDPs",5,pairwise_maxent_direct,Direct pair + higher-order inference,0.20973159478874615
crm_customer_list,Customer-list retargeting,weaker similarity,0.8,0.0,0,"full flight, 5 EDPs",5,pairwise_maxent_mixture,Mixture pair + higher-order inference,0.20973159478874615
crm_customer_list,Customer-list retargeting,weaker similarity,0.8,0.0,0,"full flight, 10 EDPs",10,baseline_vid,Existing VID,2.9405248610938766
crm_customer_list,Customer-list retargeting,weaker similarity,0.8,0.0,0,"full flight, 10 EDPs",10,pair_aware_fixed_plus_shared_log,Pair-aware fixed + log,1.8153748855789793
crm_customer_list,Customer-list retargeting,weaker similarity,0.8,0.0,0,"full flight, 10 EDPs",10,two_group_latent_mixture,Two-group mixture,1.7849096268215292
crm_customer_list,Customer-list retargeting,weaker similarity,0.8,0.0,0,"full flight, 10 EDPs",10,pairwise_maxent_direct,Direct pair + higher-order inference,0.21161275275284275
crm_customer_list,Customer-list retargeting,weaker similarity,0.8,0.0,0,"full flight, 10 EDPs",10,pairwise_maxent_mixture,Mixture pair + higher-order inference,0.21159468382904156
crm_customer_list,Customer-list retargeting,weaker similarity,0.8,0.0,1,"full flight, 2 EDPs",2,baseline_vid,Existing VID,0.5996840354767182
crm_customer_list,Customer-list retargeting,weaker similarity,0.8,0.0,1,"full flight, 2 EDPs",2,pair_aware_fixed_plus_shared_log,Pair-aware fixed + log,0.003936960904754517
crm_customer_list,Customer-list retargeting,weaker similarity,0.8,0.0,1,"full flight, 2 EDPs",2,two_group_latent_mixture,Two-group mixture,0.07270914511228778
crm_customer_list,Customer-list retargeting,weaker similarity,0.8,0.0,1,"full flight, 2 EDPs",2,pairwise_maxent_direct,Direct pair + higher-order inference,0.13492385472201654
crm_customer_list,Customer-list retargeting,weaker similarity,0.8,0.0,1,"full flight, 2 EDPs",2,pairwise_maxent_mixture,Mixture pair + higher-order inference,0.13492385472201654
crm_customer_list,Customer-list retargeting,weaker similarity,0.8,0.0,1,"full flight, 5 EDPs",5,baseline_vid,Existing VID,1.8725350155558416
crm_customer_list,Customer-list retargeting,weaker similarity,0.8,0.0,1,"full flight, 5 EDPs",5,pair_aware_fixed_plus_shared_log,Pair-aware fixed + log,0.7140951130172983
crm_customer_list,Customer-list retargeting,weaker similarity,0.8,0.0,1,"full flight, 5 EDPs",5,two_group_latent_mixture,Two-group mixture,0.7484585492657483
crm_customer_list,Customer-list retargeting,weaker similarity,0.8,0.0,1,"full flight, 5 EDPs",5,pairwise_maxent_direct,Direct pair + higher-order inference,0.21920347182551622
crm_customer_list,Customer-list retargeting,weaker similarity,0.8,0.0,1,"full flight, 5 EDPs",5,pairwise_maxent_mixture,Mixture pair + higher-order inference,0.21920347182551622
crm_customer_list,Customer-list retargeting,weaker similarity,0.8,0.0,1,"full flight, 10 EDPs",10,baseline_vid,Existing VID,2.8856865429474405
crm_customer_list,Customer-list retargeting,weaker similarity,0.8,0.0,1,"full flight, 10 EDPs",10,pair_aware_fixed_plus_shared_log,Pair-aware fixed + log,1.7620230343572603
crm_customer_list,Customer-list retargeting,weaker similarity,0.8,0.0,1,"full flight, 10 EDPs",10,two_group_latent_mixture,Two-group mixture,1.7431013985981805
crm_customer_list,Customer-list retargeting,weaker similarity,0.8,0.0,1,"full flight, 10 EDPs",10,pairwise_maxent_direct,Direct pair + higher-order inference,0.22255462842911156
crm_customer_list,Customer-list retargeting,weaker similarity,0.8,0.0,1,"full flight, 10 EDPs",10,pairwise_maxent_mixture,Mixture pair + higher-order inference,0.22250895786082323
crm_customer_list,Customer-list retargeting,stronger similarity,1.2,0.0,0,"full flight, 2 EDPs",2,baseline_vid,Existing VID,0.6935622065727697
crm_customer_list,Customer-list retargeting,stronger similarity,1.2,0.0,0,"full flight, 2 EDPs",2,pair_aware_fixed_plus_shared_log,Pair-aware fixed + log,7.429231415751954e-05
crm_customer_list,Customer-list retargeting,stronger similarity,1.2,0.0,0,"full flight, 2 EDPs",2,two_group_latent_mixture,Two-group mixture,0.02231722713050568
crm_customer_list,Customer-list retargeting,stronger similarity,1.2,0.0,0,"full flight, 2 EDPs",2,pairwise_maxent_direct,Direct pair + higher-order inference,0.0841693506504221
crm_customer_list,Customer-list retargeting,stronger similarity,1.2,0.0,0,"full flight, 2 EDPs",2,pairwise_maxent_mixture,Mixture pair + higher-order inference,0.0841693506504221
crm_customer_list,Customer-list retargeting,stronger similarity,1.2,0.0,0,"full flight, 5 EDPs",5,baseline_vid,Existing VID,2.2311979927512278
crm_customer_list,Customer-list retargeting,stronger similarity,1.2,0.0,0,"full flight, 5 EDPs",5,pair_aware_fixed_plus_shared_log,Pair-aware fixed + log,0.8871163691333613
crm_customer_list,Customer-list retargeting,stronger similarity,1.2,0.0,0,"full flight, 5 EDPs",5,two_group_latent_mixture,Two-group mixture,0.8788460053813806
crm_customer_list,Customer-list retargeting,stronger similarity,1.2,0.0,0,"full flight, 5 EDPs",5,pairwise_maxent_direct,Direct pair + higher-order inference,0.12176513372660354
crm_customer_list,Customer-list retargeting,stronger similarity,1.2,0.0,0,"full flight, 5 EDPs",5,pairwise_maxent_mixture,Mixture pair + higher-order inference,0.12176513372660354
crm_customer_list,Customer-list retargeting,stronger similarity,1.2,0.0,0,"full flight, 10 EDPs",10,baseline_vid,Existing VID,3.392135575511377
crm_customer_list,Customer-list retargeting,stronger similarity,1.2,0.0,0,"full flight, 10 EDPs",10,pair_aware_fixed_plus_shared_log,Pair-aware fixed + log,2.1144376659241653
crm_customer_list,Customer-list retargeting,stronger similarity,1.2,0.0,0,"full flight, 10 EDPs",10,two_group_latent_mixture,Two-group mixture,2.1128728297330324
crm_customer_list,Customer-list retargeting,stronger similarity,1.2,0.0,0,"full flight, 10 EDPs",10,pairwise_maxent_direct,Direct pair + higher-order inference,0.12130440584395039
crm_customer_list,Customer-list retargeting,stronger similarity,1.2,0.0,0,"full flight, 10 EDPs",10,pairwise_maxent_mixture,Mixture pair + higher-order inference,0.12129773563874237
crm_customer_list,Customer-list retargeting,stronger similarity,1.2,0.0,1,"full flight, 2 EDPs",2,baseline_vid,Existing VID,0.6975470588235292
crm_customer_list,Customer-list retargeting,stronger similarity,1.2,0.0,1,"full flight, 2 EDPs",2,pair_aware_fixed_plus_shared_log,Pair-aware fixed + log,0.010306406172652455
crm_customer_list,Customer-list retargeting,stronger similarity,1.2,0.0,1,"full flight, 2 EDPs",2,two_group_latent_mixture,Two-group mixture,0.019545377804556313
crm_customer_list,Customer-list retargeting,stronger similarity,1.2,0.0,1,"full flight, 2 EDPs",2,pairwise_maxent_direct,Direct pair + higher-order inference,0.08201295442016335
crm_customer_list,Customer-list retargeting,stronger similarity,1.2,0.0,1,"full flight, 2 EDPs",2,pairwise_maxent_mixture,Mixture pair + higher-order inference,0.08201295442016335
crm_customer_list,Customer-list retargeting,stronger similarity,1.2,0.0,1,"full flight, 5 EDPs",5,baseline_vid,Existing VID,2.242138843742485
crm_customer_list,Customer-list retargeting,stronger similarity,1.2,0.0,1,"full flight, 5 EDPs",5,pair_aware_fixed_plus_shared_log,Pair-aware fixed + log,0.8689129543478884
crm_customer_list,Customer-list retargeting,stronger similarity,1.2,0.0,1,"full flight, 5 EDPs",5,two_group_latent_mixture,Two-group mixture,0.8852162791565834
crm_customer_list,Customer-list retargeting,stronger similarity,1.2,0.0,1,"full flight, 5 EDPs",5,pairwise_maxent_direct,Direct pair + higher-order inference,0.11879051289667059
crm_customer_list,Customer-list retargeting,stronger similarity,1.2,0.0,1,"full flight, 5 EDPs",5,pairwise_maxent_mixture,Mixture pair + higher-order inference,0.11879051289667059
crm_customer_list,Customer-list retargeting,stronger similarity,1.2,0.0,1,"full flight, 10 EDPs",10,baseline_vid,Existing VID,3.4069906000057784
crm_customer_list,Customer-list retargeting,stronger similarity,1.2,0.0,1,"full flight, 10 EDPs",10,pair_aware_fixed_plus_shared_log,Pair-aware fixed + log,2.1114899518155124
crm_customer_list,Customer-list retargeting,stronger similarity,1.2,0.0,1,"full flight, 10 EDPs",10,two_group_latent_mixture,Two-group mixture,2.1085034807839063
crm_customer_list,Customer-list retargeting,stronger similarity,1.2,0.0,1,"full flight, 10 EDPs",10,pairwise_maxent_direct,Direct pair + higher-order inference,0.11830501970724196
crm_customer_list,Customer-list retargeting,stronger similarity,1.2,0.0,1,"full flight, 10 EDPs",10,pairwise_maxent_mixture,Mixture pair + higher-order inference,0.11829997804708686
crm_customer_list,Customer-list retargeting,lower matchability,1.0,-0.45,0,"full flight, 2 EDPs",2,baseline_vid,Existing VID,0.5285116525423726
crm_customer_list,Customer-list retargeting,lower matchability,1.0,-0.45,0,"full flight, 2 EDPs",2,pair_aware_fixed_plus_shared_log,Pair-aware fixed + log,0.011575248717961801
crm_customer_list,Customer-list retargeting,lower matchability,1.0,-0.45,0,"full flight, 2 EDPs",2,two_group_latent_mixture,Two-group mixture,0.11003579242979097
crm_customer_list,Customer-list retargeting,lower matchability,1.0,-0.45,0,"full flight, 2 EDPs",2,pairwise_maxent_direct,Direct pair + higher-order inference,0.1733996962820369
crm_customer_list,Customer-list retargeting,lower matchability,1.0,-0.45,0,"full flight, 2 EDPs",2,pairwise_maxent_mixture,Mixture pair + higher-order inference,0.1733996962820369
crm_customer_list,Customer-list retargeting,lower matchability,1.0,-0.45,0,"full flight, 5 EDPs",5,baseline_vid,Existing VID,1.6523869026369726
crm_customer_list,Customer-list retargeting,lower matchability,1.0,-0.45,0,"full flight, 5 EDPs",5,pair_aware_fixed_plus_shared_log,Pair-aware fixed + log,0.5886168276676882
crm_customer_list,Customer-list retargeting,lower matchability,1.0,-0.45,0,"full flight, 5 EDPs",5,two_group_latent_mixture,Two-group mixture,0.5512805206465203
crm_customer_list,Customer-list retargeting,lower matchability,1.0,-0.45,0,"full flight, 5 EDPs",5,pairwise_maxent_direct,Direct pair + higher-order inference,0.27899710203160427
crm_customer_list,Customer-list retargeting,lower matchability,1.0,-0.45,0,"full flight, 5 EDPs",5,pairwise_maxent_mixture,Mixture pair + higher-order inference,0.27899710203160427
crm_customer_list,Customer-list retargeting,lower matchability,1.0,-0.45,0,"full flight, 10 EDPs",10,baseline_vid,Existing VID,2.553636965641023
crm_customer_list,Customer-list retargeting,lower matchability,1.0,-0.45,0,"full flight, 10 EDPs",10,pair_aware_fixed_plus_shared_log,Pair-aware fixed + log,1.5474082757815706
crm_customer_list,Customer-list retargeting,lower matchability,1.0,-0.45,0,"full flight, 10 EDPs",10,two_group_latent_mixture,Two-group mixture,1.5060949772531322
crm_customer_list,Customer-list retargeting,lower matchability,1.0,-0.45,0,"full flight, 10 EDPs",10,pairwise_maxent_direct,Direct pair + higher-order inference,0.2909090842048255
crm_customer_list,Customer-list retargeting,lower matchability,1.0,-0.45,0,"full flight, 10 EDPs",10,pairwise_maxent_mixture,Mixture pair + higher-order inference,0.2887362677847445
crm_customer_list,Customer-list retargeting,lower matchability,1.0,-0.45,1,"full flight, 2 EDPs",2,baseline_vid,Existing VID,0.5301325556733826
crm_customer_list,Customer-list retargeting,lower matchability,1.0,-0.45,1,"full flight, 2 EDPs",2,pair_aware_fixed_plus_shared_log,Pair-aware fixed + log,0.011228458208164885
crm_customer_list,Customer-list retargeting,lower matchability,1.0,-0.45,1,"full flight, 2 EDPs",2,two_group_latent_mixture,Two-group mixture,0.10920722108560428
crm_customer_list,Customer-list retargeting,lower matchability,1.0,-0.45,1,"full flight, 2 EDPs",2,pairwise_maxent_direct,Direct pair + higher-order inference,0.17252350661523744
crm_customer_list,Customer-list retargeting,lower matchability,1.0,-0.45,1,"full flight, 2 EDPs",2,pairwise_maxent_mixture,Mixture pair + higher-order inference,0.17252350661523744
crm_customer_list,Customer-list retargeting,lower matchability,1.0,-0.45,1,"full flight, 5 EDPs",5,baseline_vid,Existing VID,1.6597546440331865
crm_customer_list,Customer-list retargeting,lower matchability,1.0,-0.45,1,"full flight, 5 EDPs",5,pair_aware_fixed_plus_shared_log,Pair-aware fixed + log,0.586456828295434
crm_customer_list,Customer-list retargeting,lower matchability,1.0,-0.45,1,"full flight, 5 EDPs",5,two_group_latent_mixture,Two-group mixture,0.6105237463222265
crm_customer_list,Customer-list retargeting,lower matchability,1.0,-0.45,1,"full flight, 5 EDPs",5,pairwise_maxent_direct,Direct pair + higher-order inference,0.276993664213361
crm_customer_list,Customer-list retargeting,lower matchability,1.0,-0.45,1,"full flight, 5 EDPs",5,pairwise_maxent_mixture,Mixture pair + higher-order inference,0.276993664213361
crm_customer_list,Customer-list retargeting,lower matchability,1.0,-0.45,1,"full flight, 10 EDPs",10,baseline_vid,Existing VID,2.5633552071149732
crm_customer_list,Customer-list retargeting,lower matchability,1.0,-0.45,1,"full flight, 10 EDPs",10,pair_aware_fixed_plus_shared_log,Pair-aware fixed + log,1.5472261661267515
crm_customer_list,Customer-list retargeting,lower matchability,1.0,-0.45,1,"full flight, 10 EDPs",10,two_group_latent_mixture,Two-group mixture,1.5091427601609593
crm_customer_list,Customer-list retargeting,lower matchability,1.0,-0.45,1,"full flight, 10 EDPs",10,pairwise_maxent_direct,Direct pair + higher-order inference,0.2873716435025158
crm_customer_list,Customer-list retargeting,lower matchability,1.0,-0.45,1,"full flight, 10 EDPs",10,pairwise_maxent_mixture,Mixture pair + higher-order inference,0.28683775539265344
crm_customer_list,Customer-list retargeting,higher matchability,1.0,0.35,0,"full flight, 2 EDPs",2,baseline_vid,Existing VID,0.6856483644859811
crm_customer_list,Customer-list retargeting,higher matchability,1.0,0.35,0,"full flight, 2 EDPs",2,pair_aware_fixed_plus_shared_log,Pair-aware fixed + log,0.015546625375253297
crm_customer_list,Customer-list retargeting,higher matchability,1.0,0.35,0,"full flight, 2 EDPs",2,two_group_latent_mixture,Two-group mixture,0.027526113228200474
crm_customer_list,Customer-list retargeting,higher matchability,1.0,0.35,0,"full flight, 2 EDPs",2,pairwise_maxent_direct,Direct pair + higher-order inference,0.08845097024387671
crm_customer_list,Customer-list retargeting,higher matchability,1.0,0.35,0,"full flight, 2 EDPs",2,pairwise_maxent_mixture,Mixture pair + higher-order inference,0.08845097024387671
crm_customer_list,Customer-list retargeting,higher matchability,1.0,0.35,0,"full flight, 5 EDPs",5,baseline_vid,Existing VID,2.2458022774642274
crm_customer_list,Customer-list retargeting,higher matchability,1.0,0.35,0,"full flight, 5 EDPs",5,pair_aware_fixed_plus_shared_log,Pair-aware fixed + log,0.8873704677951134
crm_customer_list,Customer-list retargeting,higher matchability,1.0,0.35,0,"full flight, 5 EDPs",5,two_group_latent_mixture,Two-group mixture,0.8848244870451379
crm_customer_list,Customer-list retargeting,higher matchability,1.0,0.35,0,"full flight, 5 EDPs",5,pairwise_maxent_direct,Direct pair + higher-order inference,0.1178026503342289
crm_customer_list,Customer-list retargeting,higher matchability,1.0,0.35,0,"full flight, 5 EDPs",5,pairwise_maxent_mixture,Mixture pair + higher-order inference,0.1178026503342289
crm_customer_list,Customer-list retargeting,higher matchability,1.0,0.35,0,"full flight, 10 EDPs",10,baseline_vid,Existing VID,3.4169499007967516
crm_customer_list,Customer-list retargeting,higher matchability,1.0,0.35,0,"full flight, 10 EDPs",10,pair_aware_fixed_plus_shared_log,Pair-aware fixed + log,2.1262288425699754
crm_customer_list,Customer-list retargeting,higher matchability,1.0,0.35,0,"full flight, 10 EDPs",10,two_group_latent_mixture,Two-group mixture,2.124969705792295
crm_customer_list,Customer-list retargeting,higher matchability,1.0,0.35,0,"full flight, 10 EDPs",10,pairwise_maxent_direct,Direct pair + higher-order inference,0.11642452854415454
crm_customer_list,Customer-list retargeting,higher matchability,1.0,0.35,0,"full flight, 10 EDPs",10,pairwise_maxent_mixture,Mixture pair + higher-order inference,0.11642069256523571
crm_customer_list,Customer-list retargeting,higher matchability,1.0,0.35,1,"full flight, 2 EDPs",2,baseline_vid,Existing VID,0.6935622065727697
crm_customer_list,Customer-list retargeting,higher matchability,1.0,0.35,1,"full flight, 2 EDPs",2,pair_aware_fixed_plus_shared_log,Pair-aware fixed + log,0.007789139849272832
crm_customer_list,Customer-list retargeting,higher matchability,1.0,0.35,1,"full flight, 2 EDPs",2,two_group_latent_mixture,Two-group mixture,0.022778848225590138
crm_customer_list,Customer-list retargeting,higher matchability,1.0,0.35,1,"full flight, 2 EDPs",2,pairwise_maxent_direct,Direct pair + higher-order inference,0.08417081951298029
crm_customer_list,Customer-list retargeting,higher matchability,1.0,0.35,1,"full flight, 2 EDPs",2,pairwise_maxent_mixture,Mixture pair + higher-order inference,0.08417081951298029
crm_customer_list,Customer-list retargeting,higher matchability,1.0,0.35,1,"full flight, 5 EDPs",5,baseline_vid,Existing VID,2.249473999497558
crm_customer_list,Customer-list retargeting,higher matchability,1.0,0.35,1,"full flight, 5 EDPs",5,pair_aware_fixed_plus_shared_log,Pair-aware fixed + log,0.9028161602889706
crm_customer_list,Customer-list retargeting,higher matchability,1.0,0.35,1,"full flight, 5 EDPs",5,two_group_latent_mixture,Two-group mixture,0.8854018099804388
crm_customer_list,Customer-list retargeting,higher matchability,1.0,0.35,1,"full flight, 5 EDPs",5,pairwise_maxent_direct,Direct pair + higher-order inference,0.11680189463993307
crm_customer_list,Customer-list retargeting,higher matchability,1.0,0.35,1,"full flight, 5 EDPs",5,pairwise_maxent_mixture,Mixture pair + higher-order inference,0.11680189463993307
crm_customer_list,Customer-list retargeting,higher matchability,1.0,0.35,1,"full flight, 10 EDPs",10,baseline_vid,Existing VID,3.421946450458287
crm_customer_list,Customer-list retargeting,higher matchability,1.0,0.35,1,"full flight, 10 EDPs",10,pair_aware_fixed_plus_shared_log,Pair-aware fixed + log,2.132561613818654
crm_customer_list,Customer-list retargeting,higher matchability,1.0,0.35,1,"full flight, 10 EDPs",10,two_group_latent_mixture,Two-group mixture,2.131365870908277
crm_customer_list,Customer-list retargeting,higher matchability,1.0,0.35,1,"full flight, 10 EDPs",10,pairwise_maxent_direct,Direct pair + higher-order inference,0.11536568360596355
crm_customer_list,Customer-list retargeting,higher matchability,1.0,0.35,1,"full flight, 10 EDPs",10,pairwise_maxent_mixture,Mixture pair + higher-order inference,0.11537084366512143
catalog_retargeting,Catalog / dynamic-product retargeting,central,1.0,0.0,0,"full flight, 2 EDPs",2,baseline_vid,Existing VID,0.3944837340876945
catalog_retargeting,Catalog / dynamic-product retargeting,central,1.0,0.0,0,"full flight, 2 EDPs",2,pair_aware_fixed_plus_shared_log,Pair-aware fixed + log,0.12684033718350668
catalog_retargeting,Catalog / dynamic-product retargeting,central,1.0,0.0,0,"full flight, 2 EDPs",2,two_group_latent_mixture,Two-group mixture,0.049338094593177756
catalog_retargeting,Catalog / dynamic-product retargeting,central,1.0,0.0,0,"full flight, 2 EDPs",2,pairwise_maxent_direct,Direct pair + higher-order inference,0.001446353360889361
catalog_retargeting,Catalog / dynamic-product retargeting,central,1.0,0.0,0,"full flight, 2 EDPs",2,pairwise_maxent_mixture,Mixture pair + higher-order inference,0.009710129313880139
catalog_retargeting,Catalog / dynamic-product retargeting,central,1.0,0.0,0,"full flight, 5 EDPs",5,baseline_vid,Existing VID,0.5117633926956371
catalog_retargeting,Catalog / dynamic-product retargeting,central,1.0,0.0,0,"full flight, 5 EDPs",5,pair_aware_fixed_plus_shared_log,Pair-aware fixed + log,0.27859695469732554
catalog_retargeting,Catalog / dynamic-product retargeting,central,1.0,0.0,0,"full flight, 5 EDPs",5,two_group_latent_mixture,Two-group mixture,0.21184196406960937
catalog_retargeting,Catalog / dynamic-product retargeting,central,1.0,0.0,0,"full flight, 5 EDPs",5,pairwise_maxent_direct,Direct pair + higher-order inference,0.038946816751206315
catalog_retargeting,Catalog / dynamic-product retargeting,central,1.0,0.0,0,"full flight, 5 EDPs",5,pairwise_maxent_mixture,Mixture pair + higher-order inference,0.008988776608017557
catalog_retargeting,Catalog / dynamic-product retargeting,central,1.0,0.0,0,"full flight, 10 EDPs",10,baseline_vid,Existing VID,0.8945379163403199
catalog_retargeting,Catalog / dynamic-product retargeting,central,1.0,0.0,0,"full flight, 10 EDPs",10,pair_aware_fixed_plus_shared_log,Pair-aware fixed + log,0.5463965509350028
catalog_retargeting,Catalog / dynamic-product retargeting,central,1.0,0.0,0,"full flight, 10 EDPs",10,two_group_latent_mixture,Two-group mixture,0.46839210552149996
catalog_retargeting,Catalog / dynamic-product retargeting,central,1.0,0.0,0,"full flight, 10 EDPs",10,pairwise_maxent_direct,Direct pair + higher-order inference,0.23551886911206735
catalog_retargeting,Catalog / dynamic-product retargeting,central,1.0,0.0,0,"full flight, 10 EDPs",10,pairwise_maxent_mixture,Mixture pair + higher-order inference,0.053525390339709066
catalog_retargeting,Catalog / dynamic-product retargeting,central,1.0,0.0,1,"full flight, 2 EDPs",2,baseline_vid,Existing VID,0.37503486750348675
catalog_retargeting,Catalog / dynamic-product retargeting,central,1.0,0.0,1,"full flight, 2 EDPs",2,pair_aware_fixed_plus_shared_log,Pair-aware fixed + log,0.12356534433700612
catalog_retargeting,Catalog / dynamic-product retargeting,central,1.0,0.0,1,"full flight, 2 EDPs",2,two_group_latent_mixture,Two-group mixture,0.050168099794057786
catalog_retargeting,Catalog / dynamic-product retargeting,central,1.0,0.0,1,"full flight, 2 EDPs",2,pairwise_maxent_direct,Direct pair + higher-order inference,0.0038003316231944822
catalog_retargeting,Catalog / dynamic-product retargeting,central,1.0,0.0,1,"full flight, 2 EDPs",2,pairwise_maxent_mixture,Mixture pair + higher-order inference,0.011652733055759881
catalog_retargeting,Catalog / dynamic-product retargeting,central,1.0,0.0,1,"full flight, 5 EDPs",5,baseline_vid,Existing VID,0.5135681241632403
catalog_retargeting,Catalog / dynamic-product retargeting,central,1.0,0.0,1,"full flight, 5 EDPs",5,pair_aware_fixed_plus_shared_log,Pair-aware fixed + log,0.2718561623231958
catalog_retargeting,Catalog / dynamic-product retargeting,central,1.0,0.0,1,"full flight, 5 EDPs",5,two_group_latent_mixture,Two-group mixture,0.22029936148580379
catalog_retargeting,Catalog / dynamic-product retargeting,central,1.0,0.0,1,"full flight, 5 EDPs",5,pairwise_maxent_direct,Direct pair + higher-order inference,0.031300358163719275
catalog_retargeting,Catalog / dynamic-product retargeting,central,1.0,0.0,1,"full flight, 5 EDPs",5,pairwise_maxent_mixture,Mixture pair + higher-order inference,0.0019720520832560663
catalog_retargeting,Catalog / dynamic-product retargeting,central,1.0,0.0,1,"full flight, 10 EDPs",10,baseline_vid,Existing VID,0.8931102313995962
catalog_retargeting,Catalog / dynamic-product retargeting,central,1.0,0.0,1,"full flight, 10 EDPs",10,pair_aware_fixed_plus_shared_log,Pair-aware fixed + log,0.5347156960068965
catalog_retargeting,Catalog / dynamic-product retargeting,central,1.0,0.0,1,"full flight, 10 EDPs",10,two_group_latent_mixture,Two-group mixture,0.45014818202828216
catalog_retargeting,Catalog / dynamic-product retargeting,central,1.0,0.0,1,"full flight, 10 EDPs",10,pairwise_maxent_direct,Direct pair + higher-order inference,0.1839994087043215
catalog_retargeting,Catalog / dynamic-product retargeting,central,1.0,0.0,1,"full flight, 10 EDPs",10,pairwise_maxent_mixture,Mixture pair + higher-order inference,0.0019653225003404104
catalog_retargeting,Catalog / dynamic-product retargeting,weaker similarity,0.7,0.0,0,"full flight, 2 EDPs",2,baseline_vid,Existing VID,0.3233557046979866
catalog_retargeting,Catalog / dynamic-product retargeting,weaker similarity,0.7,0.0,0,"full flight, 2 EDPs",2,pair_aware_fixed_plus_shared_log,Pair-aware fixed + log,0.11712521733681128
catalog_retargeting,Catalog / dynamic-product retargeting,weaker similarity,0.7,0.0,0,"full flight, 2 EDPs",2,two_group_latent_mixture,Two-group mixture,0.0552057693451763
catalog_retargeting,Catalog / dynamic-product retargeting,weaker similarity,0.7,0.0,0,"full flight, 2 EDPs",2,pairwise_maxent_direct,Direct pair + higher-order inference,0.013181659811357124
catalog_retargeting,Catalog / dynamic-product retargeting,weaker similarity,0.7,0.0,0,"full flight, 2 EDPs",2,pairwise_maxent_mixture,Mixture pair + higher-order inference,0.019884101100918032
catalog_retargeting,Catalog / dynamic-product retargeting,weaker similarity,0.7,0.0,0,"full flight, 5 EDPs",5,baseline_vid,Existing VID,0.36918527574594057
catalog_retargeting,Catalog / dynamic-product retargeting,weaker similarity,0.7,0.0,0,"full flight, 5 EDPs",5,pair_aware_fixed_plus_shared_log,Pair-aware fixed + log,0.21382533629353126
catalog_retargeting,Catalog / dynamic-product retargeting,weaker similarity,0.7,0.0,0,"full flight, 5 EDPs",5,two_group_latent_mixture,Two-group mixture,0.14387353811511747
catalog_retargeting,Catalog / dynamic-product retargeting,weaker similarity,0.7,0.0,0,"full flight, 5 EDPs",5,pairwise_maxent_direct,Direct pair + higher-order inference,0.03529483829109713
catalog_retargeting,Catalog / dynamic-product retargeting,weaker similarity,0.7,0.0,0,"full flight, 5 EDPs",5,pairwise_maxent_mixture,Mixture pair + higher-order inference,0.008152396748702547
catalog_retargeting,Catalog / dynamic-product retargeting,weaker similarity,0.7,0.0,0,"full flight, 10 EDPs",10,baseline_vid,Existing VID,0.6736557475464785
catalog_retargeting,Catalog / dynamic-product retargeting,weaker similarity,0.7,0.0,0,"full flight, 10 EDPs",10,pair_aware_fixed_plus_shared_log,Pair-aware fixed + log,0.39567612140331665
catalog_retargeting,Catalog / dynamic-product retargeting,weaker similarity,0.7,0.0,0,"full flight, 10 EDPs",10,two_group_latent_mixture,Two-group mixture,0.3191662580189776
catalog_retargeting,Catalog / dynamic-product retargeting,weaker similarity,0.7,0.0,0,"full flight, 10 EDPs",10,pairwise_maxent_direct,Direct pair + higher-order inference,0.17460272217593756
catalog_retargeting,Catalog / dynamic-product retargeting,weaker similarity,0.7,0.0,0,"full flight, 10 EDPs",10,pairwise_maxent_mixture,Mixture pair + higher-order inference,0.01652150561002435
catalog_retargeting,Catalog / dynamic-product retargeting,weaker similarity,0.7,0.0,1,"full flight, 2 EDPs",2,baseline_vid,Existing VID,0.32158176943699734
catalog_retargeting,Catalog / dynamic-product retargeting,weaker similarity,0.7,0.0,1,"full flight, 2 EDPs",2,pair_aware_fixed_plus_shared_log,Pair-aware fixed + log,0.11381295549013519
catalog_retargeting,Catalog / dynamic-product retargeting,weaker similarity,0.7,0.0,1,"full flight, 2 EDPs",2,two_group_latent_mixture,Two-group mixture,0.051533519381732146
catalog_retargeting,Catalog / dynamic-product retargeting,weaker similarity,0.7,0.0,1,"full flight, 2 EDPs",2,pairwise_maxent_direct,Direct pair + higher-order inference,0.009428065017095439
catalog_retargeting,Catalog / dynamic-product retargeting,weaker similarity,0.7,0.0,1,"full flight, 2 EDPs",2,pairwise_maxent_mixture,Mixture pair + higher-order inference,0.016164996584862392
catalog_retargeting,Catalog / dynamic-product retargeting,weaker similarity,0.7,0.0,1,"full flight, 5 EDPs",5,baseline_vid,Existing VID,0.37264406207947415
catalog_retargeting,Catalog / dynamic-product retargeting,weaker similarity,0.7,0.0,1,"full flight, 5 EDPs",5,pair_aware_fixed_plus_shared_log,Pair-aware fixed + log,0.21026954949552598
catalog_retargeting,Catalog / dynamic-product retargeting,weaker similarity,0.7,0.0,1,"full flight, 5 EDPs",5,two_group_latent_mixture,Two-group mixture,0.13955018615939319
catalog_retargeting,Catalog / dynamic-product retargeting,weaker similarity,0.7,0.0,1,"full flight, 5 EDPs",5,pairwise_maxent_direct,Direct pair + higher-order inference,0.039492422517603355
catalog_retargeting,Catalog / dynamic-product retargeting,weaker similarity,0.7,0.0,1,"full flight, 5 EDPs",5,pairwise_maxent_mixture,Mixture pair + higher-order inference,0.015451770562798764
catalog_retargeting,Catalog / dynamic-product retargeting,weaker similarity,0.7,0.0,1,"full flight, 10 EDPs",10,baseline_vid,Existing VID,0.6725414627611612
catalog_retargeting,Catalog / dynamic-product retargeting,weaker similarity,0.7,0.0,1,"full flight, 10 EDPs",10,pair_aware_fixed_plus_shared_log,Pair-aware fixed + log,0.3856866650382099
catalog_retargeting,Catalog / dynamic-product retargeting,weaker similarity,0.7,0.0,1,"full flight, 10 EDPs",10,two_group_latent_mixture,Two-group mixture,0.3163413505365241
catalog_retargeting,Catalog / dynamic-product retargeting,weaker similarity,0.7,0.0,1,"full flight, 10 EDPs",10,pairwise_maxent_direct,Direct pair + higher-order inference,0.15641975284267995
catalog_retargeting,Catalog / dynamic-product retargeting,weaker similarity,0.7,0.0,1,"full flight, 10 EDPs",10,pairwise_maxent_mixture,Mixture pair + higher-order inference,0.025154202168218086
catalog_retargeting,Catalog / dynamic-product retargeting,stronger similarity,1.35,0.0,0,"full flight, 2 EDPs",2,baseline_vid,Existing VID,0.4392700729927007
catalog_retargeting,Catalog / dynamic-product retargeting,stronger similarity,1.35,0.0,0,"full flight, 2 EDPs",2,pair_aware_fixed_plus_shared_log,Pair-aware fixed + log,0.13796078725964375
catalog_retargeting,Catalog / dynamic-product retargeting,stronger similarity,1.35,0.0,0,"full flight, 2 EDPs",2,two_group_latent_mixture,Two-group mixture,0.05188394750992421
catalog_retargeting,Catalog / dynamic-product retargeting,stronger similarity,1.35,0.0,0,"full flight, 2 EDPs",2,pairwise_maxent_direct,Direct pair + higher-order inference,0.0007863374628637829
catalog_retargeting,Catalog / dynamic-product retargeting,stronger similarity,1.35,0.0,0,"full flight, 2 EDPs",2,pairwise_maxent_mixture,Mixture pair + higher-order inference,0.009911101190803477
catalog_retargeting,Catalog / dynamic-product retargeting,stronger similarity,1.35,0.0,0,"full flight, 5 EDPs",5,baseline_vid,Existing VID,0.6733817404409251
catalog_retargeting,Catalog / dynamic-product retargeting,stronger similarity,1.35,0.0,0,"full flight, 5 EDPs",5,pair_aware_fixed_plus_shared_log,Pair-aware fixed + log,0.3829885520255466
catalog_retargeting,Catalog / dynamic-product retargeting,stronger similarity,1.35,0.0,0,"full flight, 5 EDPs",5,two_group_latent_mixture,Two-group mixture,0.3394670488318006
catalog_retargeting,Catalog / dynamic-product retargeting,stronger similarity,1.35,0.0,0,"full flight, 5 EDPs",5,pairwise_maxent_direct,Direct pair + higher-order inference,0.029240174160647302
catalog_retargeting,Catalog / dynamic-product retargeting,stronger similarity,1.35,0.0,0,"full flight, 5 EDPs",5,pairwise_maxent_mixture,Mixture pair + higher-order inference,0.005081585308590808
catalog_retargeting,Catalog / dynamic-product retargeting,stronger similarity,1.35,0.0,0,"full flight, 10 EDPs",10,baseline_vid,Existing VID,1.122650846698153
catalog_retargeting,Catalog / dynamic-product retargeting,stronger similarity,1.35,0.0,0,"full flight, 10 EDPs",10,pair_aware_fixed_plus_shared_log,Pair-aware fixed + log,0.652772075258548
catalog_retargeting,Catalog / dynamic-product retargeting,stronger similarity,1.35,0.0,0,"full flight, 10 EDPs",10,two_group_latent_mixture,Two-group mixture,0.5851969587222113
catalog_retargeting,Catalog / dynamic-product retargeting,stronger similarity,1.35,0.0,0,"full flight, 10 EDPs",10,pairwise_maxent_direct,Direct pair + higher-order inference,0.1645545818916084
catalog_retargeting,Catalog / dynamic-product retargeting,stronger similarity,1.35,0.0,0,"full flight, 10 EDPs",10,pairwise_maxent_mixture,Mixture pair + higher-order inference,0.03414854061316225
catalog_retargeting,Catalog / dynamic-product retargeting,stronger similarity,1.35,0.0,1,"full flight, 2 EDPs",2,baseline_vid,Existing VID,0.4519882179675994
catalog_retargeting,Catalog / dynamic-product retargeting,stronger similarity,1.35,0.0,1,"full flight, 2 EDPs",2,pair_aware_fixed_plus_shared_log,Pair-aware fixed + log,0.1419507326680053
catalog_retargeting,Catalog / dynamic-product retargeting,stronger similarity,1.35,0.0,1,"full flight, 2 EDPs",2,two_group_latent_mixture,Two-group mixture,0.05364236754525744
catalog_retargeting,Catalog / dynamic-product retargeting,stronger similarity,1.35,0.0,1,"full flight, 2 EDPs",2,pairwise_maxent_direct,Direct pair + higher-order inference,0.0016997860638542713
catalog_retargeting,Catalog / dynamic-product retargeting,stronger similarity,1.35,0.0,1,"full flight, 2 EDPs",2,pairwise_maxent_mixture,Mixture pair + higher-order inference,0.011049081288512922
catalog_retargeting,Catalog / dynamic-product retargeting,stronger similarity,1.35,0.0,1,"full flight, 5 EDPs",5,baseline_vid,Existing VID,0.683752410811077
catalog_retargeting,Catalog / dynamic-product retargeting,stronger similarity,1.35,0.0,1,"full flight, 5 EDPs",5,pair_aware_fixed_plus_shared_log,Pair-aware fixed + log,0.4514354820997651
catalog_retargeting,Catalog / dynamic-product retargeting,stronger similarity,1.35,0.0,1,"full flight, 5 EDPs",5,two_group_latent_mixture,Two-group mixture,0.38025247109030635
catalog_retargeting,Catalog / dynamic-product retargeting,stronger similarity,1.35,0.0,1,"full flight, 5 EDPs",5,pairwise_maxent_direct,Direct pair + higher-order inference,0.007112085662374538
catalog_retargeting,Catalog / dynamic-product retargeting,stronger similarity,1.35,0.0,1,"full flight, 5 EDPs",5,pairwise_maxent_mixture,Mixture pair + higher-order inference,0.02874386095871119
catalog_retargeting,Catalog / dynamic-product retargeting,stronger similarity,1.35,0.0,1,"full flight, 10 EDPs",10,baseline_vid,Existing VID,1.1480609466158735
catalog_retargeting,Catalog / dynamic-product retargeting,stronger similarity,1.35,0.0,1,"full flight, 10 EDPs",10,pair_aware_fixed_plus_shared_log,Pair-aware fixed + log,0.6685959004197393
catalog_retargeting,Catalog / dynamic-product retargeting,stronger similarity,1.35,0.0,1,"full flight, 10 EDPs",10,two_group_latent_mixture,Two-group mixture,0.5986784595409632
catalog_retargeting,Catalog / dynamic-product retargeting,stronger similarity,1.35,0.0,1,"full flight, 10 EDPs",10,pairwise_maxent_direct,Direct pair + higher-order inference,0.149961073571097
catalog_retargeting,Catalog / dynamic-product retargeting,stronger similarity,1.35,0.0,1,"full flight, 10 EDPs",10,pairwise_maxent_mixture,Mixture pair + higher-order inference,0.04328421443230311
catalog_retargeting,Catalog / dynamic-product retargeting,lower matchability,1.0,-0.35,0,"full flight, 2 EDPs",2,baseline_vid,Existing VID,0.3702571230020848
catalog_retargeting,Catalog / dynamic-product retargeting,lower matchability,1.0,-0.35,0,"full flight, 2 EDPs",2,pair_aware_fixed_plus_shared_log,Pair-aware fixed + log,0.22433876055344534
catalog_retargeting,Catalog / dynamic-product retargeting,lower matchability,1.0,-0.35,0,"full flight, 2 EDPs",2,two_group_latent_mixture,Two-group mixture,0.1768216109917997
catalog_retargeting,Catalog / dynamic-product retargeting,lower matchability,1.0,-0.35,0,"full flight, 2 EDPs",2,pairwise_maxent_direct,Direct pair + higher-order inference,0.1390587078829123
catalog_retargeting,Catalog / dynamic-product retargeting,lower matchability,1.0,-0.35,0,"full flight, 2 EDPs",2,pairwise_maxent_mixture,Mixture pair + higher-order inference,0.14436594602203331
catalog_retargeting,Catalog / dynamic-product retargeting,lower matchability,1.0,-0.35,0,"full flight, 5 EDPs",5,baseline_vid,Existing VID,0.47540601086975287
catalog_retargeting,Catalog / dynamic-product retargeting,lower matchability,1.0,-0.35,0,"full flight, 5 EDPs",5,pair_aware_fixed_plus_shared_log,Pair-aware fixed + log,0.3709397487330335
catalog_retargeting,Catalog / dynamic-product retargeting,lower matchability,1.0,-0.35,0,"full flight, 5 EDPs",5,two_group_latent_mixture,Two-group mixture,0.28240793999646746
catalog_retargeting,Catalog / dynamic-product retargeting,lower matchability,1.0,-0.35,0,"full flight, 5 EDPs",5,pairwise_maxent_direct,Direct pair + higher-order inference,0.23214378666094482
catalog_retargeting,Catalog / dynamic-product retargeting,lower matchability,1.0,-0.35,0,"full flight, 5 EDPs",5,pairwise_maxent_mixture,Mixture pair + higher-order inference,0.2099989423223389
catalog_retargeting,Catalog / dynamic-product retargeting,lower matchability,1.0,-0.35,0,"full flight, 10 EDPs",10,baseline_vid,Existing VID,0.8370437126634472
catalog_retargeting,Catalog / dynamic-product retargeting,lower matchability,1.0,-0.35,0,"full flight, 10 EDPs",10,pair_aware_fixed_plus_shared_log,Pair-aware fixed + log,0.586851524099433
catalog_retargeting,Catalog / dynamic-product retargeting,lower matchability,1.0,-0.35,0,"full flight, 10 EDPs",10,two_group_latent_mixture,Two-group mixture,0.5281553671148016
catalog_retargeting,Catalog / dynamic-product retargeting,lower matchability,1.0,-0.35,0,"full flight, 10 EDPs",10,pairwise_maxent_direct,Direct pair + higher-order inference,0.5081276974500005
catalog_retargeting,Catalog / dynamic-product retargeting,lower matchability,1.0,-0.35,0,"full flight, 10 EDPs",10,pairwise_maxent_mixture,Mixture pair + higher-order inference,0.4069552877538181
catalog_retargeting,Catalog / dynamic-product retargeting,lower matchability,1.0,-0.35,1,"full flight, 2 EDPs",2,baseline_vid,Existing VID,0.3721642310368824
catalog_retargeting,Catalog / dynamic-product retargeting,lower matchability,1.0,-0.35,1,"full flight, 2 EDPs",2,pair_aware_fixed_plus_shared_log,Pair-aware fixed + log,0.2111237099740299
catalog_retargeting,Catalog / dynamic-product retargeting,lower matchability,1.0,-0.35,1,"full flight, 2 EDPs",2,two_group_latent_mixture,Two-group mixture,0.15986020692110933
catalog_retargeting,Catalog / dynamic-product retargeting,lower matchability,1.0,-0.35,1,"full flight, 2 EDPs",2,pairwise_maxent_direct,Direct pair + higher-order inference,0.12064868053887545
catalog_retargeting,Catalog / dynamic-product retargeting,lower matchability,1.0,-0.35,1,"full flight, 2 EDPs",2,pairwise_maxent_mixture,Mixture pair + higher-order inference,0.12632617571218796
catalog_retargeting,Catalog / dynamic-product retargeting,lower matchability,1.0,-0.35,1,"full flight, 5 EDPs",5,baseline_vid,Existing VID,0.47426228527993136
catalog_retargeting,Catalog / dynamic-product retargeting,lower matchability,1.0,-0.35,1,"full flight, 5 EDPs",5,pair_aware_fixed_plus_shared_log,Pair-aware fixed + log,0.3612598299146686
catalog_retargeting,Catalog / dynamic-product retargeting,lower matchability,1.0,-0.35,1,"full flight, 5 EDPs",5,two_group_latent_mixture,Two-group mixture,0.3049482026184639
catalog_retargeting,Catalog / dynamic-product retargeting,lower matchability,1.0,-0.35,1,"full flight, 5 EDPs",5,pairwise_maxent_direct,Direct pair + higher-order inference,0.230807031774198
catalog_retargeting,Catalog / dynamic-product retargeting,lower matchability,1.0,-0.35,1,"full flight, 5 EDPs",5,pairwise_maxent_mixture,Mixture pair + higher-order inference,0.20954175206639333
catalog_retargeting,Catalog / dynamic-product retargeting,lower matchability,1.0,-0.35,1,"full flight, 10 EDPs",10,baseline_vid,Existing VID,0.8471744684318119
catalog_retargeting,Catalog / dynamic-product retargeting,lower matchability,1.0,-0.35,1,"full flight, 10 EDPs",10,pair_aware_fixed_plus_shared_log,Pair-aware fixed + log,0.5943377214722533
catalog_retargeting,Catalog / dynamic-product retargeting,lower matchability,1.0,-0.35,1,"full flight, 10 EDPs",10,two_group_latent_mixture,Two-group mixture,0.5320835041883824
catalog_retargeting,Catalog / dynamic-product retargeting,lower matchability,1.0,-0.35,1,"full flight, 10 EDPs",10,pairwise_maxent_direct,Direct pair + higher-order inference,0.5048478848424663
catalog_retargeting,Catalog / dynamic-product retargeting,lower matchability,1.0,-0.35,1,"full flight, 10 EDPs",10,pairwise_maxent_mixture,Mixture pair + higher-order inference,0.3783640446835789
catalog_retargeting,Catalog / dynamic-product retargeting,higher matchability,1.0,0.35,0,"full flight, 2 EDPs",2,baseline_vid,Existing VID,0.4466617754952311
catalog_retargeting,Catalog / dynamic-product retargeting,higher matchability,1.0,0.35,0,"full flight, 2 EDPs",2,pair_aware_fixed_plus_shared_log,Pair-aware fixed + log,0.0759909308490765
catalog_retargeting,Catalog / dynamic-product retargeting,higher matchability,1.0,0.35,0,"full flight, 2 EDPs",2,two_group_latent_mixture,Two-group mixture,0.026946613795847597
catalog_retargeting,Catalog / dynamic-product retargeting,higher matchability,1.0,0.35,0,"full flight, 2 EDPs",2,pairwise_maxent_direct,Direct pair + higher-order inference,0.08252678899749162
catalog_retargeting,Catalog / dynamic-product retargeting,higher matchability,1.0,0.35,0,"full flight, 2 EDPs",2,pairwise_maxent_mixture,Mixture pair + higher-order inference,0.07175037261857785
catalog_retargeting,Catalog / dynamic-product retargeting,higher matchability,1.0,0.35,0,"full flight, 5 EDPs",5,baseline_vid,Existing VID,0.6472917696068528
catalog_retargeting,Catalog / dynamic-product retargeting,higher matchability,1.0,0.35,0,"full flight, 5 EDPs",5,pair_aware_fixed_plus_shared_log,Pair-aware fixed + log,0.37841828642449254
catalog_retargeting,Catalog / dynamic-product retargeting,higher matchability,1.0,0.35,0,"full flight, 5 EDPs",5,two_group_latent_mixture,Two-group mixture,0.3322599857138085
catalog_retargeting,Catalog / dynamic-product retargeting,higher matchability,1.0,0.35,0,"full flight, 5 EDPs",5,pairwise_maxent_direct,Direct pair + higher-order inference,0.14520204019026292
catalog_retargeting,Catalog / dynamic-product retargeting,higher matchability,1.0,0.35,0,"full flight, 5 EDPs",5,pairwise_maxent_mixture,Mixture pair + higher-order inference,0.17165624893254638
catalog_retargeting,Catalog / dynamic-product retargeting,higher matchability,1.0,0.35,0,"full flight, 10 EDPs",10,baseline_vid,Existing VID,1.0650696893277962
catalog_retargeting,Catalog / dynamic-product retargeting,higher matchability,1.0,0.35,0,"full flight, 10 EDPs",10,pair_aware_fixed_plus_shared_log,Pair-aware fixed + log,0.5571714539181265
catalog_retargeting,Catalog / dynamic-product retargeting,higher matchability,1.0,0.35,0,"full flight, 10 EDPs",10,two_group_latent_mixture,Two-group mixture,0.5069454219589484
catalog_retargeting,Catalog / dynamic-product retargeting,higher matchability,1.0,0.35,0,"full flight, 10 EDPs",10,pairwise_maxent_direct,Direct pair + higher-order inference,0.1422954976229886
catalog_retargeting,Catalog / dynamic-product retargeting,higher matchability,1.0,0.35,0,"full flight, 10 EDPs",10,pairwise_maxent_mixture,Mixture pair + higher-order inference,0.2306860915975338
catalog_retargeting,Catalog / dynamic-product retargeting,higher matchability,1.0,0.35,1,"full flight, 2 EDPs",2,baseline_vid,Existing VID,0.4340363636363636
catalog_retargeting,Catalog / dynamic-product retargeting,higher matchability,1.0,0.35,1,"full flight, 2 EDPs",2,pair_aware_fixed_plus_shared_log,Pair-aware fixed + log,0.06360179103820107
catalog_retargeting,Catalog / dynamic-product retargeting,higher matchability,1.0,0.35,1,"full flight, 2 EDPs",2,two_group_latent_mixture,Two-group mixture,0.03916226241246462
catalog_retargeting,Catalog / dynamic-product retargeting,higher matchability,1.0,0.35,1,"full flight, 2 EDPs",2,pairwise_maxent_direct,Direct pair + higher-order inference,0.09443614178646152
catalog_retargeting,Catalog / dynamic-product retargeting,higher matchability,1.0,0.35,1,"full flight, 2 EDPs",2,pairwise_maxent_mixture,Mixture pair + higher-order inference,0.08368299716959217
catalog_retargeting,Catalog / dynamic-product retargeting,higher matchability,1.0,0.35,1,"full flight, 5 EDPs",5,baseline_vid,Existing VID,0.6423129084724624
catalog_retargeting,Catalog / dynamic-product retargeting,higher matchability,1.0,0.35,1,"full flight, 5 EDPs",5,pair_aware_fixed_plus_shared_log,Pair-aware fixed + log,0.3665757004325589
catalog_retargeting,Catalog / dynamic-product retargeting,higher matchability,1.0,0.35,1,"full flight, 5 EDPs",5,two_group_latent_mixture,Two-group mixture,0.3292706210863154
catalog_retargeting,Catalog / dynamic-product retargeting,higher matchability,1.0,0.35,1,"full flight, 5 EDPs",5,pairwise_maxent_direct,Direct pair + higher-order inference,0.14332340461546378
catalog_retargeting,Catalog / dynamic-product retargeting,higher matchability,1.0,0.35,1,"full flight, 5 EDPs",5,pairwise_maxent_mixture,Mixture pair + higher-order inference,0.17247499448102552
catalog_retargeting,Catalog / dynamic-product retargeting,higher matchability,1.0,0.35,1,"full flight, 10 EDPs",10,baseline_vid,Existing VID,1.0839131290479171
catalog_retargeting,Catalog / dynamic-product retargeting,higher matchability,1.0,0.35,1,"full flight, 10 EDPs",10,pair_aware_fixed_plus_shared_log,Pair-aware fixed + log,0.5626735547765416
catalog_retargeting,Catalog / dynamic-product retargeting,higher matchability,1.0,0.35,1,"full flight, 10 EDPs",10,two_group_latent_mixture,Two-group mixture,0.5146816547329516
catalog_retargeting,Catalog / dynamic-product retargeting,higher matchability,1.0,0.35,1,"full flight, 10 EDPs",10,pairwise_maxent_direct,Direct pair + higher-order inference,0.1603833624161344
catalog_retargeting,Catalog / dynamic-product retargeting,higher matchability,1.0,0.35,1,"full flight, 10 EDPs",10,pairwise_maxent_mixture,Mixture pair + higher-order inference,0.2267036015318698
lookalike_prospecting,Lookalike prospecting,central,1.0,0.0,0,"full flight, 2 EDPs",2,baseline_vid,Existing VID,0.11218344965104686
lookalike_prospecting,Lookalike prospecting,central,1.0,0.0,0,"full flight, 2 EDPs",2,pair_aware_fixed_plus_shared_log,Pair-aware fixed + log,0.04708498071220853
lookalike_prospecting,Lookalike prospecting,central,1.0,0.0,0,"full flight, 2 EDPs",2,two_group_latent_mixture,Two-group mixture,0.03619814033863641
lookalike_prospecting,Lookalike prospecting,central,1.0,0.0,0,"full flight, 2 EDPs",2,pairwise_maxent_direct,Direct pair + higher-order inference,0.0065264122519732
lookalike_prospecting,Lookalike prospecting,central,1.0,0.0,0,"full flight, 2 EDPs",2,pairwise_maxent_mixture,Mixture pair + higher-order inference,0.031250907336653526
lookalike_prospecting,Lookalike prospecting,central,1.0,0.0,0,"full flight, 5 EDPs",5,baseline_vid,Existing VID,0.26684855512544803
lookalike_prospecting,Lookalike prospecting,central,1.0,0.0,0,"full flight, 5 EDPs",5,pair_aware_fixed_plus_shared_log,Pair-aware fixed + log,0.2644968915717771
lookalike_prospecting,Lookalike prospecting,central,1.0,0.0,0,"full flight, 5 EDPs",5,two_group_latent_mixture,Two-group mixture,0.2292744466337645
lookalike_prospecting,Lookalike prospecting,central,1.0,0.0,0,"full flight, 5 EDPs",5,pairwise_maxent_direct,Direct pair + higher-order inference,0.04255754748999816
lookalike_prospecting,Lookalike prospecting,central,1.0,0.0,0,"full flight, 5 EDPs",5,pairwise_maxent_mixture,Mixture pair + higher-order inference,0.07348628356428899
lookalike_prospecting,Lookalike prospecting,central,1.0,0.0,0,"full flight, 10 EDPs",10,baseline_vid,Existing VID,0.33928632926239377
lookalike_prospecting,Lookalike prospecting,central,1.0,0.0,0,"full flight, 10 EDPs",10,pair_aware_fixed_plus_shared_log,Pair-aware fixed + log,0.18698508807892653
lookalike_prospecting,Lookalike prospecting,central,1.0,0.0,0,"full flight, 10 EDPs",10,two_group_latent_mixture,Two-group mixture,0.12061707370187114
lookalike_prospecting,Lookalike prospecting,central,1.0,0.0,0,"full flight, 10 EDPs",10,pairwise_maxent_direct,Direct pair + higher-order inference,0.13288613412469347
lookalike_prospecting,Lookalike prospecting,central,1.0,0.0,0,"full flight, 10 EDPs",10,pairwise_maxent_mixture,Mixture pair + higher-order inference,0.10606568868658199
lookalike_prospecting,Lookalike prospecting,central,1.0,0.0,1,"full flight, 2 EDPs",2,baseline_vid,Existing VID,0.10556987115956393
lookalike_prospecting,Lookalike prospecting,central,1.0,0.0,1,"full flight, 2 EDPs",2,pair_aware_fixed_plus_shared_log,Pair-aware fixed + log,0.0503586979168302
lookalike_prospecting,Lookalike prospecting,central,1.0,0.0,1,"full flight, 2 EDPs",2,two_group_latent_mixture,Two-group mixture,0.0400083828134848
lookalike_prospecting,Lookalike prospecting,central,1.0,0.0,1,"full flight, 2 EDPs",2,pairwise_maxent_direct,Direct pair + higher-order inference,0.012048797323010544
lookalike_prospecting,Lookalike prospecting,central,1.0,0.0,1,"full flight, 2 EDPs",2,pairwise_maxent_mixture,Mixture pair + higher-order inference,0.03560121613390264
lookalike_prospecting,Lookalike prospecting,central,1.0,0.0,1,"full flight, 5 EDPs",5,baseline_vid,Existing VID,0.2556868938468097
lookalike_prospecting,Lookalike prospecting,central,1.0,0.0,1,"full flight, 5 EDPs",5,pair_aware_fixed_plus_shared_log,Pair-aware fixed + log,0.2463901452832916
lookalike_prospecting,Lookalike prospecting,central,1.0,0.0,1,"full flight, 5 EDPs",5,two_group_latent_mixture,Two-group mixture,0.2190399638893219
lookalike_prospecting,Lookalike prospecting,central,1.0,0.0,1,"full flight, 5 EDPs",5,pairwise_maxent_direct,Direct pair + higher-order inference,0.03519754717481209
lookalike_prospecting,Lookalike prospecting,central,1.0,0.0,1,"full flight, 5 EDPs",5,pairwise_maxent_mixture,Mixture pair + higher-order inference,0.06577556313202537
lookalike_prospecting,Lookalike prospecting,central,1.0,0.0,1,"full flight, 10 EDPs",10,baseline_vid,Existing VID,0.319732199967323
lookalike_prospecting,Lookalike prospecting,central,1.0,0.0,1,"full flight, 10 EDPs",10,pair_aware_fixed_plus_shared_log,Pair-aware fixed + log,0.15864629922907086
lookalike_prospecting,Lookalike prospecting,central,1.0,0.0,1,"full flight, 10 EDPs",10,two_group_latent_mixture,Two-group mixture,0.10669930999048749
lookalike_prospecting,Lookalike prospecting,central,1.0,0.0,1,"full flight, 10 EDPs",10,pairwise_maxent_direct,Direct pair + higher-order inference,0.12190461287447786
lookalike_prospecting,Lookalike prospecting,central,1.0,0.0,1,"full flight, 10 EDPs",10,pairwise_maxent_mixture,Mixture pair + higher-order inference,0.08251838821597
lookalike_prospecting,Lookalike prospecting,weaker similarity,0.6,0.0,0,"full flight, 2 EDPs",2,baseline_vid,Existing VID,0.04195778068372875
lookalike_prospecting,Lookalike prospecting,weaker similarity,0.6,0.0,0,"full flight, 2 EDPs",2,pair_aware_fixed_plus_shared_log,Pair-aware fixed + log,0.0348639076133248
lookalike_prospecting,Lookalike prospecting,weaker similarity,0.6,0.0,0,"full flight, 2 EDPs",2,two_group_latent_mixture,Two-group mixture,0.027365475101252177
lookalike_prospecting,Lookalike prospecting,weaker similarity,0.6,0.0,0,"full flight, 2 EDPs",2,pairwise_maxent_direct,Direct pair + higher-order inference,0.008881750164002559
lookalike_prospecting,Lookalike prospecting,weaker similarity,0.6,0.0,0,"full flight, 2 EDPs",2,pairwise_maxent_mixture,Mixture pair + higher-order inference,0.026174009183501695
lookalike_prospecting,Lookalike prospecting,weaker similarity,0.6,0.0,0,"full flight, 5 EDPs",5,baseline_vid,Existing VID,0.08647100356571989
lookalike_prospecting,Lookalike prospecting,weaker similarity,0.6,0.0,0,"full flight, 5 EDPs",5,pair_aware_fixed_plus_shared_log,Pair-aware fixed + log,0.04381256474968814
lookalike_prospecting,Lookalike prospecting,weaker similarity,0.6,0.0,0,"full flight, 5 EDPs",5,two_group_latent_mixture,Two-group mixture,0.08582361640448677
lookalike_prospecting,Lookalike prospecting,weaker similarity,0.6,0.0,0,"full flight, 5 EDPs",5,pairwise_maxent_direct,Direct pair + higher-order inference,0.023272057781490427
lookalike_prospecting,Lookalike prospecting,weaker similarity,0.6,0.0,0,"full flight, 5 EDPs",5,pairwise_maxent_mixture,Mixture pair + higher-order inference,0.0470194997437334
lookalike_prospecting,Lookalike prospecting,weaker similarity,0.6,0.0,0,"full flight, 10 EDPs",10,baseline_vid,Existing VID,0.1070551157439684
lookalike_prospecting,Lookalike prospecting,weaker similarity,0.6,0.0,0,"full flight, 10 EDPs",10,pair_aware_fixed_plus_shared_log,Pair-aware fixed + log,0.0007779672409831632
lookalike_prospecting,Lookalike prospecting,weaker similarity,0.6,0.0,0,"full flight, 10 EDPs",10,two_group_latent_mixture,Two-group mixture,0.06145057056860227
lookalike_prospecting,Lookalike prospecting,weaker similarity,0.6,0.0,0,"full flight, 10 EDPs",10,pairwise_maxent_direct,Direct pair + higher-order inference,0.09217116743383115
lookalike_prospecting,Lookalike prospecting,weaker similarity,0.6,0.0,0,"full flight, 10 EDPs",10,pairwise_maxent_mixture,Mixture pair + higher-order inference,0.04680821149243009
lookalike_prospecting,Lookalike prospecting,weaker similarity,0.6,0.0,1,"full flight, 2 EDPs",2,baseline_vid,Existing VID,0.03634336677814939
lookalike_prospecting,Lookalike prospecting,weaker similarity,0.6,0.0,1,"full flight, 2 EDPs",2,pair_aware_fixed_plus_shared_log,Pair-aware fixed + log,0.03594750563409006
lookalike_prospecting,Lookalike prospecting,weaker similarity,0.6,0.0,1,"full flight, 2 EDPs",2,two_group_latent_mixture,Two-group mixture,0.02882881133285919
lookalike_prospecting,Lookalike prospecting,weaker similarity,0.6,0.0,1,"full flight, 2 EDPs",2,pairwise_maxent_direct,Direct pair + higher-order inference,0.011732293847407309
lookalike_prospecting,Lookalike prospecting,weaker similarity,0.6,0.0,1,"full flight, 2 EDPs",2,pairwise_maxent_mixture,Mixture pair + higher-order inference,0.02819315830555446
lookalike_prospecting,Lookalike prospecting,weaker similarity,0.6,0.0,1,"full flight, 5 EDPs",5,baseline_vid,Existing VID,0.08367288103998036
lookalike_prospecting,Lookalike prospecting,weaker similarity,0.6,0.0,1,"full flight, 5 EDPs",5,pair_aware_fixed_plus_shared_log,Pair-aware fixed + log,0.05500566628571926
lookalike_prospecting,Lookalike prospecting,weaker similarity,0.6,0.0,1,"full flight, 5 EDPs",5,two_group_latent_mixture,Two-group mixture,0.08203686008158562
lookalike_prospecting,Lookalike prospecting,weaker similarity,0.6,0.0,1,"full flight, 5 EDPs",5,pairwise_maxent_direct,Direct pair + higher-order inference,0.04029207600383437
lookalike_prospecting,Lookalike prospecting,weaker similarity,0.6,0.0,1,"full flight, 5 EDPs",5,pairwise_maxent_mixture,Mixture pair + higher-order inference,0.06369827991829788
lookalike_prospecting,Lookalike prospecting,weaker similarity,0.6,0.0,1,"full flight, 10 EDPs",10,baseline_vid,Existing VID,0.10408968363279307
lookalike_prospecting,Lookalike prospecting,weaker similarity,0.6,0.0,1,"full flight, 10 EDPs",10,pair_aware_fixed_plus_shared_log,Pair-aware fixed + log,0.00935767788142365
lookalike_prospecting,Lookalike prospecting,weaker similarity,0.6,0.0,1,"full flight, 10 EDPs",10,two_group_latent_mixture,Two-group mixture,0.06714208002803804
lookalike_prospecting,Lookalike prospecting,weaker similarity,0.6,0.0,1,"full flight, 10 EDPs",10,pairwise_maxent_direct,Direct pair + higher-order inference,0.09467519279905968
lookalike_prospecting,Lookalike prospecting,weaker similarity,0.6,0.0,1,"full flight, 10 EDPs",10,pairwise_maxent_mixture,Mixture pair + higher-order inference,0.0504362590841011
lookalike_prospecting,Lookalike prospecting,stronger similarity,1.5,0.0,0,"full flight, 2 EDPs",2,baseline_vid,Existing VID,0.2015510555794916
lookalike_prospecting,Lookalike prospecting,stronger similarity,1.5,0.0,0,"full flight, 2 EDPs",2,pair_aware_fixed_plus_shared_log,Pair-aware fixed + log,0.0686207612709389
lookalike_prospecting,Lookalike prospecting,stronger similarity,1.5,0.0,0,"full flight, 2 EDPs",2,two_group_latent_mixture,Two-group mixture,0.05377385978325078
lookalike_prospecting,Lookalike prospecting,stronger similarity,1.5,0.0,0,"full flight, 2 EDPs",2,pairwise_maxent_direct,Direct pair + higher-order inference,0.012176084711381789
lookalike_prospecting,Lookalike prospecting,stronger similarity,1.5,0.0,0,"full flight, 2 EDPs",2,pairwise_maxent_mixture,Mixture pair + higher-order inference,0.04558807534372136
lookalike_prospecting,Lookalike prospecting,stronger similarity,1.5,0.0,0,"full flight, 5 EDPs",5,baseline_vid,Existing VID,0.4751700621035058
lookalike_prospecting,Lookalike prospecting,stronger similarity,1.5,0.0,0,"full flight, 5 EDPs",5,pair_aware_fixed_plus_shared_log,Pair-aware fixed + log,0.42174270548659043
lookalike_prospecting,Lookalike prospecting,stronger similarity,1.5,0.0,0,"full flight, 5 EDPs",5,two_group_latent_mixture,Two-group mixture,0.3404400253836134
lookalike_prospecting,Lookalike prospecting,stronger similarity,1.5,0.0,0,"full flight, 5 EDPs",5,pairwise_maxent_direct,Direct pair + higher-order inference,0.060635130379085675
lookalike_prospecting,Lookalike prospecting,stronger similarity,1.5,0.0,0,"full flight, 5 EDPs",5,pairwise_maxent_mixture,Mixture pair + higher-order inference,0.10269239303781363
lookalike_prospecting,Lookalike prospecting,stronger similarity,1.5,0.0,0,"full flight, 10 EDPs",10,baseline_vid,Existing VID,0.6186724815181994
lookalike_prospecting,Lookalike prospecting,stronger similarity,1.5,0.0,0,"full flight, 10 EDPs",10,pair_aware_fixed_plus_shared_log,Pair-aware fixed + log,0.3385478844433068
lookalike_prospecting,Lookalike prospecting,stronger similarity,1.5,0.0,0,"full flight, 10 EDPs",10,two_group_latent_mixture,Two-group mixture,0.28552537437824965
lookalike_prospecting,Lookalike prospecting,stronger similarity,1.5,0.0,0,"full flight, 10 EDPs",10,pairwise_maxent_direct,Direct pair + higher-order inference,0.19716026608297801
lookalike_prospecting,Lookalike prospecting,stronger similarity,1.5,0.0,0,"full flight, 10 EDPs",10,pairwise_maxent_mixture,Mixture pair + higher-order inference,0.1651429587646687
lookalike_prospecting,Lookalike prospecting,stronger similarity,1.5,0.0,1,"full flight, 2 EDPs",2,baseline_vid,Existing VID,0.20570687418936445
lookalike_prospecting,Lookalike prospecting,stronger similarity,1.5,0.0,1,"full flight, 2 EDPs",2,pair_aware_fixed_plus_shared_log,Pair-aware fixed + log,0.06495068721516445
lookalike_prospecting,Lookalike prospecting,stronger similarity,1.5,0.0,1,"full flight, 2 EDPs",2,two_group_latent_mixture,Two-group mixture,0.04969137275719599
lookalike_prospecting,Lookalike prospecting,stronger similarity,1.5,0.0,1,"full flight, 2 EDPs",2,pairwise_maxent_direct,Direct pair + higher-order inference,0.006875427113620945
lookalike_prospecting,Lookalike prospecting,stronger similarity,1.5,0.0,1,"full flight, 2 EDPs",2,pairwise_maxent_mixture,Mixture pair + higher-order inference,0.041186938669541234
lookalike_prospecting,Lookalike prospecting,stronger similarity,1.5,0.0,1,"full flight, 5 EDPs",5,baseline_vid,Existing VID,0.4833420634547591
lookalike_prospecting,Lookalike prospecting,stronger similarity,1.5,0.0,1,"full flight, 5 EDPs",5,pair_aware_fixed_plus_shared_log,Pair-aware fixed + log,0.423855802663795
lookalike_prospecting,Lookalike prospecting,stronger similarity,1.5,0.0,1,"full flight, 5 EDPs",5,two_group_latent_mixture,Two-group mixture,0.35379698363673034
lookalike_prospecting,Lookalike prospecting,stronger similarity,1.5,0.0,1,"full flight, 5 EDPs",5,pairwise_maxent_direct,Direct pair + higher-order inference,0.07377651660363657
lookalike_prospecting,Lookalike prospecting,stronger similarity,1.5,0.0,1,"full flight, 5 EDPs",5,pairwise_maxent_mixture,Mixture pair + higher-order inference,0.11564464596765994
lookalike_prospecting,Lookalike prospecting,stronger similarity,1.5,0.0,1,"full flight, 10 EDPs",10,baseline_vid,Existing VID,0.6214742749559178
lookalike_prospecting,Lookalike prospecting,stronger similarity,1.5,0.0,1,"full flight, 10 EDPs",10,pair_aware_fixed_plus_shared_log,Pair-aware fixed + log,0.3479733875204352
lookalike_prospecting,Lookalike prospecting,stronger similarity,1.5,0.0,1,"full flight, 10 EDPs",10,two_group_latent_mixture,Two-group mixture,0.29583114138844346
lookalike_prospecting,Lookalike prospecting,stronger similarity,1.5,0.0,1,"full flight, 10 EDPs",10,pairwise_maxent_direct,Direct pair + higher-order inference,0.2104122505684632
lookalike_prospecting,Lookalike prospecting,stronger similarity,1.5,0.0,1,"full flight, 10 EDPs",10,pairwise_maxent_mixture,Mixture pair + higher-order inference,0.1605048617944616
lookalike_prospecting,Lookalike prospecting,lower matchability,1.0,-0.25,0,"full flight, 2 EDPs",2,baseline_vid,Existing VID,0.11396045536249251
lookalike_prospecting,Lookalike prospecting,lower matchability,1.0,-0.25,0,"full flight, 2 EDPs",2,pair_aware_fixed_plus_shared_log,Pair-aware fixed + log,0.09700219738116762
lookalike_prospecting,Lookalike prospecting,lower matchability,1.0,-0.25,0,"full flight, 2 EDPs",2,two_group_latent_mixture,Two-group mixture,0.08851053350739477
lookalike_prospecting,Lookalike prospecting,lower matchability,1.0,-0.25,0,"full flight, 2 EDPs",2,pairwise_maxent_direct,Direct pair + higher-order inference,0.06700027257622118
lookalike_prospecting,Lookalike prospecting,lower matchability,1.0,-0.25,0,"full flight, 2 EDPs",2,pairwise_maxent_mixture,Mixture pair + higher-order inference,0.08652067076736507
lookalike_prospecting,Lookalike prospecting,lower matchability,1.0,-0.25,0,"full flight, 5 EDPs",5,baseline_vid,Existing VID,0.2704915416247304
lookalike_prospecting,Lookalike prospecting,lower matchability,1.0,-0.25,0,"full flight, 5 EDPs",5,pair_aware_fixed_plus_shared_log,Pair-aware fixed + log,0.20660473052638456
lookalike_prospecting,Lookalike prospecting,lower matchability,1.0,-0.25,0,"full flight, 5 EDPs",5,two_group_latent_mixture,Two-group mixture,0.26740193206333646
lookalike_prospecting,Lookalike prospecting,lower matchability,1.0,-0.25,0,"full flight, 5 EDPs",5,pairwise_maxent_direct,Direct pair + higher-order inference,0.18124569744993657
lookalike_prospecting,Lookalike prospecting,lower matchability,1.0,-0.25,0,"full flight, 5 EDPs",5,pairwise_maxent_mixture,Mixture pair + higher-order inference,0.20944883018317473
lookalike_prospecting,Lookalike prospecting,lower matchability,1.0,-0.25,0,"full flight, 10 EDPs",10,baseline_vid,Existing VID,0.34190246351671544
lookalike_prospecting,Lookalike prospecting,lower matchability,1.0,-0.25,0,"full flight, 10 EDPs",10,pair_aware_fixed_plus_shared_log,Pair-aware fixed + log,0.17817454586200457
lookalike_prospecting,Lookalike prospecting,lower matchability,1.0,-0.25,0,"full flight, 10 EDPs",10,two_group_latent_mixture,Two-group mixture,0.25588702229047533
lookalike_prospecting,Lookalike prospecting,lower matchability,1.0,-0.25,0,"full flight, 10 EDPs",10,pairwise_maxent_direct,Direct pair + higher-order inference,0.3178272364608564
lookalike_prospecting,Lookalike prospecting,lower matchability,1.0,-0.25,0,"full flight, 10 EDPs",10,pairwise_maxent_mixture,Mixture pair + higher-order inference,0.26283225544662325
lookalike_prospecting,Lookalike prospecting,lower matchability,1.0,-0.25,1,"full flight, 2 EDPs",2,baseline_vid,Existing VID,0.11107569721115537
lookalike_prospecting,Lookalike prospecting,lower matchability,1.0,-0.25,1,"full flight, 2 EDPs",2,pair_aware_fixed_plus_shared_log,Pair-aware fixed + log,0.09133797709590974
lookalike_prospecting,Lookalike prospecting,lower matchability,1.0,-0.25,1,"full flight, 2 EDPs",2,two_group_latent_mixture,Two-group mixture,0.08272572719430217
lookalike_prospecting,Lookalike prospecting,lower matchability,1.0,-0.25,1,"full flight, 2 EDPs",2,pairwise_maxent_direct,Direct pair + higher-order inference,0.06075675707265082
lookalike_prospecting,Lookalike prospecting,lower matchability,1.0,-0.25,1,"full flight, 2 EDPs",2,pairwise_maxent_mixture,Mixture pair + higher-order inference,0.08053663588239837
lookalike_prospecting,Lookalike prospecting,lower matchability,1.0,-0.25,1,"full flight, 5 EDPs",5,baseline_vid,Existing VID,0.25693722219061166
lookalike_prospecting,Lookalike prospecting,lower matchability,1.0,-0.25,1,"full flight, 5 EDPs",5,pair_aware_fixed_plus_shared_log,Pair-aware fixed + log,0.1981022586373896
lookalike_prospecting,Lookalike prospecting,lower matchability,1.0,-0.25,1,"full flight, 5 EDPs",5,two_group_latent_mixture,Two-group mixture,0.2564883451511394
lookalike_prospecting,Lookalike prospecting,lower matchability,1.0,-0.25,1,"full flight, 5 EDPs",5,pairwise_maxent_direct,Direct pair + higher-order inference,0.15834263219780043
lookalike_prospecting,Lookalike prospecting,lower matchability,1.0,-0.25,1,"full flight, 5 EDPs",5,pairwise_maxent_mixture,Mixture pair + higher-order inference,0.18619853795615104
lookalike_prospecting,Lookalike prospecting,lower matchability,1.0,-0.25,1,"full flight, 10 EDPs",10,baseline_vid,Existing VID,0.3318429646303293
lookalike_prospecting,Lookalike prospecting,lower matchability,1.0,-0.25,1,"full flight, 10 EDPs",10,pair_aware_fixed_plus_shared_log,Pair-aware fixed + log,0.1686221656760285
lookalike_prospecting,Lookalike prospecting,lower matchability,1.0,-0.25,1,"full flight, 10 EDPs",10,two_group_latent_mixture,Two-group mixture,0.24798370197333267
lookalike_prospecting,Lookalike prospecting,lower matchability,1.0,-0.25,1,"full flight, 10 EDPs",10,pairwise_maxent_direct,Direct pair + higher-order inference,0.3107598319296606
lookalike_prospecting,Lookalike prospecting,lower matchability,1.0,-0.25,1,"full flight, 10 EDPs",10,pairwise_maxent_mixture,Mixture pair + higher-order inference,0.2551728935833524
lookalike_prospecting,Lookalike prospecting,higher matchability,1.0,0.3,0,"full flight, 2 EDPs",2,baseline_vid,Existing VID,0.1396812423375562
lookalike_prospecting,Lookalike prospecting,higher matchability,1.0,0.3,0,"full flight, 2 EDPs",2,pair_aware_fixed_plus_shared_log,Pair-aware fixed + log,0.0016622857978877287
lookalike_prospecting,Lookalike prospecting,higher matchability,1.0,0.3,0,"full flight, 2 EDPs",2,two_group_latent_mixture,Two-group mixture,0.013004877822640043
lookalike_prospecting,Lookalike prospecting,higher matchability,1.0,0.3,0,"full flight, 2 EDPs",2,pairwise_maxent_direct,Direct pair + higher-order inference,0.05419662808793927
lookalike_prospecting,Lookalike prospecting,higher matchability,1.0,0.3,0,"full flight, 2 EDPs",2,pairwise_maxent_mixture,Mixture pair + higher-order inference,0.02123541955235884
lookalike_prospecting,Lookalike prospecting,higher matchability,1.0,0.3,0,"full flight, 5 EDPs",5,baseline_vid,Existing VID,0.3370053974882736
lookalike_prospecting,Lookalike prospecting,higher matchability,1.0,0.3,0,"full flight, 5 EDPs",5,pair_aware_fixed_plus_shared_log,Pair-aware fixed + log,0.24052500072472674
lookalike_prospecting,Lookalike prospecting,higher matchability,1.0,0.3,0,"full flight, 5 EDPs",5,two_group_latent_mixture,Two-group mixture,0.1776187728496505
lookalike_prospecting,Lookalike prospecting,higher matchability,1.0,0.3,0,"full flight, 5 EDPs",5,pairwise_maxent_direct,Direct pair + higher-order inference,0.0765537934097948
lookalike_prospecting,Lookalike prospecting,higher matchability,1.0,0.3,0,"full flight, 5 EDPs",5,pairwise_maxent_mixture,Mixture pair + higher-order inference,0.037715749145011385
lookalike_prospecting,Lookalike prospecting,higher matchability,1.0,0.3,0,"full flight, 10 EDPs",10,baseline_vid,Existing VID,0.4260267115063462
lookalike_prospecting,Lookalike prospecting,higher matchability,1.0,0.3,0,"full flight, 10 EDPs",10,pair_aware_fixed_plus_shared_log,Pair-aware fixed + log,0.17790582235547817
lookalike_prospecting,Lookalike prospecting,higher matchability,1.0,0.3,0,"full flight, 10 EDPs",10,two_group_latent_mixture,Two-group mixture,0.15190692241273238
lookalike_prospecting,Lookalike prospecting,higher matchability,1.0,0.3,0,"full flight, 10 EDPs",10,pairwise_maxent_direct,Direct pair + higher-order inference,0.024523607637086116
lookalike_prospecting,Lookalike prospecting,higher matchability,1.0,0.3,0,"full flight, 10 EDPs",10,pairwise_maxent_mixture,Mixture pair + higher-order inference,0.02497514778507645
lookalike_prospecting,Lookalike prospecting,higher matchability,1.0,0.3,1,"full flight, 2 EDPs",2,baseline_vid,Existing VID,0.1457682826622843
lookalike_prospecting,Lookalike prospecting,higher matchability,1.0,0.3,1,"full flight, 2 EDPs",2,pair_aware_fixed_plus_shared_log,Pair-aware fixed + log,0.008051905434846499
lookalike_prospecting,Lookalike prospecting,higher matchability,1.0,0.3,1,"full flight, 2 EDPs",2,two_group_latent_mixture,Two-group mixture,0.00664268173360363
lookalike_prospecting,Lookalike prospecting,higher matchability,1.0,0.3,1,"full flight, 2 EDPs",2,pairwise_maxent_direct,Direct pair + higher-order inference,0.04790403822420338
lookalike_prospecting,Lookalike prospecting,higher matchability,1.0,0.3,1,"full flight, 2 EDPs",2,pairwise_maxent_mixture,Mixture pair + higher-order inference,0.014877319479937878
lookalike_prospecting,Lookalike prospecting,higher matchability,1.0,0.3,1,"full flight, 5 EDPs",5,baseline_vid,Existing VID,0.33498544674422115
lookalike_prospecting,Lookalike prospecting,higher matchability,1.0,0.3,1,"full flight, 5 EDPs",5,pair_aware_fixed_plus_shared_log,Pair-aware fixed + log,0.25636595303927856
lookalike_prospecting,Lookalike prospecting,higher matchability,1.0,0.3,1,"full flight, 5 EDPs",5,two_group_latent_mixture,Two-group mixture,0.18951205676508073
lookalike_prospecting,Lookalike prospecting,higher matchability,1.0,0.3,1,"full flight, 5 EDPs",5,pairwise_maxent_direct,Direct pair + higher-order inference,0.06954022239334808
lookalike_prospecting,Lookalike prospecting,higher matchability,1.0,0.3,1,"full flight, 5 EDPs",5,pairwise_maxent_mixture,Mixture pair + higher-order inference,0.0297017401218967
lookalike_prospecting,Lookalike prospecting,higher matchability,1.0,0.3,1,"full flight, 10 EDPs",10,baseline_vid,Existing VID,0.41915287389407213
lookalike_prospecting,Lookalike prospecting,higher matchability,1.0,0.3,1,"full flight, 10 EDPs",10,pair_aware_fixed_plus_shared_log,Pair-aware fixed + log,0.1683268773328768
lookalike_prospecting,Lookalike prospecting,higher matchability,1.0,0.3,1,"full flight, 10 EDPs",10,two_group_latent_mixture,Two-group mixture,0.15053729155980314
lookalike_prospecting,Lookalike prospecting,higher matchability,1.0,0.3,1,"full flight, 10 EDPs",10,pairwise_maxent_direct,Direct pair + higher-order inference,0.01805071976604688
lookalike_prospecting,Lookalike prospecting,higher matchability,1.0,0.3,1,"full flight, 10 EDPs",10,pairwise_maxent_mixture,Mixture pair + higher-order inference,0.012191422904071738
advantage_audience_expansion,Advantage+ audience expansion,central,1.0,0.0,0,"full flight, 2 EDPs",2,baseline_vid,Existing VID,0.10252425587896727
advantage_audience_expansion,Advantage+ audience expansion,central,1.0,0.0,0,"full flight, 2 EDPs",2,pair_aware_fixed_plus_shared_log,Pair-aware fixed + log,0.03346455861563633
advantage_audience_expansion,Advantage+ audience expansion,central,1.0,0.0,0,"full flight, 2 EDPs",2,two_group_latent_mixture,Two-group mixture,0.03128211705913852
advantage_audience_expansion,Advantage+ audience expansion,central,1.0,0.0,0,"full flight, 2 EDPs",2,pairwise_maxent_direct,Direct pair + higher-order inference,0.006378074222338511
advantage_audience_expansion,Advantage+ audience expansion,central,1.0,0.0,0,"full flight, 2 EDPs",2,pairwise_maxent_mixture,Mixture pair + higher-order inference,0.027668969762263292
advantage_audience_expansion,Advantage+ audience expansion,central,1.0,0.0,0,"full flight, 5 EDPs",5,baseline_vid,Existing VID,0.21527301912116414
advantage_audience_expansion,Advantage+ audience expansion,central,1.0,0.0,0,"full flight, 5 EDPs",5,pair_aware_fixed_plus_shared_log,Pair-aware fixed + log,0.20407230103395546
advantage_audience_expansion,Advantage+ audience expansion,central,1.0,0.0,0,"full flight, 5 EDPs",5,two_group_latent_mixture,Two-group mixture,0.20041854477716833
advantage_audience_expansion,Advantage+ audience expansion,central,1.0,0.0,0,"full flight, 5 EDPs",5,pairwise_maxent_direct,Direct pair + higher-order inference,0.005151410961995369
advantage_audience_expansion,Advantage+ audience expansion,central,1.0,0.0,0,"full flight, 5 EDPs",5,pairwise_maxent_mixture,Mixture pair + higher-order inference,0.04987198475984209
advantage_audience_expansion,Advantage+ audience expansion,central,1.0,0.0,0,"full flight, 10 EDPs",10,baseline_vid,Existing VID,0.25571085152202816
advantage_audience_expansion,Advantage+ audience expansion,central,1.0,0.0,0,"full flight, 10 EDPs",10,pair_aware_fixed_plus_shared_log,Pair-aware fixed + log,0.09572076463583334
advantage_audience_expansion,Advantage+ audience expansion,central,1.0,0.0,0,"full flight, 10 EDPs",10,two_group_latent_mixture,Two-group mixture,0.06995180825505039
advantage_audience_expansion,Advantage+ audience expansion,central,1.0,0.0,0,"full flight, 10 EDPs",10,pairwise_maxent_direct,Direct pair + higher-order inference,0.07740885364957889
advantage_audience_expansion,Advantage+ audience expansion,central,1.0,0.0,0,"full flight, 10 EDPs",10,pairwise_maxent_mixture,Mixture pair + higher-order inference,0.06847744993289821
advantage_audience_expansion,Advantage+ audience expansion,central,1.0,0.0,1,"full flight, 2 EDPs",2,baseline_vid,Existing VID,0.09891001475168006
advantage_audience_expansion,Advantage+ audience expansion,central,1.0,0.0,1,"full flight, 2 EDPs",2,pair_aware_fixed_plus_shared_log,Pair-aware fixed + log,0.03558983354430045
advantage_audience_expansion,Advantage+ audience expansion,central,1.0,0.0,1,"full flight, 2 EDPs",2,two_group_latent_mixture,Two-group mixture,0.03345855531738752
advantage_audience_expansion,Advantage+ audience expansion,central,1.0,0.0,1,"full flight, 2 EDPs",2,pairwise_maxent_direct,Direct pair + higher-order inference,0.003175538758825223
advantage_audience_expansion,Advantage+ audience expansion,central,1.0,0.0,1,"full flight, 2 EDPs",2,pairwise_maxent_mixture,Mixture pair + higher-order inference,0.030094668553666642
advantage_audience_expansion,Advantage+ audience expansion,central,1.0,0.0,1,"full flight, 5 EDPs",5,baseline_vid,Existing VID,0.22597296757820812
advantage_audience_expansion,Advantage+ audience expansion,central,1.0,0.0,1,"full flight, 5 EDPs",5,pair_aware_fixed_plus_shared_log,Pair-aware fixed + log,0.21654642280898156
advantage_audience_expansion,Advantage+ audience expansion,central,1.0,0.0,1,"full flight, 5 EDPs",5,two_group_latent_mixture,Two-group mixture,0.20927170727214803
advantage_audience_expansion,Advantage+ audience expansion,central,1.0,0.0,1,"full flight, 5 EDPs",5,pairwise_maxent_direct,Direct pair + higher-order inference,0.0060591862596941016
advantage_audience_expansion,Advantage+ audience expansion,central,1.0,0.0,1,"full flight, 5 EDPs",5,pairwise_maxent_mixture,Mixture pair + higher-order inference,0.05238054188058974
advantage_audience_expansion,Advantage+ audience expansion,central,1.0,0.0,1,"full flight, 10 EDPs",10,baseline_vid,Existing VID,0.26216215741522275
advantage_audience_expansion,Advantage+ audience expansion,central,1.0,0.0,1,"full flight, 10 EDPs",10,pair_aware_fixed_plus_shared_log,Pair-aware fixed + log,0.08979294243002574
advantage_audience_expansion,Advantage+ audience expansion,central,1.0,0.0,1,"full flight, 10 EDPs",10,two_group_latent_mixture,Two-group mixture,0.07600421205757535
advantage_audience_expansion,Advantage+ audience expansion,central,1.0,0.0,1,"full flight, 10 EDPs",10,pairwise_maxent_direct,Direct pair + higher-order inference,0.07405431640462927
advantage_audience_expansion,Advantage+ audience expansion,central,1.0,0.0,1,"full flight, 10 EDPs",10,pairwise_maxent_mixture,Mixture pair + higher-order inference,0.060788821508067935
advantage_audience_expansion,Advantage+ audience expansion,weaker similarity,0.6,0.0,0,"full flight, 2 EDPs",2,baseline_vid,Existing VID,0.04138707673190432
advantage_audience_expansion,Advantage+ audience expansion,weaker similarity,0.6,0.0,0,"full flight, 2 EDPs",2,pair_aware_fixed_plus_shared_log,Pair-aware fixed + log,0.02602817133910741
advantage_audience_expansion,Advantage+ audience expansion,weaker similarity,0.6,0.0,0,"full flight, 2 EDPs",2,two_group_latent_mixture,Two-group mixture,0.024366839776778
advantage_audience_expansion,Advantage+ audience expansion,weaker similarity,0.6,0.0,0,"full flight, 2 EDPs",2,pairwise_maxent_direct,Direct pair + higher-order inference,0.002740840728332946
advantage_audience_expansion,Advantage+ audience expansion,weaker similarity,0.6,0.0,0,"full flight, 2 EDPs",2,pairwise_maxent_mixture,Mixture pair + higher-order inference,0.023369570464622222
advantage_audience_expansion,Advantage+ audience expansion,weaker similarity,0.6,0.0,0,"full flight, 5 EDPs",5,baseline_vid,Existing VID,0.07987394981438234
advantage_audience_expansion,Advantage+ audience expansion,weaker similarity,0.6,0.0,0,"full flight, 5 EDPs",5,pair_aware_fixed_plus_shared_log,Pair-aware fixed + log,0.029935854897789622
advantage_audience_expansion,Advantage+ audience expansion,weaker similarity,0.6,0.0,0,"full flight, 5 EDPs",5,two_group_latent_mixture,Two-group mixture,0.08190348153611177
advantage_audience_expansion,Advantage+ audience expansion,weaker similarity,0.6,0.0,0,"full flight, 5 EDPs",5,pairwise_maxent_direct,Direct pair + higher-order inference,0.016239702435679803
advantage_audience_expansion,Advantage+ audience expansion,weaker similarity,0.6,0.0,0,"full flight, 5 EDPs",5,pairwise_maxent_mixture,Mixture pair + higher-order inference,0.05199564140615455
advantage_audience_expansion,Advantage+ audience expansion,weaker similarity,0.6,0.0,0,"full flight, 10 EDPs",10,baseline_vid,Existing VID,0.08587352291522797
advantage_audience_expansion,Advantage+ audience expansion,weaker similarity,0.6,0.0,0,"full flight, 10 EDPs",10,pair_aware_fixed_plus_shared_log,Pair-aware fixed + log,0.05107057974981794
advantage_audience_expansion,Advantage+ audience expansion,weaker similarity,0.6,0.0,0,"full flight, 10 EDPs",10,two_group_latent_mixture,Two-group mixture,0.01413113115869829
advantage_audience_expansion,Advantage+ audience expansion,weaker similarity,0.6,0.0,0,"full flight, 10 EDPs",10,pairwise_maxent_direct,Direct pair + higher-order inference,0.05649204476704026
advantage_audience_expansion,Advantage+ audience expansion,weaker similarity,0.6,0.0,0,"full flight, 10 EDPs",10,pairwise_maxent_mixture,Mixture pair + higher-order inference,0.03114186729792322
advantage_audience_expansion,Advantage+ audience expansion,weaker similarity,0.6,0.0,1,"full flight, 2 EDPs",2,baseline_vid,Existing VID,0.04009463233012721
advantage_audience_expansion,Advantage+ audience expansion,weaker similarity,0.6,0.0,1,"full flight, 2 EDPs",2,pair_aware_fixed_plus_shared_log,Pair-aware fixed + log,0.025533907964730273
advantage_audience_expansion,Advantage+ audience expansion,weaker similarity,0.6,0.0,1,"full flight, 2 EDPs",2,two_group_latent_mixture,Two-group mixture,0.023880931679049713
advantage_audience_expansion,Advantage+ audience expansion,weaker similarity,0.6,0.0,1,"full flight, 2 EDPs",2,pairwise_maxent_direct,Direct pair + higher-order inference,0.0030544098060761886
advantage_audience_expansion,Advantage+ audience expansion,weaker similarity,0.6,0.0,1,"full flight, 2 EDPs",2,pairwise_maxent_mixture,Mixture pair + higher-order inference,0.022928427872112817
advantage_audience_expansion,Advantage+ audience expansion,weaker similarity,0.6,0.0,1,"full flight, 5 EDPs",5,baseline_vid,Existing VID,0.07904889877217533
advantage_audience_expansion,Advantage+ audience expansion,weaker similarity,0.6,0.0,1,"full flight, 5 EDPs",5,pair_aware_fixed_plus_shared_log,Pair-aware fixed + log,0.058602912205794194
advantage_audience_expansion,Advantage+ audience expansion,weaker similarity,0.6,0.0,1,"full flight, 5 EDPs",5,two_group_latent_mixture,Two-group mixture,0.08110256125663298
advantage_audience_expansion,Advantage+ audience expansion,weaker similarity,0.6,0.0,1,"full flight, 5 EDPs",5,pairwise_maxent_direct,Direct pair + higher-order inference,0.01009920417926742
advantage_audience_expansion,Advantage+ audience expansion,weaker similarity,0.6,0.0,1,"full flight, 5 EDPs",5,pairwise_maxent_mixture,Mixture pair + higher-order inference,0.045457322242012245
advantage_audience_expansion,Advantage+ audience expansion,weaker similarity,0.6,0.0,1,"full flight, 10 EDPs",10,baseline_vid,Existing VID,0.08512743784844287
advantage_audience_expansion,Advantage+ audience expansion,weaker similarity,0.6,0.0,1,"full flight, 10 EDPs",10,pair_aware_fixed_plus_shared_log,Pair-aware fixed + log,0.04516159447840015
advantage_audience_expansion,Advantage+ audience expansion,weaker similarity,0.6,0.0,1,"full flight, 10 EDPs",10,two_group_latent_mixture,Two-group mixture,0.031592419774935356
advantage_audience_expansion,Advantage+ audience expansion,weaker similarity,0.6,0.0,1,"full flight, 10 EDPs",10,pairwise_maxent_direct,Direct pair + higher-order inference,0.07028570656272337
advantage_audience_expansion,Advantage+ audience expansion,weaker similarity,0.6,0.0,1,"full flight, 10 EDPs",10,pairwise_maxent_mixture,Mixture pair + higher-order inference,0.03945045324696084
advantage_audience_expansion,Advantage+ audience expansion,stronger similarity,1.5,0.0,0,"full flight, 2 EDPs",2,baseline_vid,Existing VID,0.19020947985087874
advantage_audience_expansion,Advantage+ audience expansion,stronger similarity,1.5,0.0,0,"full flight, 2 EDPs",2,pair_aware_fixed_plus_shared_log,Pair-aware fixed + log,0.053328537226388965
advantage_audience_expansion,Advantage+ audience expansion,stronger similarity,1.5,0.0,0,"full flight, 2 EDPs",2,two_group_latent_mixture,Two-group mixture,0.050477196854411675
advantage_audience_expansion,Advantage+ audience expansion,stronger similarity,1.5,0.0,0,"full flight, 2 EDPs",2,pairwise_maxent_direct,Direct pair + higher-order inference,4.917999896752079e-05
advantage_audience_expansion,Advantage+ audience expansion,stronger similarity,1.5,0.0,0,"full flight, 2 EDPs",2,pairwise_maxent_mixture,Mixture pair + higher-order inference,0.04419166369301937
advantage_audience_expansion,Advantage+ audience expansion,stronger similarity,1.5,0.0,0,"full flight, 5 EDPs",5,baseline_vid,Existing VID,0.39419630666347066
advantage_audience_expansion,Advantage+ audience expansion,stronger similarity,1.5,0.0,0,"full flight, 5 EDPs",5,pair_aware_fixed_plus_shared_log,Pair-aware fixed + log,0.2981308032049342
advantage_audience_expansion,Advantage+ audience expansion,stronger similarity,1.5,0.0,0,"full flight, 5 EDPs",5,two_group_latent_mixture,Two-group mixture,0.3065070134231682
advantage_audience_expansion,Advantage+ audience expansion,stronger similarity,1.5,0.0,0,"full flight, 5 EDPs",5,pairwise_maxent_direct,Direct pair + higher-order inference,0.020236530280133603
advantage_audience_expansion,Advantage+ audience expansion,stronger similarity,1.5,0.0,0,"full flight, 5 EDPs",5,pairwise_maxent_mixture,Mixture pair + higher-order inference,0.08038198242741414
advantage_audience_expansion,Advantage+ audience expansion,stronger similarity,1.5,0.0,0,"full flight, 10 EDPs",10,baseline_vid,Existing VID,0.4809482031882031
advantage_audience_expansion,Advantage+ audience expansion,stronger similarity,1.5,0.0,0,"full flight, 10 EDPs",10,pair_aware_fixed_plus_shared_log,Pair-aware fixed + log,0.25371606200838004
advantage_audience_expansion,Advantage+ audience expansion,stronger similarity,1.5,0.0,0,"full flight, 10 EDPs",10,two_group_latent_mixture,Two-group mixture,0.24409737916919283
advantage_audience_expansion,Advantage+ audience expansion,stronger similarity,1.5,0.0,0,"full flight, 10 EDPs",10,pairwise_maxent_direct,Direct pair + higher-order inference,0.11889694270488846
advantage_audience_expansion,Advantage+ audience expansion,stronger similarity,1.5,0.0,0,"full flight, 10 EDPs",10,pairwise_maxent_mixture,Mixture pair + higher-order inference,0.10442137578541372
advantage_audience_expansion,Advantage+ audience expansion,stronger similarity,1.5,0.0,1,"full flight, 2 EDPs",2,baseline_vid,Existing VID,0.19147858539186066
advantage_audience_expansion,Advantage+ audience expansion,stronger similarity,1.5,0.0,1,"full flight, 2 EDPs",2,pair_aware_fixed_plus_shared_log,Pair-aware fixed + log,0.04206739114654018
advantage_audience_expansion,Advantage+ audience expansion,stronger similarity,1.5,0.0,1,"full flight, 2 EDPs",2,two_group_latent_mixture,Two-group mixture,0.0391149705261715
advantage_audience_expansion,Advantage+ audience expansion,stronger similarity,1.5,0.0,1,"full flight, 2 EDPs",2,pairwise_maxent_direct,Direct pair + higher-order inference,0.013369663055853229
advantage_audience_expansion,Advantage+ audience expansion,stronger similarity,1.5,0.0,1,"full flight, 2 EDPs",2,pairwise_maxent_mixture,Mixture pair + higher-order inference,0.03239984066625188
advantage_audience_expansion,Advantage+ audience expansion,stronger similarity,1.5,0.0,1,"full flight, 5 EDPs",5,baseline_vid,Existing VID,0.39873316504678413
advantage_audience_expansion,Advantage+ audience expansion,stronger similarity,1.5,0.0,1,"full flight, 5 EDPs",5,pair_aware_fixed_plus_shared_log,Pair-aware fixed + log,0.2839658332088972
advantage_audience_expansion,Advantage+ audience expansion,stronger similarity,1.5,0.0,1,"full flight, 5 EDPs",5,two_group_latent_mixture,Two-group mixture,0.3001422959865603
advantage_audience_expansion,Advantage+ audience expansion,stronger similarity,1.5,0.0,1,"full flight, 5 EDPs",5,pairwise_maxent_direct,Direct pair + higher-order inference,0.008943115625369832
advantage_audience_expansion,Advantage+ audience expansion,stronger similarity,1.5,0.0,1,"full flight, 5 EDPs",5,pairwise_maxent_mixture,Mixture pair + higher-order inference,0.07107470591500503
advantage_audience_expansion,Advantage+ audience expansion,stronger similarity,1.5,0.0,1,"full flight, 10 EDPs",10,baseline_vid,Existing VID,0.47305507485675363
advantage_audience_expansion,Advantage+ audience expansion,stronger similarity,1.5,0.0,1,"full flight, 10 EDPs",10,pair_aware_fixed_plus_shared_log,Pair-aware fixed + log,0.22621539164613041
advantage_audience_expansion,Advantage+ audience expansion,stronger similarity,1.5,0.0,1,"full flight, 10 EDPs",10,two_group_latent_mixture,Two-group mixture,0.22220587554884605
advantage_audience_expansion,Advantage+ audience expansion,stronger similarity,1.5,0.0,1,"full flight, 10 EDPs",10,pairwise_maxent_direct,Direct pair + higher-order inference,0.10731879204321948
advantage_audience_expansion,Advantage+ audience expansion,stronger similarity,1.5,0.0,1,"full flight, 10 EDPs",10,pairwise_maxent_mixture,Mixture pair + higher-order inference,0.09264039107666501
advantage_audience_expansion,Advantage+ audience expansion,lower matchability,1.0,-0.25,0,"full flight, 2 EDPs",2,baseline_vid,Existing VID,0.10343153390388414
advantage_audience_expansion,Advantage+ audience expansion,lower matchability,1.0,-0.25,0,"full flight, 2 EDPs",2,pair_aware_fixed_plus_shared_log,Pair-aware fixed + log,0.09047111641155695
advantage_audience_expansion,Advantage+ audience expansion,lower matchability,1.0,-0.25,0,"full flight, 2 EDPs",2,two_group_latent_mixture,Two-group mixture,0.08873758122623322
advantage_audience_expansion,Advantage+ audience expansion,lower matchability,1.0,-0.25,0,"full flight, 2 EDPs",2,pairwise_maxent_direct,Direct pair + higher-order inference,0.06060633506422815
advantage_audience_expansion,Advantage+ audience expansion,lower matchability,1.0,-0.25,0,"full flight, 2 EDPs",2,pairwise_maxent_mixture,Mixture pair + higher-order inference,0.08786745828662602
advantage_audience_expansion,Advantage+ audience expansion,lower matchability,1.0,-0.25,0,"full flight, 5 EDPs",5,baseline_vid,Existing VID,0.2133340710052369
advantage_audience_expansion,Advantage+ audience expansion,lower matchability,1.0,-0.25,0,"full flight, 5 EDPs",5,pair_aware_fixed_plus_shared_log,Pair-aware fixed + log,0.15924670496672413
advantage_audience_expansion,Advantage+ audience expansion,lower matchability,1.0,-0.25,0,"full flight, 5 EDPs",5,two_group_latent_mixture,Two-group mixture,0.22073282522333418
advantage_audience_expansion,Advantage+ audience expansion,lower matchability,1.0,-0.25,0,"full flight, 5 EDPs",5,pairwise_maxent_direct,Direct pair + higher-order inference,0.13004786704288201
advantage_audience_expansion,Advantage+ audience expansion,lower matchability,1.0,-0.25,0,"full flight, 5 EDPs",5,pairwise_maxent_mixture,Mixture pair + higher-order inference,0.17001809503015644
advantage_audience_expansion,Advantage+ audience expansion,lower matchability,1.0,-0.25,0,"full flight, 10 EDPs",10,baseline_vid,Existing VID,0.24861964499660447
advantage_audience_expansion,Advantage+ audience expansion,lower matchability,1.0,-0.25,0,"full flight, 10 EDPs",10,pair_aware_fixed_plus_shared_log,Pair-aware fixed + log,0.05260209530607431
advantage_audience_expansion,Advantage+ audience expansion,lower matchability,1.0,-0.25,0,"full flight, 10 EDPs",10,two_group_latent_mixture,Two-group mixture,0.1284153757767197
advantage_audience_expansion,Advantage+ audience expansion,lower matchability,1.0,-0.25,0,"full flight, 10 EDPs",10,pairwise_maxent_direct,Direct pair + higher-order inference,0.2277653124124064
advantage_audience_expansion,Advantage+ audience expansion,lower matchability,1.0,-0.25,0,"full flight, 10 EDPs",10,pairwise_maxent_mixture,Mixture pair + higher-order inference,0.19271684259479713
advantage_audience_expansion,Advantage+ audience expansion,lower matchability,1.0,-0.25,1,"full flight, 2 EDPs",2,baseline_vid,Existing VID,0.10361316872427984
advantage_audience_expansion,Advantage+ audience expansion,lower matchability,1.0,-0.25,1,"full flight, 2 EDPs",2,pair_aware_fixed_plus_shared_log,Pair-aware fixed + log,0.07173002483422239
advantage_audience_expansion,Advantage+ audience expansion,lower matchability,1.0,-0.25,1,"full flight, 2 EDPs",2,two_group_latent_mixture,Two-group mixture,0.06984366586412434
advantage_audience_expansion,Advantage+ audience expansion,lower matchability,1.0,-0.25,1,"full flight, 2 EDPs",2,pairwise_maxent_direct,Direct pair + higher-order inference,0.03838393611037891
advantage_audience_expansion,Advantage+ audience expansion,lower matchability,1.0,-0.25,1,"full flight, 2 EDPs",2,pairwise_maxent_mixture,Mixture pair + higher-order inference,0.0679560518841383
advantage_audience_expansion,Advantage+ audience expansion,lower matchability,1.0,-0.25,1,"full flight, 5 EDPs",5,baseline_vid,Existing VID,0.21497431615468482
advantage_audience_expansion,Advantage+ audience expansion,lower matchability,1.0,-0.25,1,"full flight, 5 EDPs",5,pair_aware_fixed_plus_shared_log,Pair-aware fixed + log,0.1615634205168323
advantage_audience_expansion,Advantage+ audience expansion,lower matchability,1.0,-0.25,1,"full flight, 5 EDPs",5,two_group_latent_mixture,Two-group mixture,0.21614327972294992
advantage_audience_expansion,Advantage+ audience expansion,lower matchability,1.0,-0.25,1,"full flight, 5 EDPs",5,pairwise_maxent_direct,Direct pair + higher-order inference,0.13010318015617972
advantage_audience_expansion,Advantage+ audience expansion,lower matchability,1.0,-0.25,1,"full flight, 5 EDPs",5,pairwise_maxent_mixture,Mixture pair + higher-order inference,0.1706440396143307
advantage_audience_expansion,Advantage+ audience expansion,lower matchability,1.0,-0.25,1,"full flight, 10 EDPs",10,baseline_vid,Existing VID,0.25045564266484965
advantage_audience_expansion,Advantage+ audience expansion,lower matchability,1.0,-0.25,1,"full flight, 10 EDPs",10,pair_aware_fixed_plus_shared_log,Pair-aware fixed + log,0.05842712622947849
advantage_audience_expansion,Advantage+ audience expansion,lower matchability,1.0,-0.25,1,"full flight, 10 EDPs",10,two_group_latent_mixture,Two-group mixture,0.13788473947727664
advantage_audience_expansion,Advantage+ audience expansion,lower matchability,1.0,-0.25,1,"full flight, 10 EDPs",10,pairwise_maxent_direct,Direct pair + higher-order inference,0.23921905827034068
advantage_audience_expansion,Advantage+ audience expansion,lower matchability,1.0,-0.25,1,"full flight, 10 EDPs",10,pairwise_maxent_mixture,Mixture pair + higher-order inference,0.20223398384509914
advantage_audience_expansion,Advantage+ audience expansion,higher matchability,1.0,0.25,0,"full flight, 2 EDPs",2,baseline_vid,Existing VID,0.139050288820931
advantage_audience_expansion,Advantage+ audience expansion,higher matchability,1.0,0.25,0,"full flight, 2 EDPs",2,pair_aware_fixed_plus_shared_log,Pair-aware fixed + log,0.0065904928544267246
advantage_audience_expansion,Advantage+ audience expansion,higher matchability,1.0,0.25,0,"full flight, 2 EDPs",2,two_group_latent_mixture,Two-group mixture,0.003850129825516401
advantage_audience_expansion,Advantage+ audience expansion,higher matchability,1.0,0.25,0,"full flight, 2 EDPs",2,pairwise_maxent_direct,Direct pair + higher-order inference,0.0447301464641199
advantage_audience_expansion,Advantage+ audience expansion,higher matchability,1.0,0.25,0,"full flight, 2 EDPs",2,pairwise_maxent_mixture,Mixture pair + higher-order inference,0.002215889754943927
advantage_audience_expansion,Advantage+ audience expansion,higher matchability,1.0,0.25,0,"full flight, 5 EDPs",5,baseline_vid,Existing VID,0.28476231456149065
advantage_audience_expansion,Advantage+ audience expansion,higher matchability,1.0,0.25,0,"full flight, 5 EDPs",5,pair_aware_fixed_plus_shared_log,Pair-aware fixed + log,0.19337422023657275
advantage_audience_expansion,Advantage+ audience expansion,higher matchability,1.0,0.25,0,"full flight, 5 EDPs",5,two_group_latent_mixture,Two-group mixture,0.1965944663215857
advantage_audience_expansion,Advantage+ audience expansion,higher matchability,1.0,0.25,0,"full flight, 5 EDPs",5,pairwise_maxent_direct,Direct pair + higher-order inference,0.08404653633906052
advantage_audience_expansion,Advantage+ audience expansion,higher matchability,1.0,0.25,0,"full flight, 5 EDPs",5,pairwise_maxent_mixture,Mixture pair + higher-order inference,0.027420616281427022
advantage_audience_expansion,Advantage+ audience expansion,higher matchability,1.0,0.25,0,"full flight, 10 EDPs",10,baseline_vid,Existing VID,0.33083885118573925
advantage_audience_expansion,Advantage+ audience expansion,higher matchability,1.0,0.25,0,"full flight, 10 EDPs",10,pair_aware_fixed_plus_shared_log,Pair-aware fixed + log,0.11970590434107013
advantage_audience_expansion,Advantage+ audience expansion,higher matchability,1.0,0.25,0,"full flight, 10 EDPs",10,two_group_latent_mixture,Two-group mixture,0.11983335172491727
advantage_audience_expansion,Advantage+ audience expansion,higher matchability,1.0,0.25,0,"full flight, 10 EDPs",10,pairwise_maxent_direct,Direct pair + higher-order inference,0.05223836462130483
advantage_audience_expansion,Advantage+ audience expansion,higher matchability,1.0,0.25,0,"full flight, 10 EDPs",10,pairwise_maxent_mixture,Mixture pair + higher-order inference,0.0016780719952791683
advantage_audience_expansion,Advantage+ audience expansion,higher matchability,1.0,0.25,1,"full flight, 2 EDPs",2,baseline_vid,Existing VID,0.12964616680707666
advantage_audience_expansion,Advantage+ audience expansion,higher matchability,1.0,0.25,1,"full flight, 2 EDPs",2,pair_aware_fixed_plus_shared_log,Pair-aware fixed + log,0.0005864669862572847
advantage_audience_expansion,Advantage+ audience expansion,higher matchability,1.0,0.25,1,"full flight, 2 EDPs",2,two_group_latent_mixture,Two-group mixture,0.003295227483542606
advantage_audience_expansion,Advantage+ audience expansion,higher matchability,1.0,0.25,1,"full flight, 2 EDPs",2,pairwise_maxent_direct,Direct pair + higher-order inference,0.05129950375841813
advantage_audience_expansion,Advantage+ audience expansion,higher matchability,1.0,0.25,1,"full flight, 2 EDPs",2,pairwise_maxent_mixture,Mixture pair + higher-order inference,0.009271915707275862
advantage_audience_expansion,Advantage+ audience expansion,higher matchability,1.0,0.25,1,"full flight, 5 EDPs",5,baseline_vid,Existing VID,0.27056239693492745
advantage_audience_expansion,Advantage+ audience expansion,higher matchability,1.0,0.25,1,"full flight, 5 EDPs",5,pair_aware_fixed_plus_shared_log,Pair-aware fixed + log,0.17083548125845693
advantage_audience_expansion,Advantage+ audience expansion,higher matchability,1.0,0.25,1,"full flight, 5 EDPs",5,two_group_latent_mixture,Two-group mixture,0.16973813486559053
advantage_audience_expansion,Advantage+ audience expansion,higher matchability,1.0,0.25,1,"full flight, 5 EDPs",5,pairwise_maxent_direct,Direct pair + higher-order inference,0.09250793663691416
advantage_audience_expansion,Advantage+ audience expansion,higher matchability,1.0,0.25,1,"full flight, 5 EDPs",5,pairwise_maxent_mixture,Mixture pair + higher-order inference,0.03597834681412058
advantage_audience_expansion,Advantage+ audience expansion,higher matchability,1.0,0.25,1,"full flight, 10 EDPs",10,baseline_vid,Existing VID,0.3190882158214934
advantage_audience_expansion,Advantage+ audience expansion,higher matchability,1.0,0.25,1,"full flight, 10 EDPs",10,pair_aware_fixed_plus_shared_log,Pair-aware fixed + log,0.124675647574349
advantage_audience_expansion,Advantage+ audience expansion,higher matchability,1.0,0.25,1,"full flight, 10 EDPs",10,two_group_latent_mixture,Two-group mixture,0.1159384114227692
advantage_audience_expansion,Advantage+ audience expansion,higher matchability,1.0,0.25,1,"full flight, 10 EDPs",10,pairwise_maxent_direct,Direct pair + higher-order inference,0.06029790904497619
advantage_audience_expansion,Advantage+ audience expansion,higher matchability,1.0,0.25,1,"full flight, 10 EDPs",10,pairwise_maxent_mixture,Mixture pair + higher-order inference,0.027229198475240374
app_activity_retargeting,App activity retargeting,central,1.0,0.0,0,"full flight, 2 EDPs",2,baseline_vid,Existing VID,0.40134874759152217
app_activity_retargeting,App activity retargeting,central,1.0,0.0,0,"full flight, 2 EDPs",2,pair_aware_fixed_plus_shared_log,Pair-aware fixed + log,0.24763432093751722
app_activity_retargeting,App activity retargeting,central,1.0,0.0,0,"full flight, 2 EDPs",2,two_group_latent_mixture,Two-group mixture,0.19978387139279183
app_activity_retargeting,App activity retargeting,central,1.0,0.0,0,"full flight, 2 EDPs",2,pairwise_maxent_direct,Direct pair + higher-order inference,0.16204201447288713
app_activity_retargeting,App activity retargeting,central,1.0,0.0,0,"full flight, 2 EDPs",2,pairwise_maxent_mixture,Mixture pair + higher-order inference,0.1697018625110675
app_activity_retargeting,App activity retargeting,central,1.0,0.0,0,"full flight, 5 EDPs",5,baseline_vid,Existing VID,1.1691276795962102
app_activity_retargeting,App activity retargeting,central,1.0,0.0,0,"full flight, 5 EDPs",5,pair_aware_fixed_plus_shared_log,Pair-aware fixed + log,0.932692604655142
app_activity_retargeting,App activity retargeting,central,1.0,0.0,0,"full flight, 5 EDPs",5,two_group_latent_mixture,Two-group mixture,0.8309210452159532
app_activity_retargeting,App activity retargeting,central,1.0,0.0,0,"full flight, 5 EDPs",5,pairwise_maxent_direct,Direct pair + higher-order inference,0.5640356470299198
app_activity_retargeting,App activity retargeting,central,1.0,0.0,0,"full flight, 5 EDPs",5,pairwise_maxent_mixture,Mixture pair + higher-order inference,0.5505336137088299
app_activity_retargeting,App activity retargeting,central,1.0,0.0,0,"full flight, 10 EDPs",10,baseline_vid,Existing VID,1.7409007527702407
app_activity_retargeting,App activity retargeting,central,1.0,0.0,0,"full flight, 10 EDPs",10,pair_aware_fixed_plus_shared_log,Pair-aware fixed + log,1.296001199969245
app_activity_retargeting,App activity retargeting,central,1.0,0.0,0,"full flight, 10 EDPs",10,two_group_latent_mixture,Two-group mixture,1.186217013475073
app_activity_retargeting,App activity retargeting,central,1.0,0.0,0,"full flight, 10 EDPs",10,pairwise_maxent_direct,Direct pair + higher-order inference,1.0658216361929795
app_activity_retargeting,App activity retargeting,central,1.0,0.0,0,"full flight, 10 EDPs",10,pairwise_maxent_mixture,Mixture pair + higher-order inference,0.9178728025122458
app_activity_retargeting,App activity retargeting,central,1.0,0.0,1,"full flight, 2 EDPs",2,baseline_vid,Existing VID,0.37312775330396475
app_activity_retargeting,App activity retargeting,central,1.0,0.0,1,"full flight, 2 EDPs",2,pair_aware_fixed_plus_shared_log,Pair-aware fixed + log,0.23106308487967697
app_activity_retargeting,App activity retargeting,central,1.0,0.0,1,"full flight, 2 EDPs",2,two_group_latent_mixture,Two-group mixture,0.1861437595919628
app_activity_retargeting,App activity retargeting,central,1.0,0.0,1,"full flight, 2 EDPs",2,pairwise_maxent_direct,Direct pair + higher-order inference,0.15002925442775947
app_activity_retargeting,App activity retargeting,central,1.0,0.0,1,"full flight, 2 EDPs",2,pairwise_maxent_mixture,Mixture pair + higher-order inference,0.15725281688640746
app_activity_retargeting,App activity retargeting,central,1.0,0.0,1,"full flight, 5 EDPs",5,baseline_vid,Existing VID,1.1024357499312056
app_activity_retargeting,App activity retargeting,central,1.0,0.0,1,"full flight, 5 EDPs",5,pair_aware_fixed_plus_shared_log,Pair-aware fixed + log,0.8532787175505272
app_activity_retargeting,App activity retargeting,central,1.0,0.0,1,"full flight, 5 EDPs",5,two_group_latent_mixture,Two-group mixture,0.7772686773445765
app_activity_retargeting,App activity retargeting,central,1.0,0.0,1,"full flight, 5 EDPs",5,pairwise_maxent_direct,Direct pair + higher-order inference,0.5511604289976527
app_activity_retargeting,App activity retargeting,central,1.0,0.0,1,"full flight, 5 EDPs",5,pairwise_maxent_mixture,Mixture pair + higher-order inference,0.5393040584224088
app_activity_retargeting,App activity retargeting,central,1.0,0.0,1,"full flight, 10 EDPs",10,baseline_vid,Existing VID,1.6676858225116866
app_activity_retargeting,App activity retargeting,central,1.0,0.0,1,"full flight, 10 EDPs",10,pair_aware_fixed_plus_shared_log,Pair-aware fixed + log,1.2514306937542505
app_activity_retargeting,App activity retargeting,central,1.0,0.0,1,"full flight, 10 EDPs",10,two_group_latent_mixture,Two-group mixture,1.1398868504398805
app_activity_retargeting,App activity retargeting,central,1.0,0.0,1,"full flight, 10 EDPs",10,pairwise_maxent_direct,Direct pair + higher-order inference,1.0620069021625629
app_activity_retargeting,App activity retargeting,central,1.0,0.0,1,"full flight, 10 EDPs",10,pairwise_maxent_mixture,Mixture pair + higher-order inference,0.9361622467708174
app_activity_retargeting,App activity retargeting,weaker similarity,0.7,0.0,0,"full flight, 2 EDPs",2,baseline_vid,Existing VID,0.27224489795918366
app_activity_retargeting,App activity retargeting,weaker similarity,0.7,0.0,0,"full flight, 2 EDPs",2,pair_aware_fixed_plus_shared_log,Pair-aware fixed + log,0.17207280680899023
app_activity_retargeting,App activity retargeting,weaker similarity,0.7,0.0,0,"full flight, 2 EDPs",2,two_group_latent_mixture,Two-group mixture,0.1377365828890677
app_activity_retargeting,App activity retargeting,weaker similarity,0.7,0.0,0,"full flight, 2 EDPs",2,pairwise_maxent_direct,Direct pair + higher-order inference,0.10779739583157763
app_activity_retargeting,App activity retargeting,weaker similarity,0.7,0.0,0,"full flight, 2 EDPs",2,pairwise_maxent_mixture,Mixture pair + higher-order inference,0.11344371751498376
app_activity_retargeting,App activity retargeting,weaker similarity,0.7,0.0,0,"full flight, 5 EDPs",5,baseline_vid,Existing VID,0.7994963450662261
app_activity_retargeting,App activity retargeting,weaker similarity,0.7,0.0,0,"full flight, 5 EDPs",5,pair_aware_fixed_plus_shared_log,Pair-aware fixed + log,0.6674487384425613
app_activity_retargeting,App activity retargeting,weaker similarity,0.7,0.0,0,"full flight, 5 EDPs",5,two_group_latent_mixture,Two-group mixture,0.567299394987872
app_activity_retargeting,App activity retargeting,weaker similarity,0.7,0.0,0,"full flight, 5 EDPs",5,pairwise_maxent_direct,Direct pair + higher-order inference,0.41883578477176076
app_activity_retargeting,App activity retargeting,weaker similarity,0.7,0.0,0,"full flight, 5 EDPs",5,pairwise_maxent_mixture,Mixture pair + higher-order inference,0.4073836418694237
app_activity_retargeting,App activity retargeting,weaker similarity,0.7,0.0,0,"full flight, 10 EDPs",10,baseline_vid,Existing VID,1.1935962893576528
app_activity_retargeting,App activity retargeting,weaker similarity,0.7,0.0,0,"full flight, 10 EDPs",10,pair_aware_fixed_plus_shared_log,Pair-aware fixed + log,0.9163040984597599
app_activity_retargeting,App activity retargeting,weaker similarity,0.7,0.0,0,"full flight, 10 EDPs",10,two_group_latent_mixture,Two-group mixture,0.827349782725116
app_activity_retargeting,App activity retargeting,weaker similarity,0.7,0.0,0,"full flight, 10 EDPs",10,pairwise_maxent_direct,Direct pair + higher-order inference,0.7895882688736311
app_activity_retargeting,App activity retargeting,weaker similarity,0.7,0.0,0,"full flight, 10 EDPs",10,pairwise_maxent_mixture,Mixture pair + higher-order inference,0.6898421195673515
app_activity_retargeting,App activity retargeting,weaker similarity,0.7,0.0,1,"full flight, 2 EDPs",2,baseline_vid,Existing VID,0.25613126079447324
app_activity_retargeting,App activity retargeting,weaker similarity,0.7,0.0,1,"full flight, 2 EDPs",2,pair_aware_fixed_plus_shared_log,Pair-aware fixed + log,0.159533244540801
app_activity_retargeting,App activity retargeting,weaker similarity,0.7,0.0,1,"full flight, 2 EDPs",2,two_group_latent_mixture,Two-group mixture,0.12616943539176684
app_activity_retargeting,App activity retargeting,weaker similarity,0.7,0.0,1,"full flight, 2 EDPs",2,pairwise_maxent_direct,Direct pair + higher-order inference,0.09689367033081557
app_activity_retargeting,App activity retargeting,weaker similarity,0.7,0.0,1,"full flight, 2 EDPs",2,pairwise_maxent_mixture,Mixture pair + higher-order inference,0.10239103332836788
app_activity_retargeting,App activity retargeting,weaker similarity,0.7,0.0,1,"full flight, 5 EDPs",5,baseline_vid,Existing VID,0.7894605439139907
app_activity_retargeting,App activity retargeting,weaker similarity,0.7,0.0,1,"full flight, 5 EDPs",5,pair_aware_fixed_plus_shared_log,Pair-aware fixed + log,0.6060296560081193
app_activity_retargeting,App activity retargeting,weaker similarity,0.7,0.0,1,"full flight, 5 EDPs",5,two_group_latent_mixture,Two-group mixture,0.5383942431812971
app_activity_retargeting,App activity retargeting,weaker similarity,0.7,0.0,1,"full flight, 5 EDPs",5,pairwise_maxent_direct,Direct pair + higher-order inference,0.4141892474474786
app_activity_retargeting,App activity retargeting,weaker similarity,0.7,0.0,1,"full flight, 5 EDPs",5,pairwise_maxent_mixture,Mixture pair + higher-order inference,0.40483302849849845
app_activity_retargeting,App activity retargeting,weaker similarity,0.7,0.0,1,"full flight, 10 EDPs",10,baseline_vid,Existing VID,1.1857401944096946
app_activity_retargeting,App activity retargeting,weaker similarity,0.7,0.0,1,"full flight, 10 EDPs",10,pair_aware_fixed_plus_shared_log,Pair-aware fixed + log,0.9037184265665055
app_activity_retargeting,App activity retargeting,weaker similarity,0.7,0.0,1,"full flight, 10 EDPs",10,two_group_latent_mixture,Two-group mixture,0.8142020486959496
app_activity_retargeting,App activity retargeting,weaker similarity,0.7,0.0,1,"full flight, 10 EDPs",10,pairwise_maxent_direct,Direct pair + higher-order inference,0.7692323473253064
app_activity_retargeting,App activity retargeting,weaker similarity,0.7,0.0,1,"full flight, 10 EDPs",10,pairwise_maxent_mixture,Mixture pair + higher-order inference,0.6790320857877146
app_activity_retargeting,App activity retargeting,stronger similarity,1.35,0.0,0,"full flight, 2 EDPs",2,baseline_vid,Existing VID,0.47127444369521243
app_activity_retargeting,App activity retargeting,stronger similarity,1.35,0.0,0,"full flight, 2 EDPs",2,pair_aware_fixed_plus_shared_log,Pair-aware fixed + log,0.29884370994533505
app_activity_retargeting,App activity retargeting,stronger similarity,1.35,0.0,0,"full flight, 2 EDPs",2,two_group_latent_mixture,Two-group mixture,0.24607079177360858
app_activity_retargeting,App activity retargeting,stronger similarity,1.35,0.0,0,"full flight, 2 EDPs",2,pairwise_maxent_direct,Direct pair + higher-order inference,0.20536618065304818
app_activity_retargeting,App activity retargeting,stronger similarity,1.35,0.0,0,"full flight, 2 EDPs",2,pairwise_maxent_mixture,Mixture pair + higher-order inference,0.21377129280350132
app_activity_retargeting,App activity retargeting,stronger similarity,1.35,0.0,0,"full flight, 5 EDPs",5,baseline_vid,Existing VID,1.4279583980579234
app_activity_retargeting,App activity retargeting,stronger similarity,1.35,0.0,0,"full flight, 5 EDPs",5,pair_aware_fixed_plus_shared_log,Pair-aware fixed + log,1.0622495124057325
app_activity_retargeting,App activity retargeting,stronger similarity,1.35,0.0,0,"full flight, 5 EDPs",5,two_group_latent_mixture,Two-group mixture,0.9809941077226758
app_activity_retargeting,App activity retargeting,stronger similarity,1.35,0.0,0,"full flight, 5 EDPs",5,pairwise_maxent_direct,Direct pair + higher-order inference,0.7004386873530408
app_activity_retargeting,App activity retargeting,stronger similarity,1.35,0.0,0,"full flight, 5 EDPs",5,pairwise_maxent_mixture,Mixture pair + higher-order inference,0.6848008884136011
app_activity_retargeting,App activity retargeting,stronger similarity,1.35,0.0,0,"full flight, 10 EDPs",10,baseline_vid,Existing VID,2.156761556638829
app_activity_retargeting,App activity retargeting,stronger similarity,1.35,0.0,0,"full flight, 10 EDPs",10,pair_aware_fixed_plus_shared_log,Pair-aware fixed + log,1.6135877191432335
app_activity_retargeting,App activity retargeting,stronger similarity,1.35,0.0,0,"full flight, 10 EDPs",10,two_group_latent_mixture,Two-group mixture,1.4612635695832377
app_activity_retargeting,App activity retargeting,stronger similarity,1.35,0.0,0,"full flight, 10 EDPs",10,pairwise_maxent_direct,Direct pair + higher-order inference,1.297215184648353
app_activity_retargeting,App activity retargeting,stronger similarity,1.35,0.0,0,"full flight, 10 EDPs",10,pairwise_maxent_mixture,Mixture pair + higher-order inference,1.117686431635726
app_activity_retargeting,App activity retargeting,stronger similarity,1.35,0.0,1,"full flight, 2 EDPs",2,baseline_vid,Existing VID,0.4702830188679245
app_activity_retargeting,App activity retargeting,stronger similarity,1.35,0.0,1,"full flight, 2 EDPs",2,pair_aware_fixed_plus_shared_log,Pair-aware fixed + log,0.2832195558815482
app_activity_retargeting,App activity retargeting,stronger similarity,1.35,0.0,1,"full flight, 2 EDPs",2,two_group_latent_mixture,Two-group mixture,0.22710644814869807
app_activity_retargeting,App activity retargeting,stronger similarity,1.35,0.0,1,"full flight, 2 EDPs",2,pairwise_maxent_direct,Direct pair + higher-order inference,0.1850481188773617
app_activity_retargeting,App activity retargeting,stronger similarity,1.35,0.0,1,"full flight, 2 EDPs",2,pairwise_maxent_mixture,Mixture pair + higher-order inference,0.19393057432203703
app_activity_retargeting,App activity retargeting,stronger similarity,1.35,0.0,1,"full flight, 5 EDPs",5,baseline_vid,Existing VID,1.4378916001540107
app_activity_retargeting,App activity retargeting,stronger similarity,1.35,0.0,1,"full flight, 5 EDPs",5,pair_aware_fixed_plus_shared_log,Pair-aware fixed + log,1.0828551122938554
app_activity_retargeting,App activity retargeting,stronger similarity,1.35,0.0,1,"full flight, 5 EDPs",5,two_group_latent_mixture,Two-group mixture,0.9942958329722782
app_activity_retargeting,App activity retargeting,stronger similarity,1.35,0.0,1,"full flight, 5 EDPs",5,pairwise_maxent_direct,Direct pair + higher-order inference,0.7159141239622909
app_activity_retargeting,App activity retargeting,stronger similarity,1.35,0.0,1,"full flight, 5 EDPs",5,pairwise_maxent_mixture,Mixture pair + higher-order inference,0.7010386775341266
app_activity_retargeting,App activity retargeting,stronger similarity,1.35,0.0,1,"full flight, 10 EDPs",10,baseline_vid,Existing VID,2.1585768306794493
app_activity_retargeting,App activity retargeting,stronger similarity,1.35,0.0,1,"full flight, 10 EDPs",10,pair_aware_fixed_plus_shared_log,Pair-aware fixed + log,1.6185262575945494
app_activity_retargeting,App activity retargeting,stronger similarity,1.35,0.0,1,"full flight, 10 EDPs",10,two_group_latent_mixture,Two-group mixture,1.4724199019438058
app_activity_retargeting,App activity retargeting,stronger similarity,1.35,0.0,1,"full flight, 10 EDPs",10,pairwise_maxent_direct,Direct pair + higher-order inference,1.3011297572835483
app_activity_retargeting,App activity retargeting,stronger similarity,1.35,0.0,1,"full flight, 10 EDPs",10,pairwise_maxent_mixture,Mixture pair + higher-order inference,1.1386279303282953
app_activity_retargeting,App activity retargeting,lower matchability,1.0,-0.35,0,"full flight, 2 EDPs",2,baseline_vid,Existing VID,0.447843397478434
app_activity_retargeting,App activity retargeting,lower matchability,1.0,-0.35,0,"full flight, 2 EDPs",2,pair_aware_fixed_plus_shared_log,Pair-aware fixed + log,0.3470815459976775
app_activity_retargeting,App activity retargeting,lower matchability,1.0,-0.35,0,"full flight, 2 EDPs",2,two_group_latent_mixture,Two-group mixture,0.31109995769070586
app_activity_retargeting,App activity retargeting,lower matchability,1.0,-0.35,0,"full flight, 2 EDPs",2,pairwise_maxent_direct,Direct pair + higher-order inference,0.27871283515435463
app_activity_retargeting,App activity retargeting,lower matchability,1.0,-0.35,0,"full flight, 2 EDPs",2,pairwise_maxent_mixture,Mixture pair + higher-order inference,0.28469236267248704
app_activity_retargeting,App activity retargeting,lower matchability,1.0,-0.35,0,"full flight, 5 EDPs",5,baseline_vid,Existing VID,1.338134825035601
app_activity_retargeting,App activity retargeting,lower matchability,1.0,-0.35,0,"full flight, 5 EDPs",5,pair_aware_fixed_plus_shared_log,Pair-aware fixed + log,1.1489370434978534
app_activity_retargeting,App activity retargeting,lower matchability,1.0,-0.35,0,"full flight, 5 EDPs",5,two_group_latent_mixture,Two-group mixture,1.0816683222052346
app_activity_retargeting,App activity retargeting,lower matchability,1.0,-0.35,0,"full flight, 5 EDPs",5,pairwise_maxent_direct,Direct pair + higher-order inference,0.9110562787170994
app_activity_retargeting,App activity retargeting,lower matchability,1.0,-0.35,0,"full flight, 5 EDPs",5,pairwise_maxent_mixture,Mixture pair + higher-order inference,0.8981700615942294
app_activity_retargeting,App activity retargeting,lower matchability,1.0,-0.35,0,"full flight, 10 EDPs",10,baseline_vid,Existing VID,1.9982342295587132
app_activity_retargeting,App activity retargeting,lower matchability,1.0,-0.35,0,"full flight, 10 EDPs",10,pair_aware_fixed_plus_shared_log,Pair-aware fixed + log,1.6860239346377153
app_activity_retargeting,App activity retargeting,lower matchability,1.0,-0.35,0,"full flight, 10 EDPs",10,two_group_latent_mixture,Two-group mixture,1.5548362241912665
app_activity_retargeting,App activity retargeting,lower matchability,1.0,-0.35,0,"full flight, 10 EDPs",10,pairwise_maxent_direct,Direct pair + higher-order inference,1.5950144507564759
app_activity_retargeting,App activity retargeting,lower matchability,1.0,-0.35,0,"full flight, 10 EDPs",10,pairwise_maxent_mixture,Mixture pair + higher-order inference,1.4985874961894177
app_activity_retargeting,App activity retargeting,lower matchability,1.0,-0.35,1,"full flight, 2 EDPs",2,baseline_vid,Existing VID,0.43640552995391707
app_activity_retargeting,App activity retargeting,lower matchability,1.0,-0.35,1,"full flight, 2 EDPs",2,pair_aware_fixed_plus_shared_log,Pair-aware fixed + log,0.3197922147779362
app_activity_retargeting,App activity retargeting,lower matchability,1.0,-0.35,1,"full flight, 2 EDPs",2,two_group_latent_mixture,Two-group mixture,0.2802068219650196
app_activity_retargeting,App activity retargeting,lower matchability,1.0,-0.35,1,"full flight, 2 EDPs",2,pairwise_maxent_direct,Direct pair + higher-order inference,0.24597850165984655
app_activity_retargeting,App activity retargeting,lower matchability,1.0,-0.35,1,"full flight, 2 EDPs",2,pairwise_maxent_mixture,Mixture pair + higher-order inference,0.2524712994045798
app_activity_retargeting,App activity retargeting,lower matchability,1.0,-0.35,1,"full flight, 5 EDPs",5,baseline_vid,Existing VID,1.3134955784046103
app_activity_retargeting,App activity retargeting,lower matchability,1.0,-0.35,1,"full flight, 5 EDPs",5,pair_aware_fixed_plus_shared_log,Pair-aware fixed + log,1.0901693253097786
app_activity_retargeting,App activity retargeting,lower matchability,1.0,-0.35,1,"full flight, 5 EDPs",5,two_group_latent_mixture,Two-group mixture,1.037060658688783
app_activity_retargeting,App activity retargeting,lower matchability,1.0,-0.35,1,"full flight, 5 EDPs",5,pairwise_maxent_direct,Direct pair + higher-order inference,0.8632053192209467
app_activity_retargeting,App activity retargeting,lower matchability,1.0,-0.35,1,"full flight, 5 EDPs",5,pairwise_maxent_mixture,Mixture pair + higher-order inference,0.8500102333283902
app_activity_retargeting,App activity retargeting,lower matchability,1.0,-0.35,1,"full flight, 10 EDPs",10,baseline_vid,Existing VID,1.9690622208386825
app_activity_retargeting,App activity retargeting,lower matchability,1.0,-0.35,1,"full flight, 10 EDPs",10,pair_aware_fixed_plus_shared_log,Pair-aware fixed + log,1.6218174257594316
app_activity_retargeting,App activity retargeting,lower matchability,1.0,-0.35,1,"full flight, 10 EDPs",10,two_group_latent_mixture,Two-group mixture,1.4987830562288496
app_activity_retargeting,App activity retargeting,lower matchability,1.0,-0.35,1,"full flight, 10 EDPs",10,pairwise_maxent_direct,Direct pair + higher-order inference,1.537168362310946
app_activity_retargeting,App activity retargeting,lower matchability,1.0,-0.35,1,"full flight, 10 EDPs",10,pairwise_maxent_mixture,Mixture pair + higher-order inference,1.4256291528221803
app_activity_retargeting,App activity retargeting,higher matchability,1.0,0.5,0,"full flight, 2 EDPs",2,baseline_vid,Existing VID,0.3924058710912572
app_activity_retargeting,App activity retargeting,higher matchability,1.0,0.5,0,"full flight, 2 EDPs",2,pair_aware_fixed_plus_shared_log,Pair-aware fixed + log,0.1269505216561177
app_activity_retargeting,App activity retargeting,higher matchability,1.0,0.5,0,"full flight, 2 EDPs",2,two_group_latent_mixture,Two-group mixture,0.053748127178872514
app_activity_retargeting,App activity retargeting,higher matchability,1.0,0.5,0,"full flight, 2 EDPs",2,pairwise_maxent_direct,Direct pair + higher-order inference,0.006673481695218952
app_activity_retargeting,App activity retargeting,higher matchability,1.0,0.5,0,"full flight, 2 EDPs",2,pairwise_maxent_mixture,Mixture pair + higher-order inference,0.017948031366608403
app_activity_retargeting,App activity retargeting,higher matchability,1.0,0.5,0,"full flight, 5 EDPs",5,baseline_vid,Existing VID,1.1770524675696827
app_activity_retargeting,App activity retargeting,higher matchability,1.0,0.5,0,"full flight, 5 EDPs",5,pair_aware_fixed_plus_shared_log,Pair-aware fixed + log,0.7318802687267009
app_activity_retargeting,App activity retargeting,higher matchability,1.0,0.5,0,"full flight, 5 EDPs",5,two_group_latent_mixture,Two-group mixture,0.639161480452643
app_activity_retargeting,App activity retargeting,higher matchability,1.0,0.5,0,"full flight, 5 EDPs",5,pairwise_maxent_direct,Direct pair + higher-order inference,0.16019522718865664
app_activity_retargeting,App activity retargeting,higher matchability,1.0,0.5,0,"full flight, 5 EDPs",5,pairwise_maxent_mixture,Mixture pair + higher-order inference,0.12992831330306767
app_activity_retargeting,App activity retargeting,higher matchability,1.0,0.5,0,"full flight, 10 EDPs",10,baseline_vid,Existing VID,1.7769287707540762
app_activity_retargeting,App activity retargeting,higher matchability,1.0,0.5,0,"full flight, 10 EDPs",10,pair_aware_fixed_plus_shared_log,Pair-aware fixed + log,1.104437725515739
app_activity_retargeting,App activity retargeting,higher matchability,1.0,0.5,0,"full flight, 10 EDPs",10,two_group_latent_mixture,Two-group mixture,1.0269642951197417
app_activity_retargeting,App activity retargeting,higher matchability,1.0,0.5,0,"full flight, 10 EDPs",10,pairwise_maxent_direct,Direct pair + higher-order inference,0.39873274382714663
app_activity_retargeting,App activity retargeting,higher matchability,1.0,0.5,0,"full flight, 10 EDPs",10,pairwise_maxent_mixture,Mixture pair + higher-order inference,0.17547367799767002
app_activity_retargeting,App activity retargeting,higher matchability,1.0,0.5,1,"full flight, 2 EDPs",2,baseline_vid,Existing VID,0.39063097514340345
app_activity_retargeting,App activity retargeting,higher matchability,1.0,0.5,1,"full flight, 2 EDPs",2,pair_aware_fixed_plus_shared_log,Pair-aware fixed + log,0.128175369332273
app_activity_retargeting,App activity retargeting,higher matchability,1.0,0.5,1,"full flight, 2 EDPs",2,two_group_latent_mixture,Two-group mixture,0.05566824455063688
app_activity_retargeting,App activity retargeting,higher matchability,1.0,0.5,1,"full flight, 2 EDPs",2,pairwise_maxent_direct,Direct pair + higher-order inference,0.00885340966926953
app_activity_retargeting,App activity retargeting,higher matchability,1.0,0.5,1,"full flight, 2 EDPs",2,pairwise_maxent_mixture,Mixture pair + higher-order inference,0.02002784123109111
app_activity_retargeting,App activity retargeting,higher matchability,1.0,0.5,1,"full flight, 5 EDPs",5,baseline_vid,Existing VID,1.1623807816814475
app_activity_retargeting,App activity retargeting,higher matchability,1.0,0.5,1,"full flight, 5 EDPs",5,pair_aware_fixed_plus_shared_log,Pair-aware fixed + log,0.7284579392639403
app_activity_retargeting,App activity retargeting,higher matchability,1.0,0.5,1,"full flight, 5 EDPs",5,two_group_latent_mixture,Two-group mixture,0.6166308950375528
app_activity_retargeting,App activity retargeting,higher matchability,1.0,0.5,1,"full flight, 5 EDPs",5,pairwise_maxent_direct,Direct pair + higher-order inference,0.13223090331930148
app_activity_retargeting,App activity retargeting,higher matchability,1.0,0.5,1,"full flight, 5 EDPs",5,pairwise_maxent_mixture,Mixture pair + higher-order inference,0.11071904156703044
app_activity_retargeting,App activity retargeting,higher matchability,1.0,0.5,1,"full flight, 10 EDPs",10,baseline_vid,Existing VID,1.738168050125405
app_activity_retargeting,App activity retargeting,higher matchability,1.0,0.5,1,"full flight, 10 EDPs",10,pair_aware_fixed_plus_shared_log,Pair-aware fixed + log,1.0828870935952823
app_activity_retargeting,App activity retargeting,higher matchability,1.0,0.5,1,"full flight, 10 EDPs",10,two_group_latent_mixture,Two-group mixture,1.003592296485311
app_activity_retargeting,App activity retargeting,higher matchability,1.0,0.5,1,"full flight, 10 EDPs",10,pairwise_maxent_direct,Direct pair + higher-order inference,0.4022415219289504
app_activity_retargeting,App activity retargeting,higher matchability,1.0,0.5,1,"full flight, 10 EDPs",10,pairwise_maxent_mixture,Mixture pair + higher-order inference,0.14334084626018764
unrelated_niche_control,Unrelated niche audiences,central,1.0,0.0,0,"full flight, 2 EDPs",2,baseline_vid,Existing VID,0.04297532656023204
unrelated_niche_control,Unrelated niche audiences,central,1.0,0.0,0,"full flight, 2 EDPs",2,pair_aware_fixed_plus_shared_log,Pair-aware fixed + log,0.04297532460046351
unrelated_niche_control,Unrelated niche audiences,central,1.0,0.0,0,"full flight, 2 EDPs",2,two_group_latent_mixture,Two-group mixture,0.042975324600459906
unrelated_niche_control,Unrelated niche audiences,central,1.0,0.0,0,"full flight, 2 EDPs",2,pairwise_maxent_direct,Direct pair + higher-order inference,0.04272708217261074
unrelated_niche_control,Unrelated niche audiences,central,1.0,0.0,0,"full flight, 2 EDPs",2,pairwise_maxent_mixture,Mixture pair + higher-order inference,0.04272708211890816
unrelated_niche_control,Unrelated niche audiences,central,1.0,0.0,0,"full flight, 5 EDPs",5,baseline_vid,Existing VID,0.08397378677486216
unrelated_niche_control,Unrelated niche audiences,central,1.0,0.0,0,"full flight, 5 EDPs",5,pair_aware_fixed_plus_shared_log,Pair-aware fixed + log,0.009459724841073583
unrelated_niche_control,Unrelated niche audiences,central,1.0,0.0,0,"full flight, 5 EDPs",5,two_group_latent_mixture,Two-group mixture,0.05412212438596833
unrelated_niche_control,Unrelated niche audiences,central,1.0,0.0,0,"full flight, 5 EDPs",5,pairwise_maxent_direct,Direct pair + higher-order inference,0.013009330065618439
unrelated_niche_control,Unrelated niche audiences,central,1.0,0.0,0,"full flight, 5 EDPs",5,pairwise_maxent_mixture,Mixture pair + higher-order inference,0.007952270490964627
unrelated_niche_control,Unrelated niche audiences,central,1.0,0.0,0,"full flight, 10 EDPs",10,baseline_vid,Existing VID,0.3999212009970216
unrelated_niche_control,Unrelated niche audiences,central,1.0,0.0,0,"full flight, 10 EDPs",10,pair_aware_fixed_plus_shared_log,Pair-aware fixed + log,0.23205850557158447
unrelated_niche_control,Unrelated niche audiences,central,1.0,0.0,0,"full flight, 10 EDPs",10,two_group_latent_mixture,Two-group mixture,0.16885798247989256
unrelated_niche_control,Unrelated niche audiences,central,1.0,0.0,0,"full flight, 10 EDPs",10,pairwise_maxent_direct,Direct pair + higher-order inference,0.1989601514810363
unrelated_niche_control,Unrelated niche audiences,central,1.0,0.0,0,"full flight, 10 EDPs",10,pairwise_maxent_mixture,Mixture pair + higher-order inference,0.07982696025122799
unrelated_niche_control,Unrelated niche audiences,central,1.0,0.0,1,"full flight, 2 EDPs",2,baseline_vid,Existing VID,0.04297532656023204
unrelated_niche_control,Unrelated niche audiences,central,1.0,0.0,1,"full flight, 2 EDPs",2,pair_aware_fixed_plus_shared_log,Pair-aware fixed + log,0.0429753265602452
unrelated_niche_control,Unrelated niche audiences,central,1.0,0.0,1,"full flight, 2 EDPs",2,two_group_latent_mixture,Two-group mixture,0.0429753265602452
unrelated_niche_control,Unrelated niche audiences,central,1.0,0.0,1,"full flight, 2 EDPs",2,pairwise_maxent_direct,Direct pair + higher-order inference,0.04297532656023222
unrelated_niche_control,Unrelated niche audiences,central,1.0,0.0,1,"full flight, 2 EDPs",2,pairwise_maxent_mixture,Mixture pair + higher-order inference,0.04297532656023222
unrelated_niche_control,Unrelated niche audiences,central,1.0,0.0,1,"full flight, 5 EDPs",5,baseline_vid,Existing VID,0.08002322349253158
unrelated_niche_control,Unrelated niche audiences,central,1.0,0.0,1,"full flight, 5 EDPs",5,pair_aware_fixed_plus_shared_log,Pair-aware fixed + log,0.01621666860152417
unrelated_niche_control,Unrelated niche audiences,central,1.0,0.0,1,"full flight, 5 EDPs",5,two_group_latent_mixture,Two-group mixture,0.06136111393155614
unrelated_niche_control,Unrelated niche audiences,central,1.0,0.0,1,"full flight, 5 EDPs",5,pairwise_maxent_direct,Direct pair + higher-order inference,0.00890951683305795
unrelated_niche_control,Unrelated niche audiences,central,1.0,0.0,1,"full flight, 5 EDPs",5,pairwise_maxent_mixture,Mixture pair + higher-order inference,0.004079153318732835
unrelated_niche_control,Unrelated niche audiences,central,1.0,0.0,1,"full flight, 10 EDPs",10,baseline_vid,Existing VID,0.38945450042881957
unrelated_niche_control,Unrelated niche audiences,central,1.0,0.0,1,"full flight, 10 EDPs",10,pair_aware_fixed_plus_shared_log,Pair-aware fixed + log,0.22342193258425302
unrelated_niche_control,Unrelated niche audiences,central,1.0,0.0,1,"full flight, 10 EDPs",10,two_group_latent_mixture,Two-group mixture,0.1629374279169995
unrelated_niche_control,Unrelated niche audiences,central,1.0,0.0,1,"full flight, 10 EDPs",10,pairwise_maxent_direct,Direct pair + higher-order inference,0.20211072549757636
unrelated_niche_control,Unrelated niche audiences,central,1.0,0.0,1,"full flight, 10 EDPs",10,pairwise_maxent_mixture,Mixture pair + higher-order inference,0.09587871965160437
unrelated_niche_control,Unrelated niche audiences,weaker similarity,0.5,0.0,0,"full flight, 2 EDPs",2,baseline_vid,Existing VID,0.04297532656023204
unrelated_niche_control,Unrelated niche audiences,weaker similarity,0.5,0.0,0,"full flight, 2 EDPs",2,pair_aware_fixed_plus_shared_log,Pair-aware fixed + log,0.0429753181951435
unrelated_niche_control,Unrelated niche audiences,weaker similarity,0.5,0.0,0,"full flight, 2 EDPs",2,two_group_latent_mixture,Two-group mixture,0.042975318195162246
unrelated_niche_control,Unrelated niche audiences,weaker similarity,0.5,0.0,0,"full flight, 2 EDPs",2,pairwise_maxent_direct,Direct pair + higher-order inference,0.04193496802683521
unrelated_niche_control,Unrelated niche audiences,weaker similarity,0.5,0.0,0,"full flight, 2 EDPs",2,pairwise_maxent_mixture,Mixture pair + higher-order inference,0.04193496706614647
unrelated_niche_control,Unrelated niche audiences,weaker similarity,0.5,0.0,0,"full flight, 5 EDPs",5,baseline_vid,Existing VID,0.08795335729959337
unrelated_niche_control,Unrelated niche audiences,weaker similarity,0.5,0.0,0,"full flight, 5 EDPs",5,pair_aware_fixed_plus_shared_log,Pair-aware fixed + log,0.004442264692550559
unrelated_niche_control,Unrelated niche audiences,weaker similarity,0.5,0.0,0,"full flight, 5 EDPs",5,two_group_latent_mixture,Two-group mixture,0.0494808476631683
unrelated_niche_control,Unrelated niche audiences,weaker similarity,0.5,0.0,0,"full flight, 5 EDPs",5,pairwise_maxent_direct,Direct pair + higher-order inference,0.016243633243896907
unrelated_niche_control,Unrelated niche audiences,weaker similarity,0.5,0.0,0,"full flight, 5 EDPs",5,pairwise_maxent_mixture,Mixture pair + higher-order inference,0.011481242380873845
unrelated_niche_control,Unrelated niche audiences,weaker similarity,0.5,0.0,0,"full flight, 10 EDPs",10,baseline_vid,Existing VID,0.39879223228654015
unrelated_niche_control,Unrelated niche audiences,weaker similarity,0.5,0.0,0,"full flight, 10 EDPs",10,pair_aware_fixed_plus_shared_log,Pair-aware fixed + log,0.22996175872918098
unrelated_niche_control,Unrelated niche audiences,weaker similarity,0.5,0.0,0,"full flight, 10 EDPs",10,two_group_latent_mixture,Two-group mixture,0.17468965516592305
unrelated_niche_control,Unrelated niche audiences,weaker similarity,0.5,0.0,0,"full flight, 10 EDPs",10,pairwise_maxent_direct,Direct pair + higher-order inference,0.21072256998451566
unrelated_niche_control,Unrelated niche audiences,weaker similarity,0.5,0.0,0,"full flight, 10 EDPs",10,pairwise_maxent_mixture,Mixture pair + higher-order inference,0.11089219041461025
unrelated_niche_control,Unrelated niche audiences,weaker similarity,0.5,0.0,1,"full flight, 2 EDPs",2,baseline_vid,Existing VID,0.04297532656023204
unrelated_niche_control,Unrelated niche audiences,weaker similarity,0.5,0.0,1,"full flight, 2 EDPs",2,pair_aware_fixed_plus_shared_log,Pair-aware fixed + log,0.0429752979625458
unrelated_niche_control,Unrelated niche audiences,weaker similarity,0.5,0.0,1,"full flight, 2 EDPs",2,two_group_latent_mixture,Two-group mixture,0.042975297963567326
unrelated_niche_control,Unrelated niche audiences,weaker similarity,0.5,0.0,1,"full flight, 2 EDPs",2,pairwise_maxent_direct,Direct pair + higher-order inference,0.03961651579937571
unrelated_niche_control,Unrelated niche audiences,weaker similarity,0.5,0.0,1,"full flight, 2 EDPs",2,pairwise_maxent_mixture,Mixture pair + higher-order inference,0.03961650519664082
unrelated_niche_control,Unrelated niche audiences,weaker similarity,0.5,0.0,1,"full flight, 5 EDPs",5,baseline_vid,Existing VID,0.08062912712422443
unrelated_niche_control,Unrelated niche audiences,weaker similarity,0.5,0.0,1,"full flight, 5 EDPs",5,pair_aware_fixed_plus_shared_log,Pair-aware fixed + log,0.010511811553768156
unrelated_niche_control,Unrelated niche audiences,weaker similarity,0.5,0.0,1,"full flight, 5 EDPs",5,two_group_latent_mixture,Two-group mixture,0.051251894228034986
unrelated_niche_control,Unrelated niche audiences,weaker similarity,0.5,0.0,1,"full flight, 5 EDPs",5,pairwise_maxent_direct,Direct pair + higher-order inference,0.009612945627011307
unrelated_niche_control,Unrelated niche audiences,weaker similarity,0.5,0.0,1,"full flight, 5 EDPs",5,pairwise_maxent_mixture,Mixture pair + higher-order inference,0.004794934997469145
unrelated_niche_control,Unrelated niche audiences,weaker similarity,0.5,0.0,1,"full flight, 10 EDPs",10,baseline_vid,Existing VID,0.3842796233322504
unrelated_niche_control,Unrelated niche audiences,weaker similarity,0.5,0.0,1,"full flight, 10 EDPs",10,pair_aware_fixed_plus_shared_log,Pair-aware fixed + log,0.21902324909960916
unrelated_niche_control,Unrelated niche audiences,weaker similarity,0.5,0.0,1,"full flight, 10 EDPs",10,two_group_latent_mixture,Two-group mixture,0.1521630244702049
unrelated_niche_control,Unrelated niche audiences,weaker similarity,0.5,0.0,1,"full flight, 10 EDPs",10,pairwise_maxent_direct,Direct pair + higher-order inference,0.2063684258346344
unrelated_niche_control,Unrelated niche audiences,weaker similarity,0.5,0.0,1,"full flight, 10 EDPs",10,pairwise_maxent_mixture,Mixture pair + higher-order inference,0.1067963499826541
unrelated_niche_control,Unrelated niche audiences,stronger similarity,1.25,0.0,0,"full flight, 2 EDPs",2,baseline_vid,Existing VID,0.04297532656023204
unrelated_niche_control,Unrelated niche audiences,stronger similarity,1.25,0.0,0,"full flight, 2 EDPs",2,pair_aware_fixed_plus_shared_log,Pair-aware fixed + log,0.0429753265602452
unrelated_niche_control,Unrelated niche audiences,stronger similarity,1.25,0.0,0,"full flight, 2 EDPs",2,two_group_latent_mixture,Two-group mixture,0.0429753265602452
unrelated_niche_control,Unrelated niche audiences,stronger similarity,1.25,0.0,0,"full flight, 2 EDPs",2,pairwise_maxent_direct,Direct pair + higher-order inference,0.04297532656023222
unrelated_niche_control,Unrelated niche audiences,stronger similarity,1.25,0.0,0,"full flight, 2 EDPs",2,pairwise_maxent_mixture,Mixture pair + higher-order inference,0.04297532656023222
unrelated_niche_control,Unrelated niche audiences,stronger similarity,1.25,0.0,0,"full flight, 5 EDPs",5,baseline_vid,Existing VID,0.09382249806867124
unrelated_niche_control,Unrelated niche audiences,stronger similarity,1.25,0.0,0,"full flight, 5 EDPs",5,pair_aware_fixed_plus_shared_log,Pair-aware fixed + log,0.0016733155768079084
unrelated_niche_control,Unrelated niche audiences,stronger similarity,1.25,0.0,0,"full flight, 5 EDPs",5,two_group_latent_mixture,Two-group mixture,0.04292884497372672
unrelated_niche_control,Unrelated niche audiences,stronger similarity,1.25,0.0,0,"full flight, 5 EDPs",5,pairwise_maxent_direct,Direct pair + higher-order inference,0.021103411177541134
unrelated_niche_control,Unrelated niche audiences,stronger similarity,1.25,0.0,0,"full flight, 5 EDPs",5,pairwise_maxent_mixture,Mixture pair + higher-order inference,0.015979621213238763
unrelated_niche_control,Unrelated niche audiences,stronger similarity,1.25,0.0,0,"full flight, 10 EDPs",10,baseline_vid,Existing VID,0.41169481934507035
unrelated_niche_control,Unrelated niche audiences,stronger similarity,1.25,0.0,0,"full flight, 10 EDPs",10,pair_aware_fixed_plus_shared_log,Pair-aware fixed + log,0.23958962629308447
unrelated_niche_control,Unrelated niche audiences,stronger similarity,1.25,0.0,0,"full flight, 10 EDPs",10,two_group_latent_mixture,Two-group mixture,0.184940959555853
unrelated_niche_control,Unrelated niche audiences,stronger similarity,1.25,0.0,0,"full flight, 10 EDPs",10,pairwise_maxent_direct,Direct pair + higher-order inference,0.2006416420046889
unrelated_niche_control,Unrelated niche audiences,stronger similarity,1.25,0.0,0,"full flight, 10 EDPs",10,pairwise_maxent_mixture,Mixture pair + higher-order inference,0.08895866401843723
unrelated_niche_control,Unrelated niche audiences,stronger similarity,1.25,0.0,1,"full flight, 2 EDPs",2,baseline_vid,Existing VID,0.04297532656023204
unrelated_niche_control,Unrelated niche audiences,stronger similarity,1.25,0.0,1,"full flight, 2 EDPs",2,pair_aware_fixed_plus_shared_log,Pair-aware fixed + log,0.04297532594890037
unrelated_niche_control,Unrelated niche audiences,stronger similarity,1.25,0.0,1,"full flight, 2 EDPs",2,two_group_latent_mixture,Two-group mixture,0.04297532594890181
unrelated_niche_control,Unrelated niche audiences,stronger similarity,1.25,0.0,1,"full flight, 2 EDPs",2,pairwise_maxent_direct,Direct pair + higher-order inference,0.04289755684527716
unrelated_niche_control,Unrelated niche audiences,stronger similarity,1.25,0.0,1,"full flight, 2 EDPs",2,pairwise_maxent_mixture,Mixture pair + higher-order inference,0.04289755681955517
unrelated_niche_control,Unrelated niche audiences,stronger similarity,1.25,0.0,1,"full flight, 5 EDPs",5,baseline_vid,Existing VID,0.08703240355470093
unrelated_niche_control,Unrelated niche audiences,stronger similarity,1.25,0.0,1,"full flight, 5 EDPs",5,pair_aware_fixed_plus_shared_log,Pair-aware fixed + log,0.008935405901478894
unrelated_niche_control,Unrelated niche audiences,stronger similarity,1.25,0.0,1,"full flight, 5 EDPs",5,two_group_latent_mixture,Two-group mixture,0.05391852572455615
unrelated_niche_control,Unrelated niche audiences,stronger similarity,1.25,0.0,1,"full flight, 5 EDPs",5,pairwise_maxent_direct,Direct pair + higher-order inference,0.005405187515413671
unrelated_niche_control,Unrelated niche audiences,stronger similarity,1.25,0.0,1,"full flight, 5 EDPs",5,pairwise_maxent_mixture,Mixture pair + higher-order inference,0.00034302282359568786
unrelated_niche_control,Unrelated niche audiences,stronger similarity,1.25,0.0,1,"full flight, 10 EDPs",10,baseline_vid,Existing VID,0.4055934911145136
unrelated_niche_control,Unrelated niche audiences,stronger similarity,1.25,0.0,1,"full flight, 10 EDPs",10,pair_aware_fixed_plus_shared_log,Pair-aware fixed + log,0.23876743786324767
unrelated_niche_control,Unrelated niche audiences,stronger similarity,1.25,0.0,1,"full flight, 10 EDPs",10,two_group_latent_mixture,Two-group mixture,0.1792798294954191
unrelated_niche_control,Unrelated niche audiences,stronger similarity,1.25,0.0,1,"full flight, 10 EDPs",10,pairwise_maxent_direct,Direct pair + higher-order inference,0.21462772113149517
unrelated_niche_control,Unrelated niche audiences,stronger similarity,1.25,0.0,1,"full flight, 10 EDPs",10,pairwise_maxent_mixture,Mixture pair + higher-order inference,0.11084303537235952
unrelated_niche_control,Unrelated niche audiences,lower matchability,1.0,-0.3,0,"full flight, 2 EDPs",2,baseline_vid,Existing VID,0.04297532656023204
unrelated_niche_control,Unrelated niche audiences,lower matchability,1.0,-0.3,0,"full flight, 2 EDPs",2,pair_aware_fixed_plus_shared_log,Pair-aware fixed + log,0.0429753265602452
unrelated_niche_control,Unrelated niche audiences,lower matchability,1.0,-0.3,0,"full flight, 2 EDPs",2,two_group_latent_mixture,Two-group mixture,0.0429753265602452
unrelated_niche_control,Unrelated niche audiences,lower matchability,1.0,-0.3,0,"full flight, 2 EDPs",2,pairwise_maxent_direct,Direct pair + higher-order inference,0.04297532656023222
unrelated_niche_control,Unrelated niche audiences,lower matchability,1.0,-0.3,0,"full flight, 2 EDPs",2,pairwise_maxent_mixture,Mixture pair + higher-order inference,0.04297532656023222
unrelated_niche_control,Unrelated niche audiences,lower matchability,1.0,-0.3,0,"full flight, 5 EDPs",5,baseline_vid,Existing VID,0.11957071729086316
unrelated_niche_control,Unrelated niche audiences,lower matchability,1.0,-0.3,0,"full flight, 5 EDPs",5,pair_aware_fixed_plus_shared_log,Pair-aware fixed + log,0.06082686471903057
unrelated_niche_control,Unrelated niche audiences,lower matchability,1.0,-0.3,0,"full flight, 5 EDPs",5,two_group_latent_mixture,Two-group mixture,0.0281194373173709
unrelated_niche_control,Unrelated niche audiences,lower matchability,1.0,-0.3,0,"full flight, 5 EDPs",5,pairwise_maxent_direct,Direct pair + higher-order inference,0.10752582361199627
unrelated_niche_control,Unrelated niche audiences,lower matchability,1.0,-0.3,0,"full flight, 5 EDPs",5,pairwise_maxent_mixture,Mixture pair + higher-order inference,0.10442900662365667
unrelated_niche_control,Unrelated niche audiences,lower matchability,1.0,-0.3,0,"full flight, 10 EDPs",10,baseline_vid,Existing VID,0.45674890932416834
unrelated_niche_control,Unrelated niche audiences,lower matchability,1.0,-0.3,0,"full flight, 10 EDPs",10,pair_aware_fixed_plus_shared_log,Pair-aware fixed + log,0.34599928139267283
unrelated_niche_control,Unrelated niche audiences,lower matchability,1.0,-0.3,0,"full flight, 10 EDPs",10,two_group_latent_mixture,Two-group mixture,0.29161484181518726
unrelated_niche_control,Unrelated niche audiences,lower matchability,1.0,-0.3,0,"full flight, 10 EDPs",10,pairwise_maxent_direct,Direct pair + higher-order inference,0.4069673421854155
unrelated_niche_control,Unrelated niche audiences,lower matchability,1.0,-0.3,0,"full flight, 10 EDPs",10,pairwise_maxent_mixture,Mixture pair + higher-order inference,0.33992209965265363
unrelated_niche_control,Unrelated niche audiences,lower matchability,1.0,-0.3,1,"full flight, 2 EDPs",2,baseline_vid,Existing VID,0.04251210067763777
unrelated_niche_control,Unrelated niche audiences,lower matchability,1.0,-0.3,1,"full flight, 2 EDPs",2,pair_aware_fixed_plus_shared_log,Pair-aware fixed + log,0.04251207240361572
unrelated_niche_control,Unrelated niche audiences,lower matchability,1.0,-0.3,1,"full flight, 2 EDPs",2,two_group_latent_mixture,Two-group mixture,0.042512072404475465
unrelated_niche_control,Unrelated niche audiences,lower matchability,1.0,-0.3,1,"full flight, 2 EDPs",2,pairwise_maxent_direct,Direct pair + higher-order inference,0.03918821363655232
unrelated_niche_control,Unrelated niche audiences,lower matchability,1.0,-0.3,1,"full flight, 2 EDPs",2,pairwise_maxent_mixture,Mixture pair + higher-order inference,0.03918820397683779
unrelated_niche_control,Unrelated niche audiences,lower matchability,1.0,-0.3,1,"full flight, 5 EDPs",5,baseline_vid,Existing VID,0.11117474421628501
unrelated_niche_control,Unrelated niche audiences,lower matchability,1.0,-0.3,1,"full flight, 5 EDPs",5,pair_aware_fixed_plus_shared_log,Pair-aware fixed + log,0.046673679654793195
unrelated_niche_control,Unrelated niche audiences,lower matchability,1.0,-0.3,1,"full flight, 5 EDPs",5,two_group_latent_mixture,Two-group mixture,0.014448195081193216
unrelated_niche_control,Unrelated niche audiences,lower matchability,1.0,-0.3,1,"full flight, 5 EDPs",5,pairwise_maxent_direct,Direct pair + higher-order inference,0.08531705310856072
unrelated_niche_control,Unrelated niche audiences,lower matchability,1.0,-0.3,1,"full flight, 5 EDPs",5,pairwise_maxent_mixture,Mixture pair + higher-order inference,0.08176137701149182
unrelated_niche_control,Unrelated niche audiences,lower matchability,1.0,-0.3,1,"full flight, 10 EDPs",10,baseline_vid,Existing VID,0.4394210523114604
unrelated_niche_control,Unrelated niche audiences,lower matchability,1.0,-0.3,1,"full flight, 10 EDPs",10,pair_aware_fixed_plus_shared_log,Pair-aware fixed + log,0.3202323415843077
unrelated_niche_control,Unrelated niche audiences,lower matchability,1.0,-0.3,1,"full flight, 10 EDPs",10,two_group_latent_mixture,Two-group mixture,0.2676471266311613
unrelated_niche_control,Unrelated niche audiences,lower matchability,1.0,-0.3,1,"full flight, 10 EDPs",10,pairwise_maxent_direct,Direct pair + higher-order inference,0.3726787773086075
unrelated_niche_control,Unrelated niche audiences,lower matchability,1.0,-0.3,1,"full flight, 10 EDPs",10,pairwise_maxent_mixture,Mixture pair + higher-order inference,0.3074345959818116
unrelated_niche_control,Unrelated niche audiences,higher matchability,1.0,0.3,0,"full flight, 2 EDPs",2,baseline_vid,Existing VID,0.04297532656023204
unrelated_niche_control,Unrelated niche audiences,higher matchability,1.0,0.3,0,"full flight, 2 EDPs",2,pair_aware_fixed_plus_shared_log,Pair-aware fixed + log,0.042975321903460026
unrelated_niche_control,Unrelated niche audiences,higher matchability,1.0,0.3,0,"full flight, 2 EDPs",2,two_group_latent_mixture,Two-group mixture,0.04297532190346796
unrelated_niche_control,Unrelated niche audiences,higher matchability,1.0,0.3,0,"full flight, 2 EDPs",2,pairwise_maxent_direct,Direct pair + higher-order inference,0.0423898550337778
unrelated_niche_control,Unrelated niche audiences,higher matchability,1.0,0.3,0,"full flight, 2 EDPs",2,pairwise_maxent_mixture,Mixture pair + higher-order inference,0.04238985473281903
unrelated_niche_control,Unrelated niche audiences,higher matchability,1.0,0.3,0,"full flight, 5 EDPs",5,baseline_vid,Existing VID,0.12250665448655598
unrelated_niche_control,Unrelated niche audiences,higher matchability,1.0,0.3,0,"full flight, 5 EDPs",5,pair_aware_fixed_plus_shared_log,Pair-aware fixed + log,0.006240449291190223
unrelated_niche_control,Unrelated niche audiences,higher matchability,1.0,0.3,0,"full flight, 5 EDPs",5,two_group_latent_mixture,Two-group mixture,0.03611872611622997
unrelated_niche_control,Unrelated niche audiences,higher matchability,1.0,0.3,0,"full flight, 5 EDPs",5,pairwise_maxent_direct,Direct pair + higher-order inference,0.0593331736392843
unrelated_niche_control,Unrelated niche audiences,higher matchability,1.0,0.3,0,"full flight, 5 EDPs",5,pairwise_maxent_mixture,Mixture pair + higher-order inference,0.0657390250886962
unrelated_niche_control,Unrelated niche audiences,higher matchability,1.0,0.3,0,"full flight, 10 EDPs",10,baseline_vid,Existing VID,0.4514664167659496
unrelated_niche_control,Unrelated niche audiences,higher matchability,1.0,0.3,0,"full flight, 10 EDPs",10,pair_aware_fixed_plus_shared_log,Pair-aware fixed + log,0.20861637054536675
unrelated_niche_control,Unrelated niche audiences,higher matchability,1.0,0.3,0,"full flight, 10 EDPs",10,two_group_latent_mixture,Two-group mixture,0.13755874523896303
unrelated_niche_control,Unrelated niche audiences,higher matchability,1.0,0.3,0,"full flight, 10 EDPs",10,pairwise_maxent_direct,Direct pair + higher-order inference,0.009785174529140963
unrelated_niche_control,Unrelated niche audiences,higher matchability,1.0,0.3,0,"full flight, 10 EDPs",10,pairwise_maxent_mixture,Mixture pair + higher-order inference,0.1034953092478064
unrelated_niche_control,Unrelated niche audiences,higher matchability,1.0,0.3,1,"full flight, 2 EDPs",2,baseline_vid,Existing VID,0.04297532656023204
unrelated_niche_control,Unrelated niche audiences,higher matchability,1.0,0.3,1,"full flight, 2 EDPs",2,pair_aware_fixed_plus_shared_log,Pair-aware fixed + log,0.0429753265602452
unrelated_niche_control,Unrelated niche audiences,higher matchability,1.0,0.3,1,"full flight, 2 EDPs",2,two_group_latent_mixture,Two-group mixture,0.0429753265602452
unrelated_niche_control,Unrelated niche audiences,higher matchability,1.0,0.3,1,"full flight, 2 EDPs",2,pairwise_maxent_direct,Direct pair + higher-order inference,0.04297532656023222
unrelated_niche_control,Unrelated niche audiences,higher matchability,1.0,0.3,1,"full flight, 2 EDPs",2,pairwise_maxent_mixture,Mixture pair + higher-order inference,0.04297532656023222
unrelated_niche_control,Unrelated niche audiences,higher matchability,1.0,0.3,1,"full flight, 5 EDPs",5,baseline_vid,Existing VID,0.11892037124538488
unrelated_niche_control,Unrelated niche audiences,higher matchability,1.0,0.3,1,"full flight, 5 EDPs",5,pair_aware_fixed_plus_shared_log,Pair-aware fixed + log,0.009366972385310535
unrelated_niche_control,Unrelated niche audiences,higher matchability,1.0,0.3,1,"full flight, 5 EDPs",5,two_group_latent_mixture,Two-group mixture,0.030944651771292433
unrelated_niche_control,Unrelated niche audiences,higher matchability,1.0,0.3,1,"full flight, 5 EDPs",5,pairwise_maxent_direct,Direct pair + higher-order inference,0.0596537670679371
unrelated_niche_control,Unrelated niche audiences,higher matchability,1.0,0.3,1,"full flight, 5 EDPs",5,pairwise_maxent_mixture,Mixture pair + higher-order inference,0.0670679580421489
unrelated_niche_control,Unrelated niche audiences,higher matchability,1.0,0.3,1,"full flight, 10 EDPs",10,baseline_vid,Existing VID,0.4486378352187999
unrelated_niche_control,Unrelated niche audiences,higher matchability,1.0,0.3,1,"full flight, 10 EDPs",10,pair_aware_fixed_plus_shared_log,Pair-aware fixed + log,0.21491107558460162
unrelated_niche_control,Unrelated niche audiences,higher matchability,1.0,0.3,1,"full flight, 10 EDPs",10,two_group_latent_mixture,Two-group mixture,0.1425344127442642
unrelated_niche_control,Unrelated niche audiences,higher matchability,1.0,0.3,1,"full flight, 10 EDPs",10,pairwise_maxent_direct,Direct pair + higher-order inference,0.00939515477048735
unrelated_niche_control,Unrelated niche audiences,higher matchability,1.0,0.3,1,"full flight, 10 EDPs",10,pairwise_maxent_mixture,Mixture pair + higher-order inference,0.11422920635251914
mixed_funnel_portfolio,Mixed-funnel portfolio,central,1.0,0.0,0,"full flight, 2 EDPs",2,baseline_vid,Existing VID,0.01579279848389123
mixed_funnel_portfolio,Mixed-funnel portfolio,central,1.0,0.0,0,"full flight, 2 EDPs",2,pair_aware_fixed_plus_shared_log,Pair-aware fixed + log,0.04109577390592338
mixed_funnel_portfolio,Mixed-funnel portfolio,central,1.0,0.0,0,"full flight, 2 EDPs",2,two_group_latent_mixture,Two-group mixture,0.03697275516832387
mixed_funnel_portfolio,Mixed-funnel portfolio,central,1.0,0.0,0,"full flight, 2 EDPs",2,pairwise_maxent_direct,Direct pair + higher-order inference,0.024731616943190492
mixed_funnel_portfolio,Mixed-funnel portfolio,central,1.0,0.0,0,"full flight, 2 EDPs",2,pairwise_maxent_mixture,Mixture pair + higher-order inference,0.03883983796564574
mixed_funnel_portfolio,Mixed-funnel portfolio,central,1.0,0.0,0,"full flight, 5 EDPs",5,baseline_vid,Existing VID,0.02177755463409154
mixed_funnel_portfolio,Mixed-funnel portfolio,central,1.0,0.0,0,"full flight, 5 EDPs",5,pair_aware_fixed_plus_shared_log,Pair-aware fixed + log,0.01736534506421773
mixed_funnel_portfolio,Mixed-funnel portfolio,central,1.0,0.0,0,"full flight, 5 EDPs",5,two_group_latent_mixture,Two-group mixture,0.025155064772513
mixed_funnel_portfolio,Mixed-funnel portfolio,central,1.0,0.0,0,"full flight, 5 EDPs",5,pairwise_maxent_direct,Direct pair + higher-order inference,0.03549406728834736
mixed_funnel_portfolio,Mixed-funnel portfolio,central,1.0,0.0,0,"full flight, 5 EDPs",5,pairwise_maxent_mixture,Mixture pair + higher-order inference,0.06960379660852829
mixed_funnel_portfolio,Mixed-funnel portfolio,central,1.0,0.0,0,"full flight, 10 EDPs",10,baseline_vid,Existing VID,0.03912374272946539
mixed_funnel_portfolio,Mixed-funnel portfolio,central,1.0,0.0,0,"full flight, 10 EDPs",10,pair_aware_fixed_plus_shared_log,Pair-aware fixed + log,0.04450336341385949
mixed_funnel_portfolio,Mixed-funnel portfolio,central,1.0,0.0,0,"full flight, 10 EDPs",10,two_group_latent_mixture,Two-group mixture,0.031559298533378424
mixed_funnel_portfolio,Mixed-funnel portfolio,central,1.0,0.0,0,"full flight, 10 EDPs",10,pairwise_maxent_direct,Direct pair + higher-order inference,0.105000950760829
mixed_funnel_portfolio,Mixed-funnel portfolio,central,1.0,0.0,0,"full flight, 10 EDPs",10,pairwise_maxent_mixture,Mixture pair + higher-order inference,0.06816754391497343
mixed_funnel_portfolio,Mixed-funnel portfolio,central,1.0,0.0,1,"full flight, 2 EDPs",2,baseline_vid,Existing VID,0.018366054464851053
mixed_funnel_portfolio,Mixed-funnel portfolio,central,1.0,0.0,1,"full flight, 2 EDPs",2,pair_aware_fixed_plus_shared_log,Pair-aware fixed + log,0.033105519112941656
mixed_funnel_portfolio,Mixed-funnel portfolio,central,1.0,0.0,1,"full flight, 2 EDPs",2,two_group_latent_mixture,Two-group mixture,0.028582888806315092
mixed_funnel_portfolio,Mixed-funnel portfolio,central,1.0,0.0,1,"full flight, 2 EDPs",2,pairwise_maxent_direct,Direct pair + higher-order inference,0.01403075436574122
mixed_funnel_portfolio,Mixed-funnel portfolio,central,1.0,0.0,1,"full flight, 2 EDPs",2,pairwise_maxent_mixture,Mixture pair + higher-order inference,0.029423803624722272
mixed_funnel_portfolio,Mixed-funnel portfolio,central,1.0,0.0,1,"full flight, 5 EDPs",5,baseline_vid,Existing VID,0.022235802219979686
mixed_funnel_portfolio,Mixed-funnel portfolio,central,1.0,0.0,1,"full flight, 5 EDPs",5,pair_aware_fixed_plus_shared_log,Pair-aware fixed + log,0.0029029183042998045
mixed_funnel_portfolio,Mixed-funnel portfolio,central,1.0,0.0,1,"full flight, 5 EDPs",5,two_group_latent_mixture,Two-group mixture,0.016846645009800355
mixed_funnel_portfolio,Mixed-funnel portfolio,central,1.0,0.0,1,"full flight, 5 EDPs",5,pairwise_maxent_direct,Direct pair + higher-order inference,0.024547248007670046
mixed_funnel_portfolio,Mixed-funnel portfolio,central,1.0,0.0,1,"full flight, 5 EDPs",5,pairwise_maxent_mixture,Mixture pair + higher-order inference,0.05889587212337271
mixed_funnel_portfolio,Mixed-funnel portfolio,central,1.0,0.0,1,"full flight, 10 EDPs",10,baseline_vid,Existing VID,0.03280776710973327
mixed_funnel_portfolio,Mixed-funnel portfolio,central,1.0,0.0,1,"full flight, 10 EDPs",10,pair_aware_fixed_plus_shared_log,Pair-aware fixed + log,0.04233571313602893
mixed_funnel_portfolio,Mixed-funnel portfolio,central,1.0,0.0,1,"full flight, 10 EDPs",10,two_group_latent_mixture,Two-group mixture,0.028967136308104942
mixed_funnel_portfolio,Mixed-funnel portfolio,central,1.0,0.0,1,"full flight, 10 EDPs",10,pairwise_maxent_direct,Direct pair + higher-order inference,0.08291013980220738
mixed_funnel_portfolio,Mixed-funnel portfolio,central,1.0,0.0,1,"full flight, 10 EDPs",10,pairwise_maxent_mixture,Mixture pair + higher-order inference,0.040040117166206805
mixed_funnel_portfolio,Mixed-funnel portfolio,weaker similarity,0.75,0.0,0,"full flight, 2 EDPs",2,baseline_vid,Existing VID,0.0009319664492079443
mixed_funnel_portfolio,Mixed-funnel portfolio,weaker similarity,0.75,0.0,0,"full flight, 2 EDPs",2,pair_aware_fixed_plus_shared_log,Pair-aware fixed + log,0.03397119982646765
mixed_funnel_portfolio,Mixed-funnel portfolio,weaker similarity,0.75,0.0,0,"full flight, 2 EDPs",2,two_group_latent_mixture,Two-group mixture,0.030287890960098252
mixed_funnel_portfolio,Mixed-funnel portfolio,weaker similarity,0.75,0.0,0,"full flight, 2 EDPs",2,pairwise_maxent_direct,Direct pair + higher-order inference,0.020570517627260226
mixed_funnel_portfolio,Mixed-funnel portfolio,weaker similarity,0.75,0.0,0,"full flight, 2 EDPs",2,pairwise_maxent_mixture,Mixture pair + higher-order inference,0.03325235838844687
mixed_funnel_portfolio,Mixed-funnel portfolio,weaker similarity,0.75,0.0,0,"full flight, 5 EDPs",5,baseline_vid,Existing VID,0.009202225603129884
mixed_funnel_portfolio,Mixed-funnel portfolio,weaker similarity,0.75,0.0,0,"full flight, 5 EDPs",5,pair_aware_fixed_plus_shared_log,Pair-aware fixed + log,0.027262751910883922
mixed_funnel_portfolio,Mixed-funnel portfolio,weaker similarity,0.75,0.0,0,"full flight, 5 EDPs",5,two_group_latent_mixture,Two-group mixture,0.020143728364475512
mixed_funnel_portfolio,Mixed-funnel portfolio,weaker similarity,0.75,0.0,0,"full flight, 5 EDPs",5,pairwise_maxent_direct,Direct pair + higher-order inference,0.04438934342925755
mixed_funnel_portfolio,Mixed-funnel portfolio,weaker similarity,0.75,0.0,0,"full flight, 5 EDPs",5,pairwise_maxent_mixture,Mixture pair + higher-order inference,0.07569837116881334
mixed_funnel_portfolio,Mixed-funnel portfolio,weaker similarity,0.75,0.0,0,"full flight, 10 EDPs",10,baseline_vid,Existing VID,0.0016184149334803285
mixed_funnel_portfolio,Mixed-funnel portfolio,weaker similarity,0.75,0.0,0,"full flight, 10 EDPs",10,pair_aware_fixed_plus_shared_log,Pair-aware fixed + log,0.08911964012174742
mixed_funnel_portfolio,Mixed-funnel portfolio,weaker similarity,0.75,0.0,0,"full flight, 10 EDPs",10,two_group_latent_mixture,Two-group mixture,0.08233671942002171
mixed_funnel_portfolio,Mixed-funnel portfolio,weaker similarity,0.75,0.0,0,"full flight, 10 EDPs",10,pairwise_maxent_direct,Direct pair + higher-order inference,0.08797334424232374
mixed_funnel_portfolio,Mixed-funnel portfolio,weaker similarity,0.75,0.0,0,"full flight, 10 EDPs",10,pairwise_maxent_mixture,Mixture pair + higher-order inference,0.07373217467830265
mixed_funnel_portfolio,Mixed-funnel portfolio,weaker similarity,0.75,0.0,1,"full flight, 2 EDPs",2,baseline_vid,Existing VID,0.003254300325430148
mixed_funnel_portfolio,Mixed-funnel portfolio,weaker similarity,0.75,0.0,1,"full flight, 2 EDPs",2,pair_aware_fixed_plus_shared_log,Pair-aware fixed + log,0.03367801240871655
mixed_funnel_portfolio,Mixed-funnel portfolio,weaker similarity,0.75,0.0,1,"full flight, 2 EDPs",2,two_group_latent_mixture,Two-group mixture,0.030082380460695012
mixed_funnel_portfolio,Mixed-funnel portfolio,weaker similarity,0.75,0.0,1,"full flight, 2 EDPs",2,pairwise_maxent_direct,Direct pair + higher-order inference,0.020903764600290586
mixed_funnel_portfolio,Mixed-funnel portfolio,weaker similarity,0.75,0.0,1,"full flight, 2 EDPs",2,pairwise_maxent_mixture,Mixture pair + higher-order inference,0.03330195182445238
mixed_funnel_portfolio,Mixed-funnel portfolio,weaker similarity,0.75,0.0,1,"full flight, 5 EDPs",5,baseline_vid,Existing VID,0.016576300291230847
mixed_funnel_portfolio,Mixed-funnel portfolio,weaker similarity,0.75,0.0,1,"full flight, 5 EDPs",5,pair_aware_fixed_plus_shared_log,Pair-aware fixed + log,0.029017967766554544
mixed_funnel_portfolio,Mixed-funnel portfolio,weaker similarity,0.75,0.0,1,"full flight, 5 EDPs",5,two_group_latent_mixture,Two-group mixture,0.026057211853419773
mixed_funnel_portfolio,Mixed-funnel portfolio,weaker similarity,0.75,0.0,1,"full flight, 5 EDPs",5,pairwise_maxent_direct,Direct pair + higher-order inference,0.04668414743117544
mixed_funnel_portfolio,Mixed-funnel portfolio,weaker similarity,0.75,0.0,1,"full flight, 5 EDPs",5,pairwise_maxent_mixture,Mixture pair + higher-order inference,0.07756555119781043
mixed_funnel_portfolio,Mixed-funnel portfolio,weaker similarity,0.75,0.0,1,"full flight, 10 EDPs",10,baseline_vid,Existing VID,0.0010737117258667254
mixed_funnel_portfolio,Mixed-funnel portfolio,weaker similarity,0.75,0.0,1,"full flight, 10 EDPs",10,pair_aware_fixed_plus_shared_log,Pair-aware fixed + log,0.09051301352714224
mixed_funnel_portfolio,Mixed-funnel portfolio,weaker similarity,0.75,0.0,1,"full flight, 10 EDPs",10,two_group_latent_mixture,Two-group mixture,0.08085085093778041
mixed_funnel_portfolio,Mixed-funnel portfolio,weaker similarity,0.75,0.0,1,"full flight, 10 EDPs",10,pairwise_maxent_direct,Direct pair + higher-order inference,0.08648701808658059
mixed_funnel_portfolio,Mixed-funnel portfolio,weaker similarity,0.75,0.0,1,"full flight, 10 EDPs",10,pairwise_maxent_mixture,Mixture pair + higher-order inference,0.0707111228729059
mixed_funnel_portfolio,Mixed-funnel portfolio,stronger similarity,1.3,0.0,0,"full flight, 2 EDPs",2,baseline_vid,Existing VID,0.039935327405012
mixed_funnel_portfolio,Mixed-funnel portfolio,stronger similarity,1.3,0.0,0,"full flight, 2 EDPs",2,pair_aware_fixed_plus_shared_log,Pair-aware fixed + log,0.040465501837823284
mixed_funnel_portfolio,Mixed-funnel portfolio,stronger similarity,1.3,0.0,0,"full flight, 2 EDPs",2,two_group_latent_mixture,Two-group mixture,0.03532174241374964
mixed_funnel_portfolio,Mixed-funnel portfolio,stronger similarity,1.3,0.0,0,"full flight, 2 EDPs",2,pairwise_maxent_direct,Direct pair + higher-order inference,0.017567153185272806
mixed_funnel_portfolio,Mixed-funnel portfolio,stronger similarity,1.3,0.0,0,"full flight, 2 EDPs",2,pairwise_maxent_mixture,Mixture pair + higher-order inference,0.03497153657033967
mixed_funnel_portfolio,Mixed-funnel portfolio,stronger similarity,1.3,0.0,0,"full flight, 5 EDPs",5,baseline_vid,Existing VID,0.06299651626442798
mixed_funnel_portfolio,Mixed-funnel portfolio,stronger similarity,1.3,0.0,0,"full flight, 5 EDPs",5,pair_aware_fixed_plus_shared_log,Pair-aware fixed + log,0.05476147840869507
mixed_funnel_portfolio,Mixed-funnel portfolio,stronger similarity,1.3,0.0,0,"full flight, 5 EDPs",5,two_group_latent_mixture,Two-group mixture,0.05717374770364325
mixed_funnel_portfolio,Mixed-funnel portfolio,stronger similarity,1.3,0.0,0,"full flight, 5 EDPs",5,pairwise_maxent_direct,Direct pair + higher-order inference,0.03973046870558665
mixed_funnel_portfolio,Mixed-funnel portfolio,stronger similarity,1.3,0.0,0,"full flight, 5 EDPs",5,pairwise_maxent_mixture,Mixture pair + higher-order inference,0.07842297611475647
mixed_funnel_portfolio,Mixed-funnel portfolio,stronger similarity,1.3,0.0,0,"full flight, 10 EDPs",10,baseline_vid,Existing VID,0.08208545718345131
mixed_funnel_portfolio,Mixed-funnel portfolio,stronger similarity,1.3,0.0,0,"full flight, 10 EDPs",10,pair_aware_fixed_plus_shared_log,Pair-aware fixed + log,0.017821185718755468
mixed_funnel_portfolio,Mixed-funnel portfolio,stronger similarity,1.3,0.0,0,"full flight, 10 EDPs",10,two_group_latent_mixture,Two-group mixture,0.024235582891581654
mixed_funnel_portfolio,Mixed-funnel portfolio,stronger similarity,1.3,0.0,0,"full flight, 10 EDPs",10,pairwise_maxent_direct,Direct pair + higher-order inference,0.1127489722282182
mixed_funnel_portfolio,Mixed-funnel portfolio,stronger similarity,1.3,0.0,0,"full flight, 10 EDPs",10,pairwise_maxent_mixture,Mixture pair + higher-order inference,0.06757452068416539
mixed_funnel_portfolio,Mixed-funnel portfolio,stronger similarity,1.3,0.0,1,"full flight, 2 EDPs",2,baseline_vid,Existing VID,0.034083601286173514
mixed_funnel_portfolio,Mixed-funnel portfolio,stronger similarity,1.3,0.0,1,"full flight, 2 EDPs",2,pair_aware_fixed_plus_shared_log,Pair-aware fixed + log,0.03969798361683486
mixed_funnel_portfolio,Mixed-funnel portfolio,stronger similarity,1.3,0.0,1,"full flight, 2 EDPs",2,two_group_latent_mixture,Two-group mixture,0.03476649884459099
mixed_funnel_portfolio,Mixed-funnel portfolio,stronger similarity,1.3,0.0,1,"full flight, 2 EDPs",2,pairwise_maxent_direct,Direct pair + higher-order inference,0.018101373952197637
mixed_funnel_portfolio,Mixed-funnel portfolio,stronger similarity,1.3,0.0,1,"full flight, 2 EDPs",2,pairwise_maxent_mixture,Mixture pair + higher-order inference,0.03481978135769857
mixed_funnel_portfolio,Mixed-funnel portfolio,stronger similarity,1.3,0.0,1,"full flight, 5 EDPs",5,baseline_vid,Existing VID,0.06237719878816113
mixed_funnel_portfolio,Mixed-funnel portfolio,stronger similarity,1.3,0.0,1,"full flight, 5 EDPs",5,pair_aware_fixed_plus_shared_log,Pair-aware fixed + log,0.05232759121303318
mixed_funnel_portfolio,Mixed-funnel portfolio,stronger similarity,1.3,0.0,1,"full flight, 5 EDPs",5,two_group_latent_mixture,Two-group mixture,0.05941113808329526
mixed_funnel_portfolio,Mixed-funnel portfolio,stronger similarity,1.3,0.0,1,"full flight, 5 EDPs",5,pairwise_maxent_direct,Direct pair + higher-order inference,0.025813820067343944
mixed_funnel_portfolio,Mixed-funnel portfolio,stronger similarity,1.3,0.0,1,"full flight, 5 EDPs",5,pairwise_maxent_mixture,Mixture pair + higher-order inference,0.06514531306755175
mixed_funnel_portfolio,Mixed-funnel portfolio,stronger similarity,1.3,0.0,1,"full flight, 10 EDPs",10,baseline_vid,Existing VID,0.08282806485014584
mixed_funnel_portfolio,Mixed-funnel portfolio,stronger similarity,1.3,0.0,1,"full flight, 10 EDPs",10,pair_aware_fixed_plus_shared_log,Pair-aware fixed + log,0.01711920697474582
mixed_funnel_portfolio,Mixed-funnel portfolio,stronger similarity,1.3,0.0,1,"full flight, 10 EDPs",10,two_group_latent_mixture,Two-group mixture,0.02591713821689244
mixed_funnel_portfolio,Mixed-funnel portfolio,stronger similarity,1.3,0.0,1,"full flight, 10 EDPs",10,pairwise_maxent_direct,Direct pair + higher-order inference,0.1220652923354581
mixed_funnel_portfolio,Mixed-funnel portfolio,stronger similarity,1.3,0.0,1,"full flight, 10 EDPs",10,pairwise_maxent_mixture,Mixture pair + higher-order inference,0.09493141804264588
mixed_funnel_portfolio,Mixed-funnel portfolio,lower matchability,1.0,-0.3,0,"full flight, 2 EDPs",2,baseline_vid,Existing VID,0.033751205400192746
mixed_funnel_portfolio,Mixed-funnel portfolio,lower matchability,1.0,-0.3,0,"full flight, 2 EDPs",2,pair_aware_fixed_plus_shared_log,Pair-aware fixed + log,0.0812272437813949
mixed_funnel_portfolio,Mixed-funnel portfolio,lower matchability,1.0,-0.3,0,"full flight, 2 EDPs",2,two_group_latent_mixture,Two-group mixture,0.07784586505420944
mixed_funnel_portfolio,Mixed-funnel portfolio,lower matchability,1.0,-0.3,0,"full flight, 2 EDPs",2,pairwise_maxent_direct,Direct pair + higher-order inference,0.07070334256150101
mixed_funnel_portfolio,Mixed-funnel portfolio,lower matchability,1.0,-0.3,0,"full flight, 2 EDPs",2,pairwise_maxent_mixture,Mixture pair + higher-order inference,0.08244411279594388
mixed_funnel_portfolio,Mixed-funnel portfolio,lower matchability,1.0,-0.3,0,"full flight, 5 EDPs",5,baseline_vid,Existing VID,0.039603320410490174
mixed_funnel_portfolio,Mixed-funnel portfolio,lower matchability,1.0,-0.3,0,"full flight, 5 EDPs",5,pair_aware_fixed_plus_shared_log,Pair-aware fixed + log,0.02530743447476605
mixed_funnel_portfolio,Mixed-funnel portfolio,lower matchability,1.0,-0.3,0,"full flight, 5 EDPs",5,two_group_latent_mixture,Two-group mixture,0.03128954671732495
mixed_funnel_portfolio,Mixed-funnel portfolio,lower matchability,1.0,-0.3,0,"full flight, 5 EDPs",5,pairwise_maxent_direct,Direct pair + higher-order inference,0.16126612666689463
mixed_funnel_portfolio,Mixed-funnel portfolio,lower matchability,1.0,-0.3,0,"full flight, 5 EDPs",5,pairwise_maxent_mixture,Mixture pair + higher-order inference,0.19231471105258355
mixed_funnel_portfolio,Mixed-funnel portfolio,lower matchability,1.0,-0.3,0,"full flight, 10 EDPs",10,baseline_vid,Existing VID,0.062004448218412264
mixed_funnel_portfolio,Mixed-funnel portfolio,lower matchability,1.0,-0.3,0,"full flight, 10 EDPs",10,pair_aware_fixed_plus_shared_log,Pair-aware fixed + log,0.04841239350743993
mixed_funnel_portfolio,Mixed-funnel portfolio,lower matchability,1.0,-0.3,0,"full flight, 10 EDPs",10,two_group_latent_mixture,Two-group mixture,0.043920299278685106
mixed_funnel_portfolio,Mixed-funnel portfolio,lower matchability,1.0,-0.3,0,"full flight, 10 EDPs",10,pairwise_maxent_direct,Direct pair + higher-order inference,0.15384615384587974
mixed_funnel_portfolio,Mixed-funnel portfolio,lower matchability,1.0,-0.3,0,"full flight, 10 EDPs",10,pairwise_maxent_mixture,Mixture pair + higher-order inference,0.15384615384517825
mixed_funnel_portfolio,Mixed-funnel portfolio,lower matchability,1.0,-0.3,1,"full flight, 2 EDPs",2,baseline_vid,Existing VID,0.027804410354745807
mixed_funnel_portfolio,Mixed-funnel portfolio,lower matchability,1.0,-0.3,1,"full flight, 2 EDPs",2,pair_aware_fixed_plus_shared_log,Pair-aware fixed + log,0.07072938582319653
mixed_funnel_portfolio,Mixed-funnel portfolio,lower matchability,1.0,-0.3,1,"full flight, 2 EDPs",2,two_group_latent_mixture,Two-group mixture,0.06720444071550648
mixed_funnel_portfolio,Mixed-funnel portfolio,lower matchability,1.0,-0.3,1,"full flight, 2 EDPs",2,pairwise_maxent_direct,Direct pair + higher-order inference,0.0589656774807288
mixed_funnel_portfolio,Mixed-funnel portfolio,lower matchability,1.0,-0.3,1,"full flight, 2 EDPs",2,pairwise_maxent_mixture,Mixture pair + higher-order inference,0.07116298974351633
mixed_funnel_portfolio,Mixed-funnel portfolio,lower matchability,1.0,-0.3,1,"full flight, 5 EDPs",5,baseline_vid,Existing VID,0.04352994391667607
mixed_funnel_portfolio,Mixed-funnel portfolio,lower matchability,1.0,-0.3,1,"full flight, 5 EDPs",5,pair_aware_fixed_plus_shared_log,Pair-aware fixed + log,0.03824846180419334
mixed_funnel_portfolio,Mixed-funnel portfolio,lower matchability,1.0,-0.3,1,"full flight, 5 EDPs",5,two_group_latent_mixture,Two-group mixture,0.03804546539332162
mixed_funnel_portfolio,Mixed-funnel portfolio,lower matchability,1.0,-0.3,1,"full flight, 5 EDPs",5,pairwise_maxent_direct,Direct pair + higher-order inference,0.15586842627622136
mixed_funnel_portfolio,Mixed-funnel portfolio,lower matchability,1.0,-0.3,1,"full flight, 5 EDPs",5,pairwise_maxent_mixture,Mixture pair + higher-order inference,0.18837274485231417
mixed_funnel_portfolio,Mixed-funnel portfolio,lower matchability,1.0,-0.3,1,"full flight, 10 EDPs",10,baseline_vid,Existing VID,0.06589907947032306
mixed_funnel_portfolio,Mixed-funnel portfolio,lower matchability,1.0,-0.3,1,"full flight, 10 EDPs",10,pair_aware_fixed_plus_shared_log,Pair-aware fixed + log,0.04305905514756781
mixed_funnel_portfolio,Mixed-funnel portfolio,lower matchability,1.0,-0.3,1,"full flight, 10 EDPs",10,two_group_latent_mixture,Two-group mixture,0.03963553513882977
mixed_funnel_portfolio,Mixed-funnel portfolio,lower matchability,1.0,-0.3,1,"full flight, 10 EDPs",10,pairwise_maxent_direct,Direct pair + higher-order inference,0.1580775911973277
mixed_funnel_portfolio,Mixed-funnel portfolio,lower matchability,1.0,-0.3,1,"full flight, 10 EDPs",10,pairwise_maxent_mixture,Mixture pair + higher-order inference,0.15807759119760353
mixed_funnel_portfolio,Mixed-funnel portfolio,higher matchability,1.0,0.3,0,"full flight, 2 EDPs",2,baseline_vid,Existing VID,0.032589500722427237
mixed_funnel_portfolio,Mixed-funnel portfolio,higher matchability,1.0,0.3,0,"full flight, 2 EDPs",2,pair_aware_fixed_plus_shared_log,Pair-aware fixed + log,0.00041740537201610437
mixed_funnel_portfolio,Mixed-funnel portfolio,higher matchability,1.0,0.3,0,"full flight, 2 EDPs",2,two_group_latent_mixture,Two-group mixture,0.005855012277145818
mixed_funnel_portfolio,Mixed-funnel portfolio,higher matchability,1.0,0.3,0,"full flight, 2 EDPs",2,pairwise_maxent_direct,Direct pair + higher-order inference,0.02938372096318777
mixed_funnel_portfolio,Mixed-funnel portfolio,higher matchability,1.0,0.3,0,"full flight, 2 EDPs",2,pairwise_maxent_mixture,Mixture pair + higher-order inference,0.008367289768231036
mixed_funnel_portfolio,Mixed-funnel portfolio,higher matchability,1.0,0.3,0,"full flight, 5 EDPs",5,baseline_vid,Existing VID,0.06015361860465102
mixed_funnel_portfolio,Mixed-funnel portfolio,higher matchability,1.0,0.3,0,"full flight, 5 EDPs",5,pair_aware_fixed_plus_shared_log,Pair-aware fixed + log,0.03969660256741456
mixed_funnel_portfolio,Mixed-funnel portfolio,higher matchability,1.0,0.3,0,"full flight, 5 EDPs",5,two_group_latent_mixture,Two-group mixture,0.05238131362249927
mixed_funnel_portfolio,Mixed-funnel portfolio,higher matchability,1.0,0.3,0,"full flight, 5 EDPs",5,pairwise_maxent_direct,Direct pair + higher-order inference,0.05569611272232789
mixed_funnel_portfolio,Mixed-funnel portfolio,higher matchability,1.0,0.3,0,"full flight, 5 EDPs",5,pairwise_maxent_mixture,Mixture pair + higher-order inference,0.009264665151392997
mixed_funnel_portfolio,Mixed-funnel portfolio,higher matchability,1.0,0.3,0,"full flight, 10 EDPs",10,baseline_vid,Existing VID,0.08367800838613497
mixed_funnel_portfolio,Mixed-funnel portfolio,higher matchability,1.0,0.3,0,"full flight, 10 EDPs",10,pair_aware_fixed_plus_shared_log,Pair-aware fixed + log,0.04027164808334549
mixed_funnel_portfolio,Mixed-funnel portfolio,higher matchability,1.0,0.3,0,"full flight, 10 EDPs",10,two_group_latent_mixture,Two-group mixture,0.040061279800172246
mixed_funnel_portfolio,Mixed-funnel portfolio,higher matchability,1.0,0.3,0,"full flight, 10 EDPs",10,pairwise_maxent_direct,Direct pair + higher-order inference,0.04017122788404844
mixed_funnel_portfolio,Mixed-funnel portfolio,higher matchability,1.0,0.3,0,"full flight, 10 EDPs",10,pairwise_maxent_mixture,Mixture pair + higher-order inference,0.09455721166158648
mixed_funnel_portfolio,Mixed-funnel portfolio,higher matchability,1.0,0.3,1,"full flight, 2 EDPs",2,baseline_vid,Existing VID,0.035415325177076504
mixed_funnel_portfolio,Mixed-funnel portfolio,higher matchability,1.0,0.3,1,"full flight, 2 EDPs",2,pair_aware_fixed_plus_shared_log,Pair-aware fixed + log,0.0034157417593884873
mixed_funnel_portfolio,Mixed-funnel portfolio,higher matchability,1.0,0.3,1,"full flight, 2 EDPs",2,two_group_latent_mixture,Two-group mixture,0.0028646300859890843
mixed_funnel_portfolio,Mixed-funnel portfolio,higher matchability,1.0,0.3,1,"full flight, 2 EDPs",2,pairwise_maxent_direct,Direct pair + higher-order inference,0.02641319568980994
mixed_funnel_portfolio,Mixed-funnel portfolio,higher matchability,1.0,0.3,1,"full flight, 2 EDPs",2,pairwise_maxent_mixture,Mixture pair + higher-order inference,0.005368771762247584
mixed_funnel_portfolio,Mixed-funnel portfolio,higher matchability,1.0,0.3,1,"full flight, 5 EDPs",5,baseline_vid,Existing VID,0.0631204664179103
mixed_funnel_portfolio,Mixed-funnel portfolio,higher matchability,1.0,0.3,1,"full flight, 5 EDPs",5,pair_aware_fixed_plus_shared_log,Pair-aware fixed + log,0.04750408875823278
mixed_funnel_portfolio,Mixed-funnel portfolio,higher matchability,1.0,0.3,1,"full flight, 5 EDPs",5,two_group_latent_mixture,Two-group mixture,0.05367854488499814
mixed_funnel_portfolio,Mixed-funnel portfolio,higher matchability,1.0,0.3,1,"full flight, 5 EDPs",5,pairwise_maxent_direct,Direct pair + higher-order inference,0.06335625802080248
mixed_funnel_portfolio,Mixed-funnel portfolio,higher matchability,1.0,0.3,1,"full flight, 5 EDPs",5,pairwise_maxent_mixture,Mixture pair + higher-order inference,0.015410802823688258
mixed_funnel_portfolio,Mixed-funnel portfolio,higher matchability,1.0,0.3,1,"full flight, 10 EDPs",10,baseline_vid,Existing VID,0.08431634218255327
mixed_funnel_portfolio,Mixed-funnel portfolio,higher matchability,1.0,0.3,1,"full flight, 10 EDPs",10,pair_aware_fixed_plus_shared_log,Pair-aware fixed + log,0.04634838010742134
mixed_funnel_portfolio,Mixed-funnel portfolio,higher matchability,1.0,0.3,1,"full flight, 10 EDPs",10,two_group_latent_mixture,Two-group mixture,0.042254086006090597
mixed_funnel_portfolio,Mixed-funnel portfolio,higher matchability,1.0,0.3,1,"full flight, 10 EDPs",10,pairwise_maxent_direct,Direct pair + higher-order inference,0.038285101547959846
mixed_funnel_portfolio,Mixed-funnel portfolio,higher matchability,1.0,0.3,1,"full flight, 10 EDPs",10,pairwise_maxent_mixture,Mixture pair + higher-order inference,0.07277523450446127
