campaign_id,scenario,method,metric,report,report_type,edp_count,day,value
provider_eval_broad_awareness_control,broad_awareness_control,existing_vid,report_error,weeks_1_3__2_edps,prefix,2,3,0.005171214665547021
provider_eval_broad_awareness_control,broad_awareness_control,existing_vid,report_error,weeks_1_12__2_edps,prefix,2,12,0.00879049166579306
provider_eval_broad_awareness_control,broad_awareness_control,existing_vid,report_error,weeks_5_12__2_edps,interval,2,12,0.003266772664920813
provider_eval_broad_awareness_control,broad_awareness_control,existing_vid,report_error,weeks_1_3__5_edps,prefix,5,3,0.02455243333270485
provider_eval_broad_awareness_control,broad_awareness_control,existing_vid,report_error,weeks_1_12__5_edps,prefix,5,12,0.004171908557365368
provider_eval_broad_awareness_control,broad_awareness_control,existing_vid,report_error,weeks_7_13__5_edps,interval,5,13,0.0021952740987841867
provider_eval_broad_awareness_control,broad_awareness_control,existing_vid,report_error,all_weeks__5_edps,prefix,5,13,0.004107825166624894
provider_eval_broad_awareness_control,broad_awareness_control,existing_vid,report_error,noncontiguous__5_edps,noncontiguous,5,13,0.008928297829633657
provider_eval_broad_awareness_control,broad_awareness_control,existing_vid,report_error,weeks_1_3__10_edps,prefix,10,3,0.03220343574201355
provider_eval_broad_awareness_control,broad_awareness_control,existing_vid,report_error,weeks_1_12__10_edps,prefix,10,12,0.000461062597124849
provider_eval_broad_awareness_control,broad_awareness_control,existing_vid,report_error,all_weeks__10_edps,prefix,10,13,0.00047947057792178266
provider_eval_broad_awareness_control,broad_awareness_control,existing_vid,report_error,weeks_5_12__10_edps,interval,10,12,0.0017193856330657332
provider_eval_broad_awareness_control,broad_awareness_control,existing_vid,report_error,weeks_7_13__10_edps,interval,10,13,0.002466878356810066
provider_eval_broad_awareness_control,broad_awareness_control,existing_vid,report_error,noncontiguous__10_edps,noncontiguous,10,13,0.006312911298552543
provider_eval_broad_awareness_control,broad_awareness_control,existing_vid,report_error,noncontiguous__2_edps,noncontiguous,2,13,0.002729916738443699
provider_eval_broad_awareness_control,broad_awareness_control,panel_direct_pairwise,raw_prefix_error,weeks_1_1__10_edps,prefix,10,1,0.011465017989753162
provider_eval_broad_awareness_control,broad_awareness_control,panel_direct_pairwise,reconciled_prefix_error,weeks_1_1__10_edps,prefix,10,1,0.011380504700643246
provider_eval_broad_awareness_control,broad_awareness_control,panel_direct_pairwise,union_adjustment,weeks_1_1__10_edps,prefix,10,1,8.549347331963026e-05
provider_eval_broad_awareness_control,broad_awareness_control,panel_direct_pairwise,cell_l1_adjustment,weeks_1_1__10_edps,prefix,10,1,0.21908805822267727
provider_eval_broad_awareness_control,broad_awareness_control,panel_direct_pairwise,temporal_projection_used,weeks_1_1__10_edps,prefix,10,1,1.0
provider_eval_broad_awareness_control,broad_awareness_control,panel_direct_pairwise,reconciliation_seconds,weeks_1_1__10_edps,prefix,10,1,0.0143074169754982
provider_eval_broad_awareness_control,broad_awareness_control,panel_direct_pairwise,raw_prefix_error,weeks_1_2__10_edps,prefix,10,2,0.0490056054965136
provider_eval_broad_awareness_control,broad_awareness_control,panel_direct_pairwise,reconciled_prefix_error,weeks_1_2__10_edps,prefix,10,2,0.049003322259136214
provider_eval_broad_awareness_control,broad_awareness_control,panel_direct_pairwise,union_adjustment,weeks_1_2__10_edps,prefix,10,2,2.4008946743815516e-06
provider_eval_broad_awareness_control,broad_awareness_control,panel_direct_pairwise,cell_l1_adjustment,weeks_1_2__10_edps,prefix,10,2,0.1852154164685694
provider_eval_broad_awareness_control,broad_awareness_control,panel_direct_pairwise,temporal_projection_used,weeks_1_2__10_edps,prefix,10,2,1.0
provider_eval_broad_awareness_control,broad_awareness_control,panel_direct_pairwise,reconciliation_seconds,weeks_1_2__10_edps,prefix,10,2,0.059006249997764826
provider_eval_broad_awareness_control,broad_awareness_control,panel_direct_pairwise,raw_prefix_error,weeks_1_3__10_edps,prefix,10,3,0.10003242600811812
provider_eval_broad_awareness_control,broad_awareness_control,panel_direct_pairwise,reconciled_prefix_error,weeks_1_3__10_edps,prefix,10,3,0.10003223380251423
provider_eval_broad_awareness_control,broad_awareness_control,panel_direct_pairwise,union_adjustment,weeks_1_3__10_edps,prefix,10,3,2.1356947649035172e-07
provider_eval_broad_awareness_control,broad_awareness_control,panel_direct_pairwise,cell_l1_adjustment,weeks_1_3__10_edps,prefix,10,3,0.19082739008538666
provider_eval_broad_awareness_control,broad_awareness_control,panel_direct_pairwise,temporal_projection_used,weeks_1_3__10_edps,prefix,10,3,1.0
provider_eval_broad_awareness_control,broad_awareness_control,panel_direct_pairwise,reconciliation_seconds,weeks_1_3__10_edps,prefix,10,3,0.13588370790239424
provider_eval_broad_awareness_control,broad_awareness_control,panel_direct_pairwise,raw_prefix_error,weeks_1_4__10_edps,prefix,10,4,0.23453761040886673
provider_eval_broad_awareness_control,broad_awareness_control,panel_direct_pairwise,reconciled_prefix_error,weeks_1_4__10_edps,prefix,10,4,0.19646968534151957
provider_eval_broad_awareness_control,broad_awareness_control,panel_direct_pairwise,union_adjustment,weeks_1_4__10_edps,prefix,10,4,0.049731934037518064
provider_eval_broad_awareness_control,broad_awareness_control,panel_direct_pairwise,cell_l1_adjustment,weeks_1_4__10_edps,prefix,10,4,0.397433974485918
provider_eval_broad_awareness_control,broad_awareness_control,panel_direct_pairwise,temporal_projection_used,weeks_1_4__10_edps,prefix,10,4,1.0
provider_eval_broad_awareness_control,broad_awareness_control,panel_direct_pairwise,reconciliation_seconds,weeks_1_4__10_edps,prefix,10,4,0.19116341706831008
provider_eval_broad_awareness_control,broad_awareness_control,panel_direct_pairwise,raw_prefix_error,weeks_1_5__10_edps,prefix,10,5,0.24550398714972413
provider_eval_broad_awareness_control,broad_awareness_control,panel_direct_pairwise,reconciled_prefix_error,weeks_1_5__10_edps,prefix,10,5,0.22993472464834053
provider_eval_broad_awareness_control,broad_awareness_control,panel_direct_pairwise,union_adjustment,weeks_1_5__10_edps,prefix,10,5,0.020635314483064274
provider_eval_broad_awareness_control,broad_awareness_control,panel_direct_pairwise,cell_l1_adjustment,weeks_1_5__10_edps,prefix,10,5,0.5850533384204741
provider_eval_broad_awareness_control,broad_awareness_control,panel_direct_pairwise,temporal_projection_used,weeks_1_5__10_edps,prefix,10,5,1.0
provider_eval_broad_awareness_control,broad_awareness_control,panel_direct_pairwise,reconciliation_seconds,weeks_1_5__10_edps,prefix,10,5,0.21288462495431304
provider_eval_broad_awareness_control,broad_awareness_control,panel_direct_pairwise,raw_prefix_error,weeks_1_6__10_edps,prefix,10,6,0.225147137868297
provider_eval_broad_awareness_control,broad_awareness_control,panel_direct_pairwise,reconciled_prefix_error,weeks_1_6__10_edps,prefix,10,6,0.22515140719629498
provider_eval_broad_awareness_control,broad_awareness_control,panel_direct_pairwise,union_adjustment,weeks_1_6__10_edps,prefix,10,6,5.509856395561727e-06
provider_eval_broad_awareness_control,broad_awareness_control,panel_direct_pairwise,cell_l1_adjustment,weeks_1_6__10_edps,prefix,10,6,0.7744856285272932
provider_eval_broad_awareness_control,broad_awareness_control,panel_direct_pairwise,temporal_projection_used,weeks_1_6__10_edps,prefix,10,6,1.0
provider_eval_broad_awareness_control,broad_awareness_control,panel_direct_pairwise,reconciliation_seconds,weeks_1_6__10_edps,prefix,10,6,0.23712791688740253
provider_eval_broad_awareness_control,broad_awareness_control,panel_direct_pairwise,raw_prefix_error,weeks_1_7__10_edps,prefix,10,7,0.035615446307049645
provider_eval_broad_awareness_control,broad_awareness_control,panel_direct_pairwise,reconciled_prefix_error,weeks_1_7__10_edps,prefix,10,7,0.035649389980098645
provider_eval_broad_awareness_control,broad_awareness_control,panel_direct_pairwise,union_adjustment,weeks_1_7__10_edps,prefix,10,7,3.277632944749802e-05
provider_eval_broad_awareness_control,broad_awareness_control,panel_direct_pairwise,cell_l1_adjustment,weeks_1_7__10_edps,prefix,10,7,0.8024468002546631
provider_eval_broad_awareness_control,broad_awareness_control,panel_direct_pairwise,temporal_projection_used,weeks_1_7__10_edps,prefix,10,7,1.0
provider_eval_broad_awareness_control,broad_awareness_control,panel_direct_pairwise,reconciliation_seconds,weeks_1_7__10_edps,prefix,10,7,0.24428912496659905
provider_eval_broad_awareness_control,broad_awareness_control,panel_direct_pairwise,raw_prefix_error,weeks_1_8__10_edps,prefix,10,8,0.3584674673555403
provider_eval_broad_awareness_control,broad_awareness_control,panel_direct_pairwise,reconciled_prefix_error,weeks_1_8__10_edps,prefix,10,8,0.014579977960498432
provider_eval_broad_awareness_control,broad_awareness_control,panel_direct_pairwise,union_adjustment,weeks_1_8__10_edps,prefix,10,8,0.5814941976181639
provider_eval_broad_awareness_control,broad_awareness_control,panel_direct_pairwise,cell_l1_adjustment,weeks_1_8__10_edps,prefix,10,8,1.299487106306625
provider_eval_broad_awareness_control,broad_awareness_control,panel_direct_pairwise,temporal_projection_used,weeks_1_8__10_edps,prefix,10,8,1.0
provider_eval_broad_awareness_control,broad_awareness_control,panel_direct_pairwise,reconciliation_seconds,weeks_1_8__10_edps,prefix,10,8,0.33202383399475366
provider_eval_broad_awareness_control,broad_awareness_control,panel_direct_pairwise,raw_prefix_error,weeks_1_9__10_edps,prefix,10,9,0.006118319084671904
provider_eval_broad_awareness_control,broad_awareness_control,panel_direct_pairwise,reconciled_prefix_error,weeks_1_9__10_edps,prefix,10,9,0.00612056678125262
provider_eval_broad_awareness_control,broad_awareness_control,panel_direct_pairwise,union_adjustment,weeks_1_9__10_edps,prefix,10,9,2.234028084197503e-06
provider_eval_broad_awareness_control,broad_awareness_control,panel_direct_pairwise,cell_l1_adjustment,weeks_1_9__10_edps,prefix,10,9,0.8859023490342077
provider_eval_broad_awareness_control,broad_awareness_control,panel_direct_pairwise,temporal_projection_used,weeks_1_9__10_edps,prefix,10,9,1.0
provider_eval_broad_awareness_control,broad_awareness_control,panel_direct_pairwise,reconciliation_seconds,weeks_1_9__10_edps,prefix,10,9,0.37042820802889764
provider_eval_broad_awareness_control,broad_awareness_control,panel_direct_pairwise,raw_prefix_error,weeks_1_10__10_edps,prefix,10,10,0.002419323569908977
provider_eval_broad_awareness_control,broad_awareness_control,panel_direct_pairwise,reconciled_prefix_error,weeks_1_10__10_edps,prefix,10,10,0.002422521092640548
provider_eval_broad_awareness_control,broad_awareness_control,panel_direct_pairwise,union_adjustment,weeks_1_10__10_edps,prefix,10,10,3.18980556009955e-06
provider_eval_broad_awareness_control,broad_awareness_control,panel_direct_pairwise,cell_l1_adjustment,weeks_1_10__10_edps,prefix,10,10,0.9097033769840467
provider_eval_broad_awareness_control,broad_awareness_control,panel_direct_pairwise,temporal_projection_used,weeks_1_10__10_edps,prefix,10,10,1.0
provider_eval_broad_awareness_control,broad_awareness_control,panel_direct_pairwise,reconciliation_seconds,weeks_1_10__10_edps,prefix,10,10,0.37443437497131526
provider_eval_broad_awareness_control,broad_awareness_control,panel_direct_pairwise,raw_prefix_error,weeks_1_11__10_edps,prefix,10,11,0.0010010010008790207
provider_eval_broad_awareness_control,broad_awareness_control,panel_direct_pairwise,reconciled_prefix_error,weeks_1_11__10_edps,prefix,10,11,0.001001001001001001
provider_eval_broad_awareness_control,broad_awareness_control,panel_direct_pairwise,union_adjustment,weeks_1_11__10_edps,prefix,10,11,1.2187229003758723e-13
provider_eval_broad_awareness_control,broad_awareness_control,panel_direct_pairwise,cell_l1_adjustment,weeks_1_11__10_edps,prefix,10,11,0.9601486039145173
provider_eval_broad_awareness_control,broad_awareness_control,panel_direct_pairwise,temporal_projection_used,weeks_1_11__10_edps,prefix,10,11,1.0
provider_eval_broad_awareness_control,broad_awareness_control,panel_direct_pairwise,reconciliation_seconds,weeks_1_11__10_edps,prefix,10,11,0.367571791051887
provider_eval_broad_awareness_control,broad_awareness_control,panel_direct_pairwise,raw_prefix_error,weeks_1_12__10_edps,prefix,10,12,0.09259727525420841
provider_eval_broad_awareness_control,broad_awareness_control,panel_direct_pairwise,reconciled_prefix_error,weeks_1_12__10_edps,prefix,10,12,0.0008340283569641367
provider_eval_broad_awareness_control,broad_awareness_control,panel_direct_pairwise,union_adjustment,weeks_1_12__10_edps,prefix,10,12,0.10296564145467742
provider_eval_broad_awareness_control,broad_awareness_control,panel_direct_pairwise,cell_l1_adjustment,weeks_1_12__10_edps,prefix,10,12,1.023903923117493
provider_eval_broad_awareness_control,broad_awareness_control,panel_direct_pairwise,temporal_projection_used,weeks_1_12__10_edps,prefix,10,12,1.0
provider_eval_broad_awareness_control,broad_awareness_control,panel_direct_pairwise,reconciliation_seconds,weeks_1_12__10_edps,prefix,10,12,0.3506733749527484
provider_eval_broad_awareness_control,broad_awareness_control,panel_direct_pairwise,raw_prefix_error,weeks_1_13__10_edps,prefix,10,13,0.1843357341512566
provider_eval_broad_awareness_control,broad_awareness_control,panel_direct_pairwise,reconciled_prefix_error,weeks_1_13__10_edps,prefix,10,13,0.0007505629221916438
provider_eval_broad_awareness_control,broad_awareness_control,panel_direct_pairwise,union_adjustment,weeks_1_13__10_edps,prefix,10,13,0.22691480407181475
provider_eval_broad_awareness_control,broad_awareness_control,panel_direct_pairwise,cell_l1_adjustment,weeks_1_13__10_edps,prefix,10,13,1.1415027914237763
provider_eval_broad_awareness_control,broad_awareness_control,panel_direct_pairwise,temporal_projection_used,weeks_1_13__10_edps,prefix,10,13,1.0
provider_eval_broad_awareness_control,broad_awareness_control,panel_direct_pairwise,reconciliation_seconds,weeks_1_13__10_edps,prefix,10,13,0.32808820891659707
provider_eval_broad_awareness_control,broad_awareness_control,panel_direct_pairwise__active_today,report_error,weeks_1_3__2_edps,prefix,2,3,0.012034704729918836
provider_eval_broad_awareness_control,broad_awareness_control,panel_direct_pairwise__active_today,report_error,weeks_1_12__2_edps,prefix,2,12,0.03920746409476884
provider_eval_broad_awareness_control,broad_awareness_control,panel_direct_pairwise__active_today,report_error,weeks_5_12__2_edps,interval,2,12,0.027434842249657063
provider_eval_broad_awareness_control,broad_awareness_control,panel_direct_pairwise__active_today,report_error,weeks_1_3__5_edps,prefix,5,3,0.008745013807916539
provider_eval_broad_awareness_control,broad_awareness_control,panel_direct_pairwise__active_today,report_error,weeks_1_12__5_edps,prefix,5,12,0.002404052545719928
provider_eval_broad_awareness_control,broad_awareness_control,panel_direct_pairwise__active_today,report_error,weeks_7_13__5_edps,interval,5,13,0.05837159186732877
provider_eval_broad_awareness_control,broad_awareness_control,panel_direct_pairwise__active_today,report_error,all_weeks__5_edps,prefix,5,13,8.566044200788077e-05
provider_eval_broad_awareness_control,broad_awareness_control,panel_direct_pairwise__active_today,report_error,noncontiguous__5_edps,noncontiguous,5,13,0.04700538713425584
provider_eval_broad_awareness_control,broad_awareness_control,panel_direct_pairwise__active_today,report_error,weeks_1_3__10_edps,prefix,10,3,0.10003223380251423
provider_eval_broad_awareness_control,broad_awareness_control,panel_direct_pairwise__active_today,report_error,weeks_1_12__10_edps,prefix,10,12,0.0008340283569641367
provider_eval_broad_awareness_control,broad_awareness_control,panel_direct_pairwise__active_today,report_error,all_weeks__10_edps,prefix,10,13,0.0007505629221916438
provider_eval_broad_awareness_control,broad_awareness_control,panel_direct_pairwise__active_today,report_error,weeks_5_12__10_edps,interval,10,12,0.0095581453844219
provider_eval_broad_awareness_control,broad_awareness_control,panel_direct_pairwise__active_today,report_error,weeks_7_13__10_edps,interval,10,13,0.03218197135636057
provider_eval_broad_awareness_control,broad_awareness_control,panel_direct_pairwise__active_today,report_error,noncontiguous__10_edps,noncontiguous,10,13,0.037995642701525056
provider_eval_broad_awareness_control,broad_awareness_control,panel_direct_pairwise__active_today,report_error,noncontiguous__2_edps,noncontiguous,2,13,0.01739879414298019
provider_eval_broad_awareness_control,broad_awareness_control,panel_direct_pairwise__recent_creation,report_error,weeks_1_3__2_edps,prefix,2,3,0.012034704729918836
provider_eval_broad_awareness_control,broad_awareness_control,panel_direct_pairwise__recent_creation,report_error,weeks_1_12__2_edps,prefix,2,12,0.03920746409476884
provider_eval_broad_awareness_control,broad_awareness_control,panel_direct_pairwise__recent_creation,report_error,weeks_5_12__2_edps,interval,2,12,0.0306771417882529
provider_eval_broad_awareness_control,broad_awareness_control,panel_direct_pairwise__recent_creation,report_error,weeks_1_3__5_edps,prefix,5,3,0.008745013807916539
provider_eval_broad_awareness_control,broad_awareness_control,panel_direct_pairwise__recent_creation,report_error,weeks_1_12__5_edps,prefix,5,12,0.002404052545719928
provider_eval_broad_awareness_control,broad_awareness_control,panel_direct_pairwise__recent_creation,report_error,weeks_7_13__5_edps,interval,5,13,0.0618382835191605
provider_eval_broad_awareness_control,broad_awareness_control,panel_direct_pairwise__recent_creation,report_error,all_weeks__5_edps,prefix,5,13,8.566044200788077e-05
provider_eval_broad_awareness_control,broad_awareness_control,panel_direct_pairwise__recent_creation,report_error,noncontiguous__5_edps,noncontiguous,5,13,0.03517481778810605
provider_eval_broad_awareness_control,broad_awareness_control,panel_direct_pairwise__recent_creation,report_error,weeks_1_3__10_edps,prefix,10,3,0.10003223380251423
provider_eval_broad_awareness_control,broad_awareness_control,panel_direct_pairwise__recent_creation,report_error,weeks_1_12__10_edps,prefix,10,12,0.0008340283569641367
provider_eval_broad_awareness_control,broad_awareness_control,panel_direct_pairwise__recent_creation,report_error,all_weeks__10_edps,prefix,10,13,0.0007505629221916438
provider_eval_broad_awareness_control,broad_awareness_control,panel_direct_pairwise__recent_creation,report_error,weeks_5_12__10_edps,interval,10,12,0.011821916659679719
provider_eval_broad_awareness_control,broad_awareness_control,panel_direct_pairwise__recent_creation,report_error,weeks_7_13__10_edps,interval,10,13,0.040016849199663015
provider_eval_broad_awareness_control,broad_awareness_control,panel_direct_pairwise__recent_creation,report_error,noncontiguous__10_edps,noncontiguous,10,13,0.029978213507625272
provider_eval_broad_awareness_control,broad_awareness_control,panel_direct_pairwise__recent_creation,report_error,noncontiguous__2_edps,noncontiguous,2,13,0.011714039621016366
provider_eval_broad_awareness_control,broad_awareness_control,panel_direct_pairwise__oldest_creation,report_error,weeks_1_3__2_edps,prefix,2,3,0.012034704729918836
provider_eval_broad_awareness_control,broad_awareness_control,panel_direct_pairwise__oldest_creation,report_error,weeks_1_12__2_edps,prefix,2,12,0.03920746409476884
provider_eval_broad_awareness_control,broad_awareness_control,panel_direct_pairwise__oldest_creation,report_error,weeks_5_12__2_edps,interval,2,12,0.032797106871180946
provider_eval_broad_awareness_control,broad_awareness_control,panel_direct_pairwise__oldest_creation,report_error,weeks_1_3__5_edps,prefix,5,3,0.008745013807916539
provider_eval_broad_awareness_control,broad_awareness_control,panel_direct_pairwise__oldest_creation,report_error,weeks_1_12__5_edps,prefix,5,12,0.002404052545719928
provider_eval_broad_awareness_control,broad_awareness_control,panel_direct_pairwise__oldest_creation,report_error,weeks_7_13__5_edps,interval,5,13,0.0517192916705706
provider_eval_broad_awareness_control,broad_awareness_control,panel_direct_pairwise__oldest_creation,report_error,all_weeks__5_edps,prefix,5,13,8.566044200788077e-05
provider_eval_broad_awareness_control,broad_awareness_control,panel_direct_pairwise__oldest_creation,report_error,noncontiguous__5_edps,noncontiguous,5,13,0.012253089679940847
provider_eval_broad_awareness_control,broad_awareness_control,panel_direct_pairwise__oldest_creation,report_error,weeks_1_3__10_edps,prefix,10,3,0.10003223380251423
provider_eval_broad_awareness_control,broad_awareness_control,panel_direct_pairwise__oldest_creation,report_error,weeks_1_12__10_edps,prefix,10,12,0.0008340283569641367
provider_eval_broad_awareness_control,broad_awareness_control,panel_direct_pairwise__oldest_creation,report_error,all_weeks__10_edps,prefix,10,13,0.0007505629221916438
provider_eval_broad_awareness_control,broad_awareness_control,panel_direct_pairwise__oldest_creation,report_error,weeks_5_12__10_edps,interval,10,12,0.011235012995723988
provider_eval_broad_awareness_control,broad_awareness_control,panel_direct_pairwise__oldest_creation,report_error,weeks_7_13__10_edps,interval,10,13,0.039427127211457455
provider_eval_broad_awareness_control,broad_awareness_control,panel_direct_pairwise__oldest_creation,report_error,noncontiguous__10_edps,noncontiguous,10,13,0.028148148148148148
provider_eval_broad_awareness_control,broad_awareness_control,panel_direct_pairwise__oldest_creation,report_error,noncontiguous__2_edps,noncontiguous,2,13,0.02118863049095607
provider_eval_traffic_optimization,traffic_optimization,existing_vid,report_error,weeks_1_3__2_edps,prefix,2,3,0.011726618705036567
provider_eval_traffic_optimization,traffic_optimization,existing_vid,report_error,weeks_1_12__2_edps,prefix,2,12,0.03891834431973413
provider_eval_traffic_optimization,traffic_optimization,existing_vid,report_error,weeks_5_12__2_edps,interval,2,12,0.023002734599884736
provider_eval_traffic_optimization,traffic_optimization,existing_vid,report_error,weeks_1_3__5_edps,prefix,5,3,0.03809900609233073
provider_eval_traffic_optimization,traffic_optimization,existing_vid,report_error,weeks_1_12__5_edps,prefix,5,12,0.08299201684990352
provider_eval_traffic_optimization,traffic_optimization,existing_vid,report_error,weeks_7_13__5_edps,interval,5,13,0.04979731751056271
provider_eval_traffic_optimization,traffic_optimization,existing_vid,report_error,all_weeks__5_edps,prefix,5,13,0.08521572627033695
provider_eval_traffic_optimization,traffic_optimization,existing_vid,report_error,noncontiguous__5_edps,noncontiguous,5,13,0.058995252687425524
provider_eval_traffic_optimization,traffic_optimization,existing_vid,report_error,weeks_1_3__10_edps,prefix,10,3,0.07302750781267339
provider_eval_traffic_optimization,traffic_optimization,existing_vid,report_error,weeks_1_12__10_edps,prefix,10,12,0.1074375399947533
provider_eval_traffic_optimization,traffic_optimization,existing_vid,report_error,all_weeks__10_edps,prefix,10,13,0.10655163434818374
provider_eval_traffic_optimization,traffic_optimization,existing_vid,report_error,weeks_5_12__10_edps,interval,10,12,0.09526350983744686
provider_eval_traffic_optimization,traffic_optimization,existing_vid,report_error,weeks_7_13__10_edps,interval,10,13,0.08958615650296982
provider_eval_traffic_optimization,traffic_optimization,existing_vid,report_error,noncontiguous__10_edps,noncontiguous,10,13,0.09620890164330174
provider_eval_traffic_optimization,traffic_optimization,existing_vid,report_error,noncontiguous__2_edps,noncontiguous,2,13,0.020170512464091
provider_eval_traffic_optimization,traffic_optimization,panel_direct_pairwise,raw_prefix_error,weeks_1_1__10_edps,prefix,10,1,0.025952791635811937
provider_eval_traffic_optimization,traffic_optimization,panel_direct_pairwise,reconciled_prefix_error,weeks_1_1__10_edps,prefix,10,1,0.026047565118912798
provider_eval_traffic_optimization,traffic_optimization,panel_direct_pairwise,union_adjustment,weeks_1_1__10_edps,prefix,10,1,9.237606629881606e-05
provider_eval_traffic_optimization,traffic_optimization,panel_direct_pairwise,cell_l1_adjustment,weeks_1_1__10_edps,prefix,10,1,0.07095222115818166
provider_eval_traffic_optimization,traffic_optimization,panel_direct_pairwise,temporal_projection_used,weeks_1_1__10_edps,prefix,10,1,1.0
provider_eval_traffic_optimization,traffic_optimization,panel_direct_pairwise,reconciliation_seconds,weeks_1_1__10_edps,prefix,10,1,0.012374999932944775
provider_eval_traffic_optimization,traffic_optimization,panel_direct_pairwise,raw_prefix_error,weeks_1_2__10_edps,prefix,10,2,0.038011143908387404
provider_eval_traffic_optimization,traffic_optimization,panel_direct_pairwise,reconciled_prefix_error,weeks_1_2__10_edps,prefix,10,2,0.03793293018141836
provider_eval_traffic_optimization,traffic_optimization,panel_direct_pairwise,union_adjustment,weeks_1_2__10_edps,prefix,10,2,7.534960238831254e-05
provider_eval_traffic_optimization,traffic_optimization,panel_direct_pairwise,cell_l1_adjustment,weeks_1_2__10_edps,prefix,10,2,0.14179950957398785
provider_eval_traffic_optimization,traffic_optimization,panel_direct_pairwise,temporal_projection_used,weeks_1_2__10_edps,prefix,10,2,1.0
provider_eval_traffic_optimization,traffic_optimization,panel_direct_pairwise,reconciliation_seconds,weeks_1_2__10_edps,prefix,10,2,0.0295265419408679
provider_eval_traffic_optimization,traffic_optimization,panel_direct_pairwise,raw_prefix_error,weeks_1_3__10_edps,prefix,10,3,0.041896488254446654
provider_eval_traffic_optimization,traffic_optimization,panel_direct_pairwise,reconciled_prefix_error,weeks_1_3__10_edps,prefix,10,3,0.041922861934041364
provider_eval_traffic_optimization,traffic_optimization,panel_direct_pairwise,union_adjustment,weeks_1_3__10_edps,prefix,10,3,2.5313147603594155e-05
provider_eval_traffic_optimization,traffic_optimization,panel_direct_pairwise,cell_l1_adjustment,weeks_1_3__10_edps,prefix,10,3,0.11973049718521533
provider_eval_traffic_optimization,traffic_optimization,panel_direct_pairwise,temporal_projection_used,weeks_1_3__10_edps,prefix,10,3,1.0
provider_eval_traffic_optimization,traffic_optimization,panel_direct_pairwise,reconciliation_seconds,weeks_1_3__10_edps,prefix,10,3,0.0514787919819355
provider_eval_traffic_optimization,traffic_optimization,panel_direct_pairwise,raw_prefix_error,weeks_1_4__10_edps,prefix,10,4,0.05178736186376124
provider_eval_traffic_optimization,traffic_optimization,panel_direct_pairwise,reconciled_prefix_error,weeks_1_4__10_edps,prefix,10,4,0.05172927847346452
provider_eval_traffic_optimization,traffic_optimization,panel_direct_pairwise,union_adjustment,weeks_1_4__10_edps,prefix,10,4,5.522351038124712e-05
provider_eval_traffic_optimization,traffic_optimization,panel_direct_pairwise,cell_l1_adjustment,weeks_1_4__10_edps,prefix,10,4,0.1268613929166051
provider_eval_traffic_optimization,traffic_optimization,panel_direct_pairwise,temporal_projection_used,weeks_1_4__10_edps,prefix,10,4,1.0
provider_eval_traffic_optimization,traffic_optimization,panel_direct_pairwise,reconciliation_seconds,weeks_1_4__10_edps,prefix,10,4,0.12975691596511751
provider_eval_traffic_optimization,traffic_optimization,panel_direct_pairwise,raw_prefix_error,weeks_1_5__10_edps,prefix,10,5,0.04858687327455893
provider_eval_traffic_optimization,traffic_optimization,panel_direct_pairwise,reconciled_prefix_error,weeks_1_5__10_edps,prefix,10,5,0.04861111111111111
provider_eval_traffic_optimization,traffic_optimization,panel_direct_pairwise,union_adjustment,weeks_1_5__10_edps,prefix,10,5,2.3114762514877397e-05
provider_eval_traffic_optimization,traffic_optimization,panel_direct_pairwise,cell_l1_adjustment,weeks_1_5__10_edps,prefix,10,5,0.11329370222783938
provider_eval_traffic_optimization,traffic_optimization,panel_direct_pairwise,temporal_projection_used,weeks_1_5__10_edps,prefix,10,5,1.0
provider_eval_traffic_optimization,traffic_optimization,panel_direct_pairwise,reconciliation_seconds,weeks_1_5__10_edps,prefix,10,5,0.19064166699536145
provider_eval_traffic_optimization,traffic_optimization,panel_direct_pairwise,raw_prefix_error,weeks_1_6__10_edps,prefix,10,6,0.038606821187519305
provider_eval_traffic_optimization,traffic_optimization,panel_direct_pairwise,reconciled_prefix_error,weeks_1_6__10_edps,prefix,10,6,0.03859020310633214
provider_eval_traffic_optimization,traffic_optimization,panel_direct_pairwise,union_adjustment,weeks_1_6__10_edps,prefix,10,6,1.600035821883754e-05
provider_eval_traffic_optimization,traffic_optimization,panel_direct_pairwise,cell_l1_adjustment,weeks_1_6__10_edps,prefix,10,6,0.11552952991367377
provider_eval_traffic_optimization,traffic_optimization,panel_direct_pairwise,temporal_projection_used,weeks_1_6__10_edps,prefix,10,6,1.0
provider_eval_traffic_optimization,traffic_optimization,panel_direct_pairwise,reconciliation_seconds,weeks_1_6__10_edps,prefix,10,6,0.2361035830108449
provider_eval_traffic_optimization,traffic_optimization,panel_direct_pairwise,raw_prefix_error,weeks_1_7__10_edps,prefix,10,7,0.03011806322780626
provider_eval_traffic_optimization,traffic_optimization,panel_direct_pairwise,reconciled_prefix_error,weeks_1_7__10_edps,prefix,10,7,0.030126002290950745
provider_eval_traffic_optimization,traffic_optimization,panel_direct_pairwise,union_adjustment,weeks_1_7__10_edps,prefix,10,7,7.706944890762407e-06
provider_eval_traffic_optimization,traffic_optimization,panel_direct_pairwise,cell_l1_adjustment,weeks_1_7__10_edps,prefix,10,7,0.08685023122928917
provider_eval_traffic_optimization,traffic_optimization,panel_direct_pairwise,temporal_projection_used,weeks_1_7__10_edps,prefix,10,7,1.0
provider_eval_traffic_optimization,traffic_optimization,panel_direct_pairwise,reconciliation_seconds,weeks_1_7__10_edps,prefix,10,7,0.2706291249487549
provider_eval_traffic_optimization,traffic_optimization,panel_direct_pairwise,raw_prefix_error,weeks_1_8__10_edps,prefix,10,8,0.02674135676658828
provider_eval_traffic_optimization,traffic_optimization,panel_direct_pairwise,reconciled_prefix_error,weeks_1_8__10_edps,prefix,10,8,0.026742754839431577
provider_eval_traffic_optimization,traffic_optimization,panel_direct_pairwise,union_adjustment,weeks_1_8__10_edps,prefix,10,8,1.3616602022136351e-06
provider_eval_traffic_optimization,traffic_optimization,panel_direct_pairwise,cell_l1_adjustment,weeks_1_8__10_edps,prefix,10,8,0.07077887619561898
provider_eval_traffic_optimization,traffic_optimization,panel_direct_pairwise,temporal_projection_used,weeks_1_8__10_edps,prefix,10,8,1.0
provider_eval_traffic_optimization,traffic_optimization,panel_direct_pairwise,reconciliation_seconds,weeks_1_8__10_edps,prefix,10,8,0.30694266699720174
provider_eval_traffic_optimization,traffic_optimization,panel_direct_pairwise,raw_prefix_error,weeks_1_9__10_edps,prefix,10,9,0.027333018611839
provider_eval_traffic_optimization,traffic_optimization,panel_direct_pairwise,reconciled_prefix_error,weeks_1_9__10_edps,prefix,10,9,0.027321802357607138
provider_eval_traffic_optimization,traffic_optimization,panel_direct_pairwise,union_adjustment,weeks_1_9__10_edps,prefix,10,9,1.0917836795702963e-05
provider_eval_traffic_optimization,traffic_optimization,panel_direct_pairwise,cell_l1_adjustment,weeks_1_9__10_edps,prefix,10,9,0.05959944368530237
provider_eval_traffic_optimization,traffic_optimization,panel_direct_pairwise,temporal_projection_used,weeks_1_9__10_edps,prefix,10,9,1.0
provider_eval_traffic_optimization,traffic_optimization,panel_direct_pairwise,reconciliation_seconds,weeks_1_9__10_edps,prefix,10,9,0.32207637501414865
provider_eval_traffic_optimization,traffic_optimization,panel_direct_pairwise,raw_prefix_error,weeks_1_10__10_edps,prefix,10,10,0.02542368117475739
provider_eval_traffic_optimization,traffic_optimization,panel_direct_pairwise,reconciled_prefix_error,weeks_1_10__10_edps,prefix,10,10,0.025385116077240182
provider_eval_traffic_optimization,traffic_optimization,panel_direct_pairwise,union_adjustment,weeks_1_10__10_edps,prefix,10,10,3.760893982201969e-05
provider_eval_traffic_optimization,traffic_optimization,panel_direct_pairwise,cell_l1_adjustment,weeks_1_10__10_edps,prefix,10,10,0.055561320251022485
provider_eval_traffic_optimization,traffic_optimization,panel_direct_pairwise,temporal_projection_used,weeks_1_10__10_edps,prefix,10,10,1.0
provider_eval_traffic_optimization,traffic_optimization,panel_direct_pairwise,reconciliation_seconds,weeks_1_10__10_edps,prefix,10,10,0.3461264999350533
provider_eval_traffic_optimization,traffic_optimization,panel_direct_pairwise,raw_prefix_error,weeks_1_11__10_edps,prefix,10,11,0.025950232524726034
provider_eval_traffic_optimization,traffic_optimization,panel_direct_pairwise,reconciled_prefix_error,weeks_1_11__10_edps,prefix,10,11,0.025978191148171906
provider_eval_traffic_optimization,traffic_optimization,panel_direct_pairwise,union_adjustment,weeks_1_11__10_edps,prefix,10,11,2.7251442184568214e-05
provider_eval_traffic_optimization,traffic_optimization,panel_direct_pairwise,cell_l1_adjustment,weeks_1_11__10_edps,prefix,10,11,0.055504418803762834
provider_eval_traffic_optimization,traffic_optimization,panel_direct_pairwise,temporal_projection_used,weeks_1_11__10_edps,prefix,10,11,1.0
provider_eval_traffic_optimization,traffic_optimization,panel_direct_pairwise,reconciliation_seconds,weeks_1_11__10_edps,prefix,10,11,0.3716211669379845
provider_eval_traffic_optimization,traffic_optimization,panel_direct_pairwise,raw_prefix_error,weeks_1_12__10_edps,prefix,10,12,0.02314673088990538
provider_eval_traffic_optimization,traffic_optimization,panel_direct_pairwise,reconciled_prefix_error,weeks_1_12__10_edps,prefix,10,12,0.02319451765946231
provider_eval_traffic_optimization,traffic_optimization,panel_direct_pairwise,union_adjustment,weeks_1_12__10_edps,prefix,10,12,4.6705685620986574e-05
provider_eval_traffic_optimization,traffic_optimization,panel_direct_pairwise,cell_l1_adjustment,weeks_1_12__10_edps,prefix,10,12,0.0526100241625717
provider_eval_traffic_optimization,traffic_optimization,panel_direct_pairwise,temporal_projection_used,weeks_1_12__10_edps,prefix,10,12,1.0
provider_eval_traffic_optimization,traffic_optimization,panel_direct_pairwise,reconciliation_seconds,weeks_1_12__10_edps,prefix,10,12,0.39186258299741894
provider_eval_traffic_optimization,traffic_optimization,panel_direct_pairwise,raw_prefix_error,weeks_1_13__10_edps,prefix,10,13,0.022992529213702192
provider_eval_traffic_optimization,traffic_optimization,panel_direct_pairwise,reconciled_prefix_error,weeks_1_13__10_edps,prefix,10,13,0.022976501305483028
provider_eval_traffic_optimization,traffic_optimization,panel_direct_pairwise,union_adjustment,weeks_1_13__10_edps,prefix,10,13,1.5667668884789226e-05
provider_eval_traffic_optimization,traffic_optimization,panel_direct_pairwise,cell_l1_adjustment,weeks_1_13__10_edps,prefix,10,13,0.049788311867983166
provider_eval_traffic_optimization,traffic_optimization,panel_direct_pairwise,temporal_projection_used,weeks_1_13__10_edps,prefix,10,13,1.0
provider_eval_traffic_optimization,traffic_optimization,panel_direct_pairwise,reconciliation_seconds,weeks_1_13__10_edps,prefix,10,13,0.4016402499983087
provider_eval_traffic_optimization,traffic_optimization,panel_direct_pairwise__active_today,report_error,weeks_1_3__2_edps,prefix,2,3,0.02158273381294964
provider_eval_traffic_optimization,traffic_optimization,panel_direct_pairwise__active_today,report_error,weeks_1_12__2_edps,prefix,2,12,0.018528416176732586
provider_eval_traffic_optimization,traffic_optimization,panel_direct_pairwise__active_today,report_error,weeks_5_12__2_edps,interval,2,12,0.0002467308166790032
provider_eval_traffic_optimization,traffic_optimization,panel_direct_pairwise__active_today,report_error,weeks_1_3__5_edps,prefix,5,3,0.016662755221778926
provider_eval_traffic_optimization,traffic_optimization,panel_direct_pairwise__active_today,report_error,weeks_1_12__5_edps,prefix,5,12,0.039396479463537304
provider_eval_traffic_optimization,traffic_optimization,panel_direct_pairwise__active_today,report_error,weeks_7_13__5_edps,interval,5,13,0.037591025388703014
provider_eval_traffic_optimization,traffic_optimization,panel_direct_pairwise__active_today,report_error,all_weeks__5_edps,prefix,5,13,0.03944726585567497
provider_eval_traffic_optimization,traffic_optimization,panel_direct_pairwise__active_today,report_error,noncontiguous__5_edps,noncontiguous,5,13,0.00232249502322495
provider_eval_traffic_optimization,traffic_optimization,panel_direct_pairwise__active_today,report_error,weeks_1_3__10_edps,prefix,10,3,0.041922861934041364
provider_eval_traffic_optimization,traffic_optimization,panel_direct_pairwise__active_today,report_error,weeks_1_12__10_edps,prefix,10,12,0.02319451765946231
provider_eval_traffic_optimization,traffic_optimization,panel_direct_pairwise__active_today,report_error,all_weeks__10_edps,prefix,10,13,0.022976501305483028
provider_eval_traffic_optimization,traffic_optimization,panel_direct_pairwise__active_today,report_error,weeks_5_12__10_edps,interval,10,12,0.09654660230226514
provider_eval_traffic_optimization,traffic_optimization,panel_direct_pairwise__active_today,report_error,weeks_7_13__10_edps,interval,10,13,0.06866764275256222
provider_eval_traffic_optimization,traffic_optimization,panel_direct_pairwise__active_today,report_error,noncontiguous__10_edps,noncontiguous,10,13,0.03137789904502047
provider_eval_traffic_optimization,traffic_optimization,panel_direct_pairwise__active_today,report_error,noncontiguous__2_edps,noncontiguous,2,13,0.00778426466499861
provider_eval_traffic_optimization,traffic_optimization,panel_direct_pairwise__recent_creation,report_error,weeks_1_3__2_edps,prefix,2,3,0.02158273381294964
provider_eval_traffic_optimization,traffic_optimization,panel_direct_pairwise__recent_creation,report_error,weeks_1_12__2_edps,prefix,2,12,0.018528416176732586
provider_eval_traffic_optimization,traffic_optimization,panel_direct_pairwise__recent_creation,report_error,weeks_5_12__2_edps,interval,2,12,0.01085615593387614
provider_eval_traffic_optimization,traffic_optimization,panel_direct_pairwise__recent_creation,report_error,weeks_1_3__5_edps,prefix,5,3,0.016662755221778926
provider_eval_traffic_optimization,traffic_optimization,panel_direct_pairwise__recent_creation,report_error,weeks_1_12__5_edps,prefix,5,12,0.039396479463537304
provider_eval_traffic_optimization,traffic_optimization,panel_direct_pairwise__recent_creation,report_error,weeks_7_13__5_edps,interval,5,13,0.013776815587482779
provider_eval_traffic_optimization,traffic_optimization,panel_direct_pairwise__recent_creation,report_error,all_weeks__5_edps,prefix,5,13,0.03944726585567497
provider_eval_traffic_optimization,traffic_optimization,panel_direct_pairwise__recent_creation,report_error,noncontiguous__5_edps,noncontiguous,5,13,0.011612475116124751
provider_eval_traffic_optimization,traffic_optimization,panel_direct_pairwise__recent_creation,report_error,weeks_1_3__10_edps,prefix,10,3,0.041922861934041364
provider_eval_traffic_optimization,traffic_optimization,panel_direct_pairwise__recent_creation,report_error,weeks_1_12__10_edps,prefix,10,12,0.02319451765946231
provider_eval_traffic_optimization,traffic_optimization,panel_direct_pairwise__recent_creation,report_error,all_weeks__10_edps,prefix,10,13,0.022976501305483028
provider_eval_traffic_optimization,traffic_optimization,panel_direct_pairwise__recent_creation,report_error,weeks_5_12__10_edps,interval,10,12,0.008911994058670627
provider_eval_traffic_optimization,traffic_optimization,panel_direct_pairwise__recent_creation,report_error,weeks_7_13__10_edps,interval,10,13,0.036456808199121525
provider_eval_traffic_optimization,traffic_optimization,panel_direct_pairwise__recent_creation,report_error,noncontiguous__10_edps,noncontiguous,10,13,0.05975443383356071
provider_eval_traffic_optimization,traffic_optimization,panel_direct_pairwise__recent_creation,report_error,noncontiguous__2_edps,noncontiguous,2,13,0.0050041701417848205
provider_eval_traffic_optimization,traffic_optimization,panel_direct_pairwise__oldest_creation,report_error,weeks_1_3__2_edps,prefix,2,3,0.02158273381294964
provider_eval_traffic_optimization,traffic_optimization,panel_direct_pairwise__oldest_creation,report_error,weeks_1_12__2_edps,prefix,2,12,0.018528416176732586
provider_eval_traffic_optimization,traffic_optimization,panel_direct_pairwise__oldest_creation,report_error,weeks_5_12__2_edps,interval,2,12,0.061929434986429804
provider_eval_traffic_optimization,traffic_optimization,panel_direct_pairwise__oldest_creation,report_error,weeks_1_3__5_edps,prefix,5,3,0.016662755221778926
provider_eval_traffic_optimization,traffic_optimization,panel_direct_pairwise__oldest_creation,report_error,weeks_1_12__5_edps,prefix,5,12,0.039396479463537304
provider_eval_traffic_optimization,traffic_optimization,panel_direct_pairwise__oldest_creation,report_error,weeks_7_13__5_edps,interval,5,13,0.06396378665617004
provider_eval_traffic_optimization,traffic_optimization,panel_direct_pairwise__oldest_creation,report_error,all_weeks__5_edps,prefix,5,13,0.03944726585567497
provider_eval_traffic_optimization,traffic_optimization,panel_direct_pairwise__oldest_creation,report_error,noncontiguous__5_edps,noncontiguous,5,13,0.07631055076310551
provider_eval_traffic_optimization,traffic_optimization,panel_direct_pairwise__oldest_creation,report_error,weeks_1_3__10_edps,prefix,10,3,0.041922861934041364
provider_eval_traffic_optimization,traffic_optimization,panel_direct_pairwise__oldest_creation,report_error,weeks_1_12__10_edps,prefix,10,12,0.02319451765946231
provider_eval_traffic_optimization,traffic_optimization,panel_direct_pairwise__oldest_creation,report_error,all_weeks__10_edps,prefix,10,13,0.022976501305483028
provider_eval_traffic_optimization,traffic_optimization,panel_direct_pairwise__oldest_creation,report_error,weeks_5_12__10_edps,interval,10,12,0.0970417130833024
provider_eval_traffic_optimization,traffic_optimization,panel_direct_pairwise__oldest_creation,report_error,weeks_7_13__10_edps,interval,10,13,0.0910688140556369
provider_eval_traffic_optimization,traffic_optimization,panel_direct_pairwise__oldest_creation,report_error,noncontiguous__10_edps,noncontiguous,10,13,0.07530695770804911
provider_eval_traffic_optimization,traffic_optimization,panel_direct_pairwise__oldest_creation,report_error,noncontiguous__2_edps,noncontiguous,2,13,0.010008340283569641
provider_eval_video_engagement_retargeting,video_engagement_retargeting,existing_vid,report_error,weeks_1_3__2_edps,prefix,2,3,0.0484267723880597
provider_eval_video_engagement_retargeting,video_engagement_retargeting,existing_vid,report_error,weeks_1_12__2_edps,prefix,2,12,0.19015092301649647
provider_eval_video_engagement_retargeting,video_engagement_retargeting,existing_vid,report_error,weeks_5_12__2_edps,interval,2,12,0.1304979317476736
provider_eval_video_engagement_retargeting,video_engagement_retargeting,existing_vid,report_error,weeks_1_3__5_edps,prefix,5,3,0.13974202918700737
provider_eval_video_engagement_retargeting,video_engagement_retargeting,existing_vid,report_error,weeks_1_12__5_edps,prefix,5,12,0.535605970226816
provider_eval_video_engagement_retargeting,video_engagement_retargeting,existing_vid,report_error,weeks_7_13__5_edps,interval,5,13,0.4133339956061546
provider_eval_video_engagement_retargeting,video_engagement_retargeting,existing_vid,report_error,all_weeks__5_edps,prefix,5,13,0.5800936925529552
provider_eval_video_engagement_retargeting,video_engagement_retargeting,existing_vid,report_error,noncontiguous__5_edps,noncontiguous,5,13,0.34902182137304044
provider_eval_video_engagement_retargeting,video_engagement_retargeting,existing_vid,report_error,weeks_1_3__10_edps,prefix,10,3,0.2931198935435704
provider_eval_video_engagement_retargeting,video_engagement_retargeting,existing_vid,report_error,weeks_1_12__10_edps,prefix,10,12,0.7890456577258624
provider_eval_video_engagement_retargeting,video_engagement_retargeting,existing_vid,report_error,all_weeks__10_edps,prefix,10,13,0.8323997693227724
provider_eval_video_engagement_retargeting,video_engagement_retargeting,existing_vid,report_error,weeks_5_12__10_edps,interval,10,12,0.6586124100777855
provider_eval_video_engagement_retargeting,video_engagement_retargeting,existing_vid,report_error,weeks_7_13__10_edps,interval,10,13,0.6433633816975642
provider_eval_video_engagement_retargeting,video_engagement_retargeting,existing_vid,report_error,noncontiguous__10_edps,noncontiguous,10,13,0.5942795004208932
provider_eval_video_engagement_retargeting,video_engagement_retargeting,existing_vid,report_error,noncontiguous__2_edps,noncontiguous,2,13,0.1020451370231056
provider_eval_video_engagement_retargeting,video_engagement_retargeting,panel_direct_pairwise,raw_prefix_error,weeks_1_1__10_edps,prefix,10,1,0.08655695485607073
provider_eval_video_engagement_retargeting,video_engagement_retargeting,panel_direct_pairwise,reconciled_prefix_error,weeks_1_1__10_edps,prefix,10,1,0.08655126498002663
provider_eval_video_engagement_retargeting,video_engagement_retargeting,panel_direct_pairwise,union_adjustment,weeks_1_1__10_edps,prefix,10,1,5.236610946150816e-06
provider_eval_video_engagement_retargeting,video_engagement_retargeting,panel_direct_pairwise,cell_l1_adjustment,weeks_1_1__10_edps,prefix,10,1,0.027041262857725998
provider_eval_video_engagement_retargeting,video_engagement_retargeting,panel_direct_pairwise,temporal_projection_used,weeks_1_1__10_edps,prefix,10,1,1.0
provider_eval_video_engagement_retargeting,video_engagement_retargeting,panel_direct_pairwise,reconciliation_seconds,weeks_1_1__10_edps,prefix,10,1,0.011142832925543189
provider_eval_video_engagement_retargeting,video_engagement_retargeting,panel_direct_pairwise,raw_prefix_error,weeks_1_2__10_edps,prefix,10,2,0.15737989233009425
provider_eval_video_engagement_retargeting,video_engagement_retargeting,panel_direct_pairwise,reconciled_prefix_error,weeks_1_2__10_edps,prefix,10,2,0.15737473535638674
provider_eval_video_engagement_retargeting,video_engagement_retargeting,panel_direct_pairwise,union_adjustment,weeks_1_2__10_edps,prefix,10,2,4.455731207174968e-06
provider_eval_video_engagement_retargeting,video_engagement_retargeting,panel_direct_pairwise,cell_l1_adjustment,weeks_1_2__10_edps,prefix,10,2,0.08886635444591864
provider_eval_video_engagement_retargeting,video_engagement_retargeting,panel_direct_pairwise,temporal_projection_used,weeks_1_2__10_edps,prefix,10,2,1.0
provider_eval_video_engagement_retargeting,video_engagement_retargeting,panel_direct_pairwise,reconciliation_seconds,weeks_1_2__10_edps,prefix,10,2,0.026217875070869923
provider_eval_video_engagement_retargeting,video_engagement_retargeting,panel_direct_pairwise,raw_prefix_error,weeks_1_3__10_edps,prefix,10,3,0.22105142421950522
provider_eval_video_engagement_retargeting,video_engagement_retargeting,panel_direct_pairwise,reconciled_prefix_error,weeks_1_3__10_edps,prefix,10,3,0.22115869017632242
provider_eval_video_engagement_retargeting,video_engagement_retargeting,panel_direct_pairwise,union_adjustment,weeks_1_3__10_edps,prefix,10,3,8.784720666839869e-05
provider_eval_video_engagement_retargeting,video_engagement_retargeting,panel_direct_pairwise,cell_l1_adjustment,weeks_1_3__10_edps,prefix,10,3,0.10222360983689242
provider_eval_video_engagement_retargeting,video_engagement_retargeting,panel_direct_pairwise,temporal_projection_used,weeks_1_3__10_edps,prefix,10,3,1.0
provider_eval_video_engagement_retargeting,video_engagement_retargeting,panel_direct_pairwise,reconciliation_seconds,weeks_1_3__10_edps,prefix,10,3,0.028262792038731277
provider_eval_video_engagement_retargeting,video_engagement_retargeting,panel_direct_pairwise,raw_prefix_error,weeks_1_4__10_edps,prefix,10,4,0.2623125747439813
provider_eval_video_engagement_retargeting,video_engagement_retargeting,panel_direct_pairwise,reconciled_prefix_error,weeks_1_4__10_edps,prefix,10,4,0.2624737945492662
provider_eval_video_engagement_retargeting,video_engagement_retargeting,panel_direct_pairwise,union_adjustment,weeks_1_4__10_edps,prefix,10,4,0.00012771781610318813
provider_eval_video_engagement_retargeting,video_engagement_retargeting,panel_direct_pairwise,cell_l1_adjustment,weeks_1_4__10_edps,prefix,10,4,0.09508362393504502
provider_eval_video_engagement_retargeting,video_engagement_retargeting,panel_direct_pairwise,temporal_projection_used,weeks_1_4__10_edps,prefix,10,4,1.0
provider_eval_video_engagement_retargeting,video_engagement_retargeting,panel_direct_pairwise,reconciliation_seconds,weeks_1_4__10_edps,prefix,10,4,0.05207866698037833
provider_eval_video_engagement_retargeting,video_engagement_retargeting,panel_direct_pairwise,raw_prefix_error,weeks_1_5__10_edps,prefix,10,5,0.2875050403342385
provider_eval_video_engagement_retargeting,video_engagement_retargeting,panel_direct_pairwise,reconciled_prefix_error,weeks_1_5__10_edps,prefix,10,5,0.28750460744563217
provider_eval_video_engagement_retargeting,video_engagement_retargeting,panel_direct_pairwise,union_adjustment,weeks_1_5__10_edps,prefix,10,5,3.362228445378392e-07
provider_eval_video_engagement_retargeting,video_engagement_retargeting,panel_direct_pairwise,cell_l1_adjustment,weeks_1_5__10_edps,prefix,10,5,0.07632633732918895
provider_eval_video_engagement_retargeting,video_engagement_retargeting,panel_direct_pairwise,temporal_projection_used,weeks_1_5__10_edps,prefix,10,5,1.0
provider_eval_video_engagement_retargeting,video_engagement_retargeting,panel_direct_pairwise,reconciliation_seconds,weeks_1_5__10_edps,prefix,10,5,0.09722895896993577
provider_eval_video_engagement_retargeting,video_engagement_retargeting,panel_direct_pairwise,raw_prefix_error,weeks_1_6__10_edps,prefix,10,6,0.3150524545801078
provider_eval_video_engagement_retargeting,video_engagement_retargeting,panel_direct_pairwise,reconciled_prefix_error,weeks_1_6__10_edps,prefix,10,6,0.31518430842069667
provider_eval_video_engagement_retargeting,video_engagement_retargeting,panel_direct_pairwise,union_adjustment,weeks_1_6__10_edps,prefix,10,6,0.00010026508078053594
provider_eval_video_engagement_retargeting,video_engagement_retargeting,panel_direct_pairwise,cell_l1_adjustment,weeks_1_6__10_edps,prefix,10,6,0.07379776733808918
provider_eval_video_engagement_retargeting,video_engagement_retargeting,panel_direct_pairwise,temporal_projection_used,weeks_1_6__10_edps,prefix,10,6,1.0
provider_eval_video_engagement_retargeting,video_engagement_retargeting,panel_direct_pairwise,reconciliation_seconds,weeks_1_6__10_edps,prefix,10,6,0.11624437500722706
provider_eval_video_engagement_retargeting,video_engagement_retargeting,panel_direct_pairwise,raw_prefix_error,weeks_1_7__10_edps,prefix,10,7,0.3357163859382363
provider_eval_video_engagement_retargeting,video_engagement_retargeting,panel_direct_pairwise,reconciled_prefix_error,weeks_1_7__10_edps,prefix,10,7,0.33568904593639576
provider_eval_video_engagement_retargeting,video_engagement_retargeting,panel_direct_pairwise,union_adjustment,weeks_1_7__10_edps,prefix,10,7,2.0468418392509353e-05
provider_eval_video_engagement_retargeting,video_engagement_retargeting,panel_direct_pairwise,cell_l1_adjustment,weeks_1_7__10_edps,prefix,10,7,0.06897016911010234
provider_eval_video_engagement_retargeting,video_engagement_retargeting,panel_direct_pairwise,temporal_projection_used,weeks_1_7__10_edps,prefix,10,7,1.0
provider_eval_video_engagement_retargeting,video_engagement_retargeting,panel_direct_pairwise,reconciliation_seconds,weeks_1_7__10_edps,prefix,10,7,0.13072933303192258
provider_eval_video_engagement_retargeting,video_engagement_retargeting,panel_direct_pairwise,raw_prefix_error,weeks_1_8__10_edps,prefix,10,8,0.3532769293562387
provider_eval_video_engagement_retargeting,video_engagement_retargeting,panel_direct_pairwise,reconciled_prefix_error,weeks_1_8__10_edps,prefix,10,8,0.35332302936630605
provider_eval_video_engagement_retargeting,video_engagement_retargeting,panel_direct_pairwise,union_adjustment,weeks_1_8__10_edps,prefix,10,8,3.4065466622095354e-05
provider_eval_video_engagement_retargeting,video_engagement_retargeting,panel_direct_pairwise,cell_l1_adjustment,weeks_1_8__10_edps,prefix,10,8,0.07543016706069561
provider_eval_video_engagement_retargeting,video_engagement_retargeting,panel_direct_pairwise,temporal_projection_used,weeks_1_8__10_edps,prefix,10,8,1.0
provider_eval_video_engagement_retargeting,video_engagement_retargeting,panel_direct_pairwise,reconciliation_seconds,weeks_1_8__10_edps,prefix,10,8,0.15438895800616592
provider_eval_video_engagement_retargeting,video_engagement_retargeting,panel_direct_pairwise,raw_prefix_error,weeks_1_9__10_edps,prefix,10,9,0.3620501592586966
provider_eval_video_engagement_retargeting,video_engagement_retargeting,panel_direct_pairwise,reconciled_prefix_error,weeks_1_9__10_edps,prefix,10,9,0.3621976709465512
provider_eval_video_engagement_retargeting,video_engagement_retargeting,panel_direct_pairwise,union_adjustment,weeks_1_9__10_edps,prefix,10,9,0.00010830121552601089
provider_eval_video_engagement_retargeting,video_engagement_retargeting,panel_direct_pairwise,cell_l1_adjustment,weeks_1_9__10_edps,prefix,10,9,0.07752664281399992
provider_eval_video_engagement_retargeting,video_engagement_retargeting,panel_direct_pairwise,temporal_projection_used,weeks_1_9__10_edps,prefix,10,9,1.0
provider_eval_video_engagement_retargeting,video_engagement_retargeting,panel_direct_pairwise,reconciliation_seconds,weeks_1_9__10_edps,prefix,10,9,0.17073429096490145
provider_eval_video_engagement_retargeting,video_engagement_retargeting,panel_direct_pairwise,raw_prefix_error,weeks_1_10__10_edps,prefix,10,10,0.37382511567292886
provider_eval_video_engagement_retargeting,video_engagement_retargeting,panel_direct_pairwise,reconciled_prefix_error,weeks_1_10__10_edps,prefix,10,10,0.3737919272313815
provider_eval_video_engagement_retargeting,video_engagement_retargeting,panel_direct_pairwise,union_adjustment,weeks_1_10__10_edps,prefix,10,10,2.415769021000553e-05
provider_eval_video_engagement_retargeting,video_engagement_retargeting,panel_direct_pairwise,cell_l1_adjustment,weeks_1_10__10_edps,prefix,10,10,0.08816296488571511
provider_eval_video_engagement_retargeting,video_engagement_retargeting,panel_direct_pairwise,temporal_projection_used,weeks_1_10__10_edps,prefix,10,10,1.0
provider_eval_video_engagement_retargeting,video_engagement_retargeting,panel_direct_pairwise,reconciliation_seconds,weeks_1_10__10_edps,prefix,10,10,0.18856429203879088
provider_eval_video_engagement_retargeting,video_engagement_retargeting,panel_direct_pairwise,raw_prefix_error,weeks_1_11__10_edps,prefix,10,11,0.37584048771417283
provider_eval_video_engagement_retargeting,video_engagement_retargeting,panel_direct_pairwise,reconciled_prefix_error,weeks_1_11__10_edps,prefix,10,11,0.3758959384125299
provider_eval_video_engagement_retargeting,video_engagement_retargeting,panel_direct_pairwise,union_adjustment,weeks_1_11__10_edps,prefix,10,11,4.030314476986235e-05
provider_eval_video_engagement_retargeting,video_engagement_retargeting,panel_direct_pairwise,cell_l1_adjustment,weeks_1_11__10_edps,prefix,10,11,0.09467720970827144
provider_eval_video_engagement_retargeting,video_engagement_retargeting,panel_direct_pairwise,temporal_projection_used,weeks_1_11__10_edps,prefix,10,11,1.0
provider_eval_video_engagement_retargeting,video_engagement_retargeting,panel_direct_pairwise,reconciliation_seconds,weeks_1_11__10_edps,prefix,10,11,0.2125241660978645
provider_eval_video_engagement_retargeting,video_engagement_retargeting,panel_direct_pairwise,raw_prefix_error,weeks_1_12__10_edps,prefix,10,12,0.38432905496351444
provider_eval_video_engagement_retargeting,video_engagement_retargeting,panel_direct_pairwise,reconciled_prefix_error,weeks_1_12__10_edps,prefix,10,12,0.3844052644648622
provider_eval_video_engagement_retargeting,video_engagement_retargeting,panel_direct_pairwise,union_adjustment,weeks_1_12__10_edps,prefix,10,12,5.5051579734048716e-05
provider_eval_video_engagement_retargeting,video_engagement_retargeting,panel_direct_pairwise,cell_l1_adjustment,weeks_1_12__10_edps,prefix,10,12,0.11279721662291971
provider_eval_video_engagement_retargeting,video_engagement_retargeting,panel_direct_pairwise,temporal_projection_used,weeks_1_12__10_edps,prefix,10,12,1.0
provider_eval_video_engagement_retargeting,video_engagement_retargeting,panel_direct_pairwise,reconciliation_seconds,weeks_1_12__10_edps,prefix,10,12,0.2347168748965487
provider_eval_video_engagement_retargeting,video_engagement_retargeting,panel_direct_pairwise,raw_prefix_error,weeks_1_13__10_edps,prefix,10,13,0.3887273391384173
provider_eval_video_engagement_retargeting,video_engagement_retargeting,panel_direct_pairwise,reconciled_prefix_error,weeks_1_13__10_edps,prefix,10,13,0.3887310606060606
provider_eval_video_engagement_retargeting,video_engagement_retargeting,panel_direct_pairwise,union_adjustment,weeks_1_13__10_edps,prefix,10,13,2.6797684028297404e-06
provider_eval_video_engagement_retargeting,video_engagement_retargeting,panel_direct_pairwise,cell_l1_adjustment,weeks_1_13__10_edps,prefix,10,13,0.09928778541667423
provider_eval_video_engagement_retargeting,video_engagement_retargeting,panel_direct_pairwise,temporal_projection_used,weeks_1_13__10_edps,prefix,10,13,1.0
provider_eval_video_engagement_retargeting,video_engagement_retargeting,panel_direct_pairwise,reconciliation_seconds,weeks_1_13__10_edps,prefix,10,13,0.23276095802430063
provider_eval_video_engagement_retargeting,video_engagement_retargeting,panel_direct_pairwise__active_today,report_error,weeks_1_3__2_edps,prefix,2,3,0.008395522388059701
provider_eval_video_engagement_retargeting,video_engagement_retargeting,panel_direct_pairwise__active_today,report_error,weeks_1_12__2_edps,prefix,2,12,0.04399057344854674
provider_eval_video_engagement_retargeting,video_engagement_retargeting,panel_direct_pairwise__active_today,report_error,weeks_5_12__2_edps,interval,2,12,0.021199586349534644
provider_eval_video_engagement_retargeting,video_engagement_retargeting,panel_direct_pairwise__active_today,report_error,weeks_1_3__5_edps,prefix,5,3,0.07831715210355987
provider_eval_video_engagement_retargeting,video_engagement_retargeting,panel_direct_pairwise__active_today,report_error,weeks_1_12__5_edps,prefix,5,12,0.19744356812618982
provider_eval_video_engagement_retargeting,video_engagement_retargeting,panel_direct_pairwise__active_today,report_error,weeks_7_13__5_edps,interval,5,13,0.23330167774612218
provider_eval_video_engagement_retargeting,video_engagement_retargeting,panel_direct_pairwise__active_today,report_error,all_weeks__5_edps,prefix,5,13,0.21957534955981356
provider_eval_video_engagement_retargeting,video_engagement_retargeting,panel_direct_pairwise__active_today,report_error,noncontiguous__5_edps,noncontiguous,5,13,0.13655913978494624
provider_eval_video_engagement_retargeting,video_engagement_retargeting,panel_direct_pairwise__active_today,report_error,weeks_1_3__10_edps,prefix,10,3,0.22115869017632242
provider_eval_video_engagement_retargeting,video_engagement_retargeting,panel_direct_pairwise__active_today,report_error,weeks_1_12__10_edps,prefix,10,12,0.3844052644648622
provider_eval_video_engagement_retargeting,video_engagement_retargeting,panel_direct_pairwise__active_today,report_error,all_weeks__10_edps,prefix,10,13,0.3887310606060606
provider_eval_video_engagement_retargeting,video_engagement_retargeting,panel_direct_pairwise__active_today,report_error,weeks_5_12__10_edps,interval,10,12,0.36554621848739494
provider_eval_video_engagement_retargeting,video_engagement_retargeting,panel_direct_pairwise__active_today,report_error,weeks_7_13__10_edps,interval,10,13,0.38210702341137126
provider_eval_video_engagement_retargeting,video_engagement_retargeting,panel_direct_pairwise__active_today,report_error,noncontiguous__10_edps,noncontiguous,10,13,0.2737984496124031
provider_eval_video_engagement_retargeting,video_engagement_retargeting,panel_direct_pairwise__active_today,report_error,noncontiguous__2_edps,noncontiguous,2,13,0.015583019881783988
provider_eval_video_engagement_retargeting,video_engagement_retargeting,panel_direct_pairwise__recent_creation,report_error,weeks_1_3__2_edps,prefix,2,3,0.008395522388059701
provider_eval_video_engagement_retargeting,video_engagement_retargeting,panel_direct_pairwise__recent_creation,report_error,weeks_1_12__2_edps,prefix,2,12,0.04399057344854674
provider_eval_video_engagement_retargeting,video_engagement_retargeting,panel_direct_pairwise__recent_creation,report_error,weeks_5_12__2_edps,interval,2,12,0.019131334022750777
provider_eval_video_engagement_retargeting,video_engagement_retargeting,panel_direct_pairwise__recent_creation,report_error,weeks_1_3__5_edps,prefix,5,3,0.07831715210355987
provider_eval_video_engagement_retargeting,video_engagement_retargeting,panel_direct_pairwise__recent_creation,report_error,weeks_1_12__5_edps,prefix,5,12,0.19744356812618982
provider_eval_video_engagement_retargeting,video_engagement_retargeting,panel_direct_pairwise__recent_creation,report_error,weeks_7_13__5_edps,interval,5,13,0.1636593858816081
provider_eval_video_engagement_retargeting,video_engagement_retargeting,panel_direct_pairwise__recent_creation,report_error,all_weeks__5_edps,prefix,5,13,0.21957534955981356
provider_eval_video_engagement_retargeting,video_engagement_retargeting,panel_direct_pairwise__recent_creation,report_error,noncontiguous__5_edps,noncontiguous,5,13,0.1
provider_eval_video_engagement_retargeting,video_engagement_retargeting,panel_direct_pairwise__recent_creation,report_error,weeks_1_3__10_edps,prefix,10,3,0.22115869017632242
provider_eval_video_engagement_retargeting,video_engagement_retargeting,panel_direct_pairwise__recent_creation,report_error,weeks_1_12__10_edps,prefix,10,12,0.3844052644648622
provider_eval_video_engagement_retargeting,video_engagement_retargeting,panel_direct_pairwise__recent_creation,report_error,all_weeks__10_edps,prefix,10,13,0.3887310606060606
provider_eval_video_engagement_retargeting,video_engagement_retargeting,panel_direct_pairwise__recent_creation,report_error,weeks_5_12__10_edps,interval,10,12,0.3070028011204482
provider_eval_video_engagement_retargeting,video_engagement_retargeting,panel_direct_pairwise__recent_creation,report_error,weeks_7_13__10_edps,interval,10,13,0.2840022296544036
provider_eval_video_engagement_retargeting,video_engagement_retargeting,panel_direct_pairwise__recent_creation,report_error,noncontiguous__10_edps,noncontiguous,10,13,0.22666666666666666
provider_eval_video_engagement_retargeting,video_engagement_retargeting,panel_direct_pairwise__recent_creation,report_error,noncontiguous__2_edps,noncontiguous,2,13,0.011821601289629231
provider_eval_video_engagement_retargeting,video_engagement_retargeting,panel_direct_pairwise__oldest_creation,report_error,weeks_1_3__2_edps,prefix,2,3,0.008395522388059701
provider_eval_video_engagement_retargeting,video_engagement_retargeting,panel_direct_pairwise__oldest_creation,report_error,weeks_1_12__2_edps,prefix,2,12,0.04399057344854674
provider_eval_video_engagement_retargeting,video_engagement_retargeting,panel_direct_pairwise__oldest_creation,report_error,weeks_5_12__2_edps,interval,2,12,0.04188210961737332
provider_eval_video_engagement_retargeting,video_engagement_retargeting,panel_direct_pairwise__oldest_creation,report_error,weeks_1_3__5_edps,prefix,5,3,0.07831715210355987
provider_eval_video_engagement_retargeting,video_engagement_retargeting,panel_direct_pairwise__oldest_creation,report_error,weeks_1_12__5_edps,prefix,5,12,0.19744356812618982
provider_eval_video_engagement_retargeting,video_engagement_retargeting,panel_direct_pairwise__oldest_creation,report_error,weeks_7_13__5_edps,interval,5,13,0.08135485913263692
provider_eval_video_engagement_retargeting,video_engagement_retargeting,panel_direct_pairwise__oldest_creation,report_error,all_weeks__5_edps,prefix,5,13,0.21957534955981356
provider_eval_video_engagement_retargeting,video_engagement_retargeting,panel_direct_pairwise__oldest_creation,report_error,noncontiguous__5_edps,noncontiguous,5,13,0.17526881720430107
provider_eval_video_engagement_retargeting,video_engagement_retargeting,panel_direct_pairwise__oldest_creation,report_error,weeks_1_3__10_edps,prefix,10,3,0.22115869017632242
provider_eval_video_engagement_retargeting,video_engagement_retargeting,panel_direct_pairwise__oldest_creation,report_error,weeks_1_12__10_edps,prefix,10,12,0.3844052644648622
provider_eval_video_engagement_retargeting,video_engagement_retargeting,panel_direct_pairwise__oldest_creation,report_error,all_weeks__10_edps,prefix,10,13,0.3887310606060606
provider_eval_video_engagement_retargeting,video_engagement_retargeting,panel_direct_pairwise__oldest_creation,report_error,weeks_5_12__10_edps,interval,10,12,0.1473389355742297
provider_eval_video_engagement_retargeting,video_engagement_retargeting,panel_direct_pairwise__oldest_creation,report_error,weeks_7_13__10_edps,interval,10,13,0.1443701226309922
provider_eval_video_engagement_retargeting,video_engagement_retargeting,panel_direct_pairwise__oldest_creation,report_error,noncontiguous__10_edps,noncontiguous,10,13,0.36930232558139536
provider_eval_video_engagement_retargeting,video_engagement_retargeting,panel_direct_pairwise__oldest_creation,report_error,noncontiguous__2_edps,noncontiguous,2,13,0.03331542181622783
provider_eval_lead_generation,lead_generation,existing_vid,report_error,weeks_1_3__2_edps,prefix,2,3,0.00387652705060887
provider_eval_lead_generation,lead_generation,existing_vid,report_error,weeks_1_12__2_edps,prefix,2,12,0.16779761312779712
provider_eval_lead_generation,lead_generation,existing_vid,report_error,weeks_5_12__2_edps,interval,2,12,0.12277777777777851
provider_eval_lead_generation,lead_generation,existing_vid,report_error,weeks_1_3__5_edps,prefix,5,3,0.041538968130688976
provider_eval_lead_generation,lead_generation,existing_vid,report_error,weeks_1_12__5_edps,prefix,5,12,0.5409955083542497
provider_eval_lead_generation,lead_generation,existing_vid,report_error,weeks_7_13__5_edps,interval,5,13,0.4107866002553056
provider_eval_lead_generation,lead_generation,existing_vid,report_error,all_weeks__5_edps,prefix,5,13,0.5457344647686548
provider_eval_lead_generation,lead_generation,existing_vid,report_error,noncontiguous__5_edps,noncontiguous,5,13,0.2783575764755299
provider_eval_lead_generation,lead_generation,existing_vid,report_error,weeks_1_3__10_edps,prefix,10,3,0.16564156872424562
provider_eval_lead_generation,lead_generation,existing_vid,report_error,weeks_1_12__10_edps,prefix,10,12,0.8017700587687087
provider_eval_lead_generation,lead_generation,existing_vid,report_error,all_weeks__10_edps,prefix,10,13,0.8125639340774284
provider_eval_lead_generation,lead_generation,existing_vid,report_error,weeks_5_12__10_edps,interval,10,12,0.7177076431132531
provider_eval_lead_generation,lead_generation,existing_vid,report_error,weeks_7_13__10_edps,interval,10,13,0.631310520147215
provider_eval_lead_generation,lead_generation,existing_vid,report_error,noncontiguous__10_edps,noncontiguous,10,13,0.5017607429006918
provider_eval_lead_generation,lead_generation,existing_vid,report_error,noncontiguous__2_edps,noncontiguous,2,13,0.06807833333333244
provider_eval_lead_generation,lead_generation,panel_direct_pairwise,raw_prefix_error,weeks_1_1__10_edps,prefix,10,1,0.05326645886571261
provider_eval_lead_generation,lead_generation,panel_direct_pairwise,reconciled_prefix_error,weeks_1_1__10_edps,prefix,10,1,0.05263157894736842
provider_eval_lead_generation,lead_generation,panel_direct_pairwise,union_adjustment,weeks_1_1__10_edps,prefix,10,1,0.0006027723687692142
provider_eval_lead_generation,lead_generation,panel_direct_pairwise,cell_l1_adjustment,weeks_1_1__10_edps,prefix,10,1,0.02772174248477385
provider_eval_lead_generation,lead_generation,panel_direct_pairwise,temporal_projection_used,weeks_1_1__10_edps,prefix,10,1,1.0
provider_eval_lead_generation,lead_generation,panel_direct_pairwise,reconciliation_seconds,weeks_1_1__10_edps,prefix,10,1,0.010910084005445242
provider_eval_lead_generation,lead_generation,panel_direct_pairwise,raw_prefix_error,weeks_1_2__10_edps,prefix,10,2,0.09154394870508378
provider_eval_lead_generation,lead_generation,panel_direct_pairwise,reconciled_prefix_error,weeks_1_2__10_edps,prefix,10,2,0.0921595598349381
provider_eval_lead_generation,lead_generation,panel_direct_pairwise,union_adjustment,weeks_1_2__10_edps,prefix,10,2,0.0005639819913654424
provider_eval_lead_generation,lead_generation,panel_direct_pairwise,cell_l1_adjustment,weeks_1_2__10_edps,prefix,10,2,0.03161623271461389
provider_eval_lead_generation,lead_generation,panel_direct_pairwise,temporal_projection_used,weeks_1_2__10_edps,prefix,10,2,1.0
provider_eval_lead_generation,lead_generation,panel_direct_pairwise,reconciliation_seconds,weeks_1_2__10_edps,prefix,10,2,0.019734125002287328
provider_eval_lead_generation,lead_generation,panel_direct_pairwise,raw_prefix_error,weeks_1_3__10_edps,prefix,10,3,0.10172402336886112
provider_eval_lead_generation,lead_generation,panel_direct_pairwise,reconciled_prefix_error,weeks_1_3__10_edps,prefix,10,3,0.1016949152542373
provider_eval_lead_generation,lead_generation,panel_direct_pairwise,union_adjustment,weeks_1_3__10_edps,prefix,10,3,2.6420513676200955e-05
provider_eval_lead_generation,lead_generation,panel_direct_pairwise,cell_l1_adjustment,weeks_1_3__10_edps,prefix,10,3,0.060780446193871566
provider_eval_lead_generation,lead_generation,panel_direct_pairwise,temporal_projection_used,weeks_1_3__10_edps,prefix,10,3,1.0
provider_eval_lead_generation,lead_generation,panel_direct_pairwise,reconciliation_seconds,weeks_1_3__10_edps,prefix,10,3,0.025356000056490302
provider_eval_lead_generation,lead_generation,panel_direct_pairwise,raw_prefix_error,weeks_1_4__10_edps,prefix,10,4,0.11898120400661043
provider_eval_lead_generation,lead_generation,panel_direct_pairwise,reconciled_prefix_error,weeks_1_4__10_edps,prefix,10,4,0.11917098445595854
provider_eval_lead_generation,lead_generation,panel_direct_pairwise,union_adjustment,weeks_1_4__10_edps,prefix,10,4,0.0001696011056024648
provider_eval_lead_generation,lead_generation,panel_direct_pairwise,cell_l1_adjustment,weeks_1_4__10_edps,prefix,10,4,0.06556744563587058
provider_eval_lead_generation,lead_generation,panel_direct_pairwise,temporal_projection_used,weeks_1_4__10_edps,prefix,10,4,1.0
provider_eval_lead_generation,lead_generation,panel_direct_pairwise,reconciliation_seconds,weeks_1_4__10_edps,prefix,10,4,0.029183459002524614
provider_eval_lead_generation,lead_generation,panel_direct_pairwise,raw_prefix_error,weeks_1_5__10_edps,prefix,10,5,0.1283398130608883
provider_eval_lead_generation,lead_generation,panel_direct_pairwise,reconciled_prefix_error,weeks_1_5__10_edps,prefix,10,5,0.12852112676056338
provider_eval_lead_generation,lead_generation,panel_direct_pairwise,union_adjustment,weeks_1_5__10_edps,prefix,10,5,0.00016069068695039095
provider_eval_lead_generation,lead_generation,panel_direct_pairwise,cell_l1_adjustment,weeks_1_5__10_edps,prefix,10,5,0.06847261112212832
provider_eval_lead_generation,lead_generation,panel_direct_pairwise,temporal_projection_used,weeks_1_5__10_edps,prefix,10,5,1.0
provider_eval_lead_generation,lead_generation,panel_direct_pairwise,reconciliation_seconds,weeks_1_5__10_edps,prefix,10,5,0.04566524992696941
provider_eval_lead_generation,lead_generation,panel_direct_pairwise,raw_prefix_error,weeks_1_6__10_edps,prefix,10,6,0.1288390134903679
provider_eval_lead_generation,lead_generation,panel_direct_pairwise,reconciled_prefix_error,weeks_1_6__10_edps,prefix,10,6,0.12889518413597734
provider_eval_lead_generation,lead_generation,panel_direct_pairwise,union_adjustment,weeks_1_6__10_edps,prefix,10,6,4.975966009008828e-05
provider_eval_lead_generation,lead_generation,panel_direct_pairwise,cell_l1_adjustment,weeks_1_6__10_edps,prefix,10,6,0.08551849179491468
provider_eval_lead_generation,lead_generation,panel_direct_pairwise,temporal_projection_used,weeks_1_6__10_edps,prefix,10,6,1.0
provider_eval_lead_generation,lead_generation,panel_direct_pairwise,reconciliation_seconds,weeks_1_6__10_edps,prefix,10,6,0.06731299997773021
provider_eval_lead_generation,lead_generation,panel_direct_pairwise,raw_prefix_error,weeks_1_7__10_edps,prefix,10,7,0.11288722912200978
provider_eval_lead_generation,lead_generation,panel_direct_pairwise,reconciled_prefix_error,weeks_1_7__10_edps,prefix,10,7,0.11301084236864054
provider_eval_lead_generation,lead_generation,panel_direct_pairwise,union_adjustment,weeks_1_7__10_edps,prefix,10,7,0.00011107436889929702
provider_eval_lead_generation,lead_generation,panel_direct_pairwise,cell_l1_adjustment,weeks_1_7__10_edps,prefix,10,7,0.0848630353200795
provider_eval_lead_generation,lead_generation,panel_direct_pairwise,temporal_projection_used,weeks_1_7__10_edps,prefix,10,7,1.0
provider_eval_lead_generation,lead_generation,panel_direct_pairwise,reconciliation_seconds,weeks_1_7__10_edps,prefix,10,7,0.1090126249473542
provider_eval_lead_generation,lead_generation,panel_direct_pairwise,raw_prefix_error,weeks_1_8__10_edps,prefix,10,8,0.11214566680895595
provider_eval_lead_generation,lead_generation,panel_direct_pairwise,reconciled_prefix_error,weeks_1_8__10_edps,prefix,10,8,0.11207875804619462
provider_eval_lead_generation,lead_generation,panel_direct_pairwise,union_adjustment,weeks_1_8__10_edps,prefix,10,8,6.0161869761334856e-05
provider_eval_lead_generation,lead_generation,panel_direct_pairwise,cell_l1_adjustment,weeks_1_8__10_edps,prefix,10,8,0.097149905205016
provider_eval_lead_generation,lead_generation,panel_direct_pairwise,temporal_projection_used,weeks_1_8__10_edps,prefix,10,8,1.0
provider_eval_lead_generation,lead_generation,panel_direct_pairwise,reconciliation_seconds,weeks_1_8__10_edps,prefix,10,8,0.12824608304072171
provider_eval_lead_generation,lead_generation,panel_direct_pairwise,raw_prefix_error,weeks_1_9__10_edps,prefix,10,9,0.09729192416153397
provider_eval_lead_generation,lead_generation,panel_direct_pairwise,reconciled_prefix_error,weeks_1_9__10_edps,prefix,10,9,0.09742519137091162
provider_eval_lead_generation,lead_generation,panel_direct_pairwise,union_adjustment,weeks_1_9__10_edps,prefix,10,9,0.0001214510071968569
provider_eval_lead_generation,lead_generation,panel_direct_pairwise,cell_l1_adjustment,weeks_1_9__10_edps,prefix,10,9,0.10139944584628721
provider_eval_lead_generation,lead_generation,panel_direct_pairwise,temporal_projection_used,weeks_1_9__10_edps,prefix,10,9,1.0
provider_eval_lead_generation,lead_generation,panel_direct_pairwise,reconciliation_seconds,weeks_1_9__10_edps,prefix,10,9,0.1533889169804752
provider_eval_lead_generation,lead_generation,panel_direct_pairwise,raw_prefix_error,weeks_1_10__10_edps,prefix,10,10,0.09118290704796395
provider_eval_lead_generation,lead_generation,panel_direct_pairwise,reconciled_prefix_error,weeks_1_10__10_edps,prefix,10,10,0.09126466753585398
provider_eval_lead_generation,lead_generation,panel_direct_pairwise,union_adjustment,weeks_1_10__10_edps,prefix,10,10,7.492830703584164e-05
provider_eval_lead_generation,lead_generation,panel_direct_pairwise,cell_l1_adjustment,weeks_1_10__10_edps,prefix,10,10,0.11358451090162791
provider_eval_lead_generation,lead_generation,panel_direct_pairwise,temporal_projection_used,weeks_1_10__10_edps,prefix,10,10,1.0
provider_eval_lead_generation,lead_generation,panel_direct_pairwise,reconciliation_seconds,weeks_1_10__10_edps,prefix,10,10,0.17980379203800112
provider_eval_lead_generation,lead_generation,panel_direct_pairwise,raw_prefix_error,weeks_1_11__10_edps,prefix,10,11,0.07292722561023812
provider_eval_lead_generation,lead_generation,panel_direct_pairwise,reconciled_prefix_error,weeks_1_11__10_edps,prefix,10,11,0.07289719626168224
provider_eval_lead_generation,lead_generation,panel_direct_pairwise,union_adjustment,weeks_1_11__10_edps,prefix,10,11,2.7988243600228134e-05
provider_eval_lead_generation,lead_generation,panel_direct_pairwise,cell_l1_adjustment,weeks_1_11__10_edps,prefix,10,11,0.08859441723997094
provider_eval_lead_generation,lead_generation,panel_direct_pairwise,temporal_projection_used,weeks_1_11__10_edps,prefix,10,11,1.0
provider_eval_lead_generation,lead_generation,panel_direct_pairwise,reconciliation_seconds,weeks_1_11__10_edps,prefix,10,11,0.19294862495735288
provider_eval_lead_generation,lead_generation,panel_direct_pairwise,raw_prefix_error,weeks_1_12__10_edps,prefix,10,12,0.06704058951154064
provider_eval_lead_generation,lead_generation,panel_direct_pairwise,reconciled_prefix_error,weeks_1_12__10_edps,prefix,10,12,0.0670306339096148
provider_eval_lead_generation,lead_generation,panel_direct_pairwise,union_adjustment,weeks_1_12__10_edps,prefix,10,12,9.330106111669863e-06
provider_eval_lead_generation,lead_generation,panel_direct_pairwise,cell_l1_adjustment,weeks_1_12__10_edps,prefix,10,12,0.09123899301458809
provider_eval_lead_generation,lead_generation,panel_direct_pairwise,temporal_projection_used,weeks_1_12__10_edps,prefix,10,12,1.0
provider_eval_lead_generation,lead_generation,panel_direct_pairwise,reconciliation_seconds,weeks_1_12__10_edps,prefix,10,12,0.20600270805880427
provider_eval_lead_generation,lead_generation,panel_direct_pairwise,raw_prefix_error,weeks_1_13__10_edps,prefix,10,13,0.06100072079723979
provider_eval_lead_generation,lead_generation,panel_direct_pairwise,reconciled_prefix_error,weeks_1_13__10_edps,prefix,10,13,0.06102303320370924
provider_eval_lead_generation,lead_generation,panel_direct_pairwise,union_adjustment,weeks_1_13__10_edps,prefix,10,13,2.1029586531372666e-05
provider_eval_lead_generation,lead_generation,panel_direct_pairwise,cell_l1_adjustment,weeks_1_13__10_edps,prefix,10,13,0.08161522833385226
provider_eval_lead_generation,lead_generation,panel_direct_pairwise,temporal_projection_used,weeks_1_13__10_edps,prefix,10,13,1.0
provider_eval_lead_generation,lead_generation,panel_direct_pairwise,reconciliation_seconds,weeks_1_13__10_edps,prefix,10,13,0.21090662491042167
provider_eval_lead_generation,lead_generation,panel_direct_pairwise__active_today,report_error,weeks_1_3__2_edps,prefix,2,3,0.005235602094240838
provider_eval_lead_generation,lead_generation,panel_direct_pairwise__active_today,report_error,weeks_1_12__2_edps,prefix,2,12,0.001989060169070114
provider_eval_lead_generation,lead_generation,panel_direct_pairwise__active_today,report_error,weeks_5_12__2_edps,interval,2,12,0.014697236919459141
provider_eval_lead_generation,lead_generation,panel_direct_pairwise__active_today,report_error,weeks_1_3__5_edps,prefix,5,3,0.026499302649930265
provider_eval_lead_generation,lead_generation,panel_direct_pairwise__active_today,report_error,weeks_1_12__5_edps,prefix,5,12,0.008585164835164836
provider_eval_lead_generation,lead_generation,panel_direct_pairwise__active_today,report_error,weeks_7_13__5_edps,interval,5,13,0.001639344262295082
provider_eval_lead_generation,lead_generation,panel_direct_pairwise__active_today,report_error,all_weeks__5_edps,prefix,5,13,0.010166045408336157
provider_eval_lead_generation,lead_generation,panel_direct_pairwise__active_today,report_error,noncontiguous__5_edps,noncontiguous,5,13,0.003844041735310269
provider_eval_lead_generation,lead_generation,panel_direct_pairwise__active_today,report_error,weeks_1_3__10_edps,prefix,10,3,0.1016949152542373
provider_eval_lead_generation,lead_generation,panel_direct_pairwise__active_today,report_error,weeks_1_12__10_edps,prefix,10,12,0.0670306339096148
provider_eval_lead_generation,lead_generation,panel_direct_pairwise__active_today,report_error,all_weeks__10_edps,prefix,10,13,0.06102303320370924
provider_eval_lead_generation,lead_generation,panel_direct_pairwise__active_today,report_error,weeks_5_12__10_edps,interval,10,12,0.09437032216075496
provider_eval_lead_generation,lead_generation,panel_direct_pairwise__active_today,report_error,weeks_7_13__10_edps,interval,10,13,0.06185931424531636
provider_eval_lead_generation,lead_generation,panel_direct_pairwise__active_today,report_error,noncontiguous__10_edps,noncontiguous,10,13,0.012814847547503314
provider_eval_lead_generation,lead_generation,panel_direct_pairwise__active_today,report_error,noncontiguous__2_edps,noncontiguous,2,13,0.0036363636363636364
provider_eval_lead_generation,lead_generation,panel_direct_pairwise__recent_creation,report_error,weeks_1_3__2_edps,prefix,2,3,0.005235602094240838
provider_eval_lead_generation,lead_generation,panel_direct_pairwise__recent_creation,report_error,weeks_1_12__2_edps,prefix,2,12,0.001989060169070114
provider_eval_lead_generation,lead_generation,panel_direct_pairwise__recent_creation,report_error,weeks_5_12__2_edps,interval,2,12,0.01646090534979424
provider_eval_lead_generation,lead_generation,panel_direct_pairwise__recent_creation,report_error,weeks_1_3__5_edps,prefix,5,3,0.026499302649930265
provider_eval_lead_generation,lead_generation,panel_direct_pairwise__recent_creation,report_error,weeks_1_12__5_edps,prefix,5,12,0.008585164835164836
provider_eval_lead_generation,lead_generation,panel_direct_pairwise__recent_creation,report_error,weeks_7_13__5_edps,interval,5,13,0.04672131147540984
provider_eval_lead_generation,lead_generation,panel_direct_pairwise__recent_creation,report_error,all_weeks__5_edps,prefix,5,13,0.010166045408336157
provider_eval_lead_generation,lead_generation,panel_direct_pairwise__recent_creation,report_error,noncontiguous__5_edps,noncontiguous,5,13,0.036792970895112576
provider_eval_lead_generation,lead_generation,panel_direct_pairwise__recent_creation,report_error,weeks_1_3__10_edps,prefix,10,3,0.1016949152542373
provider_eval_lead_generation,lead_generation,panel_direct_pairwise__recent_creation,report_error,weeks_1_12__10_edps,prefix,10,12,0.0670306339096148
provider_eval_lead_generation,lead_generation,panel_direct_pairwise__recent_creation,report_error,all_weeks__10_edps,prefix,10,13,0.06102303320370924
provider_eval_lead_generation,lead_generation,panel_direct_pairwise__recent_creation,report_error,weeks_5_12__10_edps,interval,10,12,0.056622193296452974
provider_eval_lead_generation,lead_generation,panel_direct_pairwise__recent_creation,report_error,weeks_7_13__10_edps,interval,10,13,0.0003534817956875221
provider_eval_lead_generation,lead_generation,panel_direct_pairwise__recent_creation,report_error,noncontiguous__10_edps,noncontiguous,10,13,0.019001325673884226
provider_eval_lead_generation,lead_generation,panel_direct_pairwise__recent_creation,report_error,noncontiguous__2_edps,noncontiguous,2,13,0.013636363636363636
provider_eval_lead_generation,lead_generation,panel_direct_pairwise__oldest_creation,report_error,weeks_1_3__2_edps,prefix,2,3,0.005235602094240838
provider_eval_lead_generation,lead_generation,panel_direct_pairwise__oldest_creation,report_error,weeks_1_12__2_edps,prefix,2,12,0.001989060169070114
provider_eval_lead_generation,lead_generation,panel_direct_pairwise__oldest_creation,report_error,weeks_5_12__2_edps,interval,2,12,0.04997060552616108
provider_eval_lead_generation,lead_generation,panel_direct_pairwise__oldest_creation,report_error,weeks_1_3__5_edps,prefix,5,3,0.026499302649930265
provider_eval_lead_generation,lead_generation,panel_direct_pairwise__oldest_creation,report_error,weeks_1_12__5_edps,prefix,5,12,0.008585164835164836
provider_eval_lead_generation,lead_generation,panel_direct_pairwise__oldest_creation,report_error,weeks_7_13__5_edps,interval,5,13,0.1266393442622951
provider_eval_lead_generation,lead_generation,panel_direct_pairwise__oldest_creation,report_error,all_weeks__5_edps,prefix,5,13,0.010166045408336157
provider_eval_lead_generation,lead_generation,panel_direct_pairwise__oldest_creation,report_error,noncontiguous__5_edps,noncontiguous,5,13,0.039538714991762765
provider_eval_lead_generation,lead_generation,panel_direct_pairwise__oldest_creation,report_error,weeks_1_3__10_edps,prefix,10,3,0.1016949152542373
provider_eval_lead_generation,lead_generation,panel_direct_pairwise__oldest_creation,report_error,weeks_1_12__10_edps,prefix,10,12,0.0670306339096148
provider_eval_lead_generation,lead_generation,panel_direct_pairwise__oldest_creation,report_error,all_weeks__10_edps,prefix,10,13,0.06102303320370924
provider_eval_lead_generation,lead_generation,panel_direct_pairwise__oldest_creation,report_error,weeks_5_12__10_edps,interval,10,12,0.07582167263260657
provider_eval_lead_generation,lead_generation,panel_direct_pairwise__oldest_creation,report_error,weeks_7_13__10_edps,interval,10,13,0.11629551078119477
provider_eval_lead_generation,lead_generation,panel_direct_pairwise__oldest_creation,report_error,noncontiguous__10_edps,noncontiguous,10,13,0.06495802032699956
provider_eval_lead_generation,lead_generation,panel_direct_pairwise__oldest_creation,report_error,noncontiguous__2_edps,noncontiguous,2,13,0.02090909090909091
provider_eval_sales_prospecting,sales_prospecting,existing_vid,report_error,weeks_1_3__2_edps,prefix,2,3,0.0031926751592366576
provider_eval_sales_prospecting,sales_prospecting,existing_vid,report_error,weeks_1_12__2_edps,prefix,2,12,0.17929296032772762
provider_eval_sales_prospecting,sales_prospecting,existing_vid,report_error,weeks_5_12__2_edps,interval,2,12,0.17213556843267125
provider_eval_sales_prospecting,sales_prospecting,existing_vid,report_error,weeks_1_3__5_edps,prefix,5,3,0.03890618802263111
provider_eval_sales_prospecting,sales_prospecting,existing_vid,report_error,weeks_1_12__5_edps,prefix,5,12,0.4806481474617206
provider_eval_sales_prospecting,sales_prospecting,existing_vid,report_error,weeks_7_13__5_edps,interval,5,13,0.422768692628262
provider_eval_sales_prospecting,sales_prospecting,existing_vid,report_error,all_weeks__5_edps,prefix,5,13,0.49770883624826695
provider_eval_sales_prospecting,sales_prospecting,existing_vid,report_error,noncontiguous__5_edps,noncontiguous,5,13,0.2776405394571332
provider_eval_sales_prospecting,sales_prospecting,existing_vid,report_error,weeks_1_3__10_edps,prefix,10,3,0.18343285712931756
provider_eval_sales_prospecting,sales_prospecting,existing_vid,report_error,weeks_1_12__10_edps,prefix,10,12,0.6717069929025474
provider_eval_sales_prospecting,sales_prospecting,existing_vid,report_error,all_weeks__10_edps,prefix,10,13,0.6920912269992403
provider_eval_sales_prospecting,sales_prospecting,existing_vid,report_error,weeks_5_12__10_edps,interval,10,12,0.5988355996922838
provider_eval_sales_prospecting,sales_prospecting,existing_vid,report_error,weeks_7_13__10_edps,interval,10,13,0.596502079717122
provider_eval_sales_prospecting,sales_prospecting,existing_vid,report_error,noncontiguous__10_edps,noncontiguous,10,13,0.4804572052788252
provider_eval_sales_prospecting,sales_prospecting,existing_vid,report_error,noncontiguous__2_edps,noncontiguous,2,13,0.07103690112130494
provider_eval_sales_prospecting,sales_prospecting,panel_direct_pairwise,raw_prefix_error,weeks_1_1__10_edps,prefix,10,1,0.04335897714305472
provider_eval_sales_prospecting,sales_prospecting,panel_direct_pairwise,reconciled_prefix_error,weeks_1_1__10_edps,prefix,10,1,0.04275862068965517
provider_eval_sales_prospecting,sales_prospecting,panel_direct_pairwise,union_adjustment,weeks_1_1__10_edps,prefix,10,1,0.0005754073780486191
provider_eval_sales_prospecting,sales_prospecting,panel_direct_pairwise,cell_l1_adjustment,weeks_1_1__10_edps,prefix,10,1,0.021425351611654646
provider_eval_sales_prospecting,sales_prospecting,panel_direct_pairwise,temporal_projection_used,weeks_1_1__10_edps,prefix,10,1,1.0
provider_eval_sales_prospecting,sales_prospecting,panel_direct_pairwise,reconciliation_seconds,weeks_1_1__10_edps,prefix,10,1,0.010799832991324365
provider_eval_sales_prospecting,sales_prospecting,panel_direct_pairwise,raw_prefix_error,weeks_1_2__10_edps,prefix,10,2,0.07195741871752831
provider_eval_sales_prospecting,sales_prospecting,panel_direct_pairwise,reconciled_prefix_error,weeks_1_2__10_edps,prefix,10,2,0.07191780821917808
provider_eval_sales_prospecting,sales_prospecting,panel_direct_pairwise,union_adjustment,weeks_1_2__10_edps,prefix,10,2,3.695155951135985e-05
provider_eval_sales_prospecting,sales_prospecting,panel_direct_pairwise,cell_l1_adjustment,weeks_1_2__10_edps,prefix,10,2,0.05942536797646691
provider_eval_sales_prospecting,sales_prospecting,panel_direct_pairwise,temporal_projection_used,weeks_1_2__10_edps,prefix,10,2,1.0
provider_eval_sales_prospecting,sales_prospecting,panel_direct_pairwise,reconciliation_seconds,weeks_1_2__10_edps,prefix,10,2,0.027364625013433397
provider_eval_sales_prospecting,sales_prospecting,panel_direct_pairwise,raw_prefix_error,weeks_1_3__10_edps,prefix,10,3,0.055256850021802625
provider_eval_sales_prospecting,sales_prospecting,panel_direct_pairwise,reconciled_prefix_error,weeks_1_3__10_edps,prefix,10,3,0.055135135135135134
provider_eval_sales_prospecting,sales_prospecting,panel_direct_pairwise,union_adjustment,weeks_1_3__10_edps,prefix,10,3,0.00011534147981505629
provider_eval_sales_prospecting,sales_prospecting,panel_direct_pairwise,cell_l1_adjustment,weeks_1_3__10_edps,prefix,10,3,0.07018626765101092
provider_eval_sales_prospecting,sales_prospecting,panel_direct_pairwise,temporal_projection_used,weeks_1_3__10_edps,prefix,10,3,1.0
provider_eval_sales_prospecting,sales_prospecting,panel_direct_pairwise,reconciliation_seconds,weeks_1_3__10_edps,prefix,10,3,0.031005875091068447
provider_eval_sales_prospecting,sales_prospecting,panel_direct_pairwise,raw_prefix_error,weeks_1_4__10_edps,prefix,10,4,0.051009948156706876
provider_eval_sales_prospecting,sales_prospecting,panel_direct_pairwise,reconciled_prefix_error,weeks_1_4__10_edps,prefix,10,4,0.05110809588421529
provider_eval_sales_prospecting,sales_prospecting,panel_direct_pairwise,union_adjustment,weeks_1_4__10_edps,prefix,10,4,9.338420409804687e-05
provider_eval_sales_prospecting,sales_prospecting,panel_direct_pairwise,cell_l1_adjustment,weeks_1_4__10_edps,prefix,10,4,0.033893881505388815
provider_eval_sales_prospecting,sales_prospecting,panel_direct_pairwise,temporal_projection_used,weeks_1_4__10_edps,prefix,10,4,1.0
provider_eval_sales_prospecting,sales_prospecting,panel_direct_pairwise,reconciliation_seconds,weeks_1_4__10_edps,prefix,10,4,0.05031645903363824
provider_eval_sales_prospecting,sales_prospecting,panel_direct_pairwise,raw_prefix_error,weeks_1_5__10_edps,prefix,10,5,0.015290018550883546
provider_eval_sales_prospecting,sales_prospecting,panel_direct_pairwise,reconciled_prefix_error,weeks_1_5__10_edps,prefix,10,5,0.015109343936381709
provider_eval_sales_prospecting,sales_prospecting,panel_direct_pairwise,union_adjustment,weeks_1_5__10_edps,prefix,10,5,0.00017795369913913058
provider_eval_sales_prospecting,sales_prospecting,panel_direct_pairwise,cell_l1_adjustment,weeks_1_5__10_edps,prefix,10,5,0.057918501199748125
provider_eval_sales_prospecting,sales_prospecting,panel_direct_pairwise,temporal_projection_used,weeks_1_5__10_edps,prefix,10,5,1.0
provider_eval_sales_prospecting,sales_prospecting,panel_direct_pairwise,reconciliation_seconds,weeks_1_5__10_edps,prefix,10,5,0.05224341701250523
provider_eval_sales_prospecting,sales_prospecting,panel_direct_pairwise,raw_prefix_error,weeks_1_6__10_edps,prefix,10,6,0.02718850064845893
provider_eval_sales_prospecting,sales_prospecting,panel_direct_pairwise,reconciled_prefix_error,weeks_1_6__10_edps,prefix,10,6,0.02703690171720862
provider_eval_sales_prospecting,sales_prospecting,panel_direct_pairwise,union_adjustment,weeks_1_6__10_edps,prefix,10,6,0.0001475862815395748
provider_eval_sales_prospecting,sales_prospecting,panel_direct_pairwise,cell_l1_adjustment,weeks_1_6__10_edps,prefix,10,6,0.0568772311412059
provider_eval_sales_prospecting,sales_prospecting,panel_direct_pairwise,temporal_projection_used,weeks_1_6__10_edps,prefix,10,6,1.0
provider_eval_sales_prospecting,sales_prospecting,panel_direct_pairwise,reconciliation_seconds,weeks_1_6__10_edps,prefix,10,6,0.06307879195082933
provider_eval_sales_prospecting,sales_prospecting,panel_direct_pairwise,raw_prefix_error,weeks_1_7__10_edps,prefix,10,7,0.03929147612527543
provider_eval_sales_prospecting,sales_prospecting,panel_direct_pairwise,reconciled_prefix_error,weeks_1_7__10_edps,prefix,10,7,0.03933333333333333
provider_eval_sales_prospecting,sales_prospecting,panel_direct_pairwise,union_adjustment,weeks_1_7__10_edps,prefix,10,7,4.027475353991615e-05
provider_eval_sales_prospecting,sales_prospecting,panel_direct_pairwise,cell_l1_adjustment,weeks_1_7__10_edps,prefix,10,7,0.08601353394269627
provider_eval_sales_prospecting,sales_prospecting,panel_direct_pairwise,temporal_projection_used,weeks_1_7__10_edps,prefix,10,7,1.0
provider_eval_sales_prospecting,sales_prospecting,panel_direct_pairwise,reconciliation_seconds,weeks_1_7__10_edps,prefix,10,7,0.0892991250148043
provider_eval_sales_prospecting,sales_prospecting,panel_direct_pairwise,raw_prefix_error,weeks_1_8__10_edps,prefix,10,8,0.055254336220018886
provider_eval_sales_prospecting,sales_prospecting,panel_direct_pairwise,reconciled_prefix_error,weeks_1_8__10_edps,prefix,10,8,0.05532296650717703
provider_eval_sales_prospecting,sales_prospecting,panel_direct_pairwise,union_adjustment,weeks_1_8__10_edps,prefix,10,8,6.503672603064602e-05
provider_eval_sales_prospecting,sales_prospecting,panel_direct_pairwise,cell_l1_adjustment,weeks_1_8__10_edps,prefix,10,8,0.13305626248442995
provider_eval_sales_prospecting,sales_prospecting,panel_direct_pairwise,temporal_projection_used,weeks_1_8__10_edps,prefix,10,8,1.0
provider_eval_sales_prospecting,sales_prospecting,panel_direct_pairwise,reconciliation_seconds,weeks_1_8__10_edps,prefix,10,8,0.1041245840024203
provider_eval_sales_prospecting,sales_prospecting,panel_direct_pairwise,raw_prefix_error,weeks_1_9__10_edps,prefix,10,9,0.06868162108576123
provider_eval_sales_prospecting,sales_prospecting,panel_direct_pairwise,reconciled_prefix_error,weeks_1_9__10_edps,prefix,10,9,0.0686221743810549
provider_eval_sales_prospecting,sales_prospecting,panel_direct_pairwise,union_adjustment,weeks_1_9__10_edps,prefix,10,9,5.5626206658204505e-05
provider_eval_sales_prospecting,sales_prospecting,panel_direct_pairwise,cell_l1_adjustment,weeks_1_9__10_edps,prefix,10,9,0.13699494692111322
provider_eval_sales_prospecting,sales_prospecting,panel_direct_pairwise,temporal_projection_used,weeks_1_9__10_edps,prefix,10,9,1.0
provider_eval_sales_prospecting,sales_prospecting,panel_direct_pairwise,reconciliation_seconds,weeks_1_9__10_edps,prefix,10,9,0.13815308397170156
provider_eval_sales_prospecting,sales_prospecting,panel_direct_pairwise,raw_prefix_error,weeks_1_10__10_edps,prefix,10,10,0.07110904618351722
provider_eval_sales_prospecting,sales_prospecting,panel_direct_pairwise,reconciled_prefix_error,weeks_1_10__10_edps,prefix,10,10,0.07120291616038882
provider_eval_sales_prospecting,sales_prospecting,panel_direct_pairwise,union_adjustment,weeks_1_10__10_edps,prefix,10,10,8.76381141639607e-05
provider_eval_sales_prospecting,sales_prospecting,panel_direct_pairwise,cell_l1_adjustment,weeks_1_10__10_edps,prefix,10,10,0.14505453326751727
provider_eval_sales_prospecting,sales_prospecting,panel_direct_pairwise,temporal_projection_used,weeks_1_10__10_edps,prefix,10,10,1.0
provider_eval_sales_prospecting,sales_prospecting,panel_direct_pairwise,reconciliation_seconds,weeks_1_10__10_edps,prefix,10,10,0.174705957993865
provider_eval_sales_prospecting,sales_prospecting,panel_direct_pairwise,raw_prefix_error,weeks_1_11__10_edps,prefix,10,11,0.044676653188585845
provider_eval_sales_prospecting,sales_prospecting,panel_direct_pairwise,reconciled_prefix_error,weeks_1_11__10_edps,prefix,10,11,0.0447127207690588
provider_eval_sales_prospecting,sales_prospecting,panel_direct_pairwise,union_adjustment,weeks_1_11__10_edps,prefix,10,11,3.4525113931189385e-05
provider_eval_sales_prospecting,sales_prospecting,panel_direct_pairwise,cell_l1_adjustment,weeks_1_11__10_edps,prefix,10,11,0.13870326992934928
provider_eval_sales_prospecting,sales_prospecting,panel_direct_pairwise,temporal_projection_used,weeks_1_11__10_edps,prefix,10,11,1.0
provider_eval_sales_prospecting,sales_prospecting,panel_direct_pairwise,reconciliation_seconds,weeks_1_11__10_edps,prefix,10,11,0.20149729202967137
provider_eval_sales_prospecting,sales_prospecting,panel_direct_pairwise,raw_prefix_error,weeks_1_12__10_edps,prefix,10,12,0.03653750924398388
provider_eval_sales_prospecting,sales_prospecting,panel_direct_pairwise,reconciled_prefix_error,weeks_1_12__10_edps,prefix,10,12,0.03645612547689699
provider_eval_sales_prospecting,sales_prospecting,panel_direct_pairwise,union_adjustment,weeks_1_12__10_edps,prefix,10,12,7.851502368326938e-05
provider_eval_sales_prospecting,sales_prospecting,panel_direct_pairwise,cell_l1_adjustment,weeks_1_12__10_edps,prefix,10,12,0.159078545215485
provider_eval_sales_prospecting,sales_prospecting,panel_direct_pairwise,temporal_projection_used,weeks_1_12__10_edps,prefix,10,12,1.0
provider_eval_sales_prospecting,sales_prospecting,panel_direct_pairwise,reconciliation_seconds,weeks_1_12__10_edps,prefix,10,12,0.23980445798952132
provider_eval_sales_prospecting,sales_prospecting,panel_direct_pairwise,raw_prefix_error,weeks_1_13__10_edps,prefix,10,13,0.0038180932680886687
provider_eval_sales_prospecting,sales_prospecting,panel_direct_pairwise,reconciled_prefix_error,weeks_1_13__10_edps,prefix,10,13,0.008663366336633664
provider_eval_sales_prospecting,sales_prospecting,panel_direct_pairwise,union_adjustment,weeks_1_13__10_edps,prefix,10,13,0.004826843728996799
provider_eval_sales_prospecting,sales_prospecting,panel_direct_pairwise,cell_l1_adjustment,weeks_1_13__10_edps,prefix,10,13,0.15158137547678424
provider_eval_sales_prospecting,sales_prospecting,panel_direct_pairwise,temporal_projection_used,weeks_1_13__10_edps,prefix,10,13,1.0
provider_eval_sales_prospecting,sales_prospecting,panel_direct_pairwise,reconciliation_seconds,weeks_1_13__10_edps,prefix,10,13,0.25384179200045764
provider_eval_sales_prospecting,sales_prospecting,panel_direct_pairwise__active_today,report_error,weeks_1_3__2_edps,prefix,2,3,0.006369426751592357
provider_eval_sales_prospecting,sales_prospecting,panel_direct_pairwise__active_today,report_error,weeks_1_12__2_edps,prefix,2,12,0.003234152652005175
provider_eval_sales_prospecting,sales_prospecting,panel_direct_pairwise__active_today,report_error,weeks_5_12__2_edps,interval,2,12,0.00695364238410596
provider_eval_sales_prospecting,sales_prospecting,panel_direct_pairwise__active_today,report_error,weeks_1_3__5_edps,prefix,5,3,0.013256006628003313
provider_eval_sales_prospecting,sales_prospecting,panel_direct_pairwise__active_today,report_error,weeks_1_12__5_edps,prefix,5,12,0.006039488966318235
provider_eval_sales_prospecting,sales_prospecting,panel_direct_pairwise__active_today,report_error,weeks_7_13__5_edps,interval,5,13,0.007010515773660491
provider_eval_sales_prospecting,sales_prospecting,panel_direct_pairwise__active_today,report_error,all_weeks__5_edps,prefix,5,13,0.010640706361784016
provider_eval_sales_prospecting,sales_prospecting,panel_direct_pairwise__active_today,report_error,noncontiguous__5_edps,noncontiguous,5,13,0.01440329218106996
provider_eval_sales_prospecting,sales_prospecting,panel_direct_pairwise__active_today,report_error,weeks_1_3__10_edps,prefix,10,3,0.055135135135135134
provider_eval_sales_prospecting,sales_prospecting,panel_direct_pairwise__active_today,report_error,weeks_1_12__10_edps,prefix,10,12,0.03645612547689699
provider_eval_sales_prospecting,sales_prospecting,panel_direct_pairwise__active_today,report_error,all_weeks__10_edps,prefix,10,13,0.008663366336633664
provider_eval_sales_prospecting,sales_prospecting,panel_direct_pairwise__active_today,report_error,weeks_5_12__10_edps,interval,10,12,0.06335149863760219
provider_eval_sales_prospecting,sales_prospecting,panel_direct_pairwise__active_today,report_error,weeks_7_13__10_edps,interval,10,13,0.017559863169897376
provider_eval_sales_prospecting,sales_prospecting,panel_direct_pairwise__active_today,report_error,noncontiguous__10_edps,noncontiguous,10,13,0.0290846877673225
provider_eval_sales_prospecting,sales_prospecting,panel_direct_pairwise__active_today,report_error,noncontiguous__2_edps,noncontiguous,2,13,0.001834862385321101
provider_eval_sales_prospecting,sales_prospecting,panel_direct_pairwise__recent_creation,report_error,weeks_1_3__2_edps,prefix,2,3,0.006369426751592357
provider_eval_sales_prospecting,sales_prospecting,panel_direct_pairwise__recent_creation,report_error,weeks_1_12__2_edps,prefix,2,12,0.003234152652005175
provider_eval_sales_prospecting,sales_prospecting,panel_direct_pairwise__recent_creation,report_error,weeks_5_12__2_edps,interval,2,12,0.002317880794701987
provider_eval_sales_prospecting,sales_prospecting,panel_direct_pairwise__recent_creation,report_error,weeks_1_3__5_edps,prefix,5,3,0.013256006628003313
provider_eval_sales_prospecting,sales_prospecting,panel_direct_pairwise__recent_creation,report_error,weeks_1_12__5_edps,prefix,5,12,0.006039488966318235
provider_eval_sales_prospecting,sales_prospecting,panel_direct_pairwise__recent_creation,report_error,weeks_7_13__5_edps,interval,5,13,0.0242864296444667
provider_eval_sales_prospecting,sales_prospecting,panel_direct_pairwise__recent_creation,report_error,all_weeks__5_edps,prefix,5,13,0.010640706361784016
provider_eval_sales_prospecting,sales_prospecting,panel_direct_pairwise__recent_creation,report_error,noncontiguous__5_edps,noncontiguous,5,13,0.050411522633744855
provider_eval_sales_prospecting,sales_prospecting,panel_direct_pairwise__recent_creation,report_error,weeks_1_3__10_edps,prefix,10,3,0.055135135135135134
provider_eval_sales_prospecting,sales_prospecting,panel_direct_pairwise__recent_creation,report_error,weeks_1_12__10_edps,prefix,10,12,0.03645612547689699
provider_eval_sales_prospecting,sales_prospecting,panel_direct_pairwise__recent_creation,report_error,all_weeks__10_edps,prefix,10,13,0.008663366336633664
provider_eval_sales_prospecting,sales_prospecting,panel_direct_pairwise__recent_creation,report_error,weeks_5_12__10_edps,interval,10,12,0.016802906448683014
provider_eval_sales_prospecting,sales_prospecting,panel_direct_pairwise__recent_creation,report_error,weeks_7_13__10_edps,interval,10,13,0.023261117445838083
provider_eval_sales_prospecting,sales_prospecting,panel_direct_pairwise__recent_creation,report_error,noncontiguous__10_edps,noncontiguous,10,13,0.08782435129740519
provider_eval_sales_prospecting,sales_prospecting,panel_direct_pairwise__recent_creation,report_error,noncontiguous__2_edps,noncontiguous,2,13,0.0030581039755351682
provider_eval_sales_prospecting,sales_prospecting,panel_direct_pairwise__oldest_creation,report_error,weeks_1_3__2_edps,prefix,2,3,0.006369426751592357
provider_eval_sales_prospecting,sales_prospecting,panel_direct_pairwise__oldest_creation,report_error,weeks_1_12__2_edps,prefix,2,12,0.003234152652005175
provider_eval_sales_prospecting,sales_prospecting,panel_direct_pairwise__oldest_creation,report_error,weeks_5_12__2_edps,interval,2,12,0.011258278145695364
provider_eval_sales_prospecting,sales_prospecting,panel_direct_pairwise__oldest_creation,report_error,weeks_1_3__5_edps,prefix,5,3,0.013256006628003313
provider_eval_sales_prospecting,sales_prospecting,panel_direct_pairwise__oldest_creation,report_error,weeks_1_12__5_edps,prefix,5,12,0.006039488966318235
provider_eval_sales_prospecting,sales_prospecting,panel_direct_pairwise__oldest_creation,report_error,weeks_7_13__5_edps,interval,5,13,0.06259389083625438
provider_eval_sales_prospecting,sales_prospecting,panel_direct_pairwise__oldest_creation,report_error,all_weeks__5_edps,prefix,5,13,0.010640706361784016
provider_eval_sales_prospecting,sales_prospecting,panel_direct_pairwise__oldest_creation,report_error,noncontiguous__5_edps,noncontiguous,5,13,0.0054869684499314125
provider_eval_sales_prospecting,sales_prospecting,panel_direct_pairwise__oldest_creation,report_error,weeks_1_3__10_edps,prefix,10,3,0.055135135135135134
provider_eval_sales_prospecting,sales_prospecting,panel_direct_pairwise__oldest_creation,report_error,weeks_1_12__10_edps,prefix,10,12,0.03645612547689699
provider_eval_sales_prospecting,sales_prospecting,panel_direct_pairwise__oldest_creation,report_error,all_weeks__10_edps,prefix,10,13,0.008663366336633664
provider_eval_sales_prospecting,sales_prospecting,panel_direct_pairwise__oldest_creation,report_error,weeks_5_12__10_edps,interval,10,12,0.04041780199818347
provider_eval_sales_prospecting,sales_prospecting,panel_direct_pairwise__oldest_creation,report_error,weeks_7_13__10_edps,interval,10,13,0.07958950969213227
provider_eval_sales_prospecting,sales_prospecting,panel_direct_pairwise__oldest_creation,report_error,noncontiguous__10_edps,noncontiguous,10,13,0.021956087824351298
provider_eval_sales_prospecting,sales_prospecting,panel_direct_pairwise__oldest_creation,report_error,noncontiguous__2_edps,noncontiguous,2,13,0.005504587155963303
provider_eval_website_retargeting,website_retargeting,existing_vid,report_error,weeks_1_3__2_edps,prefix,2,3,0.02606153496820818
provider_eval_website_retargeting,website_retargeting,existing_vid,report_error,weeks_1_12__2_edps,prefix,2,12,0.3609067917021875
provider_eval_website_retargeting,website_retargeting,existing_vid,report_error,weeks_5_12__2_edps,interval,2,12,0.2751919294676169
provider_eval_website_retargeting,website_retargeting,existing_vid,report_error,weeks_1_3__5_edps,prefix,5,3,0.16324136568534917
provider_eval_website_retargeting,website_retargeting,existing_vid,report_error,weeks_1_12__5_edps,prefix,5,12,1.2446717649705212
provider_eval_website_retargeting,website_retargeting,existing_vid,report_error,weeks_7_13__5_edps,interval,5,13,1.0661130956842697
provider_eval_website_retargeting,website_retargeting,existing_vid,report_error,all_weeks__5_edps,prefix,5,13,1.405293284372117
provider_eval_website_retargeting,website_retargeting,existing_vid,report_error,noncontiguous__5_edps,noncontiguous,5,13,0.7579980495602905
provider_eval_website_retargeting,website_retargeting,existing_vid,report_error,weeks_1_3__10_edps,prefix,10,3,0.6038797566258067
provider_eval_website_retargeting,website_retargeting,existing_vid,report_error,weeks_1_12__10_edps,prefix,10,12,2.034249722650241
provider_eval_website_retargeting,website_retargeting,existing_vid,report_error,all_weeks__10_edps,prefix,10,13,2.197624882775052
provider_eval_website_retargeting,website_retargeting,existing_vid,report_error,weeks_5_12__10_edps,interval,10,12,1.6578552808466442
provider_eval_website_retargeting,website_retargeting,existing_vid,report_error,weeks_7_13__10_edps,interval,10,13,1.6453690393053209
provider_eval_website_retargeting,website_retargeting,existing_vid,report_error,noncontiguous__10_edps,noncontiguous,10,13,1.337730385838115
provider_eval_website_retargeting,website_retargeting,existing_vid,report_error,noncontiguous__2_edps,noncontiguous,2,13,0.20105750768049155
provider_eval_website_retargeting,website_retargeting,panel_direct_pairwise,raw_prefix_error,weeks_1_1__10_edps,prefix,10,1,0.13995069252231812
provider_eval_website_retargeting,website_retargeting,panel_direct_pairwise,reconciled_prefix_error,weeks_1_1__10_edps,prefix,10,1,0.14124293785310735
provider_eval_website_retargeting,website_retargeting,panel_direct_pairwise,union_adjustment,weeks_1_1__10_edps,prefix,10,1,0.0011335975663413155
provider_eval_website_retargeting,website_retargeting,panel_direct_pairwise,cell_l1_adjustment,weeks_1_1__10_edps,prefix,10,1,0.07307834414571604
provider_eval_website_retargeting,website_retargeting,panel_direct_pairwise,temporal_projection_used,weeks_1_1__10_edps,prefix,10,1,1.0
provider_eval_website_retargeting,website_retargeting,panel_direct_pairwise,reconciliation_seconds,weeks_1_1__10_edps,prefix,10,1,0.01094824995379895
provider_eval_website_retargeting,website_retargeting,panel_direct_pairwise,raw_prefix_error,weeks_1_2__10_edps,prefix,10,2,0.2799847599445943
provider_eval_website_retargeting,website_retargeting,panel_direct_pairwise,reconciled_prefix_error,weeks_1_2__10_edps,prefix,10,2,0.2797427652733119
provider_eval_website_retargeting,website_retargeting,panel_direct_pairwise,union_adjustment,weeks_1_2__10_edps,prefix,10,2,0.00018906058795379417
provider_eval_website_retargeting,website_retargeting,panel_direct_pairwise,cell_l1_adjustment,weeks_1_2__10_edps,prefix,10,2,0.13428889497441496
provider_eval_website_retargeting,website_retargeting,panel_direct_pairwise,temporal_projection_used,weeks_1_2__10_edps,prefix,10,2,1.0
provider_eval_website_retargeting,website_retargeting,panel_direct_pairwise,reconciliation_seconds,weeks_1_2__10_edps,prefix,10,2,0.024803917040117085
provider_eval_website_retargeting,website_retargeting,panel_direct_pairwise,raw_prefix_error,weeks_1_3__10_edps,prefix,10,3,0.3656905588923134
provider_eval_website_retargeting,website_retargeting,panel_direct_pairwise,reconciled_prefix_error,weeks_1_3__10_edps,prefix,10,3,0.3652618135376756
provider_eval_website_retargeting,website_retargeting,panel_direct_pairwise,union_adjustment,weeks_1_3__10_edps,prefix,10,3,0.00031394033725309244
provider_eval_website_retargeting,website_retargeting,panel_direct_pairwise,cell_l1_adjustment,weeks_1_3__10_edps,prefix,10,3,0.11868794069406846
provider_eval_website_retargeting,website_retargeting,panel_direct_pairwise,temporal_projection_used,weeks_1_3__10_edps,prefix,10,3,1.0
provider_eval_website_retargeting,website_retargeting,panel_direct_pairwise,reconciliation_seconds,weeks_1_3__10_edps,prefix,10,3,0.034186124918051064
provider_eval_website_retargeting,website_retargeting,panel_direct_pairwise,raw_prefix_error,weeks_1_4__10_edps,prefix,10,4,0.4240028520659339
provider_eval_website_retargeting,website_retargeting,panel_direct_pairwise,reconciled_prefix_error,weeks_1_4__10_edps,prefix,10,4,0.4235423542354235
provider_eval_website_retargeting,website_retargeting,panel_direct_pairwise,union_adjustment,weeks_1_4__10_edps,prefix,10,4,0.0003233826602538265
provider_eval_website_retargeting,website_retargeting,panel_direct_pairwise,cell_l1_adjustment,weeks_1_4__10_edps,prefix,10,4,0.12653745043000242
provider_eval_website_retargeting,website_retargeting,panel_direct_pairwise,temporal_projection_used,weeks_1_4__10_edps,prefix,10,4,1.0
provider_eval_website_retargeting,website_retargeting,panel_direct_pairwise,reconciliation_seconds,weeks_1_4__10_edps,prefix,10,4,0.046128291985951364
provider_eval_website_retargeting,website_retargeting,panel_direct_pairwise,raw_prefix_error,weeks_1_5__10_edps,prefix,10,5,0.458191371837863
provider_eval_website_retargeting,website_retargeting,panel_direct_pairwise,reconciled_prefix_error,weeks_1_5__10_edps,prefix,10,5,0.45849802371541504
provider_eval_website_retargeting,website_retargeting,panel_direct_pairwise,union_adjustment,weeks_1_5__10_edps,prefix,10,5,0.000210296044452724
provider_eval_website_retargeting,website_retargeting,panel_direct_pairwise,cell_l1_adjustment,weeks_1_5__10_edps,prefix,10,5,0.11448690774057128
provider_eval_website_retargeting,website_retargeting,panel_direct_pairwise,temporal_projection_used,weeks_1_5__10_edps,prefix,10,5,1.0
provider_eval_website_retargeting,website_retargeting,panel_direct_pairwise,reconciliation_seconds,weeks_1_5__10_edps,prefix,10,5,0.07503287505824119
provider_eval_website_retargeting,website_retargeting,panel_direct_pairwise,raw_prefix_error,weeks_1_6__10_edps,prefix,10,6,0.5369670345357439
provider_eval_website_retargeting,website_retargeting,panel_direct_pairwise,reconciled_prefix_error,weeks_1_6__10_edps,prefix,10,6,0.5370539798719122
provider_eval_website_retargeting,website_retargeting,panel_direct_pairwise,union_adjustment,weeks_1_6__10_edps,prefix,10,6,5.656942160329095e-05
provider_eval_website_retargeting,website_retargeting,panel_direct_pairwise,cell_l1_adjustment,weeks_1_6__10_edps,prefix,10,6,0.10416508059635908
provider_eval_website_retargeting,website_retargeting,panel_direct_pairwise,temporal_projection_used,weeks_1_6__10_edps,prefix,10,6,1.0
provider_eval_website_retargeting,website_retargeting,panel_direct_pairwise,reconciliation_seconds,weeks_1_6__10_edps,prefix,10,6,0.09160162496846169
provider_eval_website_retargeting,website_retargeting,panel_direct_pairwise,raw_prefix_error,weeks_1_7__10_edps,prefix,10,7,0.506872392855313
provider_eval_website_retargeting,website_retargeting,panel_direct_pairwise,reconciled_prefix_error,weeks_1_7__10_edps,prefix,10,7,0.5068143100511073
provider_eval_website_retargeting,website_retargeting,panel_direct_pairwise,union_adjustment,weeks_1_7__10_edps,prefix,10,7,3.85452706414171e-05
provider_eval_website_retargeting,website_retargeting,panel_direct_pairwise,cell_l1_adjustment,weeks_1_7__10_edps,prefix,10,7,0.09722669989284274
provider_eval_website_retargeting,website_retargeting,panel_direct_pairwise,temporal_projection_used,weeks_1_7__10_edps,prefix,10,7,1.0
provider_eval_website_retargeting,website_retargeting,panel_direct_pairwise,reconciliation_seconds,weeks_1_7__10_edps,prefix,10,7,0.10991087509319186
provider_eval_website_retargeting,website_retargeting,panel_direct_pairwise,raw_prefix_error,weeks_1_8__10_edps,prefix,10,8,0.377406293853449
provider_eval_website_retargeting,website_retargeting,panel_direct_pairwise,reconciled_prefix_error,weeks_1_8__10_edps,prefix,10,8,0.37751937984496126
provider_eval_website_retargeting,website_retargeting,panel_direct_pairwise,union_adjustment,weeks_1_8__10_edps,prefix,10,8,8.210067865790989e-05
provider_eval_website_retargeting,website_retargeting,panel_direct_pairwise,cell_l1_adjustment,weeks_1_8__10_edps,prefix,10,8,0.08576468246111454
provider_eval_website_retargeting,website_retargeting,panel_direct_pairwise,temporal_projection_used,weeks_1_8__10_edps,prefix,10,8,1.0
provider_eval_website_retargeting,website_retargeting,panel_direct_pairwise,reconciliation_seconds,weeks_1_8__10_edps,prefix,10,8,0.12200354202650487
provider_eval_website_retargeting,website_retargeting,panel_direct_pairwise,raw_prefix_error,weeks_1_9__10_edps,prefix,10,9,0.3531154364806797
provider_eval_website_retargeting,website_retargeting,panel_direct_pairwise,reconciled_prefix_error,weeks_1_9__10_edps,prefix,10,9,0.3534675615212528
provider_eval_website_retargeting,website_retargeting,panel_direct_pairwise,union_adjustment,weeks_1_9__10_edps,prefix,10,9,0.00026023281612155434
provider_eval_website_retargeting,website_retargeting,panel_direct_pairwise,cell_l1_adjustment,weeks_1_9__10_edps,prefix,10,9,0.08841917735703177
provider_eval_website_retargeting,website_retargeting,panel_direct_pairwise,temporal_projection_used,weeks_1_9__10_edps,prefix,10,9,1.0
provider_eval_website_retargeting,website_retargeting,panel_direct_pairwise,reconciliation_seconds,weeks_1_9__10_edps,prefix,10,9,0.1298030000180006
provider_eval_website_retargeting,website_retargeting,panel_direct_pairwise,raw_prefix_error,weeks_1_10__10_edps,prefix,10,10,0.3830188230019606
provider_eval_website_retargeting,website_retargeting,panel_direct_pairwise,reconciled_prefix_error,weeks_1_10__10_edps,prefix,10,10,0.38333333333333336
provider_eval_website_retargeting,website_retargeting,panel_direct_pairwise,union_adjustment,weeks_1_10__10_edps,prefix,10,10,0.00022740856895093507
provider_eval_website_retargeting,website_retargeting,panel_direct_pairwise,cell_l1_adjustment,weeks_1_10__10_edps,prefix,10,10,0.09532168676222307
provider_eval_website_retargeting,website_retargeting,panel_direct_pairwise,temporal_projection_used,weeks_1_10__10_edps,prefix,10,10,1.0
provider_eval_website_retargeting,website_retargeting,panel_direct_pairwise,reconciliation_seconds,weeks_1_10__10_edps,prefix,10,10,0.14559679199010134
provider_eval_website_retargeting,website_retargeting,panel_direct_pairwise,raw_prefix_error,weeks_1_11__10_edps,prefix,10,11,0.4019941609247394
provider_eval_website_retargeting,website_retargeting,panel_direct_pairwise,reconciled_prefix_error,weeks_1_11__10_edps,prefix,10,11,0.40225829216654907
provider_eval_website_retargeting,website_retargeting,panel_direct_pairwise,union_adjustment,weeks_1_11__10_edps,prefix,10,11,0.00018839682016517177
provider_eval_website_retargeting,website_retargeting,panel_direct_pairwise,cell_l1_adjustment,weeks_1_11__10_edps,prefix,10,11,0.10487866253777037
provider_eval_website_retargeting,website_retargeting,panel_direct_pairwise,temporal_projection_used,weeks_1_11__10_edps,prefix,10,11,1.0
provider_eval_website_retargeting,website_retargeting,panel_direct_pairwise,reconciliation_seconds,weeks_1_11__10_edps,prefix,10,11,0.15689270803704858
provider_eval_website_retargeting,website_retargeting,panel_direct_pairwise,raw_prefix_error,weeks_1_12__10_edps,prefix,10,12,0.3826316098240049
provider_eval_website_retargeting,website_retargeting,panel_direct_pairwise,reconciled_prefix_error,weeks_1_12__10_edps,prefix,10,12,0.38235294117647056
provider_eval_website_retargeting,website_retargeting,panel_direct_pairwise,union_adjustment,weeks_1_12__10_edps,prefix,10,12,0.0002015494550784909
provider_eval_website_retargeting,website_retargeting,panel_direct_pairwise,cell_l1_adjustment,weeks_1_12__10_edps,prefix,10,12,0.09288629681511407
provider_eval_website_retargeting,website_retargeting,panel_direct_pairwise,temporal_projection_used,weeks_1_12__10_edps,prefix,10,12,1.0
provider_eval_website_retargeting,website_retargeting,panel_direct_pairwise,reconciliation_seconds,weeks_1_12__10_edps,prefix,10,12,0.15450262499507517
provider_eval_website_retargeting,website_retargeting,panel_direct_pairwise,raw_prefix_error,weeks_1_13__10_edps,prefix,10,13,0.30442806882656387
provider_eval_website_retargeting,website_retargeting,panel_direct_pairwise,reconciled_prefix_error,weeks_1_13__10_edps,prefix,10,13,0.35911230665770005
provider_eval_website_retargeting,website_retargeting,panel_direct_pairwise,union_adjustment,weeks_1_13__10_edps,prefix,10,13,0.041922003319300204
provider_eval_website_retargeting,website_retargeting,panel_direct_pairwise,cell_l1_adjustment,weeks_1_13__10_edps,prefix,10,13,0.13132531158589206
provider_eval_website_retargeting,website_retargeting,panel_direct_pairwise,temporal_projection_used,weeks_1_13__10_edps,prefix,10,13,1.0
provider_eval_website_retargeting,website_retargeting,panel_direct_pairwise,reconciliation_seconds,weeks_1_13__10_edps,prefix,10,13,0.15267245890572667
provider_eval_website_retargeting,website_retargeting,panel_direct_pairwise__active_today,report_error,weeks_1_3__2_edps,prefix,2,3,0.02452316076294278
provider_eval_website_retargeting,website_retargeting,panel_direct_pairwise__active_today,report_error,weeks_1_12__2_edps,prefix,2,12,0.01278772378516624
provider_eval_website_retargeting,website_retargeting,panel_direct_pairwise__active_today,report_error,weeks_5_12__2_edps,interval,2,12,0.004069175991861648
provider_eval_website_retargeting,website_retargeting,panel_direct_pairwise__active_today,report_error,weeks_1_3__5_edps,prefix,5,3,0.07649253731343283
provider_eval_website_retargeting,website_retargeting,panel_direct_pairwise__active_today,report_error,weeks_1_12__5_edps,prefix,5,12,0.1314487632508834
provider_eval_website_retargeting,website_retargeting,panel_direct_pairwise__active_today,report_error,weeks_7_13__5_edps,interval,5,13,0.061383061383061384
provider_eval_website_retargeting,website_retargeting,panel_direct_pairwise__active_today,report_error,all_weeks__5_edps,prefix,5,13,0.1388121546961326
provider_eval_website_retargeting,website_retargeting,panel_direct_pairwise__active_today,report_error,noncontiguous__5_edps,noncontiguous,5,13,0.02564102564102564
provider_eval_website_retargeting,website_retargeting,panel_direct_pairwise__active_today,report_error,weeks_1_3__10_edps,prefix,10,3,0.3652618135376756
provider_eval_website_retargeting,website_retargeting,panel_direct_pairwise__active_today,report_error,weeks_1_12__10_edps,prefix,10,12,0.38235294117647056
provider_eval_website_retargeting,website_retargeting,panel_direct_pairwise__active_today,report_error,all_weeks__10_edps,prefix,10,13,0.35911230665770005
provider_eval_website_retargeting,website_retargeting,panel_direct_pairwise__active_today,report_error,weeks_5_12__10_edps,interval,10,12,0.32200886262924666
provider_eval_website_retargeting,website_retargeting,panel_direct_pairwise__active_today,report_error,weeks_7_13__10_edps,interval,10,13,0.19984859954579864
provider_eval_website_retargeting,website_retargeting,panel_direct_pairwise__active_today,report_error,noncontiguous__10_edps,noncontiguous,10,13,0.1588628762541806
provider_eval_website_retargeting,website_retargeting,panel_direct_pairwise__active_today,report_error,noncontiguous__2_edps,noncontiguous,2,13,0.02534562211981567
provider_eval_website_retargeting,website_retargeting,panel_direct_pairwise__recent_creation,report_error,weeks_1_3__2_edps,prefix,2,3,0.02452316076294278
provider_eval_website_retargeting,website_retargeting,panel_direct_pairwise__recent_creation,report_error,weeks_1_12__2_edps,prefix,2,12,0.01278772378516624
provider_eval_website_retargeting,website_retargeting,panel_direct_pairwise__recent_creation,report_error,weeks_5_12__2_edps,interval,2,12,0.006103763987792472
provider_eval_website_retargeting,website_retargeting,panel_direct_pairwise__recent_creation,report_error,weeks_1_3__5_edps,prefix,5,3,0.07649253731343283
provider_eval_website_retargeting,website_retargeting,panel_direct_pairwise__recent_creation,report_error,weeks_1_12__5_edps,prefix,5,12,0.1314487632508834
provider_eval_website_retargeting,website_retargeting,panel_direct_pairwise__recent_creation,report_error,weeks_7_13__5_edps,interval,5,13,0.017094017094017096
provider_eval_website_retargeting,website_retargeting,panel_direct_pairwise__recent_creation,report_error,all_weeks__5_edps,prefix,5,13,0.1388121546961326
provider_eval_website_retargeting,website_retargeting,panel_direct_pairwise__recent_creation,report_error,noncontiguous__5_edps,noncontiguous,5,13,0.04420866489832007
provider_eval_website_retargeting,website_retargeting,panel_direct_pairwise__recent_creation,report_error,weeks_1_3__10_edps,prefix,10,3,0.3652618135376756
provider_eval_website_retargeting,website_retargeting,panel_direct_pairwise__recent_creation,report_error,weeks_1_12__10_edps,prefix,10,12,0.38235294117647056
provider_eval_website_retargeting,website_retargeting,panel_direct_pairwise__recent_creation,report_error,all_weeks__10_edps,prefix,10,13,0.35911230665770005
provider_eval_website_retargeting,website_retargeting,panel_direct_pairwise__recent_creation,report_error,weeks_5_12__10_edps,interval,10,12,0.2548005908419498
provider_eval_website_retargeting,website_retargeting,panel_direct_pairwise__recent_creation,report_error,weeks_7_13__10_edps,interval,10,13,0.1271763815291446
provider_eval_website_retargeting,website_retargeting,panel_direct_pairwise__recent_creation,report_error,noncontiguous__10_edps,noncontiguous,10,13,0.13294314381270902
provider_eval_website_retargeting,website_retargeting,panel_direct_pairwise__recent_creation,report_error,noncontiguous__2_edps,noncontiguous,2,13,0.014976958525345621
provider_eval_website_retargeting,website_retargeting,panel_direct_pairwise__oldest_creation,report_error,weeks_1_3__2_edps,prefix,2,3,0.02452316076294278
provider_eval_website_retargeting,website_retargeting,panel_direct_pairwise__oldest_creation,report_error,weeks_1_12__2_edps,prefix,2,12,0.01278772378516624
provider_eval_website_retargeting,website_retargeting,panel_direct_pairwise__oldest_creation,report_error,weeks_5_12__2_edps,interval,2,12,0.05391658189216684
provider_eval_website_retargeting,website_retargeting,panel_direct_pairwise__oldest_creation,report_error,weeks_1_3__5_edps,prefix,5,3,0.07649253731343283
provider_eval_website_retargeting,website_retargeting,panel_direct_pairwise__oldest_creation,report_error,weeks_1_12__5_edps,prefix,5,12,0.1314487632508834
provider_eval_website_retargeting,website_retargeting,panel_direct_pairwise__oldest_creation,report_error,weeks_7_13__5_edps,interval,5,13,0.01554001554001554
provider_eval_website_retargeting,website_retargeting,panel_direct_pairwise__oldest_creation,report_error,all_weeks__5_edps,prefix,5,13,0.1388121546961326
provider_eval_website_retargeting,website_retargeting,panel_direct_pairwise__oldest_creation,report_error,noncontiguous__5_edps,noncontiguous,5,13,0.06984969053934571
provider_eval_website_retargeting,website_retargeting,panel_direct_pairwise__oldest_creation,report_error,weeks_1_3__10_edps,prefix,10,3,0.3652618135376756
provider_eval_website_retargeting,website_retargeting,panel_direct_pairwise__oldest_creation,report_error,weeks_1_12__10_edps,prefix,10,12,0.38235294117647056
provider_eval_website_retargeting,website_retargeting,panel_direct_pairwise__oldest_creation,report_error,all_weeks__10_edps,prefix,10,13,0.35911230665770005
provider_eval_website_retargeting,website_retargeting,panel_direct_pairwise__oldest_creation,report_error,weeks_5_12__10_edps,interval,10,12,0.10635155096011817
provider_eval_website_retargeting,website_retargeting,panel_direct_pairwise__oldest_creation,report_error,weeks_7_13__10_edps,interval,10,13,0.07797123391370174
provider_eval_website_retargeting,website_retargeting,panel_direct_pairwise__oldest_creation,report_error,noncontiguous__10_edps,noncontiguous,10,13,0.2968227424749164
provider_eval_website_retargeting,website_retargeting,panel_direct_pairwise__oldest_creation,report_error,noncontiguous__2_edps,noncontiguous,2,13,0.026497695852534562
provider_eval_crm_customer_list,crm_customer_list,existing_vid,report_error,weeks_1_3__2_edps,prefix,2,3,0.02224517906335793
provider_eval_crm_customer_list,crm_customer_list,existing_vid,report_error,weeks_1_12__2_edps,prefix,2,12,0.6501904075355632
provider_eval_crm_customer_list,crm_customer_list,existing_vid,report_error,weeks_5_12__2_edps,interval,2,12,0.5276642941874256
provider_eval_crm_customer_list,crm_customer_list,existing_vid,report_error,weeks_1_3__5_edps,prefix,5,3,0.6564734412499075
provider_eval_crm_customer_list,crm_customer_list,existing_vid,report_error,weeks_1_12__5_edps,prefix,5,12,2.0923706071244172
provider_eval_crm_customer_list,crm_customer_list,existing_vid,report_error,weeks_7_13__5_edps,interval,5,13,1.0064960820076598
provider_eval_crm_customer_list,crm_customer_list,existing_vid,report_error,all_weeks__5_edps,prefix,5,13,2.11893052720504
provider_eval_crm_customer_list,crm_customer_list,existing_vid,report_error,noncontiguous__5_edps,noncontiguous,5,13,1.058321271924209
provider_eval_crm_customer_list,crm_customer_list,existing_vid,report_error,weeks_1_3__10_edps,prefix,10,3,1.2704963611407387
provider_eval_crm_customer_list,crm_customer_list,existing_vid,report_error,weeks_1_12__10_edps,prefix,10,12,3.1838697452634723
provider_eval_crm_customer_list,crm_customer_list,existing_vid,report_error,all_weeks__10_edps,prefix,10,13,3.2168291933172872
provider_eval_crm_customer_list,crm_customer_list,existing_vid,report_error,weeks_5_12__10_edps,interval,10,12,2.122952335926024
provider_eval_crm_customer_list,crm_customer_list,existing_vid,report_error,weeks_7_13__10_edps,interval,10,13,1.7175913675317882
provider_eval_crm_customer_list,crm_customer_list,existing_vid,report_error,noncontiguous__10_edps,noncontiguous,10,13,1.8402664200232595
provider_eval_crm_customer_list,crm_customer_list,existing_vid,report_error,noncontiguous__2_edps,noncontiguous,2,13,0.21623057644110136
provider_eval_crm_customer_list,crm_customer_list,panel_direct_pairwise,raw_prefix_error,weeks_1_1__10_edps,prefix,10,1,0.08935164668343441
provider_eval_crm_customer_list,crm_customer_list,panel_direct_pairwise,reconciled_prefix_error,weeks_1_1__10_edps,prefix,10,1,0.09011627906976744
provider_eval_crm_customer_list,crm_customer_list,panel_direct_pairwise,union_adjustment,weeks_1_1__10_edps,prefix,10,1,0.0007019151149833882
provider_eval_crm_customer_list,crm_customer_list,panel_direct_pairwise,cell_l1_adjustment,weeks_1_1__10_edps,prefix,10,1,0.11443029283382301
provider_eval_crm_customer_list,crm_customer_list,panel_direct_pairwise,temporal_projection_used,weeks_1_1__10_edps,prefix,10,1,1.0
provider_eval_crm_customer_list,crm_customer_list,panel_direct_pairwise,reconciliation_seconds,weeks_1_1__10_edps,prefix,10,1,0.011761666974052787
provider_eval_crm_customer_list,crm_customer_list,panel_direct_pairwise,raw_prefix_error,weeks_1_2__10_edps,prefix,10,2,0.039904207220646616
provider_eval_crm_customer_list,crm_customer_list,panel_direct_pairwise,reconciled_prefix_error,weeks_1_2__10_edps,prefix,10,2,0.039783001808318265
provider_eval_crm_customer_list,crm_customer_list,panel_direct_pairwise,union_adjustment,weeks_1_2__10_edps,prefix,10,2,0.00011655440134772156
provider_eval_crm_customer_list,crm_customer_list,panel_direct_pairwise,cell_l1_adjustment,weeks_1_2__10_edps,prefix,10,2,0.1325557390006914
provider_eval_crm_customer_list,crm_customer_list,panel_direct_pairwise,temporal_projection_used,weeks_1_2__10_edps,prefix,10,2,1.0
provider_eval_crm_customer_list,crm_customer_list,panel_direct_pairwise,reconciliation_seconds,weeks_1_2__10_edps,prefix,10,2,0.030211125034838915
provider_eval_crm_customer_list,crm_customer_list,panel_direct_pairwise,raw_prefix_error,weeks_1_3__10_edps,prefix,10,3,0.07215656295318952
provider_eval_crm_customer_list,crm_customer_list,panel_direct_pairwise,reconciled_prefix_error,weeks_1_3__10_edps,prefix,10,3,0.07174887892376682
provider_eval_crm_customer_list,crm_customer_list,panel_direct_pairwise,union_adjustment,weeks_1_3__10_edps,prefix,10,3,0.0004393888161959209
provider_eval_crm_customer_list,crm_customer_list,panel_direct_pairwise,cell_l1_adjustment,weeks_1_3__10_edps,prefix,10,3,0.1415130475028815
provider_eval_crm_customer_list,crm_customer_list,panel_direct_pairwise,temporal_projection_used,weeks_1_3__10_edps,prefix,10,3,1.0
provider_eval_crm_customer_list,crm_customer_list,panel_direct_pairwise,reconciliation_seconds,weeks_1_3__10_edps,prefix,10,3,0.05705766601022333
provider_eval_crm_customer_list,crm_customer_list,panel_direct_pairwise,raw_prefix_error,weeks_1_4__10_edps,prefix,10,4,0.06629521731870273
provider_eval_crm_customer_list,crm_customer_list,panel_direct_pairwise,reconciled_prefix_error,weeks_1_4__10_edps,prefix,10,4,0.06584362139917696
provider_eval_crm_customer_list,crm_customer_list,panel_direct_pairwise,union_adjustment,weeks_1_4__10_edps,prefix,10,4,0.0004836602831026224
provider_eval_crm_customer_list,crm_customer_list,panel_direct_pairwise,cell_l1_adjustment,weeks_1_4__10_edps,prefix,10,4,0.21135245677276854
provider_eval_crm_customer_list,crm_customer_list,panel_direct_pairwise,temporal_projection_used,weeks_1_4__10_edps,prefix,10,4,1.0
provider_eval_crm_customer_list,crm_customer_list,panel_direct_pairwise,reconciliation_seconds,weeks_1_4__10_edps,prefix,10,4,0.06415424996521324
provider_eval_crm_customer_list,crm_customer_list,panel_direct_pairwise,raw_prefix_error,weeks_1_5__10_edps,prefix,10,5,0.08086170988854989
provider_eval_crm_customer_list,crm_customer_list,panel_direct_pairwise,reconciled_prefix_error,weeks_1_5__10_edps,prefix,10,5,0.08115183246073299
provider_eval_crm_customer_list,crm_customer_list,panel_direct_pairwise,union_adjustment,weeks_1_5__10_edps,prefix,10,5,0.00031564626923157296
provider_eval_crm_customer_list,crm_customer_list,panel_direct_pairwise,cell_l1_adjustment,weeks_1_5__10_edps,prefix,10,5,0.18494594098707015
provider_eval_crm_customer_list,crm_customer_list,panel_direct_pairwise,temporal_projection_used,weeks_1_5__10_edps,prefix,10,5,1.0
provider_eval_crm_customer_list,crm_customer_list,panel_direct_pairwise,reconciliation_seconds,weeks_1_5__10_edps,prefix,10,5,0.06997045793104917
provider_eval_crm_customer_list,crm_customer_list,panel_direct_pairwise,raw_prefix_error,weeks_1_6__10_edps,prefix,10,6,0.11846663006588513
provider_eval_crm_customer_list,crm_customer_list,panel_direct_pairwise,reconciled_prefix_error,weeks_1_6__10_edps,prefix,10,6,0.11860174781523096
provider_eval_crm_customer_list,crm_customer_list,panel_direct_pairwise,union_adjustment,weeks_1_6__10_edps,prefix,10,6,0.0001532758191071746
provider_eval_crm_customer_list,crm_customer_list,panel_direct_pairwise,cell_l1_adjustment,weeks_1_6__10_edps,prefix,10,6,0.22341367540454388
provider_eval_crm_customer_list,crm_customer_list,panel_direct_pairwise,temporal_projection_used,weeks_1_6__10_edps,prefix,10,6,1.0
provider_eval_crm_customer_list,crm_customer_list,panel_direct_pairwise,reconciliation_seconds,weeks_1_6__10_edps,prefix,10,6,0.06687083304859698
provider_eval_crm_customer_list,crm_customer_list,panel_direct_pairwise,raw_prefix_error,weeks_1_7__10_edps,prefix,10,7,0.1287852981163723
provider_eval_crm_customer_list,crm_customer_list,panel_direct_pairwise,reconciled_prefix_error,weeks_1_7__10_edps,prefix,10,7,0.12891566265060242
provider_eval_crm_customer_list,crm_customer_list,panel_direct_pairwise,union_adjustment,weeks_1_7__10_edps,prefix,10,7,0.0001496353699583406
provider_eval_crm_customer_list,crm_customer_list,panel_direct_pairwise,cell_l1_adjustment,weeks_1_7__10_edps,prefix,10,7,0.263510400837595
provider_eval_crm_customer_list,crm_customer_list,panel_direct_pairwise,temporal_projection_used,weeks_1_7__10_edps,prefix,10,7,1.0
provider_eval_crm_customer_list,crm_customer_list,panel_direct_pairwise,reconciliation_seconds,weeks_1_7__10_edps,prefix,10,7,0.057418958051130176
provider_eval_crm_customer_list,crm_customer_list,panel_direct_pairwise,raw_prefix_error,weeks_1_8__10_edps,prefix,10,8,0.14149849850799603
provider_eval_crm_customer_list,crm_customer_list,panel_direct_pairwise,reconciled_prefix_error,weeks_1_8__10_edps,prefix,10,8,0.142018779342723
provider_eval_crm_customer_list,crm_customer_list,panel_direct_pairwise,union_adjustment,weeks_1_8__10_edps,prefix,10,8,0.0006060336922189793
provider_eval_crm_customer_list,crm_customer_list,panel_direct_pairwise,cell_l1_adjustment,weeks_1_8__10_edps,prefix,10,8,0.25926302807848794
provider_eval_crm_customer_list,crm_customer_list,panel_direct_pairwise,temporal_projection_used,weeks_1_8__10_edps,prefix,10,8,1.0
provider_eval_crm_customer_list,crm_customer_list,panel_direct_pairwise,reconciliation_seconds,weeks_1_8__10_edps,prefix,10,8,0.051315999939106405
provider_eval_crm_customer_list,crm_customer_list,panel_direct_pairwise,raw_prefix_error,weeks_1_9__10_edps,prefix,10,9,0.1586878633120568
provider_eval_crm_customer_list,crm_customer_list,panel_direct_pairwise,reconciled_prefix_error,weeks_1_9__10_edps,prefix,10,9,0.15873015873015872
provider_eval_crm_customer_list,crm_customer_list,panel_direct_pairwise,union_adjustment,weeks_1_9__10_edps,prefix,10,9,5.027315815247422e-05
provider_eval_crm_customer_list,crm_customer_list,panel_direct_pairwise,cell_l1_adjustment,weeks_1_9__10_edps,prefix,10,9,0.26869086063820324
provider_eval_crm_customer_list,crm_customer_list,panel_direct_pairwise,temporal_projection_used,weeks_1_9__10_edps,prefix,10,9,1.0
provider_eval_crm_customer_list,crm_customer_list,panel_direct_pairwise,reconciliation_seconds,weeks_1_9__10_edps,prefix,10,9,0.0481791659258306
provider_eval_crm_customer_list,crm_customer_list,panel_direct_pairwise,raw_prefix_error,weeks_1_10__10_edps,prefix,10,10,0.17126912836224126
provider_eval_crm_customer_list,crm_customer_list,panel_direct_pairwise,reconciled_prefix_error,weeks_1_10__10_edps,prefix,10,10,0.17108167770419427
provider_eval_crm_customer_list,crm_customer_list,panel_direct_pairwise,union_adjustment,weeks_1_10__10_edps,prefix,10,10,0.0002261900267803506
provider_eval_crm_customer_list,crm_customer_list,panel_direct_pairwise,cell_l1_adjustment,weeks_1_10__10_edps,prefix,10,10,0.23995678557008668
provider_eval_crm_customer_list,crm_customer_list,panel_direct_pairwise,temporal_projection_used,weeks_1_10__10_edps,prefix,10,10,1.0
provider_eval_crm_customer_list,crm_customer_list,panel_direct_pairwise,reconciliation_seconds,weeks_1_10__10_edps,prefix,10,10,0.04603349999524653
provider_eval_crm_customer_list,crm_customer_list,panel_direct_pairwise,raw_prefix_error,weeks_1_11__10_edps,prefix,10,11,0.09613354690809417
provider_eval_crm_customer_list,crm_customer_list,panel_direct_pairwise,reconciled_prefix_error,weeks_1_11__10_edps,prefix,10,11,0.09596510359869138
provider_eval_crm_customer_list,crm_customer_list,panel_direct_pairwise,union_adjustment,weeks_1_11__10_edps,prefix,10,11,0.0001863586250278435
provider_eval_crm_customer_list,crm_customer_list,panel_direct_pairwise,cell_l1_adjustment,weeks_1_11__10_edps,prefix,10,11,0.2837072559218382
provider_eval_crm_customer_list,crm_customer_list,panel_direct_pairwise,temporal_projection_used,weeks_1_11__10_edps,prefix,10,11,1.0
provider_eval_crm_customer_list,crm_customer_list,panel_direct_pairwise,reconciliation_seconds,weeks_1_11__10_edps,prefix,10,11,0.045965292025357485
provider_eval_crm_customer_list,crm_customer_list,panel_direct_pairwise,raw_prefix_error,weeks_1_12__10_edps,prefix,10,12,0.06234812984226111
provider_eval_crm_customer_list,crm_customer_list,panel_direct_pairwise,reconciled_prefix_error,weeks_1_12__10_edps,prefix,10,12,0.0628385698808234
provider_eval_crm_customer_list,crm_customer_list,panel_direct_pairwise,union_adjustment,weeks_1_12__10_edps,prefix,10,12,0.0005230513095271007
provider_eval_crm_customer_list,crm_customer_list,panel_direct_pairwise,cell_l1_adjustment,weeks_1_12__10_edps,prefix,10,12,0.27176711855422825
provider_eval_crm_customer_list,crm_customer_list,panel_direct_pairwise,temporal_projection_used,weeks_1_12__10_edps,prefix,10,12,1.0
provider_eval_crm_customer_list,crm_customer_list,panel_direct_pairwise,reconciliation_seconds,weeks_1_12__10_edps,prefix,10,12,0.04362233309075236
provider_eval_crm_customer_list,crm_customer_list,panel_direct_pairwise,raw_prefix_error,weeks_1_13__10_edps,prefix,10,13,0.05997004930758939
provider_eval_crm_customer_list,crm_customer_list,panel_direct_pairwise,reconciled_prefix_error,weeks_1_13__10_edps,prefix,10,13,0.06040992448759439
provider_eval_crm_customer_list,crm_customer_list,panel_direct_pairwise,union_adjustment,weeks_1_13__10_edps,prefix,10,13,0.00046793740952628645
provider_eval_crm_customer_list,crm_customer_list,panel_direct_pairwise,cell_l1_adjustment,weeks_1_13__10_edps,prefix,10,13,0.2779845228143429
provider_eval_crm_customer_list,crm_customer_list,panel_direct_pairwise,temporal_projection_used,weeks_1_13__10_edps,prefix,10,13,1.0
provider_eval_crm_customer_list,crm_customer_list,panel_direct_pairwise,reconciliation_seconds,weeks_1_13__10_edps,prefix,10,13,0.044518333044834435
provider_eval_crm_customer_list,crm_customer_list,panel_direct_pairwise__active_today,report_error,weeks_1_3__2_edps,prefix,2,3,0.01652892561983471
provider_eval_crm_customer_list,crm_customer_list,panel_direct_pairwise__active_today,report_error,weeks_1_12__2_edps,prefix,2,12,0.10841983852364476
provider_eval_crm_customer_list,crm_customer_list,panel_direct_pairwise__active_today,report_error,weeks_5_12__2_edps,interval,2,12,0.08896797153024912
provider_eval_crm_customer_list,crm_customer_list,panel_direct_pairwise__active_today,report_error,weeks_1_3__5_edps,prefix,5,3,0.1640625
provider_eval_crm_customer_list,crm_customer_list,panel_direct_pairwise__active_today,report_error,weeks_1_12__5_edps,prefix,5,12,0.1341330425299891
provider_eval_crm_customer_list,crm_customer_list,panel_direct_pairwise__active_today,report_error,weeks_7_13__5_edps,interval,5,13,0.05995203836930456
provider_eval_crm_customer_list,crm_customer_list,panel_direct_pairwise__active_today,report_error,all_weeks__5_edps,prefix,5,13,0.12920738327904452
provider_eval_crm_customer_list,crm_customer_list,panel_direct_pairwise__active_today,report_error,noncontiguous__5_edps,noncontiguous,5,13,0.07870967741935483
provider_eval_crm_customer_list,crm_customer_list,panel_direct_pairwise__active_today,report_error,weeks_1_3__10_edps,prefix,10,3,0.07174887892376682
provider_eval_crm_customer_list,crm_customer_list,panel_direct_pairwise__active_today,report_error,weeks_1_12__10_edps,prefix,10,12,0.0628385698808234
provider_eval_crm_customer_list,crm_customer_list,panel_direct_pairwise__active_today,report_error,all_weeks__10_edps,prefix,10,13,0.06040992448759439
provider_eval_crm_customer_list,crm_customer_list,panel_direct_pairwise__active_today,report_error,weeks_5_12__10_edps,interval,10,12,0.04288939051918736
provider_eval_crm_customer_list,crm_customer_list,panel_direct_pairwise__active_today,report_error,weeks_7_13__10_edps,interval,10,13,0.0
provider_eval_crm_customer_list,crm_customer_list,panel_direct_pairwise__active_today,report_error,noncontiguous__10_edps,noncontiguous,10,13,0.03270440251572327
provider_eval_crm_customer_list,crm_customer_list,panel_direct_pairwise__active_today,report_error,noncontiguous__2_edps,noncontiguous,2,13,0.03195488721804511
provider_eval_crm_customer_list,crm_customer_list,panel_direct_pairwise__recent_creation,report_error,weeks_1_3__2_edps,prefix,2,3,0.01652892561983471
provider_eval_crm_customer_list,crm_customer_list,panel_direct_pairwise__recent_creation,report_error,weeks_1_12__2_edps,prefix,2,12,0.10841983852364476
provider_eval_crm_customer_list,crm_customer_list,panel_direct_pairwise__recent_creation,report_error,weeks_5_12__2_edps,interval,2,12,0.08896797153024912
provider_eval_crm_customer_list,crm_customer_list,panel_direct_pairwise__recent_creation,report_error,weeks_1_3__5_edps,prefix,5,3,0.1640625
provider_eval_crm_customer_list,crm_customer_list,panel_direct_pairwise__recent_creation,report_error,weeks_1_12__5_edps,prefix,5,12,0.1341330425299891
provider_eval_crm_customer_list,crm_customer_list,panel_direct_pairwise__recent_creation,report_error,weeks_7_13__5_edps,interval,5,13,0.05995203836930456
provider_eval_crm_customer_list,crm_customer_list,panel_direct_pairwise__recent_creation,report_error,all_weeks__5_edps,prefix,5,13,0.12920738327904452
provider_eval_crm_customer_list,crm_customer_list,panel_direct_pairwise__recent_creation,report_error,noncontiguous__5_edps,noncontiguous,5,13,0.08258064516129032
provider_eval_crm_customer_list,crm_customer_list,panel_direct_pairwise__recent_creation,report_error,weeks_1_3__10_edps,prefix,10,3,0.07174887892376682
provider_eval_crm_customer_list,crm_customer_list,panel_direct_pairwise__recent_creation,report_error,weeks_1_12__10_edps,prefix,10,12,0.0628385698808234
provider_eval_crm_customer_list,crm_customer_list,panel_direct_pairwise__recent_creation,report_error,all_weeks__10_edps,prefix,10,13,0.06040992448759439
provider_eval_crm_customer_list,crm_customer_list,panel_direct_pairwise__recent_creation,report_error,weeks_5_12__10_edps,interval,10,12,0.045146726862302484
provider_eval_crm_customer_list,crm_customer_list,panel_direct_pairwise__recent_creation,report_error,weeks_7_13__10_edps,interval,10,13,0.0035211267605633804
provider_eval_crm_customer_list,crm_customer_list,panel_direct_pairwise__recent_creation,report_error,noncontiguous__10_edps,noncontiguous,10,13,0.028930817610062894
provider_eval_crm_customer_list,crm_customer_list,panel_direct_pairwise__recent_creation,report_error,noncontiguous__2_edps,noncontiguous,2,13,0.02443609022556391
provider_eval_crm_customer_list,crm_customer_list,panel_direct_pairwise__oldest_creation,report_error,weeks_1_3__2_edps,prefix,2,3,0.01652892561983471
provider_eval_crm_customer_list,crm_customer_list,panel_direct_pairwise__oldest_creation,report_error,weeks_1_12__2_edps,prefix,2,12,0.10841983852364476
provider_eval_crm_customer_list,crm_customer_list,panel_direct_pairwise__oldest_creation,report_error,weeks_5_12__2_edps,interval,2,12,0.08896797153024912
provider_eval_crm_customer_list,crm_customer_list,panel_direct_pairwise__oldest_creation,report_error,weeks_1_3__5_edps,prefix,5,3,0.1640625
provider_eval_crm_customer_list,crm_customer_list,panel_direct_pairwise__oldest_creation,report_error,weeks_1_12__5_edps,prefix,5,12,0.1341330425299891
provider_eval_crm_customer_list,crm_customer_list,panel_direct_pairwise__oldest_creation,report_error,weeks_7_13__5_edps,interval,5,13,0.06235011990407674
provider_eval_crm_customer_list,crm_customer_list,panel_direct_pairwise__oldest_creation,report_error,all_weeks__5_edps,prefix,5,13,0.12920738327904452
provider_eval_crm_customer_list,crm_customer_list,panel_direct_pairwise__oldest_creation,report_error,noncontiguous__5_edps,noncontiguous,5,13,0.04387096774193548
provider_eval_crm_customer_list,crm_customer_list,panel_direct_pairwise__oldest_creation,report_error,weeks_1_3__10_edps,prefix,10,3,0.07174887892376682
provider_eval_crm_customer_list,crm_customer_list,panel_direct_pairwise__oldest_creation,report_error,weeks_1_12__10_edps,prefix,10,12,0.0628385698808234
provider_eval_crm_customer_list,crm_customer_list,panel_direct_pairwise__oldest_creation,report_error,all_weeks__10_edps,prefix,10,13,0.06040992448759439
provider_eval_crm_customer_list,crm_customer_list,panel_direct_pairwise__oldest_creation,report_error,weeks_5_12__10_edps,interval,10,12,0.05191873589164785
provider_eval_crm_customer_list,crm_customer_list,panel_direct_pairwise__oldest_creation,report_error,weeks_7_13__10_edps,interval,10,13,0.015258215962441314
provider_eval_crm_customer_list,crm_customer_list,panel_direct_pairwise__oldest_creation,report_error,noncontiguous__10_edps,noncontiguous,10,13,0.016352201257861635
provider_eval_crm_customer_list,crm_customer_list,panel_direct_pairwise__oldest_creation,report_error,noncontiguous__2_edps,noncontiguous,2,13,0.03759398496240601
provider_eval_catalog_retargeting,catalog_retargeting,existing_vid,report_error,weeks_1_3__2_edps,prefix,2,3,0.001672690763053705
provider_eval_catalog_retargeting,catalog_retargeting,existing_vid,report_error,weeks_1_12__2_edps,prefix,2,12,0.3276275085658344
provider_eval_catalog_retargeting,catalog_retargeting,existing_vid,report_error,weeks_5_12__2_edps,interval,2,12,0.2957153905645789
provider_eval_catalog_retargeting,catalog_retargeting,existing_vid,report_error,weeks_1_3__5_edps,prefix,5,3,0.008767017669692623
provider_eval_catalog_retargeting,catalog_retargeting,existing_vid,report_error,weeks_1_12__5_edps,prefix,5,12,0.4407786024344336
provider_eval_catalog_retargeting,catalog_retargeting,existing_vid,report_error,weeks_7_13__5_edps,interval,5,13,0.40048593286947876
provider_eval_catalog_retargeting,catalog_retargeting,existing_vid,report_error,all_weeks__5_edps,prefix,5,13,0.4921917206834927
provider_eval_catalog_retargeting,catalog_retargeting,existing_vid,report_error,noncontiguous__5_edps,noncontiguous,5,13,0.21421175074367432
provider_eval_catalog_retargeting,catalog_retargeting,existing_vid,report_error,weeks_1_3__10_edps,prefix,10,3,0.1454826801561873
provider_eval_catalog_retargeting,catalog_retargeting,existing_vid,report_error,weeks_1_12__10_edps,prefix,10,12,0.8263588945354505
provider_eval_catalog_retargeting,catalog_retargeting,existing_vid,report_error,all_weeks__10_edps,prefix,10,13,0.865001690473099
provider_eval_catalog_retargeting,catalog_retargeting,existing_vid,report_error,weeks_5_12__10_edps,interval,10,12,0.7061395969618776
provider_eval_catalog_retargeting,catalog_retargeting,existing_vid,report_error,weeks_7_13__10_edps,interval,10,13,0.5961651071758646
provider_eval_catalog_retargeting,catalog_retargeting,existing_vid,report_error,noncontiguous__10_edps,noncontiguous,10,13,0.4542988746402426
provider_eval_catalog_retargeting,catalog_retargeting,existing_vid,report_error,noncontiguous__2_edps,noncontiguous,2,13,0.15742550655542328
provider_eval_catalog_retargeting,catalog_retargeting,panel_direct_pairwise,raw_prefix_error,weeks_1_1__10_edps,prefix,10,1,0.022817936561972937
provider_eval_catalog_retargeting,catalog_retargeting,panel_direct_pairwise,reconciled_prefix_error,weeks_1_1__10_edps,prefix,10,1,0.023166023166023165
provider_eval_catalog_retargeting,catalog_retargeting,panel_direct_pairwise,union_adjustment,weeks_1_1__10_edps,prefix,10,1,0.0003403211770062837
provider_eval_catalog_retargeting,catalog_retargeting,panel_direct_pairwise,cell_l1_adjustment,weeks_1_1__10_edps,prefix,10,1,0.009922038184292045
provider_eval_catalog_retargeting,catalog_retargeting,panel_direct_pairwise,temporal_projection_used,weeks_1_1__10_edps,prefix,10,1,1.0
provider_eval_catalog_retargeting,catalog_retargeting,panel_direct_pairwise,reconciliation_seconds,weeks_1_1__10_edps,prefix,10,1,0.010045583941973746
provider_eval_catalog_retargeting,catalog_retargeting,panel_direct_pairwise,raw_prefix_error,weeks_1_2__10_edps,prefix,10,2,0.06360844052764696
provider_eval_catalog_retargeting,catalog_retargeting,panel_direct_pairwise,reconciled_prefix_error,weeks_1_2__10_edps,prefix,10,2,0.06378600823045268
provider_eval_catalog_retargeting,catalog_retargeting,panel_direct_pairwise,union_adjustment,weeks_1_2__10_edps,prefix,10,2,0.0001669483769028277
provider_eval_catalog_retargeting,catalog_retargeting,panel_direct_pairwise,cell_l1_adjustment,weeks_1_2__10_edps,prefix,10,2,0.022247974342536343
provider_eval_catalog_retargeting,catalog_retargeting,panel_direct_pairwise,temporal_projection_used,weeks_1_2__10_edps,prefix,10,2,1.0
provider_eval_catalog_retargeting,catalog_retargeting,panel_direct_pairwise,reconciliation_seconds,weeks_1_2__10_edps,prefix,10,2,0.016899000038392842
provider_eval_catalog_retargeting,catalog_retargeting,panel_direct_pairwise,raw_prefix_error,weeks_1_3__10_edps,prefix,10,3,0.11470013465226234
provider_eval_catalog_retargeting,catalog_retargeting,panel_direct_pairwise,reconciled_prefix_error,weeks_1_3__10_edps,prefix,10,3,0.11486486486486487
provider_eval_catalog_retargeting,catalog_retargeting,panel_direct_pairwise,union_adjustment,weeks_1_3__10_edps,prefix,10,3,0.00014777984453559628
provider_eval_catalog_retargeting,catalog_retargeting,panel_direct_pairwise,cell_l1_adjustment,weeks_1_3__10_edps,prefix,10,3,0.051487254253073364
provider_eval_catalog_retargeting,catalog_retargeting,panel_direct_pairwise,temporal_projection_used,weeks_1_3__10_edps,prefix,10,3,1.0
provider_eval_catalog_retargeting,catalog_retargeting,panel_direct_pairwise,reconciliation_seconds,weeks_1_3__10_edps,prefix,10,3,0.022949208039790392
provider_eval_catalog_retargeting,catalog_retargeting,panel_direct_pairwise,raw_prefix_error,weeks_1_4__10_edps,prefix,10,4,0.1745140224323034
provider_eval_catalog_retargeting,catalog_retargeting,panel_direct_pairwise,reconciled_prefix_error,weeks_1_4__10_edps,prefix,10,4,0.17424242424242425
provider_eval_catalog_retargeting,catalog_retargeting,panel_direct_pairwise,union_adjustment,weeks_1_4__10_edps,prefix,10,4,0.0002312430372815913
provider_eval_catalog_retargeting,catalog_retargeting,panel_direct_pairwise,cell_l1_adjustment,weeks_1_4__10_edps,prefix,10,4,0.0872331851741682
provider_eval_catalog_retargeting,catalog_retargeting,panel_direct_pairwise,temporal_projection_used,weeks_1_4__10_edps,prefix,10,4,1.0
provider_eval_catalog_retargeting,catalog_retargeting,panel_direct_pairwise,reconciliation_seconds,weeks_1_4__10_edps,prefix,10,4,0.030315125011838973
provider_eval_catalog_retargeting,catalog_retargeting,panel_direct_pairwise,raw_prefix_error,weeks_1_5__10_edps,prefix,10,5,0.22894695937590856
provider_eval_catalog_retargeting,catalog_retargeting,panel_direct_pairwise,reconciled_prefix_error,weeks_1_5__10_edps,prefix,10,5,0.2292576419213974
provider_eval_catalog_retargeting,catalog_retargeting,panel_direct_pairwise,union_adjustment,weeks_1_5__10_edps,prefix,10,5,0.00025280386848167634
provider_eval_catalog_retargeting,catalog_retargeting,panel_direct_pairwise,cell_l1_adjustment,weeks_1_5__10_edps,prefix,10,5,0.0735993530268812
provider_eval_catalog_retargeting,catalog_retargeting,panel_direct_pairwise,temporal_projection_used,weeks_1_5__10_edps,prefix,10,5,1.0
provider_eval_catalog_retargeting,catalog_retargeting,panel_direct_pairwise,reconciliation_seconds,weeks_1_5__10_edps,prefix,10,5,0.04511683410964906
provider_eval_catalog_retargeting,catalog_retargeting,panel_direct_pairwise,raw_prefix_error,weeks_1_6__10_edps,prefix,10,6,0.21308142976640243
provider_eval_catalog_retargeting,catalog_retargeting,panel_direct_pairwise,reconciled_prefix_error,weeks_1_6__10_edps,prefix,10,6,0.21305841924398625
provider_eval_catalog_retargeting,catalog_retargeting,panel_direct_pairwise,union_adjustment,weeks_1_6__10_edps,prefix,10,6,1.896865441189026e-05
provider_eval_catalog_retargeting,catalog_retargeting,panel_direct_pairwise,cell_l1_adjustment,weeks_1_6__10_edps,prefix,10,6,0.09388720844633412
provider_eval_catalog_retargeting,catalog_retargeting,panel_direct_pairwise,temporal_projection_used,weeks_1_6__10_edps,prefix,10,6,1.0
provider_eval_catalog_retargeting,catalog_retargeting,panel_direct_pairwise,reconciliation_seconds,weeks_1_6__10_edps,prefix,10,6,0.05693812493700534
provider_eval_catalog_retargeting,catalog_retargeting,panel_direct_pairwise,raw_prefix_error,weeks_1_7__10_edps,prefix,10,7,0.22594654154900384
provider_eval_catalog_retargeting,catalog_retargeting,panel_direct_pairwise,reconciled_prefix_error,weeks_1_7__10_edps,prefix,10,7,0.2260204081632653
provider_eval_catalog_retargeting,catalog_retargeting,panel_direct_pairwise,union_adjustment,weeks_1_7__10_edps,prefix,10,7,6.025272045448466e-05
provider_eval_catalog_retargeting,catalog_retargeting,panel_direct_pairwise,cell_l1_adjustment,weeks_1_7__10_edps,prefix,10,7,0.11461240344054995
provider_eval_catalog_retargeting,catalog_retargeting,panel_direct_pairwise,temporal_projection_used,weeks_1_7__10_edps,prefix,10,7,1.0
provider_eval_catalog_retargeting,catalog_retargeting,panel_direct_pairwise,reconciliation_seconds,weeks_1_7__10_edps,prefix,10,7,0.08043229207396507
provider_eval_catalog_retargeting,catalog_retargeting,panel_direct_pairwise,raw_prefix_error,weeks_1_8__10_edps,prefix,10,8,0.23784429559016967
provider_eval_catalog_retargeting,catalog_retargeting,panel_direct_pairwise,reconciled_prefix_error,weeks_1_8__10_edps,prefix,10,8,0.23767441860465116
provider_eval_catalog_retargeting,catalog_retargeting,panel_direct_pairwise,union_adjustment,weeks_1_8__10_edps,prefix,10,8,0.0001372361500751613
provider_eval_catalog_retargeting,catalog_retargeting,panel_direct_pairwise,cell_l1_adjustment,weeks_1_8__10_edps,prefix,10,8,0.1148222059928021
provider_eval_catalog_retargeting,catalog_retargeting,panel_direct_pairwise,temporal_projection_used,weeks_1_8__10_edps,prefix,10,8,1.0
provider_eval_catalog_retargeting,catalog_retargeting,panel_direct_pairwise,reconciliation_seconds,weeks_1_8__10_edps,prefix,10,8,0.09083624999038875
provider_eval_catalog_retargeting,catalog_retargeting,panel_direct_pairwise,raw_prefix_error,weeks_1_9__10_edps,prefix,10,9,0.22197393615895658
provider_eval_catalog_retargeting,catalog_retargeting,panel_direct_pairwise,reconciled_prefix_error,weeks_1_9__10_edps,prefix,10,9,0.222077357670578
provider_eval_catalog_retargeting,catalog_retargeting,panel_direct_pairwise,union_adjustment,weeks_1_9__10_edps,prefix,10,9,8.46347933935232e-05
provider_eval_catalog_retargeting,catalog_retargeting,panel_direct_pairwise,cell_l1_adjustment,weeks_1_9__10_edps,prefix,10,9,0.13846539938682678
provider_eval_catalog_retargeting,catalog_retargeting,panel_direct_pairwise,temporal_projection_used,weeks_1_9__10_edps,prefix,10,9,1.0
provider_eval_catalog_retargeting,catalog_retargeting,panel_direct_pairwise,reconciliation_seconds,weeks_1_9__10_edps,prefix,10,9,0.10372616595122963
provider_eval_catalog_retargeting,catalog_retargeting,panel_direct_pairwise,raw_prefix_error,weeks_1_10__10_edps,prefix,10,10,0.1970983464559222
provider_eval_catalog_retargeting,catalog_retargeting,panel_direct_pairwise,reconciled_prefix_error,weeks_1_10__10_edps,prefix,10,10,0.19728171334431632
provider_eval_catalog_retargeting,catalog_retargeting,panel_direct_pairwise,union_adjustment,weeks_1_10__10_edps,prefix,10,10,0.00015317612703786196
provider_eval_catalog_retargeting,catalog_retargeting,panel_direct_pairwise,cell_l1_adjustment,weeks_1_10__10_edps,prefix,10,10,0.1058230374374209
provider_eval_catalog_retargeting,catalog_retargeting,panel_direct_pairwise,temporal_projection_used,weeks_1_10__10_edps,prefix,10,10,1.0
provider_eval_catalog_retargeting,catalog_retargeting,panel_direct_pairwise,reconciliation_seconds,weeks_1_10__10_edps,prefix,10,10,0.11082933295983821
provider_eval_catalog_retargeting,catalog_retargeting,panel_direct_pairwise,raw_prefix_error,weeks_1_11__10_edps,prefix,10,11,0.18367443912163794
provider_eval_catalog_retargeting,catalog_retargeting,panel_direct_pairwise,reconciled_prefix_error,weeks_1_11__10_edps,prefix,10,11,0.1838351822503962
provider_eval_catalog_retargeting,catalog_retargeting,panel_direct_pairwise,union_adjustment,weeks_1_11__10_edps,prefix,10,11,0.00013580011821233724
provider_eval_catalog_retargeting,catalog_retargeting,panel_direct_pairwise,cell_l1_adjustment,weeks_1_11__10_edps,prefix,10,11,0.10560261575736758
provider_eval_catalog_retargeting,catalog_retargeting,panel_direct_pairwise,temporal_projection_used,weeks_1_11__10_edps,prefix,10,11,1.0
provider_eval_catalog_retargeting,catalog_retargeting,panel_direct_pairwise,reconciliation_seconds,weeks_1_11__10_edps,prefix,10,11,0.11659962497651577
provider_eval_catalog_retargeting,catalog_retargeting,panel_direct_pairwise,raw_prefix_error,weeks_1_12__10_edps,prefix,10,12,0.16445431426584312
provider_eval_catalog_retargeting,catalog_retargeting,panel_direct_pairwise,reconciled_prefix_error,weeks_1_12__10_edps,prefix,10,12,0.16463414634146342
provider_eval_catalog_retargeting,catalog_retargeting,panel_direct_pairwise,union_adjustment,weeks_1_12__10_edps,prefix,10,12,0.00015443463381812852
provider_eval_catalog_retargeting,catalog_retargeting,panel_direct_pairwise,cell_l1_adjustment,weeks_1_12__10_edps,prefix,10,12,0.09005837004535999
provider_eval_catalog_retargeting,catalog_retargeting,panel_direct_pairwise,temporal_projection_used,weeks_1_12__10_edps,prefix,10,12,1.0
provider_eval_catalog_retargeting,catalog_retargeting,panel_direct_pairwise,reconciliation_seconds,weeks_1_12__10_edps,prefix,10,12,0.12734179198741913
provider_eval_catalog_retargeting,catalog_retargeting,panel_direct_pairwise,raw_prefix_error,weeks_1_13__10_edps,prefix,10,13,0.14742939795197546
provider_eval_catalog_retargeting,catalog_retargeting,panel_direct_pairwise,reconciled_prefix_error,weeks_1_13__10_edps,prefix,10,13,0.1473645137342242
provider_eval_catalog_retargeting,catalog_retargeting,panel_direct_pairwise,union_adjustment,weeks_1_13__10_edps,prefix,10,13,5.654745979928772e-05
provider_eval_catalog_retargeting,catalog_retargeting,panel_direct_pairwise,cell_l1_adjustment,weeks_1_13__10_edps,prefix,10,13,0.08823408499042336
provider_eval_catalog_retargeting,catalog_retargeting,panel_direct_pairwise,temporal_projection_used,weeks_1_13__10_edps,prefix,10,13,1.0
provider_eval_catalog_retargeting,catalog_retargeting,panel_direct_pairwise,reconciliation_seconds,weeks_1_13__10_edps,prefix,10,13,0.1318138330243528
provider_eval_catalog_retargeting,catalog_retargeting,panel_direct_pairwise__active_today,report_error,weeks_1_3__2_edps,prefix,2,3,0.0
provider_eval_catalog_retargeting,catalog_retargeting,panel_direct_pairwise__active_today,report_error,weeks_1_12__2_edps,prefix,2,12,0.008076358296622614
provider_eval_catalog_retargeting,catalog_retargeting,panel_direct_pairwise__active_today,report_error,weeks_5_12__2_edps,interval,2,12,0.0038669760247486465
provider_eval_catalog_retargeting,catalog_retargeting,panel_direct_pairwise__active_today,report_error,weeks_1_3__5_edps,prefix,5,3,0.007853403141361256
provider_eval_catalog_retargeting,catalog_retargeting,panel_direct_pairwise__active_today,report_error,weeks_1_12__5_edps,prefix,5,12,0.00486815415821501
provider_eval_catalog_retargeting,catalog_retargeting,panel_direct_pairwise__active_today,report_error,weeks_7_13__5_edps,interval,5,13,0.0068212824010914054
provider_eval_catalog_retargeting,catalog_retargeting,panel_direct_pairwise__active_today,report_error,all_weeks__5_edps,prefix,5,13,0.010592389172224402
provider_eval_catalog_retargeting,catalog_retargeting,panel_direct_pairwise__active_today,report_error,noncontiguous__5_edps,noncontiguous,5,13,0.030978934324659233
provider_eval_catalog_retargeting,catalog_retargeting,panel_direct_pairwise__active_today,report_error,weeks_1_3__10_edps,prefix,10,3,0.11486486486486487
provider_eval_catalog_retargeting,catalog_retargeting,panel_direct_pairwise__active_today,report_error,weeks_1_12__10_edps,prefix,10,12,0.16463414634146342
provider_eval_catalog_retargeting,catalog_retargeting,panel_direct_pairwise__active_today,report_error,all_weeks__10_edps,prefix,10,13,0.1473645137342242
provider_eval_catalog_retargeting,catalog_retargeting,panel_direct_pairwise__active_today,report_error,weeks_5_12__10_edps,interval,10,12,0.21483583299554115
provider_eval_catalog_retargeting,catalog_retargeting,panel_direct_pairwise__active_today,report_error,weeks_7_13__10_edps,interval,10,13,0.10638297872340426
provider_eval_catalog_retargeting,catalog_retargeting,panel_direct_pairwise__active_today,report_error,noncontiguous__10_edps,noncontiguous,10,13,0.07401490947816826
provider_eval_catalog_retargeting,catalog_retargeting,panel_direct_pairwise__active_today,report_error,noncontiguous__2_edps,noncontiguous,2,13,0.04052443384982122
provider_eval_catalog_retargeting,catalog_retargeting,panel_direct_pairwise__recent_creation,report_error,weeks_1_3__2_edps,prefix,2,3,0.0
provider_eval_catalog_retargeting,catalog_retargeting,panel_direct_pairwise__recent_creation,report_error,weeks_1_12__2_edps,prefix,2,12,0.008076358296622614
provider_eval_catalog_retargeting,catalog_retargeting,panel_direct_pairwise__recent_creation,report_error,weeks_5_12__2_edps,interval,2,12,0.0015467904098994587
provider_eval_catalog_retargeting,catalog_retargeting,panel_direct_pairwise__recent_creation,report_error,weeks_1_3__5_edps,prefix,5,3,0.007853403141361256
provider_eval_catalog_retargeting,catalog_retargeting,panel_direct_pairwise__recent_creation,report_error,weeks_1_12__5_edps,prefix,5,12,0.00486815415821501
provider_eval_catalog_retargeting,catalog_retargeting,panel_direct_pairwise__recent_creation,report_error,weeks_7_13__5_edps,interval,5,13,0.026830377444292862
provider_eval_catalog_retargeting,catalog_retargeting,panel_direct_pairwise__recent_creation,report_error,all_weeks__5_edps,prefix,5,13,0.010592389172224402
provider_eval_catalog_retargeting,catalog_retargeting,panel_direct_pairwise__recent_creation,report_error,noncontiguous__5_edps,noncontiguous,5,13,0.05204460966542751
provider_eval_catalog_retargeting,catalog_retargeting,panel_direct_pairwise__recent_creation,report_error,weeks_1_3__10_edps,prefix,10,3,0.11486486486486487
provider_eval_catalog_retargeting,catalog_retargeting,panel_direct_pairwise__recent_creation,report_error,weeks_1_12__10_edps,prefix,10,12,0.16463414634146342
provider_eval_catalog_retargeting,catalog_retargeting,panel_direct_pairwise__recent_creation,report_error,all_weeks__10_edps,prefix,10,13,0.1473645137342242
provider_eval_catalog_retargeting,catalog_retargeting,panel_direct_pairwise__recent_creation,report_error,weeks_5_12__10_edps,interval,10,12,0.1860559383867045
provider_eval_catalog_retargeting,catalog_retargeting,panel_direct_pairwise__recent_creation,report_error,weeks_7_13__10_edps,interval,10,13,0.05036908380373426
provider_eval_catalog_retargeting,catalog_retargeting,panel_direct_pairwise__recent_creation,report_error,noncontiguous__10_edps,noncontiguous,10,13,0.06549520766773163
provider_eval_catalog_retargeting,catalog_retargeting,panel_direct_pairwise__recent_creation,report_error,noncontiguous__2_edps,noncontiguous,2,13,0.054827175208581644
provider_eval_catalog_retargeting,catalog_retargeting,panel_direct_pairwise__oldest_creation,report_error,weeks_1_3__2_edps,prefix,2,3,0.0
provider_eval_catalog_retargeting,catalog_retargeting,panel_direct_pairwise__oldest_creation,report_error,weeks_1_12__2_edps,prefix,2,12,0.008076358296622614
provider_eval_catalog_retargeting,catalog_retargeting,panel_direct_pairwise__oldest_creation,report_error,weeks_5_12__2_edps,interval,2,12,0.05568445475638051
provider_eval_catalog_retargeting,catalog_retargeting,panel_direct_pairwise__oldest_creation,report_error,weeks_1_3__5_edps,prefix,5,3,0.007853403141361256
provider_eval_catalog_retargeting,catalog_retargeting,panel_direct_pairwise__oldest_creation,report_error,weeks_1_12__5_edps,prefix,5,12,0.00486815415821501
provider_eval_catalog_retargeting,catalog_retargeting,panel_direct_pairwise__oldest_creation,report_error,weeks_7_13__5_edps,interval,5,13,0.10368349249658936
provider_eval_catalog_retargeting,catalog_retargeting,panel_direct_pairwise__oldest_creation,report_error,all_weeks__5_edps,prefix,5,13,0.010592389172224402
provider_eval_catalog_retargeting,catalog_retargeting,panel_direct_pairwise__oldest_creation,report_error,noncontiguous__5_edps,noncontiguous,5,13,0.004956629491945477
provider_eval_catalog_retargeting,catalog_retargeting,panel_direct_pairwise__oldest_creation,report_error,weeks_1_3__10_edps,prefix,10,3,0.11486486486486487
provider_eval_catalog_retargeting,catalog_retargeting,panel_direct_pairwise__oldest_creation,report_error,weeks_1_12__10_edps,prefix,10,12,0.16463414634146342
provider_eval_catalog_retargeting,catalog_retargeting,panel_direct_pairwise__oldest_creation,report_error,all_weeks__10_edps,prefix,10,13,0.1473645137342242
provider_eval_catalog_retargeting,catalog_retargeting,panel_direct_pairwise__oldest_creation,report_error,weeks_5_12__10_edps,interval,10,12,0.0016214025131738954
provider_eval_catalog_retargeting,catalog_retargeting,panel_direct_pairwise__oldest_creation,report_error,weeks_7_13__10_edps,interval,10,13,0.056013894919669995
provider_eval_catalog_retargeting,catalog_retargeting,panel_direct_pairwise__oldest_creation,report_error,noncontiguous__10_edps,noncontiguous,10,13,0.1299254526091587
provider_eval_catalog_retargeting,catalog_retargeting,panel_direct_pairwise__oldest_creation,report_error,noncontiguous__2_edps,noncontiguous,2,13,0.03933253873659118
provider_eval_lookalike_prospecting,lookalike_prospecting,existing_vid,report_error,weeks_1_3__2_edps,prefix,2,3,0.000987787356323088
provider_eval_lookalike_prospecting,lookalike_prospecting,existing_vid,report_error,weeks_1_12__2_edps,prefix,2,12,0.10109580193756706
provider_eval_lookalike_prospecting,lookalike_prospecting,existing_vid,report_error,weeks_5_12__2_edps,interval,2,12,0.09120703653585926
provider_eval_lookalike_prospecting,lookalike_prospecting,existing_vid,report_error,weeks_1_3__5_edps,prefix,5,3,0.03453047701586369
provider_eval_lookalike_prospecting,lookalike_prospecting,existing_vid,report_error,weeks_1_12__5_edps,prefix,5,12,0.25250185300794725
provider_eval_lookalike_prospecting,lookalike_prospecting,existing_vid,report_error,weeks_7_13__5_edps,interval,5,13,0.22994627764773248
provider_eval_lookalike_prospecting,lookalike_prospecting,existing_vid,report_error,all_weeks__5_edps,prefix,5,13,0.2657597295516403
provider_eval_lookalike_prospecting,lookalike_prospecting,existing_vid,report_error,noncontiguous__5_edps,noncontiguous,5,13,0.1552837228269813
provider_eval_lookalike_prospecting,lookalike_prospecting,existing_vid,report_error,weeks_1_3__10_edps,prefix,10,3,0.11851566477528264
provider_eval_lookalike_prospecting,lookalike_prospecting,existing_vid,report_error,weeks_1_12__10_edps,prefix,10,12,0.3424319936629257
provider_eval_lookalike_prospecting,lookalike_prospecting,existing_vid,report_error,all_weeks__10_edps,prefix,10,13,0.33980873974058745
provider_eval_lookalike_prospecting,lookalike_prospecting,existing_vid,report_error,weeks_5_12__10_edps,interval,10,12,0.3177811708255154
provider_eval_lookalike_prospecting,lookalike_prospecting,existing_vid,report_error,weeks_7_13__10_edps,interval,10,13,0.3077832489183062
provider_eval_lookalike_prospecting,lookalike_prospecting,existing_vid,report_error,noncontiguous__10_edps,noncontiguous,10,13,0.2565805823081926
provider_eval_lookalike_prospecting,lookalike_prospecting,existing_vid,report_error,noncontiguous__2_edps,noncontiguous,2,13,0.0449025005735257
provider_eval_lookalike_prospecting,lookalike_prospecting,panel_direct_pairwise,raw_prefix_error,weeks_1_1__10_edps,prefix,10,1,0.02568091658961501
provider_eval_lookalike_prospecting,lookalike_prospecting,panel_direct_pairwise,reconciled_prefix_error,weeks_1_1__10_edps,prefix,10,1,0.026058631921824105
provider_eval_lookalike_prospecting,lookalike_prospecting,panel_direct_pairwise,union_adjustment,weeks_1_1__10_edps,prefix,10,1,0.0003682581259933828
provider_eval_lookalike_prospecting,lookalike_prospecting,panel_direct_pairwise,cell_l1_adjustment,weeks_1_1__10_edps,prefix,10,1,0.023876953844834653
provider_eval_lookalike_prospecting,lookalike_prospecting,panel_direct_pairwise,temporal_projection_used,weeks_1_1__10_edps,prefix,10,1,1.0
provider_eval_lookalike_prospecting,lookalike_prospecting,panel_direct_pairwise,reconciliation_seconds,weeks_1_1__10_edps,prefix,10,1,0.0105820830212906
provider_eval_lookalike_prospecting,lookalike_prospecting,panel_direct_pairwise,raw_prefix_error,weeks_1_2__10_edps,prefix,10,2,0.06079045618038728
provider_eval_lookalike_prospecting,lookalike_prospecting,panel_direct_pairwise,reconciled_prefix_error,weeks_1_2__10_edps,prefix,10,2,0.06108897742363878
provider_eval_lookalike_prospecting,lookalike_prospecting,panel_direct_pairwise,union_adjustment,weeks_1_2__10_edps,prefix,10,2,0.0002814139602349111
provider_eval_lookalike_prospecting,lookalike_prospecting,panel_direct_pairwise,cell_l1_adjustment,weeks_1_2__10_edps,prefix,10,2,0.049714126885986094
provider_eval_lookalike_prospecting,lookalike_prospecting,panel_direct_pairwise,temporal_projection_used,weeks_1_2__10_edps,prefix,10,2,1.0
provider_eval_lookalike_prospecting,lookalike_prospecting,panel_direct_pairwise,reconciliation_seconds,weeks_1_2__10_edps,prefix,10,2,0.02412454190198332
provider_eval_lookalike_prospecting,lookalike_prospecting,panel_direct_pairwise,raw_prefix_error,weeks_1_3__10_edps,prefix,10,3,0.08164967844619056
provider_eval_lookalike_prospecting,lookalike_prospecting,panel_direct_pairwise,reconciled_prefix_error,weeks_1_3__10_edps,prefix,10,3,0.0817104149026249
provider_eval_lookalike_prospecting,lookalike_prospecting,panel_direct_pairwise,union_adjustment,weeks_1_3__10_edps,prefix,10,3,5.615168907727724e-05
provider_eval_lookalike_prospecting,lookalike_prospecting,panel_direct_pairwise,cell_l1_adjustment,weeks_1_3__10_edps,prefix,10,3,0.12101128372911234
provider_eval_lookalike_prospecting,lookalike_prospecting,panel_direct_pairwise,temporal_projection_used,weeks_1_3__10_edps,prefix,10,3,1.0
provider_eval_lookalike_prospecting,lookalike_prospecting,panel_direct_pairwise,reconciliation_seconds,weeks_1_3__10_edps,prefix,10,3,0.028879916993901134
provider_eval_lookalike_prospecting,lookalike_prospecting,panel_direct_pairwise,raw_prefix_error,weeks_1_4__10_edps,prefix,10,4,0.09109781407290793
provider_eval_lookalike_prospecting,lookalike_prospecting,panel_direct_pairwise,reconciled_prefix_error,weeks_1_4__10_edps,prefix,10,4,0.09111617312072894
provider_eval_lookalike_prospecting,lookalike_prospecting,panel_direct_pairwise,union_adjustment,weeks_1_4__10_edps,prefix,10,4,1.682621629525251e-05
provider_eval_lookalike_prospecting,lookalike_prospecting,panel_direct_pairwise,cell_l1_adjustment,weeks_1_4__10_edps,prefix,10,4,0.07056264103837223
provider_eval_lookalike_prospecting,lookalike_prospecting,panel_direct_pairwise,temporal_projection_used,weeks_1_4__10_edps,prefix,10,4,1.0
provider_eval_lookalike_prospecting,lookalike_prospecting,panel_direct_pairwise,reconciliation_seconds,weeks_1_4__10_edps,prefix,10,4,0.04516466706991196
provider_eval_lookalike_prospecting,lookalike_prospecting,panel_direct_pairwise,raw_prefix_error,weeks_1_5__10_edps,prefix,10,5,0.1079001072168175
provider_eval_lookalike_prospecting,lookalike_prospecting,panel_direct_pairwise,reconciled_prefix_error,weeks_1_5__10_edps,prefix,10,5,0.10798898071625344
provider_eval_lookalike_prospecting,lookalike_prospecting,panel_direct_pairwise,union_adjustment,weeks_1_5__10_edps,prefix,10,5,8.021797168979884e-05
provider_eval_lookalike_prospecting,lookalike_prospecting,panel_direct_pairwise,cell_l1_adjustment,weeks_1_5__10_edps,prefix,10,5,0.055475052628984695
provider_eval_lookalike_prospecting,lookalike_prospecting,panel_direct_pairwise,temporal_projection_used,weeks_1_5__10_edps,prefix,10,5,1.0
provider_eval_lookalike_prospecting,lookalike_prospecting,panel_direct_pairwise,reconciliation_seconds,weeks_1_5__10_edps,prefix,10,5,0.08383279095869511
provider_eval_lookalike_prospecting,lookalike_prospecting,panel_direct_pairwise,raw_prefix_error,weeks_1_6__10_edps,prefix,10,6,0.12126615044151327
provider_eval_lookalike_prospecting,lookalike_prospecting,panel_direct_pairwise,reconciled_prefix_error,weeks_1_6__10_edps,prefix,10,6,0.12119783070030653
provider_eval_lookalike_prospecting,lookalike_prospecting,panel_direct_pairwise,union_adjustment,weeks_1_6__10_edps,prefix,10,6,6.0930887086949756e-05
provider_eval_lookalike_prospecting,lookalike_prospecting,panel_direct_pairwise,cell_l1_adjustment,weeks_1_6__10_edps,prefix,10,6,0.06406396908355998
provider_eval_lookalike_prospecting,lookalike_prospecting,panel_direct_pairwise,temporal_projection_used,weeks_1_6__10_edps,prefix,10,6,1.0
provider_eval_lookalike_prospecting,lookalike_prospecting,panel_direct_pairwise,reconciliation_seconds,weeks_1_6__10_edps,prefix,10,6,0.10324783308897167
provider_eval_lookalike_prospecting,lookalike_prospecting,panel_direct_pairwise,raw_prefix_error,weeks_1_7__10_edps,prefix,10,7,0.10578578986306397
provider_eval_lookalike_prospecting,lookalike_prospecting,panel_direct_pairwise,reconciled_prefix_error,weeks_1_7__10_edps,prefix,10,7,0.10585180746954265
provider_eval_lookalike_prospecting,lookalike_prospecting,panel_direct_pairwise,union_adjustment,weeks_1_7__10_edps,prefix,10,7,5.9701984854298594e-05
provider_eval_lookalike_prospecting,lookalike_prospecting,panel_direct_pairwise,cell_l1_adjustment,weeks_1_7__10_edps,prefix,10,7,0.10012567655223699
provider_eval_lookalike_prospecting,lookalike_prospecting,panel_direct_pairwise,temporal_projection_used,weeks_1_7__10_edps,prefix,10,7,1.0
provider_eval_lookalike_prospecting,lookalike_prospecting,panel_direct_pairwise,reconciliation_seconds,weeks_1_7__10_edps,prefix,10,7,0.14989666698966175
provider_eval_lookalike_prospecting,lookalike_prospecting,panel_direct_pairwise,raw_prefix_error,weeks_1_8__10_edps,prefix,10,8,0.08941930434176056
provider_eval_lookalike_prospecting,lookalike_prospecting,panel_direct_pairwise,reconciled_prefix_error,weeks_1_8__10_edps,prefix,10,8,0.08937115516062885
provider_eval_lookalike_prospecting,lookalike_prospecting,panel_direct_pairwise,union_adjustment,weeks_1_8__10_edps,prefix,10,8,4.419710660502107e-05
provider_eval_lookalike_prospecting,lookalike_prospecting,panel_direct_pairwise,cell_l1_adjustment,weeks_1_8__10_edps,prefix,10,8,0.12165686836808118
provider_eval_lookalike_prospecting,lookalike_prospecting,panel_direct_pairwise,temporal_projection_used,weeks_1_8__10_edps,prefix,10,8,1.0
provider_eval_lookalike_prospecting,lookalike_prospecting,panel_direct_pairwise,reconciliation_seconds,weeks_1_8__10_edps,prefix,10,8,0.208239792031236
provider_eval_lookalike_prospecting,lookalike_prospecting,panel_direct_pairwise,raw_prefix_error,weeks_1_9__10_edps,prefix,10,9,0.08823302131520938
provider_eval_lookalike_prospecting,lookalike_prospecting,panel_direct_pairwise,reconciled_prefix_error,weeks_1_9__10_edps,prefix,10,9,0.08818506443098897
provider_eval_lookalike_prospecting,lookalike_prospecting,panel_direct_pairwise,union_adjustment,weeks_1_9__10_edps,prefix,10,9,4.406858024050522e-05
provider_eval_lookalike_prospecting,lookalike_prospecting,panel_direct_pairwise,cell_l1_adjustment,weeks_1_9__10_edps,prefix,10,9,0.14430047894980486
provider_eval_lookalike_prospecting,lookalike_prospecting,panel_direct_pairwise,temporal_projection_used,weeks_1_9__10_edps,prefix,10,9,1.0
provider_eval_lookalike_prospecting,lookalike_prospecting,panel_direct_pairwise,reconciliation_seconds,weeks_1_9__10_edps,prefix,10,9,0.25474524998571724
provider_eval_lookalike_prospecting,lookalike_prospecting,panel_direct_pairwise,raw_prefix_error,weeks_1_10__10_edps,prefix,10,10,0.08075836388286624
provider_eval_lookalike_prospecting,lookalike_prospecting,panel_direct_pairwise,reconciled_prefix_error,weeks_1_10__10_edps,prefix,10,10,0.08081250913342101
provider_eval_lookalike_prospecting,lookalike_prospecting,panel_direct_pairwise,union_adjustment,weeks_1_10__10_edps,prefix,10,10,5.00993120793687e-05
provider_eval_lookalike_prospecting,lookalike_prospecting,panel_direct_pairwise,cell_l1_adjustment,weeks_1_10__10_edps,prefix,10,10,0.14489459626863668
provider_eval_lookalike_prospecting,lookalike_prospecting,panel_direct_pairwise,temporal_projection_used,weeks_1_10__10_edps,prefix,10,10,1.0
provider_eval_lookalike_prospecting,lookalike_prospecting,panel_direct_pairwise,reconciliation_seconds,weeks_1_10__10_edps,prefix,10,10,0.3173912500496954
provider_eval_lookalike_prospecting,lookalike_prospecting,panel_direct_pairwise,raw_prefix_error,weeks_1_11__10_edps,prefix,10,11,0.054329839203179006
provider_eval_lookalike_prospecting,lookalike_prospecting,panel_direct_pairwise,reconciled_prefix_error,weeks_1_11__10_edps,prefix,10,11,0.05426786953504511
provider_eval_lookalike_prospecting,lookalike_prospecting,panel_direct_pairwise,union_adjustment,weeks_1_11__10_edps,prefix,10,11,5.8776358052053854e-05
provider_eval_lookalike_prospecting,lookalike_prospecting,panel_direct_pairwise,cell_l1_adjustment,weeks_1_11__10_edps,prefix,10,11,0.13337084661124335
provider_eval_lookalike_prospecting,lookalike_prospecting,panel_direct_pairwise,temporal_projection_used,weeks_1_11__10_edps,prefix,10,11,1.0
provider_eval_lookalike_prospecting,lookalike_prospecting,panel_direct_pairwise,reconciliation_seconds,weeks_1_11__10_edps,prefix,10,11,0.3622744589811191
provider_eval_lookalike_prospecting,lookalike_prospecting,panel_direct_pairwise,raw_prefix_error,weeks_1_12__10_edps,prefix,10,12,0.040860207570973216
provider_eval_lookalike_prospecting,lookalike_prospecting,panel_direct_pairwise,reconciled_prefix_error,weeks_1_12__10_edps,prefix,10,12,0.04092550488163702
provider_eval_lookalike_prospecting,lookalike_prospecting,panel_direct_pairwise,union_adjustment,weeks_1_12__10_edps,prefix,10,12,6.273398693603765e-05
provider_eval_lookalike_prospecting,lookalike_prospecting,panel_direct_pairwise,cell_l1_adjustment,weeks_1_12__10_edps,prefix,10,12,0.1153846088139132
provider_eval_lookalike_prospecting,lookalike_prospecting,panel_direct_pairwise,temporal_projection_used,weeks_1_12__10_edps,prefix,10,12,1.0
provider_eval_lookalike_prospecting,lookalike_prospecting,panel_direct_pairwise,reconciliation_seconds,weeks_1_12__10_edps,prefix,10,12,0.37518691702280194
provider_eval_lookalike_prospecting,lookalike_prospecting,panel_direct_pairwise,raw_prefix_error,weeks_1_13__10_edps,prefix,10,13,0.024212442798492672
provider_eval_lookalike_prospecting,lookalike_prospecting,panel_direct_pairwise,reconciled_prefix_error,weeks_1_13__10_edps,prefix,10,13,0.024184111298920816
provider_eval_lookalike_prospecting,lookalike_prospecting,panel_direct_pairwise,union_adjustment,weeks_1_13__10_edps,prefix,10,13,2.7661741244351867e-05
provider_eval_lookalike_prospecting,lookalike_prospecting,panel_direct_pairwise,cell_l1_adjustment,weeks_1_13__10_edps,prefix,10,13,0.10859883726349233
provider_eval_lookalike_prospecting,lookalike_prospecting,panel_direct_pairwise,temporal_projection_used,weeks_1_13__10_edps,prefix,10,13,1.0
provider_eval_lookalike_prospecting,lookalike_prospecting,panel_direct_pairwise,reconciliation_seconds,weeks_1_13__10_edps,prefix,10,13,0.3614843749674037
provider_eval_lookalike_prospecting,lookalike_prospecting,panel_direct_pairwise__active_today,report_error,weeks_1_3__2_edps,prefix,2,3,0.005747126436781609
provider_eval_lookalike_prospecting,lookalike_prospecting,panel_direct_pairwise__active_today,report_error,weeks_1_12__2_edps,prefix,2,12,0.02002152852529602
provider_eval_lookalike_prospecting,lookalike_prospecting,panel_direct_pairwise__active_today,report_error,weeks_5_12__2_edps,interval,2,12,0.02255299954894001
provider_eval_lookalike_prospecting,lookalike_prospecting,panel_direct_pairwise__active_today,report_error,weeks_1_3__5_edps,prefix,5,3,0.04498269896193772
provider_eval_lookalike_prospecting,lookalike_prospecting,panel_direct_pairwise__active_today,report_error,weeks_1_12__5_edps,prefix,5,12,0.013886814991787368
provider_eval_lookalike_prospecting,lookalike_prospecting,panel_direct_pairwise__active_today,report_error,weeks_7_13__5_edps,interval,5,13,0.02228067460931456
provider_eval_lookalike_prospecting,lookalike_prospecting,panel_direct_pairwise__active_today,report_error,all_weeks__5_edps,prefix,5,13,0.00916774101131643
provider_eval_lookalike_prospecting,lookalike_prospecting,panel_direct_pairwise__active_today,report_error,noncontiguous__5_edps,noncontiguous,5,13,0.08156606851549755
provider_eval_lookalike_prospecting,lookalike_prospecting,panel_direct_pairwise__active_today,report_error,weeks_1_3__10_edps,prefix,10,3,0.0817104149026249
provider_eval_lookalike_prospecting,lookalike_prospecting,panel_direct_pairwise__active_today,report_error,weeks_1_12__10_edps,prefix,10,12,0.04092550488163702
provider_eval_lookalike_prospecting,lookalike_prospecting,panel_direct_pairwise__active_today,report_error,all_weeks__10_edps,prefix,10,13,0.024184111298920816
provider_eval_lookalike_prospecting,lookalike_prospecting,panel_direct_pairwise__active_today,report_error,weeks_5_12__10_edps,interval,10,12,0.06462442299622324
provider_eval_lookalike_prospecting,lookalike_prospecting,panel_direct_pairwise__active_today,report_error,weeks_7_13__10_edps,interval,10,13,0.038753159224936815
provider_eval_lookalike_prospecting,lookalike_prospecting,panel_direct_pairwise__active_today,report_error,noncontiguous__10_edps,noncontiguous,10,13,0.053462940461725394
provider_eval_lookalike_prospecting,lookalike_prospecting,panel_direct_pairwise__active_today,report_error,noncontiguous__2_edps,noncontiguous,2,13,0.08740536820371644
provider_eval_lookalike_prospecting,lookalike_prospecting,panel_direct_pairwise__recent_creation,report_error,weeks_1_3__2_edps,prefix,2,3,0.005747126436781609
provider_eval_lookalike_prospecting,lookalike_prospecting,panel_direct_pairwise__recent_creation,report_error,weeks_1_12__2_edps,prefix,2,12,0.02002152852529602
provider_eval_lookalike_prospecting,lookalike_prospecting,panel_direct_pairwise__recent_creation,report_error,weeks_5_12__2_edps,interval,2,12,0.02503382949932341
provider_eval_lookalike_prospecting,lookalike_prospecting,panel_direct_pairwise__recent_creation,report_error,weeks_1_3__5_edps,prefix,5,3,0.04498269896193772
provider_eval_lookalike_prospecting,lookalike_prospecting,panel_direct_pairwise__recent_creation,report_error,weeks_1_12__5_edps,prefix,5,12,0.013886814991787368
provider_eval_lookalike_prospecting,lookalike_prospecting,panel_direct_pairwise__recent_creation,report_error,weeks_7_13__5_edps,interval,5,13,0.010057248955593378
provider_eval_lookalike_prospecting,lookalike_prospecting,panel_direct_pairwise__recent_creation,report_error,all_weeks__5_edps,prefix,5,13,0.00916774101131643
provider_eval_lookalike_prospecting,lookalike_prospecting,panel_direct_pairwise__recent_creation,report_error,noncontiguous__5_edps,noncontiguous,5,13,0.09584013050570962
provider_eval_lookalike_prospecting,lookalike_prospecting,panel_direct_pairwise__recent_creation,report_error,weeks_1_3__10_edps,prefix,10,3,0.0817104149026249
provider_eval_lookalike_prospecting,lookalike_prospecting,panel_direct_pairwise__recent_creation,report_error,weeks_1_12__10_edps,prefix,10,12,0.04092550488163702
provider_eval_lookalike_prospecting,lookalike_prospecting,panel_direct_pairwise__recent_creation,report_error,all_weeks__10_edps,prefix,10,13,0.024184111298920816
provider_eval_lookalike_prospecting,lookalike_prospecting,panel_direct_pairwise__recent_creation,report_error,weeks_5_12__10_edps,interval,10,12,0.029654497132466078
provider_eval_lookalike_prospecting,lookalike_prospecting,panel_direct_pairwise__recent_creation,report_error,weeks_7_13__10_edps,interval,10,13,0.009828699803426004
provider_eval_lookalike_prospecting,lookalike_prospecting,panel_direct_pairwise__recent_creation,report_error,noncontiguous__10_edps,noncontiguous,10,13,0.08644332581149106
provider_eval_lookalike_prospecting,lookalike_prospecting,panel_direct_pairwise__recent_creation,report_error,noncontiguous__2_edps,noncontiguous,2,13,0.07673778389538885
provider_eval_lookalike_prospecting,lookalike_prospecting,panel_direct_pairwise__oldest_creation,report_error,weeks_1_3__2_edps,prefix,2,3,0.005747126436781609
provider_eval_lookalike_prospecting,lookalike_prospecting,panel_direct_pairwise__oldest_creation,report_error,weeks_1_12__2_edps,prefix,2,12,0.02002152852529602
provider_eval_lookalike_prospecting,lookalike_prospecting,panel_direct_pairwise__oldest_creation,report_error,weeks_5_12__2_edps,interval,2,12,0.04758682904826342
provider_eval_lookalike_prospecting,lookalike_prospecting,panel_direct_pairwise__oldest_creation,report_error,weeks_1_3__5_edps,prefix,5,3,0.04498269896193772
provider_eval_lookalike_prospecting,lookalike_prospecting,panel_direct_pairwise__oldest_creation,report_error,weeks_1_12__5_edps,prefix,5,12,0.013886814991787368
provider_eval_lookalike_prospecting,lookalike_prospecting,panel_direct_pairwise__oldest_creation,report_error,weeks_7_13__5_edps,interval,5,13,0.07628036515550055
provider_eval_lookalike_prospecting,lookalike_prospecting,panel_direct_pairwise__oldest_creation,report_error,all_weeks__5_edps,prefix,5,13,0.00916774101131643
provider_eval_lookalike_prospecting,lookalike_prospecting,panel_direct_pairwise__oldest_creation,report_error,noncontiguous__5_edps,noncontiguous,5,13,0.047104404567699834
provider_eval_lookalike_prospecting,lookalike_prospecting,panel_direct_pairwise__oldest_creation,report_error,weeks_1_3__10_edps,prefix,10,3,0.0817104149026249
provider_eval_lookalike_prospecting,lookalike_prospecting,panel_direct_pairwise__oldest_creation,report_error,weeks_1_12__10_edps,prefix,10,12,0.04092550488163702
provider_eval_lookalike_prospecting,lookalike_prospecting,panel_direct_pairwise__oldest_creation,report_error,all_weeks__10_edps,prefix,10,13,0.024184111298920816
provider_eval_lookalike_prospecting,lookalike_prospecting,panel_direct_pairwise__oldest_creation,report_error,weeks_5_12__10_edps,interval,10,12,0.06546370121695343
provider_eval_lookalike_prospecting,lookalike_prospecting,panel_direct_pairwise__oldest_creation,report_error,weeks_7_13__10_edps,interval,10,13,0.09000280819994384
provider_eval_lookalike_prospecting,lookalike_prospecting,panel_direct_pairwise__oldest_creation,report_error,noncontiguous__10_edps,noncontiguous,10,13,0.009373372678354452
provider_eval_lookalike_prospecting,lookalike_prospecting,panel_direct_pairwise__oldest_creation,report_error,noncontiguous__2_edps,noncontiguous,2,13,0.07673778389538885
provider_eval_advantage_audience_expansion,advantage_audience_expansion,existing_vid,report_error,weeks_1_3__2_edps,prefix,2,3,0.0050603290676421355
provider_eval_advantage_audience_expansion,advantage_audience_expansion,existing_vid,report_error,weeks_1_12__2_edps,prefix,2,12,0.10017321755027406
provider_eval_advantage_audience_expansion,advantage_audience_expansion,existing_vid,report_error,weeks_5_12__2_edps,interval,2,12,0.08899454550859046
provider_eval_advantage_audience_expansion,advantage_audience_expansion,existing_vid,report_error,weeks_1_3__5_edps,prefix,5,3,0.02388838590527923
provider_eval_advantage_audience_expansion,advantage_audience_expansion,existing_vid,report_error,weeks_1_12__5_edps,prefix,5,12,0.2192308300398618
provider_eval_advantage_audience_expansion,advantage_audience_expansion,existing_vid,report_error,weeks_7_13__5_edps,interval,5,13,0.20254654608626568
provider_eval_advantage_audience_expansion,advantage_audience_expansion,existing_vid,report_error,all_weeks__5_edps,prefix,5,13,0.2208256372623697
provider_eval_advantage_audience_expansion,advantage_audience_expansion,existing_vid,report_error,noncontiguous__5_edps,noncontiguous,5,13,0.12722370076403774
provider_eval_advantage_audience_expansion,advantage_audience_expansion,existing_vid,report_error,weeks_1_3__10_edps,prefix,10,3,0.09437856132546837
provider_eval_advantage_audience_expansion,advantage_audience_expansion,existing_vid,report_error,weeks_1_12__10_edps,prefix,10,12,0.2583502909100374
provider_eval_advantage_audience_expansion,advantage_audience_expansion,existing_vid,report_error,all_weeks__10_edps,prefix,10,13,0.2574247425841601
provider_eval_advantage_audience_expansion,advantage_audience_expansion,existing_vid,report_error,weeks_5_12__10_edps,interval,10,12,0.2549489713158252
provider_eval_advantage_audience_expansion,advantage_audience_expansion,existing_vid,report_error,weeks_7_13__10_edps,interval,10,13,0.2558738443549683
provider_eval_advantage_audience_expansion,advantage_audience_expansion,existing_vid,report_error,noncontiguous__10_edps,noncontiguous,10,13,0.2396850085738481
provider_eval_advantage_audience_expansion,advantage_audience_expansion,existing_vid,report_error,noncontiguous__2_edps,noncontiguous,2,13,0.03242697176241496
provider_eval_advantage_audience_expansion,advantage_audience_expansion,panel_direct_pairwise,raw_prefix_error,weeks_1_1__10_edps,prefix,10,1,0.02521728865079387
provider_eval_advantage_audience_expansion,advantage_audience_expansion,panel_direct_pairwise,reconciled_prefix_error,weeks_1_1__10_edps,prefix,10,1,0.025735294117647058
provider_eval_advantage_audience_expansion,advantage_audience_expansion,panel_direct_pairwise,union_adjustment,weeks_1_1__10_edps,prefix,10,1,0.0005052640767819286
provider_eval_advantage_audience_expansion,advantage_audience_expansion,panel_direct_pairwise,cell_l1_adjustment,weeks_1_1__10_edps,prefix,10,1,0.022512806271754716
provider_eval_advantage_audience_expansion,advantage_audience_expansion,panel_direct_pairwise,temporal_projection_used,weeks_1_1__10_edps,prefix,10,1,1.0
provider_eval_advantage_audience_expansion,advantage_audience_expansion,panel_direct_pairwise,reconciliation_seconds,weeks_1_1__10_edps,prefix,10,1,0.010923540918156505
provider_eval_advantage_audience_expansion,advantage_audience_expansion,panel_direct_pairwise,raw_prefix_error,weeks_1_2__10_edps,prefix,10,2,0.042985757326970055
provider_eval_advantage_audience_expansion,advantage_audience_expansion,panel_direct_pairwise,reconciled_prefix_error,weeks_1_2__10_edps,prefix,10,2,0.04324683965402528
provider_eval_advantage_audience_expansion,advantage_audience_expansion,panel_direct_pairwise,union_adjustment,weeks_1_2__10_edps,prefix,10,2,0.0002503220443982458
provider_eval_advantage_audience_expansion,advantage_audience_expansion,panel_direct_pairwise,cell_l1_adjustment,weeks_1_2__10_edps,prefix,10,2,0.0644132522419252
provider_eval_advantage_audience_expansion,advantage_audience_expansion,panel_direct_pairwise,temporal_projection_used,weeks_1_2__10_edps,prefix,10,2,1.0
provider_eval_advantage_audience_expansion,advantage_audience_expansion,panel_direct_pairwise,reconciliation_seconds,weeks_1_2__10_edps,prefix,10,2,0.02483508305158466
provider_eval_advantage_audience_expansion,advantage_audience_expansion,panel_direct_pairwise,raw_prefix_error,weeks_1_3__10_edps,prefix,10,3,0.07620450609976388
provider_eval_advantage_audience_expansion,advantage_audience_expansion,panel_direct_pairwise,reconciled_prefix_error,weeks_1_3__10_edps,prefix,10,3,0.0761743546339399
provider_eval_advantage_audience_expansion,advantage_audience_expansion,panel_direct_pairwise,union_adjustment,weeks_1_3__10_edps,prefix,10,3,2.8016483532508477e-05
provider_eval_advantage_audience_expansion,advantage_audience_expansion,panel_direct_pairwise,cell_l1_adjustment,weeks_1_3__10_edps,prefix,10,3,0.08715879234682061
provider_eval_advantage_audience_expansion,advantage_audience_expansion,panel_direct_pairwise,temporal_projection_used,weeks_1_3__10_edps,prefix,10,3,1.0
provider_eval_advantage_audience_expansion,advantage_audience_expansion,panel_direct_pairwise,reconciliation_seconds,weeks_1_3__10_edps,prefix,10,3,0.026978875044733286
provider_eval_advantage_audience_expansion,advantage_audience_expansion,panel_direct_pairwise,raw_prefix_error,weeks_1_4__10_edps,prefix,10,4,0.0838416429529513
provider_eval_advantage_audience_expansion,advantage_audience_expansion,panel_direct_pairwise,reconciled_prefix_error,weeks_1_4__10_edps,prefix,10,4,0.08383751080380294
provider_eval_advantage_audience_expansion,advantage_audience_expansion,panel_direct_pairwise,union_adjustment,weeks_1_4__10_edps,prefix,10,4,3.8125026624060685e-06
provider_eval_advantage_audience_expansion,advantage_audience_expansion,panel_direct_pairwise,cell_l1_adjustment,weeks_1_4__10_edps,prefix,10,4,0.10638106952735092
provider_eval_advantage_audience_expansion,advantage_audience_expansion,panel_direct_pairwise,temporal_projection_used,weeks_1_4__10_edps,prefix,10,4,1.0
provider_eval_advantage_audience_expansion,advantage_audience_expansion,panel_direct_pairwise,reconciliation_seconds,weeks_1_4__10_edps,prefix,10,4,0.055889250012114644
provider_eval_advantage_audience_expansion,advantage_audience_expansion,panel_direct_pairwise,raw_prefix_error,weeks_1_5__10_edps,prefix,10,5,0.09042289968887264
provider_eval_advantage_audience_expansion,advantage_audience_expansion,panel_direct_pairwise,reconciled_prefix_error,weeks_1_5__10_edps,prefix,10,5,0.09053213545266067
provider_eval_advantage_audience_expansion,advantage_audience_expansion,panel_direct_pairwise,union_adjustment,weeks_1_5__10_edps,prefix,10,5,0.00010017743007698177
provider_eval_advantage_audience_expansion,advantage_audience_expansion,panel_direct_pairwise,cell_l1_adjustment,weeks_1_5__10_edps,prefix,10,5,0.08468341736906311
provider_eval_advantage_audience_expansion,advantage_audience_expansion,panel_direct_pairwise,temporal_projection_used,weeks_1_5__10_edps,prefix,10,5,1.0
provider_eval_advantage_audience_expansion,advantage_audience_expansion,panel_direct_pairwise,reconciliation_seconds,weeks_1_5__10_edps,prefix,10,5,0.09261604095809162
provider_eval_advantage_audience_expansion,advantage_audience_expansion,panel_direct_pairwise,raw_prefix_error,weeks_1_6__10_edps,prefix,10,6,0.07779430010090047
provider_eval_advantage_audience_expansion,advantage_audience_expansion,panel_direct_pairwise,reconciled_prefix_error,weeks_1_6__10_edps,prefix,10,6,0.07775297619047619
provider_eval_advantage_audience_expansion,advantage_audience_expansion,panel_direct_pairwise,union_adjustment,weeks_1_6__10_edps,prefix,10,6,3.8341184788200066e-05
provider_eval_advantage_audience_expansion,advantage_audience_expansion,panel_direct_pairwise,cell_l1_adjustment,weeks_1_6__10_edps,prefix,10,6,0.15404086703678968
provider_eval_advantage_audience_expansion,advantage_audience_expansion,panel_direct_pairwise,temporal_projection_used,weeks_1_6__10_edps,prefix,10,6,1.0
provider_eval_advantage_audience_expansion,advantage_audience_expansion,panel_direct_pairwise,reconciliation_seconds,weeks_1_6__10_edps,prefix,10,6,0.13920379197224975
provider_eval_advantage_audience_expansion,advantage_audience_expansion,panel_direct_pairwise,raw_prefix_error,weeks_1_7__10_edps,prefix,10,7,0.04485134979651302
provider_eval_advantage_audience_expansion,advantage_audience_expansion,panel_direct_pairwise,reconciled_prefix_error,weeks_1_7__10_edps,prefix,10,7,0.04482918534549389
provider_eval_advantage_audience_expansion,advantage_audience_expansion,panel_direct_pairwise,union_adjustment,weeks_1_7__10_edps,prefix,10,7,2.121301850614515e-05
provider_eval_advantage_audience_expansion,advantage_audience_expansion,panel_direct_pairwise,cell_l1_adjustment,weeks_1_7__10_edps,prefix,10,7,0.17689917672713235
provider_eval_advantage_audience_expansion,advantage_audience_expansion,panel_direct_pairwise,temporal_projection_used,weeks_1_7__10_edps,prefix,10,7,1.0
provider_eval_advantage_audience_expansion,advantage_audience_expansion,panel_direct_pairwise,reconciliation_seconds,weeks_1_7__10_edps,prefix,10,7,0.22279683302622288
provider_eval_advantage_audience_expansion,advantage_audience_expansion,panel_direct_pairwise,raw_prefix_error,weeks_1_8__10_edps,prefix,10,8,0.015970338066445065
provider_eval_advantage_audience_expansion,advantage_audience_expansion,panel_direct_pairwise,reconciled_prefix_error,weeks_1_8__10_edps,prefix,10,8,0.0160157347569542
provider_eval_advantage_audience_expansion,advantage_audience_expansion,panel_direct_pairwise,union_adjustment,weeks_1_8__10_edps,prefix,10,8,4.4683086511751124e-05
provider_eval_advantage_audience_expansion,advantage_audience_expansion,panel_direct_pairwise,cell_l1_adjustment,weeks_1_8__10_edps,prefix,10,8,0.1310584142861325
provider_eval_advantage_audience_expansion,advantage_audience_expansion,panel_direct_pairwise,temporal_projection_used,weeks_1_8__10_edps,prefix,10,8,1.0
provider_eval_advantage_audience_expansion,advantage_audience_expansion,panel_direct_pairwise,reconciliation_seconds,weeks_1_8__10_edps,prefix,10,8,0.28617724997457117
provider_eval_advantage_audience_expansion,advantage_audience_expansion,panel_direct_pairwise,raw_prefix_error,weeks_1_9__10_edps,prefix,10,9,0.0019608638550556207
provider_eval_advantage_audience_expansion,advantage_audience_expansion,panel_direct_pairwise,reconciled_prefix_error,weeks_1_9__10_edps,prefix,10,9,0.0019399896533885152
provider_eval_advantage_audience_expansion,advantage_audience_expansion,panel_direct_pairwise,union_adjustment,weeks_1_9__10_edps,prefix,10,9,2.0915213553071364e-05
provider_eval_advantage_audience_expansion,advantage_audience_expansion,panel_direct_pairwise,cell_l1_adjustment,weeks_1_9__10_edps,prefix,10,9,0.11000297688586352
provider_eval_advantage_audience_expansion,advantage_audience_expansion,panel_direct_pairwise,temporal_projection_used,weeks_1_9__10_edps,prefix,10,9,1.0
provider_eval_advantage_audience_expansion,advantage_audience_expansion,panel_direct_pairwise,reconciliation_seconds,weeks_1_9__10_edps,prefix,10,9,0.31828799995128065
provider_eval_advantage_audience_expansion,advantage_audience_expansion,panel_direct_pairwise,raw_prefix_error,weeks_1_10__10_edps,prefix,10,10,0.012836657479537753
provider_eval_advantage_audience_expansion,advantage_audience_expansion,panel_direct_pairwise,reconciled_prefix_error,weeks_1_10__10_edps,prefix,10,10,0.012869224169628631
provider_eval_advantage_audience_expansion,advantage_audience_expansion,panel_direct_pairwise,union_adjustment,weeks_1_10__10_edps,prefix,10,10,3.2990173650369306e-05
provider_eval_advantage_audience_expansion,advantage_audience_expansion,panel_direct_pairwise,cell_l1_adjustment,weeks_1_10__10_edps,prefix,10,10,0.09842284489663504
provider_eval_advantage_audience_expansion,advantage_audience_expansion,panel_direct_pairwise,temporal_projection_used,weeks_1_10__10_edps,prefix,10,10,1.0
provider_eval_advantage_audience_expansion,advantage_audience_expansion,panel_direct_pairwise,reconciliation_seconds,weeks_1_10__10_edps,prefix,10,10,0.32218049990478903
provider_eval_advantage_audience_expansion,advantage_audience_expansion,panel_direct_pairwise,raw_prefix_error,weeks_1_11__10_edps,prefix,10,11,0.020663912647200397
provider_eval_advantage_audience_expansion,advantage_audience_expansion,panel_direct_pairwise,reconciled_prefix_error,weeks_1_11__10_edps,prefix,10,11,0.02068802458919494
provider_eval_advantage_audience_expansion,advantage_audience_expansion,panel_direct_pairwise,union_adjustment,weeks_1_11__10_edps,prefix,10,11,2.4620702030454773e-05
provider_eval_advantage_audience_expansion,advantage_audience_expansion,panel_direct_pairwise,cell_l1_adjustment,weeks_1_11__10_edps,prefix,10,11,0.11758561541883185
provider_eval_advantage_audience_expansion,advantage_audience_expansion,panel_direct_pairwise,temporal_projection_used,weeks_1_11__10_edps,prefix,10,11,1.0
provider_eval_advantage_audience_expansion,advantage_audience_expansion,panel_direct_pairwise,reconciliation_seconds,weeks_1_11__10_edps,prefix,10,11,0.330089750001207
provider_eval_advantage_audience_expansion,advantage_audience_expansion,panel_direct_pairwise,raw_prefix_error,weeks_1_12__10_edps,prefix,10,12,0.03508762613354107
provider_eval_advantage_audience_expansion,advantage_audience_expansion,panel_direct_pairwise,reconciled_prefix_error,weeks_1_12__10_edps,prefix,10,12,0.03508366993652626
provider_eval_advantage_audience_expansion,advantage_audience_expansion,panel_direct_pairwise,union_adjustment,weeks_1_12__10_edps,prefix,10,12,4.100058328518997e-06
provider_eval_advantage_audience_expansion,advantage_audience_expansion,panel_direct_pairwise,cell_l1_adjustment,weeks_1_12__10_edps,prefix,10,12,0.10342832973691743
provider_eval_advantage_audience_expansion,advantage_audience_expansion,panel_direct_pairwise,temporal_projection_used,weeks_1_12__10_edps,prefix,10,12,1.0
provider_eval_advantage_audience_expansion,advantage_audience_expansion,panel_direct_pairwise,reconciliation_seconds,weeks_1_12__10_edps,prefix,10,12,0.33961000002454966
provider_eval_advantage_audience_expansion,advantage_audience_expansion,panel_direct_pairwise,raw_prefix_error,weeks_1_13__10_edps,prefix,10,13,0.04243995637540955
provider_eval_advantage_audience_expansion,advantage_audience_expansion,panel_direct_pairwise,reconciled_prefix_error,weeks_1_13__10_edps,prefix,10,13,0.04242493175614195
provider_eval_advantage_audience_expansion,advantage_audience_expansion,panel_direct_pairwise,union_adjustment,weeks_1_13__10_edps,prefix,10,13,1.5690524440520864e-05
provider_eval_advantage_audience_expansion,advantage_audience_expansion,panel_direct_pairwise,cell_l1_adjustment,weeks_1_13__10_edps,prefix,10,13,0.09750939830771811
provider_eval_advantage_audience_expansion,advantage_audience_expansion,panel_direct_pairwise,temporal_projection_used,weeks_1_13__10_edps,prefix,10,13,1.0
provider_eval_advantage_audience_expansion,advantage_audience_expansion,panel_direct_pairwise,reconciliation_seconds,weeks_1_13__10_edps,prefix,10,13,0.329217208083719
provider_eval_advantage_audience_expansion,advantage_audience_expansion,panel_direct_pairwise__active_today,report_error,weeks_1_3__2_edps,prefix,2,3,0.007312614259597806
provider_eval_advantage_audience_expansion,advantage_audience_expansion,panel_direct_pairwise__active_today,report_error,weeks_1_12__2_edps,prefix,2,12,0.009473159381751703
provider_eval_advantage_audience_expansion,advantage_audience_expansion,panel_direct_pairwise__active_today,report_error,weeks_5_12__2_edps,interval,2,12,0.021045122168717675
provider_eval_advantage_audience_expansion,advantage_audience_expansion,panel_direct_pairwise__active_today,report_error,weeks_1_3__5_edps,prefix,5,3,0.029636711281070746
provider_eval_advantage_audience_expansion,advantage_audience_expansion,panel_direct_pairwise__active_today,report_error,weeks_1_12__5_edps,prefix,5,12,0.009857748939356127
provider_eval_advantage_audience_expansion,advantage_audience_expansion,panel_direct_pairwise__active_today,report_error,weeks_7_13__5_edps,interval,5,13,0.03577235772357724
provider_eval_advantage_audience_expansion,advantage_audience_expansion,panel_direct_pairwise__active_today,report_error,all_weeks__5_edps,prefix,5,13,0.010743393430476662
provider_eval_advantage_audience_expansion,advantage_audience_expansion,panel_direct_pairwise__active_today,report_error,noncontiguous__5_edps,noncontiguous,5,13,0.04377564979480164
provider_eval_advantage_audience_expansion,advantage_audience_expansion,panel_direct_pairwise__active_today,report_error,weeks_1_3__10_edps,prefix,10,3,0.0761743546339399
provider_eval_advantage_audience_expansion,advantage_audience_expansion,panel_direct_pairwise__active_today,report_error,weeks_1_12__10_edps,prefix,10,12,0.03508366993652626
provider_eval_advantage_audience_expansion,advantage_audience_expansion,panel_direct_pairwise__active_today,report_error,all_weeks__10_edps,prefix,10,13,0.04242493175614195
provider_eval_advantage_audience_expansion,advantage_audience_expansion,panel_direct_pairwise__active_today,report_error,weeks_5_12__10_edps,interval,10,12,0.009089821791651716
provider_eval_advantage_audience_expansion,advantage_audience_expansion,panel_direct_pairwise__active_today,report_error,weeks_7_13__10_edps,interval,10,13,0.04956232277154481
provider_eval_advantage_audience_expansion,advantage_audience_expansion,panel_direct_pairwise__active_today,report_error,noncontiguous__10_edps,noncontiguous,10,13,0.04392156862745098
provider_eval_advantage_audience_expansion,advantage_audience_expansion,panel_direct_pairwise__active_today,report_error,noncontiguous__2_edps,noncontiguous,2,13,0.05258033106134372
provider_eval_advantage_audience_expansion,advantage_audience_expansion,panel_direct_pairwise__recent_creation,report_error,weeks_1_3__2_edps,prefix,2,3,0.007312614259597806
provider_eval_advantage_audience_expansion,advantage_audience_expansion,panel_direct_pairwise__recent_creation,report_error,weeks_1_12__2_edps,prefix,2,12,0.009473159381751703
provider_eval_advantage_audience_expansion,advantage_audience_expansion,panel_direct_pairwise__recent_creation,report_error,weeks_5_12__2_edps,interval,2,12,0.01819154628143392
provider_eval_advantage_audience_expansion,advantage_audience_expansion,panel_direct_pairwise__recent_creation,report_error,weeks_1_3__5_edps,prefix,5,3,0.029636711281070746
provider_eval_advantage_audience_expansion,advantage_audience_expansion,panel_direct_pairwise__recent_creation,report_error,weeks_1_12__5_edps,prefix,5,12,0.009857748939356127
provider_eval_advantage_audience_expansion,advantage_audience_expansion,panel_direct_pairwise__recent_creation,report_error,weeks_7_13__5_edps,interval,5,13,0.06761517615176152
provider_eval_advantage_audience_expansion,advantage_audience_expansion,panel_direct_pairwise__recent_creation,report_error,all_weeks__5_edps,prefix,5,13,0.010743393430476662
provider_eval_advantage_audience_expansion,advantage_audience_expansion,panel_direct_pairwise__recent_creation,report_error,noncontiguous__5_edps,noncontiguous,5,13,0.0641000586281024
provider_eval_advantage_audience_expansion,advantage_audience_expansion,panel_direct_pairwise__recent_creation,report_error,weeks_1_3__10_edps,prefix,10,3,0.0761743546339399
provider_eval_advantage_audience_expansion,advantage_audience_expansion,panel_direct_pairwise__recent_creation,report_error,weeks_1_12__10_edps,prefix,10,12,0.03508366993652626
provider_eval_advantage_audience_expansion,advantage_audience_expansion,panel_direct_pairwise__recent_creation,report_error,all_weeks__10_edps,prefix,10,13,0.04242493175614195
provider_eval_advantage_audience_expansion,advantage_audience_expansion,panel_direct_pairwise__recent_creation,report_error,weeks_5_12__10_edps,interval,10,12,0.030020332496112904
provider_eval_advantage_audience_expansion,advantage_audience_expansion,panel_direct_pairwise__recent_creation,report_error,weeks_7_13__10_edps,interval,10,13,0.09406978177783257
provider_eval_advantage_audience_expansion,advantage_audience_expansion,panel_direct_pairwise__recent_creation,report_error,noncontiguous__10_edps,noncontiguous,10,13,0.07780392156862745
provider_eval_advantage_audience_expansion,advantage_audience_expansion,panel_direct_pairwise__recent_creation,report_error,noncontiguous__2_edps,noncontiguous,2,13,0.0483609217786433
provider_eval_advantage_audience_expansion,advantage_audience_expansion,panel_direct_pairwise__oldest_creation,report_error,weeks_1_3__2_edps,prefix,2,3,0.007312614259597806
provider_eval_advantage_audience_expansion,advantage_audience_expansion,panel_direct_pairwise__oldest_creation,report_error,weeks_1_12__2_edps,prefix,2,12,0.009473159381751703
provider_eval_advantage_audience_expansion,advantage_audience_expansion,panel_direct_pairwise__oldest_creation,report_error,weeks_5_12__2_edps,interval,2,12,0.02122347066167291
provider_eval_advantage_audience_expansion,advantage_audience_expansion,panel_direct_pairwise__oldest_creation,report_error,weeks_1_3__5_edps,prefix,5,3,0.029636711281070746
provider_eval_advantage_audience_expansion,advantage_audience_expansion,panel_direct_pairwise__oldest_creation,report_error,weeks_1_12__5_edps,prefix,5,12,0.009857748939356127
provider_eval_advantage_audience_expansion,advantage_audience_expansion,panel_direct_pairwise__oldest_creation,report_error,weeks_7_13__5_edps,interval,5,13,0.091869918699187
provider_eval_advantage_audience_expansion,advantage_audience_expansion,panel_direct_pairwise__oldest_creation,report_error,all_weeks__5_edps,prefix,5,13,0.010743393430476662
provider_eval_advantage_audience_expansion,advantage_audience_expansion,panel_direct_pairwise__oldest_creation,report_error,noncontiguous__5_edps,noncontiguous,5,13,0.026187219073675983
provider_eval_advantage_audience_expansion,advantage_audience_expansion,panel_direct_pairwise__oldest_creation,report_error,weeks_1_3__10_edps,prefix,10,3,0.0761743546339399
provider_eval_advantage_audience_expansion,advantage_audience_expansion,panel_direct_pairwise__oldest_creation,report_error,weeks_1_12__10_edps,prefix,10,12,0.03508366993652626
provider_eval_advantage_audience_expansion,advantage_audience_expansion,panel_direct_pairwise__oldest_creation,report_error,all_weeks__10_edps,prefix,10,13,0.04242493175614195
provider_eval_advantage_audience_expansion,advantage_audience_expansion,panel_direct_pairwise__oldest_creation,report_error,weeks_5_12__10_edps,interval,10,12,0.112785551967468
provider_eval_advantage_audience_expansion,advantage_audience_expansion,panel_direct_pairwise__oldest_creation,report_error,weeks_7_13__10_edps,interval,10,13,0.1300702749352731
provider_eval_advantage_audience_expansion,advantage_audience_expansion,panel_direct_pairwise__oldest_creation,report_error,noncontiguous__10_edps,noncontiguous,10,13,0.013176470588235295
provider_eval_advantage_audience_expansion,advantage_audience_expansion,panel_direct_pairwise__oldest_creation,report_error,noncontiguous__2_edps,noncontiguous,2,13,0.04089581304771178
provider_eval_app_activity_retargeting,app_activity_retargeting,existing_vid,report_error,weeks_1_3__2_edps,prefix,2,3,0.02520183486238774
provider_eval_app_activity_retargeting,app_activity_retargeting,existing_vid,report_error,weeks_1_12__2_edps,prefix,2,12,0.34298544520547947
provider_eval_app_activity_retargeting,app_activity_retargeting,existing_vid,report_error,weeks_5_12__2_edps,interval,2,12,0.3097984330484334
provider_eval_app_activity_retargeting,app_activity_retargeting,existing_vid,report_error,weeks_1_3__5_edps,prefix,5,3,0.10307226593740658
provider_eval_app_activity_retargeting,app_activity_retargeting,existing_vid,report_error,weeks_1_12__5_edps,prefix,5,12,1.0642151983635528
provider_eval_app_activity_retargeting,app_activity_retargeting,existing_vid,report_error,weeks_7_13__5_edps,interval,5,13,0.8111522156914048
provider_eval_app_activity_retargeting,app_activity_retargeting,existing_vid,report_error,all_weeks__5_edps,prefix,5,13,1.1512287405175412
provider_eval_app_activity_retargeting,app_activity_retargeting,existing_vid,report_error,noncontiguous__5_edps,noncontiguous,5,13,0.6127185435440071
provider_eval_app_activity_retargeting,app_activity_retargeting,existing_vid,report_error,weeks_1_3__10_edps,prefix,10,3,0.4954586313452113
provider_eval_app_activity_retargeting,app_activity_retargeting,existing_vid,report_error,weeks_1_12__10_edps,prefix,10,12,1.6580512224914514
provider_eval_app_activity_retargeting,app_activity_retargeting,existing_vid,report_error,all_weeks__10_edps,prefix,10,13,1.7340791978852976
provider_eval_app_activity_retargeting,app_activity_retargeting,existing_vid,report_error,weeks_5_12__10_edps,interval,10,12,1.3410270313207193
provider_eval_app_activity_retargeting,app_activity_retargeting,existing_vid,report_error,weeks_7_13__10_edps,interval,10,13,1.1838503110380787
provider_eval_app_activity_retargeting,app_activity_retargeting,existing_vid,report_error,noncontiguous__10_edps,noncontiguous,10,13,1.0836224745075316
provider_eval_app_activity_retargeting,app_activity_retargeting,existing_vid,report_error,noncontiguous__2_edps,noncontiguous,2,13,0.16348594806118832
provider_eval_app_activity_retargeting,app_activity_retargeting,panel_direct_pairwise,raw_prefix_error,weeks_1_1__10_edps,prefix,10,1,0.10749687991285575
provider_eval_app_activity_retargeting,app_activity_retargeting,panel_direct_pairwise,reconciled_prefix_error,weeks_1_1__10_edps,prefix,10,1,0.10632183908045977
provider_eval_app_activity_retargeting,app_activity_retargeting,panel_direct_pairwise,union_adjustment,weeks_1_1__10_edps,prefix,10,1,0.0010609879392983808
provider_eval_app_activity_retargeting,app_activity_retargeting,panel_direct_pairwise,cell_l1_adjustment,weeks_1_1__10_edps,prefix,10,1,0.018926504981216636
provider_eval_app_activity_retargeting,app_activity_retargeting,panel_direct_pairwise,temporal_projection_used,weeks_1_1__10_edps,prefix,10,1,1.0
provider_eval_app_activity_retargeting,app_activity_retargeting,panel_direct_pairwise,reconciliation_seconds,weeks_1_1__10_edps,prefix,10,1,0.010068874922581017
provider_eval_app_activity_retargeting,app_activity_retargeting,panel_direct_pairwise,raw_prefix_error,weeks_1_2__10_edps,prefix,10,2,0.2748280407832911
provider_eval_app_activity_retargeting,app_activity_retargeting,panel_direct_pairwise,reconciled_prefix_error,weeks_1_2__10_edps,prefix,10,2,0.27538726333907054
provider_eval_app_activity_retargeting,app_activity_retargeting,panel_direct_pairwise,union_adjustment,weeks_1_2__10_edps,prefix,10,2,0.0004386650888486954
provider_eval_app_activity_retargeting,app_activity_retargeting,panel_direct_pairwise,cell_l1_adjustment,weeks_1_2__10_edps,prefix,10,2,0.04881075781258397
provider_eval_app_activity_retargeting,app_activity_retargeting,panel_direct_pairwise,temporal_projection_used,weeks_1_2__10_edps,prefix,10,2,1.0
provider_eval_app_activity_retargeting,app_activity_retargeting,panel_direct_pairwise,reconciliation_seconds,weeks_1_2__10_edps,prefix,10,2,0.020648792036809027
provider_eval_app_activity_retargeting,app_activity_retargeting,panel_direct_pairwise,raw_prefix_error,weeks_1_3__10_edps,prefix,10,3,0.45779162186097244
provider_eval_app_activity_retargeting,app_activity_retargeting,panel_direct_pairwise,reconciled_prefix_error,weeks_1_3__10_edps,prefix,10,3,0.45720984759671746
provider_eval_app_activity_retargeting,app_activity_retargeting,panel_direct_pairwise,union_adjustment,weeks_1_3__10_edps,prefix,10,3,0.00039907916572739664
provider_eval_app_activity_retargeting,app_activity_retargeting,panel_direct_pairwise,cell_l1_adjustment,weeks_1_3__10_edps,prefix,10,3,0.05827680706314541
provider_eval_app_activity_retargeting,app_activity_retargeting,panel_direct_pairwise,temporal_projection_used,weeks_1_3__10_edps,prefix,10,3,1.0
provider_eval_app_activity_retargeting,app_activity_retargeting,panel_direct_pairwise,reconciliation_seconds,weeks_1_3__10_edps,prefix,10,3,0.02836970891803503
provider_eval_app_activity_retargeting,app_activity_retargeting,panel_direct_pairwise,raw_prefix_error,weeks_1_4__10_edps,prefix,10,4,0.6060825641757871
provider_eval_app_activity_retargeting,app_activity_retargeting,panel_direct_pairwise,reconciled_prefix_error,weeks_1_4__10_edps,prefix,10,4,0.6060877350044763
provider_eval_app_activity_retargeting,app_activity_retargeting,panel_direct_pairwise,union_adjustment,weeks_1_4__10_edps,prefix,10,4,3.219528562190041e-06
provider_eval_app_activity_retargeting,app_activity_retargeting,panel_direct_pairwise,cell_l1_adjustment,weeks_1_4__10_edps,prefix,10,4,0.08932254764952421
provider_eval_app_activity_retargeting,app_activity_retargeting,panel_direct_pairwise,temporal_projection_used,weeks_1_4__10_edps,prefix,10,4,1.0
provider_eval_app_activity_retargeting,app_activity_retargeting,panel_direct_pairwise,reconciliation_seconds,weeks_1_4__10_edps,prefix,10,4,0.0450305410195142
provider_eval_app_activity_retargeting,app_activity_retargeting,panel_direct_pairwise,raw_prefix_error,weeks_1_5__10_edps,prefix,10,5,0.70654487958992
provider_eval_app_activity_retargeting,app_activity_retargeting,panel_direct_pairwise,reconciled_prefix_error,weeks_1_5__10_edps,prefix,10,5,0.7061855670103093
provider_eval_app_activity_retargeting,app_activity_retargeting,panel_direct_pairwise,union_adjustment,weeks_1_5__10_edps,prefix,10,5,0.0002105497393625468
provider_eval_app_activity_retargeting,app_activity_retargeting,panel_direct_pairwise,cell_l1_adjustment,weeks_1_5__10_edps,prefix,10,5,0.09883361057111369
provider_eval_app_activity_retargeting,app_activity_retargeting,panel_direct_pairwise,temporal_projection_used,weeks_1_5__10_edps,prefix,10,5,1.0
provider_eval_app_activity_retargeting,app_activity_retargeting,panel_direct_pairwise,reconciliation_seconds,weeks_1_5__10_edps,prefix,10,5,0.05556383298244327
provider_eval_app_activity_retargeting,app_activity_retargeting,panel_direct_pairwise,raw_prefix_error,weeks_1_6__10_edps,prefix,10,6,0.7637458328646316
provider_eval_app_activity_retargeting,app_activity_retargeting,panel_direct_pairwise,reconciled_prefix_error,weeks_1_6__10_edps,prefix,10,6,0.7639710716633794
provider_eval_app_activity_retargeting,app_activity_retargeting,panel_direct_pairwise,union_adjustment,weeks_1_6__10_edps,prefix,10,6,0.00012770479428012203
provider_eval_app_activity_retargeting,app_activity_retargeting,panel_direct_pairwise,cell_l1_adjustment,weeks_1_6__10_edps,prefix,10,6,0.06921082418192127
provider_eval_app_activity_retargeting,app_activity_retargeting,panel_direct_pairwise,temporal_projection_used,weeks_1_6__10_edps,prefix,10,6,1.0
provider_eval_app_activity_retargeting,app_activity_retargeting,panel_direct_pairwise,reconciliation_seconds,weeks_1_6__10_edps,prefix,10,6,0.07804858405143023
provider_eval_app_activity_retargeting,app_activity_retargeting,panel_direct_pairwise,raw_prefix_error,weeks_1_7__10_edps,prefix,10,7,0.819103892155497
provider_eval_app_activity_retargeting,app_activity_retargeting,panel_direct_pairwise,reconciled_prefix_error,weeks_1_7__10_edps,prefix,10,7,0.8188539741219963
provider_eval_app_activity_retargeting,app_activity_retargeting,panel_direct_pairwise,union_adjustment,weeks_1_7__10_edps,prefix,10,7,0.00013738524477897935
provider_eval_app_activity_retargeting,app_activity_retargeting,panel_direct_pairwise,cell_l1_adjustment,weeks_1_7__10_edps,prefix,10,7,0.06948868908370257
provider_eval_app_activity_retargeting,app_activity_retargeting,panel_direct_pairwise,temporal_projection_used,weeks_1_7__10_edps,prefix,10,7,1.0
provider_eval_app_activity_retargeting,app_activity_retargeting,panel_direct_pairwise,reconciliation_seconds,weeks_1_7__10_edps,prefix,10,7,0.09397445793729275
provider_eval_app_activity_retargeting,app_activity_retargeting,panel_direct_pairwise,raw_prefix_error,weeks_1_8__10_edps,prefix,10,8,0.8440976563325756
provider_eval_app_activity_retargeting,app_activity_retargeting,panel_direct_pairwise,reconciled_prefix_error,weeks_1_8__10_edps,prefix,10,8,0.8439509059029807
provider_eval_app_activity_retargeting,app_activity_retargeting,panel_direct_pairwise,union_adjustment,weeks_1_8__10_edps,prefix,10,8,7.957844807749472e-05
provider_eval_app_activity_retargeting,app_activity_retargeting,panel_direct_pairwise,cell_l1_adjustment,weeks_1_8__10_edps,prefix,10,8,0.07685554545103408
provider_eval_app_activity_retargeting,app_activity_retargeting,panel_direct_pairwise,temporal_projection_used,weeks_1_8__10_edps,prefix,10,8,1.0
provider_eval_app_activity_retargeting,app_activity_retargeting,panel_direct_pairwise,reconciliation_seconds,weeks_1_8__10_edps,prefix,10,8,0.11153699993155897
provider_eval_app_activity_retargeting,app_activity_retargeting,panel_direct_pairwise,raw_prefix_error,weeks_1_9__10_edps,prefix,10,9,0.8762777170684655
provider_eval_app_activity_retargeting,app_activity_retargeting,panel_direct_pairwise,reconciled_prefix_error,weeks_1_9__10_edps,prefix,10,9,0.8763410502540937
provider_eval_app_activity_retargeting,app_activity_retargeting,panel_direct_pairwise,union_adjustment,weeks_1_9__10_edps,prefix,10,9,3.37546968935075e-05
provider_eval_app_activity_retargeting,app_activity_retargeting,panel_direct_pairwise,cell_l1_adjustment,weeks_1_9__10_edps,prefix,10,9,0.06451256214025215
provider_eval_app_activity_retargeting,app_activity_retargeting,panel_direct_pairwise,temporal_projection_used,weeks_1_9__10_edps,prefix,10,9,1.0
provider_eval_app_activity_retargeting,app_activity_retargeting,panel_direct_pairwise,reconciliation_seconds,weeks_1_9__10_edps,prefix,10,9,0.13184670801274478
provider_eval_app_activity_retargeting,app_activity_retargeting,panel_direct_pairwise,raw_prefix_error,weeks_1_10__10_edps,prefix,10,10,0.8960458206277072
provider_eval_app_activity_retargeting,app_activity_retargeting,panel_direct_pairwise,reconciled_prefix_error,weeks_1_10__10_edps,prefix,10,10,0.8960043787629994
provider_eval_app_activity_retargeting,app_activity_retargeting,panel_direct_pairwise,union_adjustment,weeks_1_10__10_edps,prefix,10,10,2.1856995361942495e-05
provider_eval_app_activity_retargeting,app_activity_retargeting,panel_direct_pairwise,cell_l1_adjustment,weeks_1_10__10_edps,prefix,10,10,0.0788602034348419
provider_eval_app_activity_retargeting,app_activity_retargeting,panel_direct_pairwise,temporal_projection_used,weeks_1_10__10_edps,prefix,10,10,1.0
provider_eval_app_activity_retargeting,app_activity_retargeting,panel_direct_pairwise,reconciliation_seconds,weeks_1_10__10_edps,prefix,10,10,0.14024691691156477
provider_eval_app_activity_retargeting,app_activity_retargeting,panel_direct_pairwise,raw_prefix_error,weeks_1_11__10_edps,prefix,10,11,0.9300298070581186
provider_eval_app_activity_retargeting,app_activity_retargeting,panel_direct_pairwise,reconciled_prefix_error,weeks_1_11__10_edps,prefix,10,11,0.9302077783697389
provider_eval_app_activity_retargeting,app_activity_retargeting,panel_direct_pairwise,union_adjustment,weeks_1_11__10_edps,prefix,10,11,9.221169070570464e-05
provider_eval_app_activity_retargeting,app_activity_retargeting,panel_direct_pairwise,cell_l1_adjustment,weeks_1_11__10_edps,prefix,10,11,0.0757770139817464
provider_eval_app_activity_retargeting,app_activity_retargeting,panel_direct_pairwise,temporal_projection_used,weeks_1_11__10_edps,prefix,10,11,1.0
provider_eval_app_activity_retargeting,app_activity_retargeting,panel_direct_pairwise,reconciliation_seconds,weeks_1_11__10_edps,prefix,10,11,0.15632983297109604
provider_eval_app_activity_retargeting,app_activity_retargeting,panel_direct_pairwise,raw_prefix_error,weeks_1_12__10_edps,prefix,10,12,0.945272500055664
provider_eval_app_activity_retargeting,app_activity_retargeting,panel_direct_pairwise,reconciled_prefix_error,weeks_1_12__10_edps,prefix,10,12,0.9454732510288066
provider_eval_app_activity_retargeting,app_activity_retargeting,panel_direct_pairwise,union_adjustment,weeks_1_12__10_edps,prefix,10,12,0.00010319940940764246
provider_eval_app_activity_retargeting,app_activity_retargeting,panel_direct_pairwise,cell_l1_adjustment,weeks_1_12__10_edps,prefix,10,12,0.07562708910068772
provider_eval_app_activity_retargeting,app_activity_retargeting,panel_direct_pairwise,temporal_projection_used,weeks_1_12__10_edps,prefix,10,12,1.0
provider_eval_app_activity_retargeting,app_activity_retargeting,panel_direct_pairwise,reconciliation_seconds,weeks_1_12__10_edps,prefix,10,12,0.1696472920011729
provider_eval_app_activity_retargeting,app_activity_retargeting,panel_direct_pairwise,raw_prefix_error,weeks_1_13__10_edps,prefix,10,13,0.9489111770967648
provider_eval_app_activity_retargeting,app_activity_retargeting,panel_direct_pairwise,reconciled_prefix_error,weeks_1_13__10_edps,prefix,10,13,0.9487307117969139
provider_eval_app_activity_retargeting,app_activity_retargeting,panel_direct_pairwise,union_adjustment,weeks_1_13__10_edps,prefix,10,13,9.259801163512869e-05
provider_eval_app_activity_retargeting,app_activity_retargeting,panel_direct_pairwise,cell_l1_adjustment,weeks_1_13__10_edps,prefix,10,13,0.0611617283288454
provider_eval_app_activity_retargeting,app_activity_retargeting,panel_direct_pairwise,temporal_projection_used,weeks_1_13__10_edps,prefix,10,13,1.0
provider_eval_app_activity_retargeting,app_activity_retargeting,panel_direct_pairwise,reconciliation_seconds,weeks_1_13__10_edps,prefix,10,13,0.1823944579809904
provider_eval_app_activity_retargeting,app_activity_retargeting,panel_direct_pairwise__active_today,report_error,weeks_1_3__2_edps,prefix,2,3,0.01834862385321101
provider_eval_app_activity_retargeting,app_activity_retargeting,panel_direct_pairwise__active_today,report_error,weeks_1_12__2_edps,prefix,2,12,0.14315068493150684
provider_eval_app_activity_retargeting,app_activity_retargeting,panel_direct_pairwise__active_today,report_error,weeks_5_12__2_edps,interval,2,12,0.146011396011396
provider_eval_app_activity_retargeting,app_activity_retargeting,panel_direct_pairwise__active_today,report_error,weeks_1_3__5_edps,prefix,5,3,0.08108108108108109
provider_eval_app_activity_retargeting,app_activity_retargeting,panel_direct_pairwise__active_today,report_error,weeks_1_12__5_edps,prefix,5,12,0.5
provider_eval_app_activity_retargeting,app_activity_retargeting,panel_direct_pairwise__active_today,report_error,weeks_7_13__5_edps,interval,5,13,0.36748064324002383
provider_eval_app_activity_retargeting,app_activity_retargeting,panel_direct_pairwise__active_today,report_error,all_weeks__5_edps,prefix,5,13,0.5317173800928313
provider_eval_app_activity_retargeting,app_activity_retargeting,panel_direct_pairwise__active_today,report_error,noncontiguous__5_edps,noncontiguous,5,13,0.40206896551724136
provider_eval_app_activity_retargeting,app_activity_retargeting,panel_direct_pairwise__active_today,report_error,weeks_1_3__10_edps,prefix,10,3,0.45720984759671746
provider_eval_app_activity_retargeting,app_activity_retargeting,panel_direct_pairwise__active_today,report_error,weeks_1_12__10_edps,prefix,10,12,0.9454732510288066
provider_eval_app_activity_retargeting,app_activity_retargeting,panel_direct_pairwise__active_today,report_error,all_weeks__10_edps,prefix,10,13,0.9487307117969139
provider_eval_app_activity_retargeting,app_activity_retargeting,panel_direct_pairwise__active_today,report_error,weeks_5_12__10_edps,interval,10,12,0.8114035087719298
provider_eval_app_activity_retargeting,app_activity_retargeting,panel_direct_pairwise__active_today,report_error,weeks_7_13__10_edps,interval,10,13,0.6593785960874569
provider_eval_app_activity_retargeting,app_activity_retargeting,panel_direct_pairwise__active_today,report_error,noncontiguous__10_edps,noncontiguous,10,13,0.6794136392606756
provider_eval_app_activity_retargeting,app_activity_retargeting,panel_direct_pairwise__active_today,report_error,noncontiguous__2_edps,noncontiguous,2,13,0.09818569903948772
provider_eval_app_activity_retargeting,app_activity_retargeting,panel_direct_pairwise__recent_creation,report_error,weeks_1_3__2_edps,prefix,2,3,0.01834862385321101
provider_eval_app_activity_retargeting,app_activity_retargeting,panel_direct_pairwise__recent_creation,report_error,weeks_1_12__2_edps,prefix,2,12,0.14315068493150684
provider_eval_app_activity_retargeting,app_activity_retargeting,panel_direct_pairwise__recent_creation,report_error,weeks_5_12__2_edps,interval,2,12,0.1396011396011396
provider_eval_app_activity_retargeting,app_activity_retargeting,panel_direct_pairwise__recent_creation,report_error,weeks_1_3__5_edps,prefix,5,3,0.08108108108108109
provider_eval_app_activity_retargeting,app_activity_retargeting,panel_direct_pairwise__recent_creation,report_error,weeks_1_12__5_edps,prefix,5,12,0.5
provider_eval_app_activity_retargeting,app_activity_retargeting,panel_direct_pairwise__recent_creation,report_error,weeks_7_13__5_edps,interval,5,13,0.33114949374627756
provider_eval_app_activity_retargeting,app_activity_retargeting,panel_direct_pairwise__recent_creation,report_error,all_weeks__5_edps,prefix,5,13,0.5317173800928313
provider_eval_app_activity_retargeting,app_activity_retargeting,panel_direct_pairwise__recent_creation,report_error,noncontiguous__5_edps,noncontiguous,5,13,0.36
provider_eval_app_activity_retargeting,app_activity_retargeting,panel_direct_pairwise__recent_creation,report_error,weeks_1_3__10_edps,prefix,10,3,0.45720984759671746
provider_eval_app_activity_retargeting,app_activity_retargeting,panel_direct_pairwise__recent_creation,report_error,weeks_1_12__10_edps,prefix,10,12,0.9454732510288066
provider_eval_app_activity_retargeting,app_activity_retargeting,panel_direct_pairwise__recent_creation,report_error,all_weeks__10_edps,prefix,10,13,0.9487307117969139
provider_eval_app_activity_retargeting,app_activity_retargeting,panel_direct_pairwise__recent_creation,report_error,weeks_5_12__10_edps,interval,10,12,0.7653508771929824
provider_eval_app_activity_retargeting,app_activity_retargeting,panel_direct_pairwise__recent_creation,report_error,weeks_7_13__10_edps,interval,10,13,0.5736478711162255
provider_eval_app_activity_retargeting,app_activity_retargeting,panel_direct_pairwise__recent_creation,report_error,noncontiguous__10_edps,noncontiguous,10,13,0.6220522625876355
provider_eval_app_activity_retargeting,app_activity_retargeting,panel_direct_pairwise__recent_creation,report_error,noncontiguous__2_edps,noncontiguous,2,13,0.096051227321238
provider_eval_app_activity_retargeting,app_activity_retargeting,panel_direct_pairwise__oldest_creation,report_error,weeks_1_3__2_edps,prefix,2,3,0.01834862385321101
provider_eval_app_activity_retargeting,app_activity_retargeting,panel_direct_pairwise__oldest_creation,report_error,weeks_1_12__2_edps,prefix,2,12,0.14315068493150684
provider_eval_app_activity_retargeting,app_activity_retargeting,panel_direct_pairwise__oldest_creation,report_error,weeks_5_12__2_edps,interval,2,12,0.10968660968660969
provider_eval_app_activity_retargeting,app_activity_retargeting,panel_direct_pairwise__oldest_creation,report_error,weeks_1_3__5_edps,prefix,5,3,0.08108108108108109
provider_eval_app_activity_retargeting,app_activity_retargeting,panel_direct_pairwise__oldest_creation,report_error,weeks_1_12__5_edps,prefix,5,12,0.5
provider_eval_app_activity_retargeting,app_activity_retargeting,panel_direct_pairwise__oldest_creation,report_error,weeks_7_13__5_edps,interval,5,13,0.24121500893388922
provider_eval_app_activity_retargeting,app_activity_retargeting,panel_direct_pairwise__oldest_creation,report_error,all_weeks__5_edps,prefix,5,13,0.5317173800928313
provider_eval_app_activity_retargeting,app_activity_retargeting,panel_direct_pairwise__oldest_creation,report_error,noncontiguous__5_edps,noncontiguous,5,13,0.4089655172413793
provider_eval_app_activity_retargeting,app_activity_retargeting,panel_direct_pairwise__oldest_creation,report_error,weeks_1_3__10_edps,prefix,10,3,0.45720984759671746
provider_eval_app_activity_retargeting,app_activity_retargeting,panel_direct_pairwise__oldest_creation,report_error,weeks_1_12__10_edps,prefix,10,12,0.9454732510288066
provider_eval_app_activity_retargeting,app_activity_retargeting,panel_direct_pairwise__oldest_creation,report_error,all_weeks__10_edps,prefix,10,13,0.9487307117969139
provider_eval_app_activity_retargeting,app_activity_retargeting,panel_direct_pairwise__oldest_creation,report_error,weeks_5_12__10_edps,interval,10,12,0.5328947368421053
provider_eval_app_activity_retargeting,app_activity_retargeting,panel_direct_pairwise__oldest_creation,report_error,weeks_7_13__10_edps,interval,10,13,0.4332566168009206
provider_eval_app_activity_retargeting,app_activity_retargeting,panel_direct_pairwise__oldest_creation,report_error,noncontiguous__10_edps,noncontiguous,10,13,0.7915869980879541
provider_eval_app_activity_retargeting,app_activity_retargeting,panel_direct_pairwise__oldest_creation,report_error,noncontiguous__2_edps,noncontiguous,2,13,0.1248665955176094
provider_eval_unrelated_niche_control,unrelated_niche_control,existing_vid,report_error,weeks_1_3__2_edps,prefix,2,3,0.002554838709674749
provider_eval_unrelated_niche_control,unrelated_niche_control,existing_vid,report_error,weeks_1_12__2_edps,prefix,2,12,0.041244969818912854
provider_eval_unrelated_niche_control,unrelated_niche_control,existing_vid,report_error,weeks_5_12__2_edps,interval,2,12,0.031881410256411016
provider_eval_unrelated_niche_control,unrelated_niche_control,existing_vid,report_error,weeks_1_3__5_edps,prefix,5,3,0.0013856043227184784
provider_eval_unrelated_niche_control,unrelated_niche_control,existing_vid,report_error,weeks_1_12__5_edps,prefix,5,12,0.08954896268142953
provider_eval_unrelated_niche_control,unrelated_niche_control,existing_vid,report_error,weeks_7_13__5_edps,interval,5,13,0.045542424696331255
provider_eval_unrelated_niche_control,unrelated_niche_control,existing_vid,report_error,all_weeks__5_edps,prefix,5,13,0.08703240355470107
provider_eval_unrelated_niche_control,unrelated_niche_control,existing_vid,report_error,noncontiguous__5_edps,noncontiguous,5,13,0.03738560147690777
provider_eval_unrelated_niche_control,unrelated_niche_control,existing_vid,report_error,weeks_1_3__10_edps,prefix,10,3,0.10913681094311221
provider_eval_unrelated_niche_control,unrelated_niche_control,existing_vid,report_error,weeks_1_12__10_edps,prefix,10,12,0.3775863696284687
provider_eval_unrelated_niche_control,unrelated_niche_control,existing_vid,report_error,all_weeks__10_edps,prefix,10,13,0.3942945080669693
provider_eval_unrelated_niche_control,unrelated_niche_control,existing_vid,report_error,weeks_5_12__10_edps,interval,10,12,0.2565213799292003
provider_eval_unrelated_niche_control,unrelated_niche_control,existing_vid,report_error,weeks_7_13__10_edps,interval,10,13,0.16648561195539238
provider_eval_unrelated_niche_control,unrelated_niche_control,existing_vid,report_error,noncontiguous__10_edps,noncontiguous,10,13,0.20501446000387868
provider_eval_unrelated_niche_control,unrelated_niche_control,existing_vid,report_error,noncontiguous__2_edps,noncontiguous,2,13,0.02056740442655948
provider_eval_unrelated_niche_control,unrelated_niche_control,panel_direct_pairwise,raw_prefix_error,weeks_1_1__10_edps,prefix,10,1,0.026739610111282137
provider_eval_unrelated_niche_control,unrelated_niche_control,panel_direct_pairwise,reconciled_prefix_error,weeks_1_1__10_edps,prefix,10,1,0.02694610778443114
provider_eval_unrelated_niche_control,unrelated_niche_control,panel_direct_pairwise,union_adjustment,weeks_1_1__10_edps,prefix,10,1,0.00020111980790502682
provider_eval_unrelated_niche_control,unrelated_niche_control,panel_direct_pairwise,cell_l1_adjustment,weeks_1_1__10_edps,prefix,10,1,0.027586914563344937
provider_eval_unrelated_niche_control,unrelated_niche_control,panel_direct_pairwise,temporal_projection_used,weeks_1_1__10_edps,prefix,10,1,1.0
provider_eval_unrelated_niche_control,unrelated_niche_control,panel_direct_pairwise,reconciliation_seconds,weeks_1_1__10_edps,prefix,10,1,0.01085329195484519
provider_eval_unrelated_niche_control,unrelated_niche_control,panel_direct_pairwise,raw_prefix_error,weeks_1_2__10_edps,prefix,10,2,0.030381183170196707
provider_eval_unrelated_niche_control,unrelated_niche_control,panel_direct_pairwise,reconciled_prefix_error,weeks_1_2__10_edps,prefix,10,2,0.03007518796992481
provider_eval_unrelated_niche_control,unrelated_niche_control,panel_direct_pairwise,union_adjustment,weeks_1_2__10_edps,prefix,10,2,0.0002969728147891151
provider_eval_unrelated_niche_control,unrelated_niche_control,panel_direct_pairwise,cell_l1_adjustment,weeks_1_2__10_edps,prefix,10,2,0.06932109815700777
provider_eval_unrelated_niche_control,unrelated_niche_control,panel_direct_pairwise,temporal_projection_used,weeks_1_2__10_edps,prefix,10,2,1.0
provider_eval_unrelated_niche_control,unrelated_niche_control,panel_direct_pairwise,reconciliation_seconds,weeks_1_2__10_edps,prefix,10,2,0.023416874930262566
provider_eval_unrelated_niche_control,unrelated_niche_control,panel_direct_pairwise,raw_prefix_error,weeks_1_3__10_edps,prefix,10,3,0.06687633024491135
provider_eval_unrelated_niche_control,unrelated_niche_control,panel_direct_pairwise,reconciled_prefix_error,weeks_1_3__10_edps,prefix,10,3,0.06662735849056604
provider_eval_unrelated_niche_control,unrelated_niche_control,panel_direct_pairwise,union_adjustment,weeks_1_3__10_edps,prefix,10,3,0.00023336514953697192
provider_eval_unrelated_niche_control,unrelated_niche_control,panel_direct_pairwise,cell_l1_adjustment,weeks_1_3__10_edps,prefix,10,3,0.05207726140208633
provider_eval_unrelated_niche_control,unrelated_niche_control,panel_direct_pairwise,temporal_projection_used,weeks_1_3__10_edps,prefix,10,3,1.0
provider_eval_unrelated_niche_control,unrelated_niche_control,panel_direct_pairwise,reconciliation_seconds,weeks_1_3__10_edps,prefix,10,3,0.0339274579891935
provider_eval_unrelated_niche_control,unrelated_niche_control,panel_direct_pairwise,raw_prefix_error,weeks_1_4__10_edps,prefix,10,4,0.10510971381843925
provider_eval_unrelated_niche_control,unrelated_niche_control,panel_direct_pairwise,reconciled_prefix_error,weeks_1_4__10_edps,prefix,10,4,0.10491637100861632
provider_eval_unrelated_niche_control,unrelated_niche_control,panel_direct_pairwise,union_adjustment,weeks_1_4__10_edps,prefix,10,4,0.0001749534977428944
provider_eval_unrelated_niche_control,unrelated_niche_control,panel_direct_pairwise,cell_l1_adjustment,weeks_1_4__10_edps,prefix,10,4,0.075825837377795
provider_eval_unrelated_niche_control,unrelated_niche_control,panel_direct_pairwise,temporal_projection_used,weeks_1_4__10_edps,prefix,10,4,1.0
provider_eval_unrelated_niche_control,unrelated_niche_control,panel_direct_pairwise,reconciliation_seconds,weeks_1_4__10_edps,prefix,10,4,0.05476554192136973
provider_eval_unrelated_niche_control,unrelated_niche_control,panel_direct_pairwise,raw_prefix_error,weeks_1_5__10_edps,prefix,10,5,0.13458295970226924
provider_eval_unrelated_niche_control,unrelated_niche_control,panel_direct_pairwise,reconciled_prefix_error,weeks_1_5__10_edps,prefix,10,5,0.13448735019973368
provider_eval_unrelated_niche_control,unrelated_niche_control,panel_direct_pairwise,union_adjustment,weeks_1_5__10_edps,prefix,10,5,8.426841044905933e-05
provider_eval_unrelated_niche_control,unrelated_niche_control,panel_direct_pairwise,cell_l1_adjustment,weeks_1_5__10_edps,prefix,10,5,0.058431005607217555
provider_eval_unrelated_niche_control,unrelated_niche_control,panel_direct_pairwise,temporal_projection_used,weeks_1_5__10_edps,prefix,10,5,1.0
provider_eval_unrelated_niche_control,unrelated_niche_control,panel_direct_pairwise,reconciliation_seconds,weeks_1_5__10_edps,prefix,10,5,0.062746417010203
provider_eval_unrelated_niche_control,unrelated_niche_control,panel_direct_pairwise,raw_prefix_error,weeks_1_6__10_edps,prefix,10,6,0.1507511297313995
provider_eval_unrelated_niche_control,unrelated_niche_control,panel_direct_pairwise,reconciled_prefix_error,weeks_1_6__10_edps,prefix,10,6,0.15077166600712308
provider_eval_unrelated_niche_control,unrelated_niche_control,panel_direct_pairwise,union_adjustment,weeks_1_6__10_edps,prefix,10,6,1.7845974852707997e-05
provider_eval_unrelated_niche_control,unrelated_niche_control,panel_direct_pairwise,cell_l1_adjustment,weeks_1_6__10_edps,prefix,10,6,0.07270046944180865
provider_eval_unrelated_niche_control,unrelated_niche_control,panel_direct_pairwise,temporal_projection_used,weeks_1_6__10_edps,prefix,10,6,1.0
provider_eval_unrelated_niche_control,unrelated_niche_control,panel_direct_pairwise,reconciliation_seconds,weeks_1_6__10_edps,prefix,10,6,0.07283554202876985
provider_eval_unrelated_niche_control,unrelated_niche_control,panel_direct_pairwise,raw_prefix_error,weeks_1_7__10_edps,prefix,10,7,0.1653322819783912
provider_eval_unrelated_niche_control,unrelated_niche_control,panel_direct_pairwise,reconciled_prefix_error,weeks_1_7__10_edps,prefix,10,7,0.16521423384168482
provider_eval_unrelated_niche_control,unrelated_niche_control,panel_direct_pairwise,union_adjustment,weeks_1_7__10_edps,prefix,10,7,0.00010129997986947993
provider_eval_unrelated_niche_control,unrelated_niche_control,panel_direct_pairwise,cell_l1_adjustment,weeks_1_7__10_edps,prefix,10,7,0.041469511818942664
provider_eval_unrelated_niche_control,unrelated_niche_control,panel_direct_pairwise,temporal_projection_used,weeks_1_7__10_edps,prefix,10,7,1.0
provider_eval_unrelated_niche_control,unrelated_niche_control,panel_direct_pairwise,reconciliation_seconds,weeks_1_7__10_edps,prefix,10,7,0.08123070804867893
provider_eval_unrelated_niche_control,unrelated_niche_control,panel_direct_pairwise,raw_prefix_error,weeks_1_8__10_edps,prefix,10,8,0.16371865823831255
provider_eval_unrelated_niche_control,unrelated_niche_control,panel_direct_pairwise,reconciled_prefix_error,weeks_1_8__10_edps,prefix,10,8,0.16387273349298664
provider_eval_unrelated_niche_control,unrelated_niche_control,panel_direct_pairwise,union_adjustment,weeks_1_8__10_edps,prefix,10,8,0.00013239905846838674
provider_eval_unrelated_niche_control,unrelated_niche_control,panel_direct_pairwise,cell_l1_adjustment,weeks_1_8__10_edps,prefix,10,8,0.08034555499748615
provider_eval_unrelated_niche_control,unrelated_niche_control,panel_direct_pairwise,temporal_projection_used,weeks_1_8__10_edps,prefix,10,8,1.0
provider_eval_unrelated_niche_control,unrelated_niche_control,panel_direct_pairwise,reconciliation_seconds,weeks_1_8__10_edps,prefix,10,8,0.08693024993408471
provider_eval_unrelated_niche_control,unrelated_niche_control,panel_direct_pairwise,raw_prefix_error,weeks_1_9__10_edps,prefix,10,9,0.16023579648212513
provider_eval_unrelated_niche_control,unrelated_niche_control,panel_direct_pairwise,reconciled_prefix_error,weeks_1_9__10_edps,prefix,10,9,0.1601024655779699
provider_eval_unrelated_niche_control,unrelated_niche_control,panel_direct_pairwise,union_adjustment,weeks_1_9__10_edps,prefix,10,9,0.00011491707509736383
provider_eval_unrelated_niche_control,unrelated_niche_control,panel_direct_pairwise,cell_l1_adjustment,weeks_1_9__10_edps,prefix,10,9,0.0631747187755426
provider_eval_unrelated_niche_control,unrelated_niche_control,panel_direct_pairwise,temporal_projection_used,weeks_1_9__10_edps,prefix,10,9,1.0
provider_eval_unrelated_niche_control,unrelated_niche_control,panel_direct_pairwise,reconciliation_seconds,weeks_1_9__10_edps,prefix,10,9,0.10065595898777246
provider_eval_unrelated_niche_control,unrelated_niche_control,panel_direct_pairwise,raw_prefix_error,weeks_1_10__10_edps,prefix,10,10,0.15195891262308767
provider_eval_unrelated_niche_control,unrelated_niche_control,panel_direct_pairwise,reconciled_prefix_error,weeks_1_10__10_edps,prefix,10,10,0.15191024863553668
provider_eval_unrelated_niche_control,unrelated_niche_control,panel_direct_pairwise,union_adjustment,weeks_1_10__10_edps,prefix,10,10,4.224455144829194e-05
provider_eval_unrelated_niche_control,unrelated_niche_control,panel_direct_pairwise,cell_l1_adjustment,weeks_1_10__10_edps,prefix,10,10,0.06848948821515928
provider_eval_unrelated_niche_control,unrelated_niche_control,panel_direct_pairwise,temporal_projection_used,weeks_1_10__10_edps,prefix,10,10,1.0
provider_eval_unrelated_niche_control,unrelated_niche_control,panel_direct_pairwise,reconciliation_seconds,weeks_1_10__10_edps,prefix,10,10,0.09756008302792907
provider_eval_unrelated_niche_control,unrelated_niche_control,panel_direct_pairwise,raw_prefix_error,weeks_1_11__10_edps,prefix,10,11,0.15128684596972258
provider_eval_unrelated_niche_control,unrelated_niche_control,panel_direct_pairwise,reconciled_prefix_error,weeks_1_11__10_edps,prefix,10,11,0.1514277473319873
provider_eval_unrelated_niche_control,unrelated_niche_control,panel_direct_pairwise,union_adjustment,weeks_1_11__10_edps,prefix,10,11,0.000122385974232778
provider_eval_unrelated_niche_control,unrelated_niche_control,panel_direct_pairwise,cell_l1_adjustment,weeks_1_11__10_edps,prefix,10,11,0.0720216479579779
provider_eval_unrelated_niche_control,unrelated_niche_control,panel_direct_pairwise,temporal_projection_used,weeks_1_11__10_edps,prefix,10,11,1.0
provider_eval_unrelated_niche_control,unrelated_niche_control,panel_direct_pairwise,reconciliation_seconds,weeks_1_11__10_edps,prefix,10,11,0.099642249988392
provider_eval_unrelated_niche_control,unrelated_niche_control,panel_direct_pairwise,raw_prefix_error,weeks_1_12__10_edps,prefix,10,12,0.14296272884222944
provider_eval_unrelated_niche_control,unrelated_niche_control,panel_direct_pairwise,reconciled_prefix_error,weeks_1_12__10_edps,prefix,10,12,0.14285714285714285
provider_eval_unrelated_niche_control,unrelated_niche_control,panel_direct_pairwise,union_adjustment,weeks_1_12__10_edps,prefix,10,12,9.237920224553756e-05
provider_eval_unrelated_niche_control,unrelated_niche_control,panel_direct_pairwise,cell_l1_adjustment,weeks_1_12__10_edps,prefix,10,12,0.07164278091573198
provider_eval_unrelated_niche_control,unrelated_niche_control,panel_direct_pairwise,temporal_projection_used,weeks_1_12__10_edps,prefix,10,12,1.0
provider_eval_unrelated_niche_control,unrelated_niche_control,panel_direct_pairwise,reconciliation_seconds,weeks_1_12__10_edps,prefix,10,12,0.10256691707763821
provider_eval_unrelated_niche_control,unrelated_niche_control,panel_direct_pairwise,raw_prefix_error,weeks_1_13__10_edps,prefix,10,13,0.14560055907285716
provider_eval_unrelated_niche_control,unrelated_niche_control,panel_direct_pairwise,reconciled_prefix_error,weeks_1_13__10_edps,prefix,10,13,0.1454983922829582
provider_eval_unrelated_niche_control,unrelated_niche_control,panel_direct_pairwise,union_adjustment,weeks_1_13__10_edps,prefix,10,13,8.918186106851685e-05
provider_eval_unrelated_niche_control,unrelated_niche_control,panel_direct_pairwise,cell_l1_adjustment,weeks_1_13__10_edps,prefix,10,13,0.08451839992287996
provider_eval_unrelated_niche_control,unrelated_niche_control,panel_direct_pairwise,temporal_projection_used,weeks_1_13__10_edps,prefix,10,13,1.0
provider_eval_unrelated_niche_control,unrelated_niche_control,panel_direct_pairwise,reconciliation_seconds,weeks_1_13__10_edps,prefix,10,13,0.10448350000660866
provider_eval_unrelated_niche_control,unrelated_niche_control,panel_direct_pairwise__active_today,report_error,weeks_1_3__2_edps,prefix,2,3,0.002150537634408602
provider_eval_unrelated_niche_control,unrelated_niche_control,panel_direct_pairwise__active_today,report_error,weeks_1_12__2_edps,prefix,2,12,0.04476861167002012
provider_eval_unrelated_niche_control,unrelated_niche_control,panel_direct_pairwise__active_today,report_error,weeks_5_12__2_edps,interval,2,12,0.03296703296703297
provider_eval_unrelated_niche_control,unrelated_niche_control,panel_direct_pairwise__active_today,report_error,weeks_1_3__5_edps,prefix,5,3,0.005376344086021506
provider_eval_unrelated_niche_control,unrelated_niche_control,panel_direct_pairwise__active_today,report_error,weeks_1_12__5_edps,prefix,5,12,0.018224573780129337
provider_eval_unrelated_niche_control,unrelated_niche_control,panel_direct_pairwise__active_today,report_error,weeks_7_13__5_edps,interval,5,13,0.025423728813559324
provider_eval_unrelated_niche_control,unrelated_niche_control,panel_direct_pairwise__active_today,report_error,all_weeks__5_edps,prefix,5,13,0.020033860045146727
provider_eval_unrelated_niche_control,unrelated_niche_control,panel_direct_pairwise__active_today,report_error,noncontiguous__5_edps,noncontiguous,5,13,0.06353176588294147
provider_eval_unrelated_niche_control,unrelated_niche_control,panel_direct_pairwise__active_today,report_error,weeks_1_3__10_edps,prefix,10,3,0.06662735849056604
provider_eval_unrelated_niche_control,unrelated_niche_control,panel_direct_pairwise__active_today,report_error,weeks_1_12__10_edps,prefix,10,12,0.14285714285714285
provider_eval_unrelated_niche_control,unrelated_niche_control,panel_direct_pairwise__active_today,report_error,all_weeks__10_edps,prefix,10,13,0.1454983922829582
provider_eval_unrelated_niche_control,unrelated_niche_control,panel_direct_pairwise__active_today,report_error,weeks_5_12__10_edps,interval,10,12,0.14267143321416964
provider_eval_unrelated_niche_control,unrelated_niche_control,panel_direct_pairwise__active_today,report_error,weeks_7_13__10_edps,interval,10,13,0.10858500169664065
provider_eval_unrelated_niche_control,unrelated_niche_control,panel_direct_pairwise__active_today,report_error,noncontiguous__10_edps,noncontiguous,10,13,0.008416833667334669
provider_eval_unrelated_niche_control,unrelated_niche_control,panel_direct_pairwise__active_today,report_error,noncontiguous__2_edps,noncontiguous,2,13,0.04024144869215292
provider_eval_unrelated_niche_control,unrelated_niche_control,panel_direct_pairwise__recent_creation,report_error,weeks_1_3__2_edps,prefix,2,3,0.002150537634408602
provider_eval_unrelated_niche_control,unrelated_niche_control,panel_direct_pairwise__recent_creation,report_error,weeks_1_12__2_edps,prefix,2,12,0.04476861167002012
provider_eval_unrelated_niche_control,unrelated_niche_control,panel_direct_pairwise__recent_creation,report_error,weeks_5_12__2_edps,interval,2,12,0.03724053724053724
provider_eval_unrelated_niche_control,unrelated_niche_control,panel_direct_pairwise__recent_creation,report_error,weeks_1_3__5_edps,prefix,5,3,0.005376344086021506
provider_eval_unrelated_niche_control,unrelated_niche_control,panel_direct_pairwise__recent_creation,report_error,weeks_1_12__5_edps,prefix,5,12,0.018224573780129337
provider_eval_unrelated_niche_control,unrelated_niche_control,panel_direct_pairwise__recent_creation,report_error,weeks_7_13__5_edps,interval,5,13,0.0011556240369799693
provider_eval_unrelated_niche_control,unrelated_niche_control,panel_direct_pairwise__recent_creation,report_error,all_weeks__5_edps,prefix,5,13,0.020033860045146727
provider_eval_unrelated_niche_control,unrelated_niche_control,panel_direct_pairwise__recent_creation,report_error,noncontiguous__5_edps,noncontiguous,5,13,0.058529264632316155
provider_eval_unrelated_niche_control,unrelated_niche_control,panel_direct_pairwise__recent_creation,report_error,weeks_1_3__10_edps,prefix,10,3,0.06662735849056604
provider_eval_unrelated_niche_control,unrelated_niche_control,panel_direct_pairwise__recent_creation,report_error,weeks_1_12__10_edps,prefix,10,12,0.14285714285714285
provider_eval_unrelated_niche_control,unrelated_niche_control,panel_direct_pairwise__recent_creation,report_error,all_weeks__10_edps,prefix,10,13,0.1454983922829582
provider_eval_unrelated_niche_control,unrelated_niche_control,panel_direct_pairwise__recent_creation,report_error,weeks_5_12__10_edps,interval,10,12,0.11537211569710758
provider_eval_unrelated_niche_control,unrelated_niche_control,panel_direct_pairwise__recent_creation,report_error,weeks_7_13__10_edps,interval,10,13,0.0498812351543943
provider_eval_unrelated_niche_control,unrelated_niche_control,panel_direct_pairwise__recent_creation,report_error,noncontiguous__10_edps,noncontiguous,10,13,0.0028056112224448897
provider_eval_unrelated_niche_control,unrelated_niche_control,panel_direct_pairwise__recent_creation,report_error,noncontiguous__2_edps,noncontiguous,2,13,0.04426559356136821
provider_eval_unrelated_niche_control,unrelated_niche_control,panel_direct_pairwise__oldest_creation,report_error,weeks_1_3__2_edps,prefix,2,3,0.002150537634408602
provider_eval_unrelated_niche_control,unrelated_niche_control,panel_direct_pairwise__oldest_creation,report_error,weeks_1_12__2_edps,prefix,2,12,0.04476861167002012
provider_eval_unrelated_niche_control,unrelated_niche_control,panel_direct_pairwise__oldest_creation,report_error,weeks_5_12__2_edps,interval,2,12,0.045787545787545784
provider_eval_unrelated_niche_control,unrelated_niche_control,panel_direct_pairwise__oldest_creation,report_error,weeks_1_3__5_edps,prefix,5,3,0.005376344086021506
provider_eval_unrelated_niche_control,unrelated_niche_control,panel_direct_pairwise__oldest_creation,report_error,weeks_1_12__5_edps,prefix,5,12,0.018224573780129337
provider_eval_unrelated_niche_control,unrelated_niche_control,panel_direct_pairwise__oldest_creation,report_error,weeks_7_13__5_edps,interval,5,13,0.03428351309707242
provider_eval_unrelated_niche_control,unrelated_niche_control,panel_direct_pairwise__oldest_creation,report_error,all_weeks__5_edps,prefix,5,13,0.020033860045146727
provider_eval_unrelated_niche_control,unrelated_niche_control,panel_direct_pairwise__oldest_creation,report_error,noncontiguous__5_edps,noncontiguous,5,13,0.022011005502751375
provider_eval_unrelated_niche_control,unrelated_niche_control,panel_direct_pairwise__oldest_creation,report_error,weeks_1_3__10_edps,prefix,10,3,0.06662735849056604
provider_eval_unrelated_niche_control,unrelated_niche_control,panel_direct_pairwise__oldest_creation,report_error,weeks_1_12__10_edps,prefix,10,12,0.14285714285714285
provider_eval_unrelated_niche_control,unrelated_niche_control,panel_direct_pairwise__oldest_creation,report_error,all_weeks__10_edps,prefix,10,13,0.1454983922829582
provider_eval_unrelated_niche_control,unrelated_niche_control,panel_direct_pairwise__oldest_creation,report_error,weeks_5_12__10_edps,interval,10,12,0.03184920376990575
provider_eval_unrelated_niche_control,unrelated_niche_control,panel_direct_pairwise__oldest_creation,report_error,weeks_7_13__10_edps,interval,10,13,0.02035968781812012
provider_eval_unrelated_niche_control,unrelated_niche_control,panel_direct_pairwise__oldest_creation,report_error,noncontiguous__10_edps,noncontiguous,10,13,0.08697394789579159
provider_eval_unrelated_niche_control,unrelated_niche_control,panel_direct_pairwise__oldest_creation,report_error,noncontiguous__2_edps,noncontiguous,2,13,0.03621730382293763
provider_eval_mixed_funnel_portfolio,mixed_funnel_portfolio,existing_vid,report_error,weeks_1_3__2_edps,prefix,2,3,0.00031158238172778266
provider_eval_mixed_funnel_portfolio,mixed_funnel_portfolio,existing_vid,report_error,weeks_1_12__2_edps,prefix,2,12,0.016699316628701593
provider_eval_mixed_funnel_portfolio,mixed_funnel_portfolio,existing_vid,report_error,weeks_5_12__2_edps,interval,2,12,0.018207605796047046
provider_eval_mixed_funnel_portfolio,mixed_funnel_portfolio,existing_vid,report_error,weeks_1_3__5_edps,prefix,5,3,0.0022412168623376313
provider_eval_mixed_funnel_portfolio,mixed_funnel_portfolio,existing_vid,report_error,weeks_1_12__5_edps,prefix,5,12,0.02219021227390005
provider_eval_mixed_funnel_portfolio,mixed_funnel_portfolio,existing_vid,report_error,weeks_7_13__5_edps,interval,5,13,0.02022201063991177
provider_eval_mixed_funnel_portfolio,mixed_funnel_portfolio,existing_vid,report_error,all_weeks__5_edps,prefix,5,13,0.023268363636363504
provider_eval_mixed_funnel_portfolio,mixed_funnel_portfolio,existing_vid,report_error,noncontiguous__5_edps,noncontiguous,5,13,0.005782505686906201
provider_eval_mixed_funnel_portfolio,mixed_funnel_portfolio,existing_vid,report_error,weeks_1_3__10_edps,prefix,10,3,0.019860390259100996
provider_eval_mixed_funnel_portfolio,mixed_funnel_portfolio,existing_vid,report_error,weeks_1_12__10_edps,prefix,10,12,0.0372736768551007
provider_eval_mixed_funnel_portfolio,mixed_funnel_portfolio,existing_vid,report_error,all_weeks__10_edps,prefix,10,13,0.03804946066461336
provider_eval_mixed_funnel_portfolio,mixed_funnel_portfolio,existing_vid,report_error,weeks_5_12__10_edps,interval,10,12,0.04654929178051954
provider_eval_mixed_funnel_portfolio,mixed_funnel_portfolio,existing_vid,report_error,weeks_7_13__10_edps,interval,10,13,0.04620679385973618
provider_eval_mixed_funnel_portfolio,mixed_funnel_portfolio,existing_vid,report_error,noncontiguous__10_edps,noncontiguous,10,13,0.03728899768178448
provider_eval_mixed_funnel_portfolio,mixed_funnel_portfolio,existing_vid,report_error,noncontiguous__2_edps,noncontiguous,2,13,0.004135116492949111
provider_eval_mixed_funnel_portfolio,mixed_funnel_portfolio,panel_direct_pairwise,raw_prefix_error,weeks_1_1__10_edps,prefix,10,1,0.004390147588401687
provider_eval_mixed_funnel_portfolio,mixed_funnel_portfolio,panel_direct_pairwise,reconciled_prefix_error,weeks_1_1__10_edps,prefix,10,1,0.004172461752433936
provider_eval_mixed_funnel_portfolio,mixed_funnel_portfolio,panel_direct_pairwise,union_adjustment,weeks_1_1__10_edps,prefix,10,1,0.00021673434022815823
provider_eval_mixed_funnel_portfolio,mixed_funnel_portfolio,panel_direct_pairwise,cell_l1_adjustment,weeks_1_1__10_edps,prefix,10,1,0.022125154417170514
provider_eval_mixed_funnel_portfolio,mixed_funnel_portfolio,panel_direct_pairwise,temporal_projection_used,weeks_1_1__10_edps,prefix,10,1,1.0
provider_eval_mixed_funnel_portfolio,mixed_funnel_portfolio,panel_direct_pairwise,reconciliation_seconds,weeks_1_1__10_edps,prefix,10,1,0.012060791021212935
provider_eval_mixed_funnel_portfolio,mixed_funnel_portfolio,panel_direct_pairwise,raw_prefix_error,weeks_1_2__10_edps,prefix,10,2,0.006944928051043498
provider_eval_mixed_funnel_portfolio,mixed_funnel_portfolio,panel_direct_pairwise,reconciled_prefix_error,weeks_1_2__10_edps,prefix,10,2,0.006859528780196839
provider_eval_mixed_funnel_portfolio,mixed_funnel_portfolio,panel_direct_pairwise,union_adjustment,weeks_1_2__10_edps,prefix,10,2,8.599651042414072e-05
provider_eval_mixed_funnel_portfolio,mixed_funnel_portfolio,panel_direct_pairwise,cell_l1_adjustment,weeks_1_2__10_edps,prefix,10,2,0.06389102273624822
provider_eval_mixed_funnel_portfolio,mixed_funnel_portfolio,panel_direct_pairwise,temporal_projection_used,weeks_1_2__10_edps,prefix,10,2,1.0
provider_eval_mixed_funnel_portfolio,mixed_funnel_portfolio,panel_direct_pairwise,reconciliation_seconds,weeks_1_2__10_edps,prefix,10,2,0.029738291981630027
provider_eval_mixed_funnel_portfolio,mixed_funnel_portfolio,panel_direct_pairwise,raw_prefix_error,weeks_1_3__10_edps,prefix,10,3,0.01903829518330941
provider_eval_mixed_funnel_portfolio,mixed_funnel_portfolio,panel_direct_pairwise,reconciled_prefix_error,weeks_1_3__10_edps,prefix,10,3,0.019009216589861752
provider_eval_mixed_funnel_portfolio,mixed_funnel_portfolio,panel_direct_pairwise,union_adjustment,weeks_1_3__10_edps,prefix,10,3,2.9642944576736447e-05
provider_eval_mixed_funnel_portfolio,mixed_funnel_portfolio,panel_direct_pairwise,cell_l1_adjustment,weeks_1_3__10_edps,prefix,10,3,0.14197928064727655
provider_eval_mixed_funnel_portfolio,mixed_funnel_portfolio,panel_direct_pairwise,temporal_projection_used,weeks_1_3__10_edps,prefix,10,3,1.0
provider_eval_mixed_funnel_portfolio,mixed_funnel_portfolio,panel_direct_pairwise,reconciliation_seconds,weeks_1_3__10_edps,prefix,10,3,0.035414541023783386
provider_eval_mixed_funnel_portfolio,mixed_funnel_portfolio,panel_direct_pairwise,raw_prefix_error,weeks_1_4__10_edps,prefix,10,4,0.056751765509743014
provider_eval_mixed_funnel_portfolio,mixed_funnel_portfolio,panel_direct_pairwise,reconciled_prefix_error,weeks_1_4__10_edps,prefix,10,4,0.05679604375842949
provider_eval_mixed_funnel_portfolio,mixed_funnel_portfolio,panel_direct_pairwise,union_adjustment,weeks_1_4__10_edps,prefix,10,4,4.694230751533447e-05
provider_eval_mixed_funnel_portfolio,mixed_funnel_portfolio,panel_direct_pairwise,cell_l1_adjustment,weeks_1_4__10_edps,prefix,10,4,0.13948736431398204
provider_eval_mixed_funnel_portfolio,mixed_funnel_portfolio,panel_direct_pairwise,temporal_projection_used,weeks_1_4__10_edps,prefix,10,4,1.0
provider_eval_mixed_funnel_portfolio,mixed_funnel_portfolio,panel_direct_pairwise,reconciliation_seconds,weeks_1_4__10_edps,prefix,10,4,0.07690495799761266
provider_eval_mixed_funnel_portfolio,mixed_funnel_portfolio,panel_direct_pairwise,raw_prefix_error,weeks_1_5__10_edps,prefix,10,5,0.09923386099922812
provider_eval_mixed_funnel_portfolio,mixed_funnel_portfolio,panel_direct_pairwise,reconciled_prefix_error,weeks_1_5__10_edps,prefix,10,5,0.09926470588235294
provider_eval_mixed_funnel_portfolio,mixed_funnel_portfolio,panel_direct_pairwise,union_adjustment,weeks_1_5__10_edps,prefix,10,5,3.4242942523490395e-05
provider_eval_mixed_funnel_portfolio,mixed_funnel_portfolio,panel_direct_pairwise,cell_l1_adjustment,weeks_1_5__10_edps,prefix,10,5,0.08078584035858198
provider_eval_mixed_funnel_portfolio,mixed_funnel_portfolio,panel_direct_pairwise,temporal_projection_used,weeks_1_5__10_edps,prefix,10,5,1.0
provider_eval_mixed_funnel_portfolio,mixed_funnel_portfolio,panel_direct_pairwise,reconciliation_seconds,weeks_1_5__10_edps,prefix,10,5,0.09233725001104176
provider_eval_mixed_funnel_portfolio,mixed_funnel_portfolio,panel_direct_pairwise,raw_prefix_error,weeks_1_6__10_edps,prefix,10,6,0.14440479281735114
provider_eval_mixed_funnel_portfolio,mixed_funnel_portfolio,panel_direct_pairwise,reconciled_prefix_error,weeks_1_6__10_edps,prefix,10,6,0.1443939756155869
provider_eval_mixed_funnel_portfolio,mixed_funnel_portfolio,panel_direct_pairwise,union_adjustment,weeks_1_6__10_edps,prefix,10,6,1.2642896632897878e-05
provider_eval_mixed_funnel_portfolio,mixed_funnel_portfolio,panel_direct_pairwise,cell_l1_adjustment,weeks_1_6__10_edps,prefix,10,6,0.1253067379687355
provider_eval_mixed_funnel_portfolio,mixed_funnel_portfolio,panel_direct_pairwise,temporal_projection_used,weeks_1_6__10_edps,prefix,10,6,1.0
provider_eval_mixed_funnel_portfolio,mixed_funnel_portfolio,panel_direct_pairwise,reconciliation_seconds,weeks_1_6__10_edps,prefix,10,6,0.12050299998372793
provider_eval_mixed_funnel_portfolio,mixed_funnel_portfolio,panel_direct_pairwise,raw_prefix_error,weeks_1_7__10_edps,prefix,10,7,0.16914667048611787
provider_eval_mixed_funnel_portfolio,mixed_funnel_portfolio,panel_direct_pairwise,reconciled_prefix_error,weeks_1_7__10_edps,prefix,10,7,0.16916150815981992
provider_eval_mixed_funnel_portfolio,mixed_funnel_portfolio,panel_direct_pairwise,union_adjustment,weeks_1_7__10_edps,prefix,10,7,1.785835498887723e-05
provider_eval_mixed_funnel_portfolio,mixed_funnel_portfolio,panel_direct_pairwise,cell_l1_adjustment,weeks_1_7__10_edps,prefix,10,7,0.1488711209998694
provider_eval_mixed_funnel_portfolio,mixed_funnel_portfolio,panel_direct_pairwise,temporal_projection_used,weeks_1_7__10_edps,prefix,10,7,1.0
provider_eval_mixed_funnel_portfolio,mixed_funnel_portfolio,panel_direct_pairwise,reconciliation_seconds,weeks_1_7__10_edps,prefix,10,7,0.12901475001126528
provider_eval_mixed_funnel_portfolio,mixed_funnel_portfolio,panel_direct_pairwise,raw_prefix_error,weeks_1_8__10_edps,prefix,10,8,0.19163605278173618
provider_eval_mixed_funnel_portfolio,mixed_funnel_portfolio,panel_direct_pairwise,reconciled_prefix_error,weeks_1_8__10_edps,prefix,10,8,0.1916464507963295
provider_eval_mixed_funnel_portfolio,mixed_funnel_portfolio,panel_direct_pairwise,union_adjustment,weeks_1_8__10_edps,prefix,10,8,1.2863036048459196e-05
provider_eval_mixed_funnel_portfolio,mixed_funnel_portfolio,panel_direct_pairwise,cell_l1_adjustment,weeks_1_8__10_edps,prefix,10,8,0.13079460323785574
provider_eval_mixed_funnel_portfolio,mixed_funnel_portfolio,panel_direct_pairwise,temporal_projection_used,weeks_1_8__10_edps,prefix,10,8,1.0
provider_eval_mixed_funnel_portfolio,mixed_funnel_portfolio,panel_direct_pairwise,reconciliation_seconds,weeks_1_8__10_edps,prefix,10,8,0.1304627499775961
provider_eval_mixed_funnel_portfolio,mixed_funnel_portfolio,panel_direct_pairwise,raw_prefix_error,weeks_1_9__10_edps,prefix,10,9,0.2719994751083263
provider_eval_mixed_funnel_portfolio,mixed_funnel_portfolio,panel_direct_pairwise,reconciled_prefix_error,weeks_1_9__10_edps,prefix,10,9,0.2336
provider_eval_mixed_funnel_portfolio,mixed_funnel_portfolio,panel_direct_pairwise,union_adjustment,weeks_1_9__10_edps,prefix,10,9,0.05274649371171826
provider_eval_mixed_funnel_portfolio,mixed_funnel_portfolio,panel_direct_pairwise,cell_l1_adjustment,weeks_1_9__10_edps,prefix,10,9,0.3320988353864809
provider_eval_mixed_funnel_portfolio,mixed_funnel_portfolio,panel_direct_pairwise,temporal_projection_used,weeks_1_9__10_edps,prefix,10,9,1.0
provider_eval_mixed_funnel_portfolio,mixed_funnel_portfolio,panel_direct_pairwise,reconciliation_seconds,weeks_1_9__10_edps,prefix,10,9,0.14720783405937254
provider_eval_mixed_funnel_portfolio,mixed_funnel_portfolio,panel_direct_pairwise,raw_prefix_error,weeks_1_10__10_edps,prefix,10,10,0.32264297523672797
provider_eval_mixed_funnel_portfolio,mixed_funnel_portfolio,panel_direct_pairwise,reconciled_prefix_error,weeks_1_10__10_edps,prefix,10,10,0.2562111801242236
provider_eval_mixed_funnel_portfolio,mixed_funnel_portfolio,panel_direct_pairwise,union_adjustment,weeks_1_10__10_edps,prefix,10,10,0.09807500724705945
provider_eval_mixed_funnel_portfolio,mixed_funnel_portfolio,panel_direct_pairwise,cell_l1_adjustment,weeks_1_10__10_edps,prefix,10,10,0.5809321885570062
provider_eval_mixed_funnel_portfolio,mixed_funnel_portfolio,panel_direct_pairwise,temporal_projection_used,weeks_1_10__10_edps,prefix,10,10,1.0
provider_eval_mixed_funnel_portfolio,mixed_funnel_portfolio,panel_direct_pairwise,reconciliation_seconds,weeks_1_10__10_edps,prefix,10,10,0.1782774169696495
provider_eval_mixed_funnel_portfolio,mixed_funnel_portfolio,panel_direct_pairwise,raw_prefix_error,weeks_1_11__10_edps,prefix,10,11,0.2709471168320967
provider_eval_mixed_funnel_portfolio,mixed_funnel_portfolio,panel_direct_pairwise,reconciled_prefix_error,weeks_1_11__10_edps,prefix,10,11,0.2666730456415654
provider_eval_mixed_funnel_portfolio,mixed_funnel_portfolio,panel_direct_pairwise,union_adjustment,weeks_1_11__10_edps,prefix,10,11,0.005862498166057884
provider_eval_mixed_funnel_portfolio,mixed_funnel_portfolio,panel_direct_pairwise,cell_l1_adjustment,weeks_1_11__10_edps,prefix,10,11,0.504459384030562
provider_eval_mixed_funnel_portfolio,mixed_funnel_portfolio,panel_direct_pairwise,temporal_projection_used,weeks_1_11__10_edps,prefix,10,11,1.0
provider_eval_mixed_funnel_portfolio,mixed_funnel_portfolio,panel_direct_pairwise,reconciliation_seconds,weeks_1_11__10_edps,prefix,10,11,0.18509566690772772
provider_eval_mixed_funnel_portfolio,mixed_funnel_portfolio,panel_direct_pairwise,raw_prefix_error,weeks_1_12__10_edps,prefix,10,12,0.2572124353234683
provider_eval_mixed_funnel_portfolio,mixed_funnel_portfolio,panel_direct_pairwise,reconciled_prefix_error,weeks_1_12__10_edps,prefix,10,12,0.25721859320268864
provider_eval_mixed_funnel_portfolio,mixed_funnel_portfolio,panel_direct_pairwise,union_adjustment,weeks_1_12__10_edps,prefix,10,12,8.290229284010628e-06
provider_eval_mixed_funnel_portfolio,mixed_funnel_portfolio,panel_direct_pairwise,cell_l1_adjustment,weeks_1_12__10_edps,prefix,10,12,0.5650029900503396
provider_eval_mixed_funnel_portfolio,mixed_funnel_portfolio,panel_direct_pairwise,temporal_projection_used,weeks_1_12__10_edps,prefix,10,12,1.0
provider_eval_mixed_funnel_portfolio,mixed_funnel_portfolio,panel_direct_pairwise,reconciliation_seconds,weeks_1_12__10_edps,prefix,10,12,0.1900552500737831
provider_eval_mixed_funnel_portfolio,mixed_funnel_portfolio,panel_direct_pairwise,raw_prefix_error,weeks_1_13__10_edps,prefix,10,13,0.3112934671184038
provider_eval_mixed_funnel_portfolio,mixed_funnel_portfolio,panel_direct_pairwise,reconciled_prefix_error,weeks_1_13__10_edps,prefix,10,13,0.262593984962406
provider_eval_mixed_funnel_portfolio,mixed_funnel_portfolio,panel_direct_pairwise,union_adjustment,weeks_1_13__10_edps,prefix,10,13,0.070711514746689
provider_eval_mixed_funnel_portfolio,mixed_funnel_portfolio,panel_direct_pairwise,cell_l1_adjustment,weeks_1_13__10_edps,prefix,10,13,0.6627891824935693
provider_eval_mixed_funnel_portfolio,mixed_funnel_portfolio,panel_direct_pairwise,temporal_projection_used,weeks_1_13__10_edps,prefix,10,13,1.0
provider_eval_mixed_funnel_portfolio,mixed_funnel_portfolio,panel_direct_pairwise,reconciliation_seconds,weeks_1_13__10_edps,prefix,10,13,0.18602720799390227
provider_eval_mixed_funnel_portfolio,mixed_funnel_portfolio,panel_direct_pairwise__active_today,report_error,weeks_1_3__2_edps,prefix,2,3,0.0016313213703099511
provider_eval_mixed_funnel_portfolio,mixed_funnel_portfolio,panel_direct_pairwise__active_today,report_error,weeks_1_12__2_edps,prefix,2,12,0.020338431500162707
provider_eval_mixed_funnel_portfolio,mixed_funnel_portfolio,panel_direct_pairwise__active_today,report_error,weeks_5_12__2_edps,interval,2,12,0.0014550745725718443
provider_eval_mixed_funnel_portfolio,mixed_funnel_portfolio,panel_direct_pairwise__active_today,report_error,weeks_1_3__5_edps,prefix,5,3,0.0061403508771929825
provider_eval_mixed_funnel_portfolio,mixed_funnel_portfolio,panel_direct_pairwise__active_today,report_error,weeks_1_12__5_edps,prefix,5,12,0.19965753424657534
provider_eval_mixed_funnel_portfolio,mixed_funnel_portfolio,panel_direct_pairwise__active_today,report_error,weeks_7_13__5_edps,interval,5,13,0.12673812282734648
provider_eval_mixed_funnel_portfolio,mixed_funnel_portfolio,panel_direct_pairwise__active_today,report_error,all_weeks__5_edps,prefix,5,13,0.21290684624017958
provider_eval_mixed_funnel_portfolio,mixed_funnel_portfolio,panel_direct_pairwise__active_today,report_error,noncontiguous__5_edps,noncontiguous,5,13,0.08555555555555555
provider_eval_mixed_funnel_portfolio,mixed_funnel_portfolio,panel_direct_pairwise__active_today,report_error,weeks_1_3__10_edps,prefix,10,3,0.019009216589861752
provider_eval_mixed_funnel_portfolio,mixed_funnel_portfolio,panel_direct_pairwise__active_today,report_error,weeks_1_12__10_edps,prefix,10,12,0.25721859320268864
provider_eval_mixed_funnel_portfolio,mixed_funnel_portfolio,panel_direct_pairwise__active_today,report_error,all_weeks__10_edps,prefix,10,13,0.262593984962406
provider_eval_mixed_funnel_portfolio,mixed_funnel_portfolio,panel_direct_pairwise__active_today,report_error,weeks_5_12__10_edps,interval,10,12,0.19235695986336465
provider_eval_mixed_funnel_portfolio,mixed_funnel_portfolio,panel_direct_pairwise__active_today,report_error,weeks_7_13__10_edps,interval,10,13,0.20621893422725696
provider_eval_mixed_funnel_portfolio,mixed_funnel_portfolio,panel_direct_pairwise__active_today,report_error,noncontiguous__10_edps,noncontiguous,10,13,0.18746835443037974
provider_eval_mixed_funnel_portfolio,mixed_funnel_portfolio,panel_direct_pairwise__active_today,report_error,noncontiguous__2_edps,noncontiguous,2,13,0.0407725321888412
provider_eval_mixed_funnel_portfolio,mixed_funnel_portfolio,panel_direct_pairwise__recent_creation,report_error,weeks_1_3__2_edps,prefix,2,3,0.0016313213703099511
provider_eval_mixed_funnel_portfolio,mixed_funnel_portfolio,panel_direct_pairwise__recent_creation,report_error,weeks_1_12__2_edps,prefix,2,12,0.020338431500162707
provider_eval_mixed_funnel_portfolio,mixed_funnel_portfolio,panel_direct_pairwise__recent_creation,report_error,weeks_5_12__2_edps,interval,2,12,0.012004365223717716
provider_eval_mixed_funnel_portfolio,mixed_funnel_portfolio,panel_direct_pairwise__recent_creation,report_error,weeks_1_3__5_edps,prefix,5,3,0.0061403508771929825
provider_eval_mixed_funnel_portfolio,mixed_funnel_portfolio,panel_direct_pairwise__recent_creation,report_error,weeks_1_12__5_edps,prefix,5,12,0.19965753424657534
provider_eval_mixed_funnel_portfolio,mixed_funnel_portfolio,panel_direct_pairwise__recent_creation,report_error,weeks_7_13__5_edps,interval,5,13,0.13716685979142526
provider_eval_mixed_funnel_portfolio,mixed_funnel_portfolio,panel_direct_pairwise__recent_creation,report_error,all_weeks__5_edps,prefix,5,13,0.21290684624017958
provider_eval_mixed_funnel_portfolio,mixed_funnel_portfolio,panel_direct_pairwise__recent_creation,report_error,noncontiguous__5_edps,noncontiguous,5,13,0.03722222222222222
provider_eval_mixed_funnel_portfolio,mixed_funnel_portfolio,panel_direct_pairwise__recent_creation,report_error,weeks_1_3__10_edps,prefix,10,3,0.019009216589861752
provider_eval_mixed_funnel_portfolio,mixed_funnel_portfolio,panel_direct_pairwise__recent_creation,report_error,weeks_1_12__10_edps,prefix,10,12,0.25721859320268864
provider_eval_mixed_funnel_portfolio,mixed_funnel_portfolio,panel_direct_pairwise__recent_creation,report_error,all_weeks__10_edps,prefix,10,13,0.262593984962406
provider_eval_mixed_funnel_portfolio,mixed_funnel_portfolio,panel_direct_pairwise__recent_creation,report_error,weeks_5_12__10_edps,interval,10,12,0.20964987190435525
provider_eval_mixed_funnel_portfolio,mixed_funnel_portfolio,panel_direct_pairwise__recent_creation,report_error,weeks_7_13__10_edps,interval,10,13,0.2225176280198821
provider_eval_mixed_funnel_portfolio,mixed_funnel_portfolio,panel_direct_pairwise__recent_creation,report_error,noncontiguous__10_edps,noncontiguous,10,13,0.1878481012658228
provider_eval_mixed_funnel_portfolio,mixed_funnel_portfolio,panel_direct_pairwise__recent_creation,report_error,noncontiguous__2_edps,noncontiguous,2,13,0.03862660944206009
provider_eval_mixed_funnel_portfolio,mixed_funnel_portfolio,panel_direct_pairwise__oldest_creation,report_error,weeks_1_3__2_edps,prefix,2,3,0.0016313213703099511
provider_eval_mixed_funnel_portfolio,mixed_funnel_portfolio,panel_direct_pairwise__oldest_creation,report_error,weeks_1_12__2_edps,prefix,2,12,0.020338431500162707
provider_eval_mixed_funnel_portfolio,mixed_funnel_portfolio,panel_direct_pairwise__oldest_creation,report_error,weeks_5_12__2_edps,interval,2,12,0.0130956711531466
provider_eval_mixed_funnel_portfolio,mixed_funnel_portfolio,panel_direct_pairwise__oldest_creation,report_error,weeks_1_3__5_edps,prefix,5,3,0.0061403508771929825
provider_eval_mixed_funnel_portfolio,mixed_funnel_portfolio,panel_direct_pairwise__oldest_creation,report_error,weeks_1_12__5_edps,prefix,5,12,0.19965753424657534
provider_eval_mixed_funnel_portfolio,mixed_funnel_portfolio,panel_direct_pairwise__oldest_creation,report_error,weeks_7_13__5_edps,interval,5,13,0.14788528389339514
provider_eval_mixed_funnel_portfolio,mixed_funnel_portfolio,panel_direct_pairwise__oldest_creation,report_error,all_weeks__5_edps,prefix,5,13,0.21290684624017958
provider_eval_mixed_funnel_portfolio,mixed_funnel_portfolio,panel_direct_pairwise__oldest_creation,report_error,noncontiguous__5_edps,noncontiguous,5,13,0.05277777777777778
provider_eval_mixed_funnel_portfolio,mixed_funnel_portfolio,panel_direct_pairwise__oldest_creation,report_error,weeks_1_3__10_edps,prefix,10,3,0.019009216589861752
provider_eval_mixed_funnel_portfolio,mixed_funnel_portfolio,panel_direct_pairwise__oldest_creation,report_error,weeks_1_12__10_edps,prefix,10,12,0.25721859320268864
provider_eval_mixed_funnel_portfolio,mixed_funnel_portfolio,panel_direct_pairwise__oldest_creation,report_error,all_weeks__10_edps,prefix,10,13,0.262593984962406
provider_eval_mixed_funnel_portfolio,mixed_funnel_portfolio,panel_direct_pairwise__oldest_creation,report_error,weeks_5_12__10_edps,interval,10,12,0.20954312553373186
provider_eval_mixed_funnel_portfolio,mixed_funnel_portfolio,panel_direct_pairwise__oldest_creation,report_error,weeks_7_13__10_edps,interval,10,13,0.2365044503525604
provider_eval_mixed_funnel_portfolio,mixed_funnel_portfolio,panel_direct_pairwise__oldest_creation,report_error,noncontiguous__10_edps,noncontiguous,10,13,0.16139240506329114
provider_eval_mixed_funnel_portfolio,mixed_funnel_portfolio,panel_direct_pairwise__oldest_creation,report_error,noncontiguous__2_edps,noncontiguous,2,13,0.03862660944206009
provider_eval_linkage_shift_-1.0,linkage_shift_-1.0,existing_vid,report_error,weeks_1_3__2_edps,prefix,2,3,0.02658211233211218
provider_eval_linkage_shift_-1.0,linkage_shift_-1.0,existing_vid,report_error,weeks_1_12__2_edps,prefix,2,12,0.3493877394636019
provider_eval_linkage_shift_-1.0,linkage_shift_-1.0,existing_vid,report_error,weeks_5_12__2_edps,interval,2,12,0.254158148779103
provider_eval_linkage_shift_-1.0,linkage_shift_-1.0,existing_vid,report_error,weeks_1_3__5_edps,prefix,5,3,0.2763205225509101
provider_eval_linkage_shift_-1.0,linkage_shift_-1.0,existing_vid,report_error,weeks_1_12__5_edps,prefix,5,12,0.9957763028194184
provider_eval_linkage_shift_-1.0,linkage_shift_-1.0,existing_vid,report_error,weeks_7_13__5_edps,interval,5,13,0.6888045190123108
provider_eval_linkage_shift_-1.0,linkage_shift_-1.0,existing_vid,report_error,all_weeks__5_edps,prefix,5,13,1.0372844836852333
provider_eval_linkage_shift_-1.0,linkage_shift_-1.0,existing_vid,report_error,noncontiguous__5_edps,noncontiguous,5,13,0.5975076848552822
provider_eval_linkage_shift_-1.0,linkage_shift_-1.0,existing_vid,report_error,weeks_1_3__10_edps,prefix,10,3,0.4677138855603095
provider_eval_linkage_shift_-1.0,linkage_shift_-1.0,existing_vid,report_error,weeks_1_12__10_edps,prefix,10,12,1.388928157938604
provider_eval_linkage_shift_-1.0,linkage_shift_-1.0,existing_vid,report_error,all_weeks__10_edps,prefix,10,13,1.431440061845107
provider_eval_linkage_shift_-1.0,linkage_shift_-1.0,existing_vid,report_error,weeks_5_12__10_edps,interval,10,12,1.1605357077377483
provider_eval_linkage_shift_-1.0,linkage_shift_-1.0,existing_vid,report_error,weeks_7_13__10_edps,interval,10,13,1.0506601347222762
provider_eval_linkage_shift_-1.0,linkage_shift_-1.0,existing_vid,report_error,noncontiguous__10_edps,noncontiguous,10,13,0.9746230428719383
provider_eval_linkage_shift_-1.0,linkage_shift_-1.0,existing_vid,report_error,noncontiguous__2_edps,noncontiguous,2,13,0.1394214695979402
provider_eval_linkage_shift_-1.0,linkage_shift_-1.0,panel_direct_pairwise,raw_prefix_error,weeks_1_1__10_edps,prefix,10,1,0.11061794079280028
provider_eval_linkage_shift_-1.0,linkage_shift_-1.0,panel_direct_pairwise,reconciled_prefix_error,weeks_1_1__10_edps,prefix,10,1,0.11096075778078485
provider_eval_linkage_shift_-1.0,linkage_shift_-1.0,panel_direct_pairwise,union_adjustment,weeks_1_1__10_edps,prefix,10,1,0.0003086722944053383
provider_eval_linkage_shift_-1.0,linkage_shift_-1.0,panel_direct_pairwise,cell_l1_adjustment,weeks_1_1__10_edps,prefix,10,1,0.020469861727220002
provider_eval_linkage_shift_-1.0,linkage_shift_-1.0,panel_direct_pairwise,temporal_projection_used,weeks_1_1__10_edps,prefix,10,1,1.0
provider_eval_linkage_shift_-1.0,linkage_shift_-1.0,panel_direct_pairwise,reconciliation_seconds,weeks_1_1__10_edps,prefix,10,1,0.010972375050187111
provider_eval_linkage_shift_-1.0,linkage_shift_-1.0,panel_direct_pairwise,raw_prefix_error,weeks_1_2__10_edps,prefix,10,2,0.2623236974923711
provider_eval_linkage_shift_-1.0,linkage_shift_-1.0,panel_direct_pairwise,reconciled_prefix_error,weeks_1_2__10_edps,prefix,10,2,0.26238390092879255
provider_eval_linkage_shift_-1.0,linkage_shift_-1.0,panel_direct_pairwise,union_adjustment,weeks_1_2__10_edps,prefix,10,2,4.769255028464897e-05
provider_eval_linkage_shift_-1.0,linkage_shift_-1.0,panel_direct_pairwise,cell_l1_adjustment,weeks_1_2__10_edps,prefix,10,2,0.051301312070021636
provider_eval_linkage_shift_-1.0,linkage_shift_-1.0,panel_direct_pairwise,temporal_projection_used,weeks_1_2__10_edps,prefix,10,2,1.0
provider_eval_linkage_shift_-1.0,linkage_shift_-1.0,panel_direct_pairwise,reconciliation_seconds,weeks_1_2__10_edps,prefix,10,2,0.02367750008124858
provider_eval_linkage_shift_-1.0,linkage_shift_-1.0,panel_direct_pairwise,raw_prefix_error,weeks_1_3__10_edps,prefix,10,3,0.45981458519063345
provider_eval_linkage_shift_-1.0,linkage_shift_-1.0,panel_direct_pairwise,reconciled_prefix_error,weeks_1_3__10_edps,prefix,10,3,0.4595959595959596
provider_eval_linkage_shift_-1.0,linkage_shift_-1.0,panel_direct_pairwise,union_adjustment,weeks_1_3__10_edps,prefix,10,3,0.0001497625773096196
provider_eval_linkage_shift_-1.0,linkage_shift_-1.0,panel_direct_pairwise,cell_l1_adjustment,weeks_1_3__10_edps,prefix,10,3,0.07630467992117108
provider_eval_linkage_shift_-1.0,linkage_shift_-1.0,panel_direct_pairwise,temporal_projection_used,weeks_1_3__10_edps,prefix,10,3,1.0
provider_eval_linkage_shift_-1.0,linkage_shift_-1.0,panel_direct_pairwise,reconciliation_seconds,weeks_1_3__10_edps,prefix,10,3,0.03313633403740823
provider_eval_linkage_shift_-1.0,linkage_shift_-1.0,panel_direct_pairwise,raw_prefix_error,weeks_1_4__10_edps,prefix,10,4,0.6723031676427472
provider_eval_linkage_shift_-1.0,linkage_shift_-1.0,panel_direct_pairwise,reconciled_prefix_error,weeks_1_4__10_edps,prefix,10,4,0.67233238904627
provider_eval_linkage_shift_-1.0,linkage_shift_-1.0,panel_direct_pairwise,union_adjustment,weeks_1_4__10_edps,prefix,10,4,1.7473747635419045e-05
provider_eval_linkage_shift_-1.0,linkage_shift_-1.0,panel_direct_pairwise,cell_l1_adjustment,weeks_1_4__10_edps,prefix,10,4,0.09372704081102379
provider_eval_linkage_shift_-1.0,linkage_shift_-1.0,panel_direct_pairwise,temporal_projection_used,weeks_1_4__10_edps,prefix,10,4,1.0
provider_eval_linkage_shift_-1.0,linkage_shift_-1.0,panel_direct_pairwise,reconciliation_seconds,weeks_1_4__10_edps,prefix,10,4,0.04452095797751099
provider_eval_linkage_shift_-1.0,linkage_shift_-1.0,panel_direct_pairwise,raw_prefix_error,weeks_1_5__10_edps,prefix,10,5,0.855322497896895
provider_eval_linkage_shift_-1.0,linkage_shift_-1.0,panel_direct_pairwise,reconciled_prefix_error,weeks_1_5__10_edps,prefix,10,5,0.855146124523507
provider_eval_linkage_shift_-1.0,linkage_shift_-1.0,panel_direct_pairwise,union_adjustment,weeks_1_5__10_edps,prefix,10,5,9.506345855631507e-05
provider_eval_linkage_shift_-1.0,linkage_shift_-1.0,panel_direct_pairwise,cell_l1_adjustment,weeks_1_5__10_edps,prefix,10,5,0.06225456867503878
provider_eval_linkage_shift_-1.0,linkage_shift_-1.0,panel_direct_pairwise,temporal_projection_used,weeks_1_5__10_edps,prefix,10,5,1.0
provider_eval_linkage_shift_-1.0,linkage_shift_-1.0,panel_direct_pairwise,reconciliation_seconds,weeks_1_5__10_edps,prefix,10,5,0.05458545801229775
provider_eval_linkage_shift_-1.0,linkage_shift_-1.0,panel_direct_pairwise,raw_prefix_error,weeks_1_6__10_edps,prefix,10,6,0.988639423594973
provider_eval_linkage_shift_-1.0,linkage_shift_-1.0,panel_direct_pairwise,reconciled_prefix_error,weeks_1_6__10_edps,prefix,10,6,0.9884920634920635
provider_eval_linkage_shift_-1.0,linkage_shift_-1.0,panel_direct_pairwise,union_adjustment,weeks_1_6__10_edps,prefix,10,6,7.410096629913535e-05
provider_eval_linkage_shift_-1.0,linkage_shift_-1.0,panel_direct_pairwise,cell_l1_adjustment,weeks_1_6__10_edps,prefix,10,6,0.06189852264794192
provider_eval_linkage_shift_-1.0,linkage_shift_-1.0,panel_direct_pairwise,temporal_projection_used,weeks_1_6__10_edps,prefix,10,6,1.0
provider_eval_linkage_shift_-1.0,linkage_shift_-1.0,panel_direct_pairwise,reconciliation_seconds,weeks_1_6__10_edps,prefix,10,6,0.08012895798310637
provider_eval_linkage_shift_-1.0,linkage_shift_-1.0,panel_direct_pairwise,raw_prefix_error,weeks_1_7__10_edps,prefix,10,7,1.079092217041793
provider_eval_linkage_shift_-1.0,linkage_shift_-1.0,panel_direct_pairwise,reconciled_prefix_error,weeks_1_7__10_edps,prefix,10,7,1.0789774895078215
provider_eval_linkage_shift_-1.0,linkage_shift_-1.0,panel_direct_pairwise,union_adjustment,weeks_1_7__10_edps,prefix,10,7,5.518155136699079e-05
provider_eval_linkage_shift_-1.0,linkage_shift_-1.0,panel_direct_pairwise,cell_l1_adjustment,weeks_1_7__10_edps,prefix,10,7,0.04694387651584113
provider_eval_linkage_shift_-1.0,linkage_shift_-1.0,panel_direct_pairwise,temporal_projection_used,weeks_1_7__10_edps,prefix,10,7,1.0
provider_eval_linkage_shift_-1.0,linkage_shift_-1.0,panel_direct_pairwise,reconciliation_seconds,weeks_1_7__10_edps,prefix,10,7,0.09594816691242158
provider_eval_linkage_shift_-1.0,linkage_shift_-1.0,panel_direct_pairwise,raw_prefix_error,weeks_1_8__10_edps,prefix,10,8,1.1481845765093424
provider_eval_linkage_shift_-1.0,linkage_shift_-1.0,panel_direct_pairwise,reconciled_prefix_error,weeks_1_8__10_edps,prefix,10,8,1.1483236151603498
provider_eval_linkage_shift_-1.0,linkage_shift_-1.0,panel_direct_pairwise,union_adjustment,weeks_1_8__10_edps,prefix,10,8,6.472379167411454e-05
provider_eval_linkage_shift_-1.0,linkage_shift_-1.0,panel_direct_pairwise,cell_l1_adjustment,weeks_1_8__10_edps,prefix,10,8,0.05087419110803582
provider_eval_linkage_shift_-1.0,linkage_shift_-1.0,panel_direct_pairwise,temporal_projection_used,weeks_1_8__10_edps,prefix,10,8,1.0
provider_eval_linkage_shift_-1.0,linkage_shift_-1.0,panel_direct_pairwise,reconciliation_seconds,weeks_1_8__10_edps,prefix,10,8,0.10964812501333654
provider_eval_linkage_shift_-1.0,linkage_shift_-1.0,panel_direct_pairwise,raw_prefix_error,weeks_1_9__10_edps,prefix,10,9,1.2133876691232155
provider_eval_linkage_shift_-1.0,linkage_shift_-1.0,panel_direct_pairwise,reconciled_prefix_error,weeks_1_9__10_edps,prefix,10,9,1.213479302086897
provider_eval_linkage_shift_-1.0,linkage_shift_-1.0,panel_direct_pairwise,union_adjustment,weeks_1_9__10_edps,prefix,10,9,4.139941907155537e-05
provider_eval_linkage_shift_-1.0,linkage_shift_-1.0,panel_direct_pairwise,cell_l1_adjustment,weeks_1_9__10_edps,prefix,10,9,0.036401537063673925
provider_eval_linkage_shift_-1.0,linkage_shift_-1.0,panel_direct_pairwise,temporal_projection_used,weeks_1_9__10_edps,prefix,10,9,1.0
provider_eval_linkage_shift_-1.0,linkage_shift_-1.0,panel_direct_pairwise,reconciliation_seconds,weeks_1_9__10_edps,prefix,10,9,0.11965587502345443
provider_eval_linkage_shift_-1.0,linkage_shift_-1.0,panel_direct_pairwise,raw_prefix_error,weeks_1_10__10_edps,prefix,10,10,1.2816435683275622
provider_eval_linkage_shift_-1.0,linkage_shift_-1.0,panel_direct_pairwise,reconciled_prefix_error,weeks_1_10__10_edps,prefix,10,10,1.2815470337594232
provider_eval_linkage_shift_-1.0,linkage_shift_-1.0,panel_direct_pairwise,union_adjustment,weeks_1_10__10_edps,prefix,10,10,4.230922370114122e-05
provider_eval_linkage_shift_-1.0,linkage_shift_-1.0,panel_direct_pairwise,cell_l1_adjustment,weeks_1_10__10_edps,prefix,10,10,0.03971279999419715
provider_eval_linkage_shift_-1.0,linkage_shift_-1.0,panel_direct_pairwise,temporal_projection_used,weeks_1_10__10_edps,prefix,10,10,1.0
provider_eval_linkage_shift_-1.0,linkage_shift_-1.0,panel_direct_pairwise,reconciliation_seconds,weeks_1_10__10_edps,prefix,10,10,0.133839208050631
provider_eval_linkage_shift_-1.0,linkage_shift_-1.0,panel_direct_pairwise,raw_prefix_error,weeks_1_11__10_edps,prefix,10,11,1.3646586624867236
provider_eval_linkage_shift_-1.0,linkage_shift_-1.0,panel_direct_pairwise,reconciled_prefix_error,weeks_1_11__10_edps,prefix,10,11,1.3647658489964958
provider_eval_linkage_shift_-1.0,linkage_shift_-1.0,panel_direct_pairwise,union_adjustment,weeks_1_11__10_edps,prefix,10,11,4.5328533658255204e-05
provider_eval_linkage_shift_-1.0,linkage_shift_-1.0,panel_direct_pairwise,cell_l1_adjustment,weeks_1_11__10_edps,prefix,10,11,0.04630156202960876
provider_eval_linkage_shift_-1.0,linkage_shift_-1.0,panel_direct_pairwise,temporal_projection_used,weeks_1_11__10_edps,prefix,10,11,1.0
provider_eval_linkage_shift_-1.0,linkage_shift_-1.0,panel_direct_pairwise,reconciliation_seconds,weeks_1_11__10_edps,prefix,10,11,0.14244966604746878
provider_eval_linkage_shift_-1.0,linkage_shift_-1.0,panel_direct_pairwise,raw_prefix_error,weeks_1_12__10_edps,prefix,10,12,1.4069320231394253
provider_eval_linkage_shift_-1.0,linkage_shift_-1.0,panel_direct_pairwise,reconciled_prefix_error,weeks_1_12__10_edps,prefix,10,12,1.4070631970260223
provider_eval_linkage_shift_-1.0,linkage_shift_-1.0,panel_direct_pairwise,union_adjustment,weeks_1_12__10_edps,prefix,10,12,5.4498376080421266e-05
provider_eval_linkage_shift_-1.0,linkage_shift_-1.0,panel_direct_pairwise,cell_l1_adjustment,weeks_1_12__10_edps,prefix,10,12,0.0353966328550734
provider_eval_linkage_shift_-1.0,linkage_shift_-1.0,panel_direct_pairwise,temporal_projection_used,weeks_1_12__10_edps,prefix,10,12,1.0
provider_eval_linkage_shift_-1.0,linkage_shift_-1.0,panel_direct_pairwise,reconciliation_seconds,weeks_1_12__10_edps,prefix,10,12,0.15754858299624175
provider_eval_linkage_shift_-1.0,linkage_shift_-1.0,panel_direct_pairwise,raw_prefix_error,weeks_1_13__10_edps,prefix,10,13,1.439717396723972
provider_eval_linkage_shift_-1.0,linkage_shift_-1.0,panel_direct_pairwise,reconciled_prefix_error,weeks_1_13__10_edps,prefix,10,13,1.4396105871615454
provider_eval_linkage_shift_-1.0,linkage_shift_-1.0,panel_direct_pairwise,union_adjustment,weeks_1_13__10_edps,prefix,10,13,4.377948141443964e-05
provider_eval_linkage_shift_-1.0,linkage_shift_-1.0,panel_direct_pairwise,cell_l1_adjustment,weeks_1_13__10_edps,prefix,10,13,0.03579116210682594
provider_eval_linkage_shift_-1.0,linkage_shift_-1.0,panel_direct_pairwise,temporal_projection_used,weeks_1_13__10_edps,prefix,10,13,1.0
provider_eval_linkage_shift_-1.0,linkage_shift_-1.0,panel_direct_pairwise,reconciliation_seconds,weeks_1_13__10_edps,prefix,10,13,0.1630421249428764
provider_eval_linkage_shift_-1.0,linkage_shift_-1.0,panel_direct_pairwise__active_today,report_error,weeks_1_3__2_edps,prefix,2,3,0.029304029304029304
provider_eval_linkage_shift_-1.0,linkage_shift_-1.0,panel_direct_pairwise__active_today,report_error,weeks_1_12__2_edps,prefix,2,12,0.2739463601532567
provider_eval_linkage_shift_-1.0,linkage_shift_-1.0,panel_direct_pairwise__active_today,report_error,weeks_5_12__2_edps,interval,2,12,0.2444633730834753
provider_eval_linkage_shift_-1.0,linkage_shift_-1.0,panel_direct_pairwise__active_today,report_error,weeks_1_3__5_edps,prefix,5,3,0.2299202942979767
provider_eval_linkage_shift_-1.0,linkage_shift_-1.0,panel_direct_pairwise__active_today,report_error,weeks_1_12__5_edps,prefix,5,12,0.9217806041335453
provider_eval_linkage_shift_-1.0,linkage_shift_-1.0,panel_direct_pairwise__active_today,report_error,weeks_7_13__5_edps,interval,5,13,0.7653750444365446
provider_eval_linkage_shift_-1.0,linkage_shift_-1.0,panel_direct_pairwise__active_today,report_error,all_weeks__5_edps,prefix,5,13,0.9760348583877996
provider_eval_linkage_shift_-1.0,linkage_shift_-1.0,panel_direct_pairwise__active_today,report_error,noncontiguous__5_edps,noncontiguous,5,13,0.5429608713190803
provider_eval_linkage_shift_-1.0,linkage_shift_-1.0,panel_direct_pairwise__active_today,report_error,weeks_1_3__10_edps,prefix,10,3,0.4595959595959596
provider_eval_linkage_shift_-1.0,linkage_shift_-1.0,panel_direct_pairwise__active_today,report_error,weeks_1_12__10_edps,prefix,10,12,1.4070631970260223
provider_eval_linkage_shift_-1.0,linkage_shift_-1.0,panel_direct_pairwise__active_today,report_error,all_weeks__10_edps,prefix,10,13,1.4396105871615454
provider_eval_linkage_shift_-1.0,linkage_shift_-1.0,panel_direct_pairwise__active_today,report_error,weeks_5_12__10_edps,interval,10,12,1.3700602813127931
provider_eval_linkage_shift_-1.0,linkage_shift_-1.0,panel_direct_pairwise__active_today,report_error,weeks_7_13__10_edps,interval,10,13,1.219277108433735
provider_eval_linkage_shift_-1.0,linkage_shift_-1.0,panel_direct_pairwise__active_today,report_error,noncontiguous__10_edps,noncontiguous,10,13,0.881883782757311
provider_eval_linkage_shift_-1.0,linkage_shift_-1.0,panel_direct_pairwise__active_today,report_error,noncontiguous__2_edps,noncontiguous,2,13,0.1348781937017231
provider_eval_linkage_shift_-1.0,linkage_shift_-1.0,panel_direct_pairwise__recent_creation,report_error,weeks_1_3__2_edps,prefix,2,3,0.029304029304029304
provider_eval_linkage_shift_-1.0,linkage_shift_-1.0,panel_direct_pairwise__recent_creation,report_error,weeks_1_12__2_edps,prefix,2,12,0.2739463601532567
provider_eval_linkage_shift_-1.0,linkage_shift_-1.0,panel_direct_pairwise__recent_creation,report_error,weeks_5_12__2_edps,interval,2,12,0.2176320272572402
provider_eval_linkage_shift_-1.0,linkage_shift_-1.0,panel_direct_pairwise__recent_creation,report_error,weeks_1_3__5_edps,prefix,5,3,0.2299202942979767
provider_eval_linkage_shift_-1.0,linkage_shift_-1.0,panel_direct_pairwise__recent_creation,report_error,weeks_1_12__5_edps,prefix,5,12,0.9217806041335453
provider_eval_linkage_shift_-1.0,linkage_shift_-1.0,panel_direct_pairwise__recent_creation,report_error,weeks_7_13__5_edps,interval,5,13,0.692854603626022
provider_eval_linkage_shift_-1.0,linkage_shift_-1.0,panel_direct_pairwise__recent_creation,report_error,all_weeks__5_edps,prefix,5,13,0.9760348583877996
provider_eval_linkage_shift_-1.0,linkage_shift_-1.0,panel_direct_pairwise__recent_creation,report_error,noncontiguous__5_edps,noncontiguous,5,13,0.5155304558289633
provider_eval_linkage_shift_-1.0,linkage_shift_-1.0,panel_direct_pairwise__recent_creation,report_error,weeks_1_3__10_edps,prefix,10,3,0.4595959595959596
provider_eval_linkage_shift_-1.0,linkage_shift_-1.0,panel_direct_pairwise__recent_creation,report_error,weeks_1_12__10_edps,prefix,10,12,1.4070631970260223
provider_eval_linkage_shift_-1.0,linkage_shift_-1.0,panel_direct_pairwise__recent_creation,report_error,all_weeks__10_edps,prefix,10,13,1.4396105871615454
provider_eval_linkage_shift_-1.0,linkage_shift_-1.0,panel_direct_pairwise__recent_creation,report_error,weeks_5_12__10_edps,interval,10,12,1.2481580709979907
provider_eval_linkage_shift_-1.0,linkage_shift_-1.0,panel_direct_pairwise__recent_creation,report_error,weeks_7_13__10_edps,interval,10,13,1.0757314974182444
provider_eval_linkage_shift_-1.0,linkage_shift_-1.0,panel_direct_pairwise__recent_creation,report_error,noncontiguous__10_edps,noncontiguous,10,13,0.8302316748955564
provider_eval_linkage_shift_-1.0,linkage_shift_-1.0,panel_direct_pairwise__recent_creation,report_error,noncontiguous__2_edps,noncontiguous,2,13,0.1289364230540701
provider_eval_linkage_shift_-1.0,linkage_shift_-1.0,panel_direct_pairwise__oldest_creation,report_error,weeks_1_3__2_edps,prefix,2,3,0.029304029304029304
provider_eval_linkage_shift_-1.0,linkage_shift_-1.0,panel_direct_pairwise__oldest_creation,report_error,weeks_1_12__2_edps,prefix,2,12,0.2739463601532567
provider_eval_linkage_shift_-1.0,linkage_shift_-1.0,panel_direct_pairwise__oldest_creation,report_error,weeks_5_12__2_edps,interval,2,12,0.13713798977853492
provider_eval_linkage_shift_-1.0,linkage_shift_-1.0,panel_direct_pairwise__oldest_creation,report_error,weeks_1_3__5_edps,prefix,5,3,0.2299202942979767
provider_eval_linkage_shift_-1.0,linkage_shift_-1.0,panel_direct_pairwise__oldest_creation,report_error,weeks_1_12__5_edps,prefix,5,12,0.9217806041335453
provider_eval_linkage_shift_-1.0,linkage_shift_-1.0,panel_direct_pairwise__oldest_creation,report_error,weeks_7_13__5_edps,interval,5,13,0.5055101315321721
provider_eval_linkage_shift_-1.0,linkage_shift_-1.0,panel_direct_pairwise__oldest_creation,report_error,all_weeks__5_edps,prefix,5,13,0.9760348583877996
provider_eval_linkage_shift_-1.0,linkage_shift_-1.0,panel_direct_pairwise__oldest_creation,report_error,noncontiguous__5_edps,noncontiguous,5,13,0.6776926179911255
provider_eval_linkage_shift_-1.0,linkage_shift_-1.0,panel_direct_pairwise__oldest_creation,report_error,weeks_1_3__10_edps,prefix,10,3,0.4595959595959596
provider_eval_linkage_shift_-1.0,linkage_shift_-1.0,panel_direct_pairwise__oldest_creation,report_error,weeks_1_12__10_edps,prefix,10,12,1.4070631970260223
provider_eval_linkage_shift_-1.0,linkage_shift_-1.0,panel_direct_pairwise__oldest_creation,report_error,all_weeks__10_edps,prefix,10,13,1.4396105871615454
provider_eval_linkage_shift_-1.0,linkage_shift_-1.0,panel_direct_pairwise__oldest_creation,report_error,weeks_5_12__10_edps,interval,10,12,0.9507702612190221
provider_eval_linkage_shift_-1.0,linkage_shift_-1.0,panel_direct_pairwise__oldest_creation,report_error,weeks_7_13__10_edps,interval,10,13,0.8123924268502581
provider_eval_linkage_shift_-1.0,linkage_shift_-1.0,panel_direct_pairwise__oldest_creation,report_error,noncontiguous__10_edps,noncontiguous,10,13,1.0721610330421572
provider_eval_linkage_shift_-1.0,linkage_shift_-1.0,panel_direct_pairwise__oldest_creation,report_error,noncontiguous__2_edps,noncontiguous,2,13,0.14022578728461083
provider_eval_linkage_shift_0.0,linkage_shift_0.0,existing_vid,report_error,weeks_1_3__2_edps,prefix,2,3,0.01040081923180171
provider_eval_linkage_shift_0.0,linkage_shift_0.0,existing_vid,report_error,weeks_1_12__2_edps,prefix,2,12,0.03815401827774637
provider_eval_linkage_shift_0.0,linkage_shift_0.0,existing_vid,report_error,weeks_5_12__2_edps,interval,2,12,0.0261793090499433
provider_eval_linkage_shift_0.0,linkage_shift_0.0,existing_vid,report_error,weeks_1_3__5_edps,prefix,5,3,0.018784716194237137
provider_eval_linkage_shift_0.0,linkage_shift_0.0,existing_vid,report_error,weeks_1_12__5_edps,prefix,5,12,0.10234127567327903
provider_eval_linkage_shift_0.0,linkage_shift_0.0,existing_vid,report_error,weeks_7_13__5_edps,interval,5,13,0.07806155584625893
provider_eval_linkage_shift_0.0,linkage_shift_0.0,existing_vid,report_error,all_weeks__5_edps,prefix,5,13,0.10664328758760014
provider_eval_linkage_shift_0.0,linkage_shift_0.0,existing_vid,report_error,noncontiguous__5_edps,noncontiguous,5,13,0.05093108545099101
provider_eval_linkage_shift_0.0,linkage_shift_0.0,existing_vid,report_error,weeks_1_3__10_edps,prefix,10,3,0.06174719840578352
provider_eval_linkage_shift_0.0,linkage_shift_0.0,existing_vid,report_error,weeks_1_12__10_edps,prefix,10,12,0.1443033484250003
provider_eval_linkage_shift_0.0,linkage_shift_0.0,existing_vid,report_error,all_weeks__10_edps,prefix,10,13,0.14763691603745935
provider_eval_linkage_shift_0.0,linkage_shift_0.0,existing_vid,report_error,weeks_5_12__10_edps,interval,10,12,0.1228054743948184
provider_eval_linkage_shift_0.0,linkage_shift_0.0,existing_vid,report_error,weeks_7_13__10_edps,interval,10,13,0.10451246594041444
provider_eval_linkage_shift_0.0,linkage_shift_0.0,existing_vid,report_error,noncontiguous__10_edps,noncontiguous,10,13,0.08138938812196811
provider_eval_linkage_shift_0.0,linkage_shift_0.0,existing_vid,report_error,noncontiguous__2_edps,noncontiguous,2,13,0.014135391638635033
provider_eval_linkage_shift_0.0,linkage_shift_0.0,panel_direct_pairwise,raw_prefix_error,weeks_1_1__10_edps,prefix,10,1,0.01680932406670866
provider_eval_linkage_shift_0.0,linkage_shift_0.0,panel_direct_pairwise,reconciled_prefix_error,weeks_1_1__10_edps,prefix,10,1,0.016666666666666666
provider_eval_linkage_shift_0.0,linkage_shift_0.0,panel_direct_pairwise,union_adjustment,weeks_1_1__10_edps,prefix,10,1,0.0001402990675473082
provider_eval_linkage_shift_0.0,linkage_shift_0.0,panel_direct_pairwise,cell_l1_adjustment,weeks_1_1__10_edps,prefix,10,1,0.04234625504799453
provider_eval_linkage_shift_0.0,linkage_shift_0.0,panel_direct_pairwise,temporal_projection_used,weeks_1_1__10_edps,prefix,10,1,1.0
provider_eval_linkage_shift_0.0,linkage_shift_0.0,panel_direct_pairwise,reconciliation_seconds,weeks_1_1__10_edps,prefix,10,1,0.011586333974264562
provider_eval_linkage_shift_0.0,linkage_shift_0.0,panel_direct_pairwise,raw_prefix_error,weeks_1_2__10_edps,prefix,10,2,0.04436490158774818
provider_eval_linkage_shift_0.0,linkage_shift_0.0,panel_direct_pairwise,reconciled_prefix_error,weeks_1_2__10_edps,prefix,10,2,0.04423076923076923
provider_eval_linkage_shift_0.0,linkage_shift_0.0,panel_direct_pairwise,union_adjustment,weeks_1_2__10_edps,prefix,10,2,0.00012843437842030336
provider_eval_linkage_shift_0.0,linkage_shift_0.0,panel_direct_pairwise,cell_l1_adjustment,weeks_1_2__10_edps,prefix,10,2,0.07440458229390014
provider_eval_linkage_shift_0.0,linkage_shift_0.0,panel_direct_pairwise,temporal_projection_used,weeks_1_2__10_edps,prefix,10,2,1.0
provider_eval_linkage_shift_0.0,linkage_shift_0.0,panel_direct_pairwise,reconciliation_seconds,weeks_1_2__10_edps,prefix,10,2,0.026077249902300537
provider_eval_linkage_shift_0.0,linkage_shift_0.0,panel_direct_pairwise,raw_prefix_error,weeks_1_3__10_edps,prefix,10,3,0.0583707636508399
provider_eval_linkage_shift_0.0,linkage_shift_0.0,panel_direct_pairwise,reconciled_prefix_error,weeks_1_3__10_edps,prefix,10,3,0.05842293906810036
provider_eval_linkage_shift_0.0,linkage_shift_0.0,panel_direct_pairwise,union_adjustment,weeks_1_3__10_edps,prefix,10,3,4.929786333104397e-05
provider_eval_linkage_shift_0.0,linkage_shift_0.0,panel_direct_pairwise,cell_l1_adjustment,weeks_1_3__10_edps,prefix,10,3,0.06480113292888783
provider_eval_linkage_shift_0.0,linkage_shift_0.0,panel_direct_pairwise,temporal_projection_used,weeks_1_3__10_edps,prefix,10,3,1.0
provider_eval_linkage_shift_0.0,linkage_shift_0.0,panel_direct_pairwise,reconciliation_seconds,weeks_1_3__10_edps,prefix,10,3,0.03498058393597603
provider_eval_linkage_shift_0.0,linkage_shift_0.0,panel_direct_pairwise,raw_prefix_error,weeks_1_4__10_edps,prefix,10,4,0.056263859453706634
provider_eval_linkage_shift_0.0,linkage_shift_0.0,panel_direct_pairwise,reconciled_prefix_error,weeks_1_4__10_edps,prefix,10,4,0.05630105017502917
provider_eval_linkage_shift_0.0,linkage_shift_0.0,panel_direct_pairwise,union_adjustment,weeks_1_4__10_edps,prefix,10,4,3.520968836447782e-05
provider_eval_linkage_shift_0.0,linkage_shift_0.0,panel_direct_pairwise,cell_l1_adjustment,weeks_1_4__10_edps,prefix,10,4,0.03139718348217213
provider_eval_linkage_shift_0.0,linkage_shift_0.0,panel_direct_pairwise,temporal_projection_used,weeks_1_4__10_edps,prefix,10,4,1.0
provider_eval_linkage_shift_0.0,linkage_shift_0.0,panel_direct_pairwise,reconciliation_seconds,weeks_1_4__10_edps,prefix,10,4,0.05491383303888142
provider_eval_linkage_shift_0.0,linkage_shift_0.0,panel_direct_pairwise,raw_prefix_error,weeks_1_5__10_edps,prefix,10,5,0.061516407331696894
provider_eval_linkage_shift_0.0,linkage_shift_0.0,panel_direct_pairwise,reconciled_prefix_error,weeks_1_5__10_edps,prefix,10,5,0.06142506142506143
provider_eval_linkage_shift_0.0,linkage_shift_0.0,panel_direct_pairwise,union_adjustment,weeks_1_5__10_edps,prefix,10,5,8.605227955447711e-05
provider_eval_linkage_shift_0.0,linkage_shift_0.0,panel_direct_pairwise,cell_l1_adjustment,weeks_1_5__10_edps,prefix,10,5,0.04207613186973004
provider_eval_linkage_shift_0.0,linkage_shift_0.0,panel_direct_pairwise,temporal_projection_used,weeks_1_5__10_edps,prefix,10,5,1.0
provider_eval_linkage_shift_0.0,linkage_shift_0.0,panel_direct_pairwise,reconciliation_seconds,weeks_1_5__10_edps,prefix,10,5,0.08065041701775044
provider_eval_linkage_shift_0.0,linkage_shift_0.0,panel_direct_pairwise,raw_prefix_error,weeks_1_6__10_edps,prefix,10,6,0.06897433232888195
provider_eval_linkage_shift_0.0,linkage_shift_0.0,panel_direct_pairwise,reconciled_prefix_error,weeks_1_6__10_edps,prefix,10,6,0.06895820072140887
provider_eval_linkage_shift_0.0,linkage_shift_0.0,panel_direct_pairwise,union_adjustment,weeks_1_6__10_edps,prefix,10,6,1.5090734159799437e-05
provider_eval_linkage_shift_0.0,linkage_shift_0.0,panel_direct_pairwise,cell_l1_adjustment,weeks_1_6__10_edps,prefix,10,6,0.06321349675296511
provider_eval_linkage_shift_0.0,linkage_shift_0.0,panel_direct_pairwise,temporal_projection_used,weeks_1_6__10_edps,prefix,10,6,1.0
provider_eval_linkage_shift_0.0,linkage_shift_0.0,panel_direct_pairwise,reconciliation_seconds,weeks_1_6__10_edps,prefix,10,6,0.1041734169702977
provider_eval_linkage_shift_0.0,linkage_shift_0.0,panel_direct_pairwise,raw_prefix_error,weeks_1_7__10_edps,prefix,10,7,0.07706737961902499
provider_eval_linkage_shift_0.0,linkage_shift_0.0,panel_direct_pairwise,reconciled_prefix_error,weeks_1_7__10_edps,prefix,10,7,0.07712816606360694
provider_eval_linkage_shift_0.0,linkage_shift_0.0,panel_direct_pairwise,union_adjustment,weeks_1_7__10_edps,prefix,10,7,5.6436993388291466e-05
provider_eval_linkage_shift_0.0,linkage_shift_0.0,panel_direct_pairwise,cell_l1_adjustment,weeks_1_7__10_edps,prefix,10,7,0.060489250828411126
provider_eval_linkage_shift_0.0,linkage_shift_0.0,panel_direct_pairwise,temporal_projection_used,weeks_1_7__10_edps,prefix,10,7,1.0
provider_eval_linkage_shift_0.0,linkage_shift_0.0,panel_direct_pairwise,reconciliation_seconds,weeks_1_7__10_edps,prefix,10,7,0.1188577909488231
provider_eval_linkage_shift_0.0,linkage_shift_0.0,panel_direct_pairwise,raw_prefix_error,weeks_1_8__10_edps,prefix,10,8,0.08055383231889932
provider_eval_linkage_shift_0.0,linkage_shift_0.0,panel_direct_pairwise,reconciled_prefix_error,weeks_1_8__10_edps,prefix,10,8,0.08048184357541899
provider_eval_linkage_shift_0.0,linkage_shift_0.0,panel_direct_pairwise,union_adjustment,weeks_1_8__10_edps,prefix,10,8,6.662207964829192e-05
provider_eval_linkage_shift_0.0,linkage_shift_0.0,panel_direct_pairwise,cell_l1_adjustment,weeks_1_8__10_edps,prefix,10,8,0.0537597342424995
provider_eval_linkage_shift_0.0,linkage_shift_0.0,panel_direct_pairwise,temporal_projection_used,weeks_1_8__10_edps,prefix,10,8,1.0
provider_eval_linkage_shift_0.0,linkage_shift_0.0,panel_direct_pairwise,reconciliation_seconds,weeks_1_8__10_edps,prefix,10,8,0.14404616691172123
provider_eval_linkage_shift_0.0,linkage_shift_0.0,panel_direct_pairwise,raw_prefix_error,weeks_1_9__10_edps,prefix,10,9,0.087376478416263
provider_eval_linkage_shift_0.0,linkage_shift_0.0,panel_direct_pairwise,reconciled_prefix_error,weeks_1_9__10_edps,prefix,10,9,0.08745874587458746
provider_eval_linkage_shift_0.0,linkage_shift_0.0,panel_direct_pairwise,union_adjustment,weeks_1_9__10_edps,prefix,10,9,7.565683087439359e-05
provider_eval_linkage_shift_0.0,linkage_shift_0.0,panel_direct_pairwise,cell_l1_adjustment,weeks_1_9__10_edps,prefix,10,9,0.033309828638660416
provider_eval_linkage_shift_0.0,linkage_shift_0.0,panel_direct_pairwise,temporal_projection_used,weeks_1_9__10_edps,prefix,10,9,1.0
provider_eval_linkage_shift_0.0,linkage_shift_0.0,panel_direct_pairwise,reconciliation_seconds,weeks_1_9__10_edps,prefix,10,9,0.15230750001501292
provider_eval_linkage_shift_0.0,linkage_shift_0.0,panel_direct_pairwise,raw_prefix_error,weeks_1_10__10_edps,prefix,10,10,0.09249556430830706
provider_eval_linkage_shift_0.0,linkage_shift_0.0,panel_direct_pairwise,reconciled_prefix_error,weeks_1_10__10_edps,prefix,10,10,0.09249287298067786
provider_eval_linkage_shift_0.0,linkage_shift_0.0,panel_direct_pairwise,union_adjustment,weeks_1_10__10_edps,prefix,10,10,2.4634677860561757e-06
provider_eval_linkage_shift_0.0,linkage_shift_0.0,panel_direct_pairwise,cell_l1_adjustment,weeks_1_10__10_edps,prefix,10,10,0.03754907606607908
provider_eval_linkage_shift_0.0,linkage_shift_0.0,panel_direct_pairwise,temporal_projection_used,weeks_1_10__10_edps,prefix,10,10,1.0
provider_eval_linkage_shift_0.0,linkage_shift_0.0,panel_direct_pairwise,reconciliation_seconds,weeks_1_10__10_edps,prefix,10,10,0.1686986250570044
provider_eval_linkage_shift_0.0,linkage_shift_0.0,panel_direct_pairwise,raw_prefix_error,weeks_1_11__10_edps,prefix,10,11,0.09475714885478889
provider_eval_linkage_shift_0.0,linkage_shift_0.0,panel_direct_pairwise,reconciled_prefix_error,weeks_1_11__10_edps,prefix,10,11,0.09474003334849174
provider_eval_linkage_shift_0.0,linkage_shift_0.0,panel_direct_pairwise,union_adjustment,weeks_1_11__10_edps,prefix,10,11,1.563406671079928e-05
provider_eval_linkage_shift_0.0,linkage_shift_0.0,panel_direct_pairwise,cell_l1_adjustment,weeks_1_11__10_edps,prefix,10,11,0.04036130838683521
provider_eval_linkage_shift_0.0,linkage_shift_0.0,panel_direct_pairwise,temporal_projection_used,weeks_1_11__10_edps,prefix,10,11,1.0
provider_eval_linkage_shift_0.0,linkage_shift_0.0,panel_direct_pairwise,reconciliation_seconds,weeks_1_11__10_edps,prefix,10,11,0.17682716599665582
provider_eval_linkage_shift_0.0,linkage_shift_0.0,panel_direct_pairwise,raw_prefix_error,weeks_1_12__10_edps,prefix,10,12,0.09619739466712567
provider_eval_linkage_shift_0.0,linkage_shift_0.0,panel_direct_pairwise,reconciled_prefix_error,weeks_1_12__10_edps,prefix,10,12,0.09615103175764672
provider_eval_linkage_shift_0.0,linkage_shift_0.0,panel_direct_pairwise,union_adjustment,weeks_1_12__10_edps,prefix,10,12,4.2294307307054334e-05
provider_eval_linkage_shift_0.0,linkage_shift_0.0,panel_direct_pairwise,cell_l1_adjustment,weeks_1_12__10_edps,prefix,10,12,0.040043275300917905
provider_eval_linkage_shift_0.0,linkage_shift_0.0,panel_direct_pairwise,temporal_projection_used,weeks_1_12__10_edps,prefix,10,12,1.0
provider_eval_linkage_shift_0.0,linkage_shift_0.0,panel_direct_pairwise,reconciliation_seconds,weeks_1_12__10_edps,prefix,10,12,0.18464833300095052
provider_eval_linkage_shift_0.0,linkage_shift_0.0,panel_direct_pairwise,raw_prefix_error,weeks_1_13__10_edps,prefix,10,13,0.0965206776649195
provider_eval_linkage_shift_0.0,linkage_shift_0.0,panel_direct_pairwise,reconciled_prefix_error,weeks_1_13__10_edps,prefix,10,13,0.09649626651349799
provider_eval_linkage_shift_0.0,linkage_shift_0.0,panel_direct_pairwise,union_adjustment,weeks_1_13__10_edps,prefix,10,13,2.2262372173140902e-05
provider_eval_linkage_shift_0.0,linkage_shift_0.0,panel_direct_pairwise,cell_l1_adjustment,weeks_1_13__10_edps,prefix,10,13,0.03339332802841788
provider_eval_linkage_shift_0.0,linkage_shift_0.0,panel_direct_pairwise,temporal_projection_used,weeks_1_13__10_edps,prefix,10,13,1.0
provider_eval_linkage_shift_0.0,linkage_shift_0.0,panel_direct_pairwise,reconciliation_seconds,weeks_1_13__10_edps,prefix,10,13,0.19782674999441952
provider_eval_linkage_shift_0.0,linkage_shift_0.0,panel_direct_pairwise__active_today,report_error,weeks_1_3__2_edps,prefix,2,3,0.014504431909750202
provider_eval_linkage_shift_0.0,linkage_shift_0.0,panel_direct_pairwise__active_today,report_error,weeks_1_12__2_edps,prefix,2,12,0.018937252685132844
provider_eval_linkage_shift_0.0,linkage_shift_0.0,panel_direct_pairwise__active_today,report_error,weeks_5_12__2_edps,interval,2,12,0.03417198648141194
provider_eval_linkage_shift_0.0,linkage_shift_0.0,panel_direct_pairwise__active_today,report_error,weeks_1_3__5_edps,prefix,5,3,0.002772002772002772
provider_eval_linkage_shift_0.0,linkage_shift_0.0,panel_direct_pairwise__active_today,report_error,weeks_1_12__5_edps,prefix,5,12,0.044026243093922654
provider_eval_linkage_shift_0.0,linkage_shift_0.0,panel_direct_pairwise__active_today,report_error,weeks_7_13__5_edps,interval,5,13,0.08873114463176575
provider_eval_linkage_shift_0.0,linkage_shift_0.0,panel_direct_pairwise__active_today,report_error,all_weeks__5_edps,prefix,5,13,0.049873203719357564
provider_eval_linkage_shift_0.0,linkage_shift_0.0,panel_direct_pairwise__active_today,report_error,noncontiguous__5_edps,noncontiguous,5,13,0.04056291390728477
provider_eval_linkage_shift_0.0,linkage_shift_0.0,panel_direct_pairwise__active_today,report_error,weeks_1_3__10_edps,prefix,10,3,0.05842293906810036
provider_eval_linkage_shift_0.0,linkage_shift_0.0,panel_direct_pairwise__active_today,report_error,weeks_1_12__10_edps,prefix,10,12,0.09615103175764672
provider_eval_linkage_shift_0.0,linkage_shift_0.0,panel_direct_pairwise__active_today,report_error,all_weeks__10_edps,prefix,10,13,0.09649626651349799
provider_eval_linkage_shift_0.0,linkage_shift_0.0,panel_direct_pairwise__active_today,report_error,weeks_5_12__10_edps,interval,10,12,0.14322647362978283
provider_eval_linkage_shift_0.0,linkage_shift_0.0,panel_direct_pairwise__active_today,report_error,weeks_7_13__10_edps,interval,10,13,0.13123209169054442
provider_eval_linkage_shift_0.0,linkage_shift_0.0,panel_direct_pairwise__active_today,report_error,noncontiguous__10_edps,noncontiguous,10,13,0.01230899830220713
provider_eval_linkage_shift_0.0,linkage_shift_0.0,panel_direct_pairwise__active_today,report_error,noncontiguous__2_edps,noncontiguous,2,13,0.019221528111484865
provider_eval_linkage_shift_0.0,linkage_shift_0.0,panel_direct_pairwise__recent_creation,report_error,weeks_1_3__2_edps,prefix,2,3,0.014504431909750202
provider_eval_linkage_shift_0.0,linkage_shift_0.0,panel_direct_pairwise__recent_creation,report_error,weeks_1_12__2_edps,prefix,2,12,0.018937252685132844
provider_eval_linkage_shift_0.0,linkage_shift_0.0,panel_direct_pairwise__recent_creation,report_error,weeks_5_12__2_edps,interval,2,12,0.01915133308298911
provider_eval_linkage_shift_0.0,linkage_shift_0.0,panel_direct_pairwise__recent_creation,report_error,weeks_1_3__5_edps,prefix,5,3,0.002772002772002772
provider_eval_linkage_shift_0.0,linkage_shift_0.0,panel_direct_pairwise__recent_creation,report_error,weeks_1_12__5_edps,prefix,5,12,0.044026243093922654
provider_eval_linkage_shift_0.0,linkage_shift_0.0,panel_direct_pairwise__recent_creation,report_error,weeks_7_13__5_edps,interval,5,13,0.040150842945874
provider_eval_linkage_shift_0.0,linkage_shift_0.0,panel_direct_pairwise__recent_creation,report_error,all_weeks__5_edps,prefix,5,13,0.049873203719357564
provider_eval_linkage_shift_0.0,linkage_shift_0.0,panel_direct_pairwise__recent_creation,report_error,noncontiguous__5_edps,noncontiguous,5,13,0.048013245033112585
provider_eval_linkage_shift_0.0,linkage_shift_0.0,panel_direct_pairwise__recent_creation,report_error,weeks_1_3__10_edps,prefix,10,3,0.05842293906810036
provider_eval_linkage_shift_0.0,linkage_shift_0.0,panel_direct_pairwise__recent_creation,report_error,weeks_1_12__10_edps,prefix,10,12,0.09615103175764672
provider_eval_linkage_shift_0.0,linkage_shift_0.0,panel_direct_pairwise__recent_creation,report_error,all_weeks__10_edps,prefix,10,13,0.09649626651349799
provider_eval_linkage_shift_0.0,linkage_shift_0.0,panel_direct_pairwise__recent_creation,report_error,weeks_5_12__10_edps,interval,10,12,0.09203722854188211
provider_eval_linkage_shift_0.0,linkage_shift_0.0,panel_direct_pairwise__recent_creation,report_error,weeks_7_13__10_edps,interval,10,13,0.05100286532951289
provider_eval_linkage_shift_0.0,linkage_shift_0.0,panel_direct_pairwise__recent_creation,report_error,noncontiguous__10_edps,noncontiguous,10,13,0.01931239388794567
provider_eval_linkage_shift_0.0,linkage_shift_0.0,panel_direct_pairwise__recent_creation,report_error,noncontiguous__2_edps,noncontiguous,2,13,0.017299375300336376
provider_eval_linkage_shift_0.0,linkage_shift_0.0,panel_direct_pairwise__oldest_creation,report_error,weeks_1_3__2_edps,prefix,2,3,0.014504431909750202
provider_eval_linkage_shift_0.0,linkage_shift_0.0,panel_direct_pairwise__oldest_creation,report_error,weeks_1_12__2_edps,prefix,2,12,0.018937252685132844
provider_eval_linkage_shift_0.0,linkage_shift_0.0,panel_direct_pairwise__oldest_creation,report_error,weeks_5_12__2_edps,interval,2,12,0.03567405182125422
provider_eval_linkage_shift_0.0,linkage_shift_0.0,panel_direct_pairwise__oldest_creation,report_error,weeks_1_3__5_edps,prefix,5,3,0.002772002772002772
provider_eval_linkage_shift_0.0,linkage_shift_0.0,panel_direct_pairwise__oldest_creation,report_error,weeks_1_12__5_edps,prefix,5,12,0.044026243093922654
provider_eval_linkage_shift_0.0,linkage_shift_0.0,panel_direct_pairwise__oldest_creation,report_error,weeks_7_13__5_edps,interval,5,13,0.06876663708961846
provider_eval_linkage_shift_0.0,linkage_shift_0.0,panel_direct_pairwise__oldest_creation,report_error,all_weeks__5_edps,prefix,5,13,0.049873203719357564
provider_eval_linkage_shift_0.0,linkage_shift_0.0,panel_direct_pairwise__oldest_creation,report_error,noncontiguous__5_edps,noncontiguous,5,13,0.024282560706401765
provider_eval_linkage_shift_0.0,linkage_shift_0.0,panel_direct_pairwise__oldest_creation,report_error,weeks_1_3__10_edps,prefix,10,3,0.05842293906810036
provider_eval_linkage_shift_0.0,linkage_shift_0.0,panel_direct_pairwise__oldest_creation,report_error,weeks_1_12__10_edps,prefix,10,12,0.09615103175764672
provider_eval_linkage_shift_0.0,linkage_shift_0.0,panel_direct_pairwise__oldest_creation,report_error,all_weeks__10_edps,prefix,10,13,0.09649626651349799
provider_eval_linkage_shift_0.0,linkage_shift_0.0,panel_direct_pairwise__oldest_creation,report_error,weeks_5_12__10_edps,interval,10,12,0.03257497414684592
provider_eval_linkage_shift_0.0,linkage_shift_0.0,panel_direct_pairwise__oldest_creation,report_error,weeks_7_13__10_edps,interval,10,13,0.06494746895893028
provider_eval_linkage_shift_0.0,linkage_shift_0.0,panel_direct_pairwise__oldest_creation,report_error,noncontiguous__10_edps,noncontiguous,10,13,0.08977079796264856
provider_eval_linkage_shift_0.0,linkage_shift_0.0,panel_direct_pairwise__oldest_creation,report_error,noncontiguous__2_edps,noncontiguous,2,13,0.015377222489187891
provider_eval_linkage_shift_1.0,linkage_shift_1.0,existing_vid,report_error,weeks_1_3__2_edps,prefix,2,3,0.08702928127772892
provider_eval_linkage_shift_1.0,linkage_shift_1.0,existing_vid,report_error,weeks_1_12__2_edps,prefix,2,12,0.3777860710321865
provider_eval_linkage_shift_1.0,linkage_shift_1.0,existing_vid,report_error,weeks_5_12__2_edps,interval,2,12,0.21778689655172415
provider_eval_linkage_shift_1.0,linkage_shift_1.0,existing_vid,report_error,weeks_1_3__5_edps,prefix,5,3,0.32893031439778825
provider_eval_linkage_shift_1.0,linkage_shift_1.0,existing_vid,report_error,weeks_1_12__5_edps,prefix,5,12,1.0424556058482246
provider_eval_linkage_shift_1.0,linkage_shift_1.0,existing_vid,report_error,weeks_7_13__5_edps,interval,5,13,0.6028802930851102
provider_eval_linkage_shift_1.0,linkage_shift_1.0,existing_vid,report_error,all_weeks__5_edps,prefix,5,13,1.0532606794481352
provider_eval_linkage_shift_1.0,linkage_shift_1.0,existing_vid,report_error,noncontiguous__5_edps,noncontiguous,5,13,0.5704008353754196
provider_eval_linkage_shift_1.0,linkage_shift_1.0,existing_vid,report_error,weeks_1_3__10_edps,prefix,10,3,0.5909982955046599
provider_eval_linkage_shift_1.0,linkage_shift_1.0,existing_vid,report_error,weeks_1_12__10_edps,prefix,10,12,1.4398916207501697
provider_eval_linkage_shift_1.0,linkage_shift_1.0,existing_vid,report_error,all_weeks__10_edps,prefix,10,13,1.459121071779959
provider_eval_linkage_shift_1.0,linkage_shift_1.0,existing_vid,report_error,weeks_5_12__10_edps,interval,10,12,1.1825510354980473
provider_eval_linkage_shift_1.0,linkage_shift_1.0,existing_vid,report_error,weeks_7_13__10_edps,interval,10,13,1.0936970888696904
provider_eval_linkage_shift_1.0,linkage_shift_1.0,existing_vid,report_error,noncontiguous__10_edps,noncontiguous,10,13,0.9380657464808425
provider_eval_linkage_shift_1.0,linkage_shift_1.0,existing_vid,report_error,noncontiguous__2_edps,noncontiguous,2,13,0.16266281172663255
provider_eval_linkage_shift_1.0,linkage_shift_1.0,panel_direct_pairwise,raw_prefix_error,weeks_1_1__10_edps,prefix,10,1,0.061331669936579986
provider_eval_linkage_shift_1.0,linkage_shift_1.0,panel_direct_pairwise,reconciled_prefix_error,weeks_1_1__10_edps,prefix,10,1,0.06186868686868687
provider_eval_linkage_shift_1.0,linkage_shift_1.0,panel_direct_pairwise,union_adjustment,weeks_1_1__10_edps,prefix,10,1,0.0005059840833196093
provider_eval_linkage_shift_1.0,linkage_shift_1.0,panel_direct_pairwise,cell_l1_adjustment,weeks_1_1__10_edps,prefix,10,1,0.11274452425188598
provider_eval_linkage_shift_1.0,linkage_shift_1.0,panel_direct_pairwise,temporal_projection_used,weeks_1_1__10_edps,prefix,10,1,1.0
provider_eval_linkage_shift_1.0,linkage_shift_1.0,panel_direct_pairwise,reconciliation_seconds,weeks_1_1__10_edps,prefix,10,1,0.012442708015441895
provider_eval_linkage_shift_1.0,linkage_shift_1.0,panel_direct_pairwise,raw_prefix_error,weeks_1_2__10_edps,prefix,10,2,0.014344058320220487
provider_eval_linkage_shift_1.0,linkage_shift_1.0,panel_direct_pairwise,reconciled_prefix_error,weeks_1_2__10_edps,prefix,10,2,0.014257939079714841
provider_eval_linkage_shift_1.0,linkage_shift_1.0,panel_direct_pairwise,union_adjustment,weeks_1_2__10_edps,prefix,10,2,8.490140973257523e-05
provider_eval_linkage_shift_1.0,linkage_shift_1.0,panel_direct_pairwise,cell_l1_adjustment,weeks_1_2__10_edps,prefix,10,2,0.25715694412106543
provider_eval_linkage_shift_1.0,linkage_shift_1.0,panel_direct_pairwise,temporal_projection_used,weeks_1_2__10_edps,prefix,10,2,1.0
provider_eval_linkage_shift_1.0,linkage_shift_1.0,panel_direct_pairwise,reconciliation_seconds,weeks_1_2__10_edps,prefix,10,2,0.028604250052012503
provider_eval_linkage_shift_1.0,linkage_shift_1.0,panel_direct_pairwise,raw_prefix_error,weeks_1_3__10_edps,prefix,10,3,0.07163792663497054
provider_eval_linkage_shift_1.0,linkage_shift_1.0,panel_direct_pairwise,reconciled_prefix_error,weeks_1_3__10_edps,prefix,10,3,0.0718288334182374
provider_eval_linkage_shift_1.0,linkage_shift_1.0,panel_direct_pairwise,union_adjustment,weeks_1_3__10_edps,prefix,10,3,0.00020563828353824015
provider_eval_linkage_shift_1.0,linkage_shift_1.0,panel_direct_pairwise,cell_l1_adjustment,weeks_1_3__10_edps,prefix,10,3,0.2658470874549616
provider_eval_linkage_shift_1.0,linkage_shift_1.0,panel_direct_pairwise,temporal_projection_used,weeks_1_3__10_edps,prefix,10,3,1.0
provider_eval_linkage_shift_1.0,linkage_shift_1.0,panel_direct_pairwise,reconciliation_seconds,weeks_1_3__10_edps,prefix,10,3,0.05198366695549339
provider_eval_linkage_shift_1.0,linkage_shift_1.0,panel_direct_pairwise,raw_prefix_error,weeks_1_4__10_edps,prefix,10,4,0.11166284840606523
provider_eval_linkage_shift_1.0,linkage_shift_1.0,panel_direct_pairwise,reconciled_prefix_error,weeks_1_4__10_edps,prefix,10,4,0.11183637946040034
provider_eval_linkage_shift_1.0,linkage_shift_1.0,panel_direct_pairwise,union_adjustment,weeks_1_4__10_edps,prefix,10,4,0.00019534368682365484
provider_eval_linkage_shift_1.0,linkage_shift_1.0,panel_direct_pairwise,cell_l1_adjustment,weeks_1_4__10_edps,prefix,10,4,0.1983917918729741
provider_eval_linkage_shift_1.0,linkage_shift_1.0,panel_direct_pairwise,temporal_projection_used,weeks_1_4__10_edps,prefix,10,4,1.0
provider_eval_linkage_shift_1.0,linkage_shift_1.0,panel_direct_pairwise,reconciliation_seconds,weeks_1_4__10_edps,prefix,10,4,0.08375975000672042
provider_eval_linkage_shift_1.0,linkage_shift_1.0,panel_direct_pairwise,raw_prefix_error,weeks_1_5__10_edps,prefix,10,5,0.16895347612870107
provider_eval_linkage_shift_1.0,linkage_shift_1.0,panel_direct_pairwise,reconciled_prefix_error,weeks_1_5__10_edps,prefix,10,5,0.16875981161695447
provider_eval_linkage_shift_1.0,linkage_shift_1.0,panel_direct_pairwise,union_adjustment,weeks_1_5__10_edps,prefix,10,5,0.00023303690730300545
provider_eval_linkage_shift_1.0,linkage_shift_1.0,panel_direct_pairwise,cell_l1_adjustment,weeks_1_5__10_edps,prefix,10,5,0.19449083445981885
provider_eval_linkage_shift_1.0,linkage_shift_1.0,panel_direct_pairwise,temporal_projection_used,weeks_1_5__10_edps,prefix,10,5,1.0
provider_eval_linkage_shift_1.0,linkage_shift_1.0,panel_direct_pairwise,reconciliation_seconds,weeks_1_5__10_edps,prefix,10,5,0.08438975003082305
provider_eval_linkage_shift_1.0,linkage_shift_1.0,panel_direct_pairwise,raw_prefix_error,weeks_1_6__10_edps,prefix,10,6,0.21053563843004267
provider_eval_linkage_shift_1.0,linkage_shift_1.0,panel_direct_pairwise,reconciled_prefix_error,weeks_1_6__10_edps,prefix,10,6,0.2105652013298855
provider_eval_linkage_shift_1.0,linkage_shift_1.0,panel_direct_pairwise,union_adjustment,weeks_1_6__10_edps,prefix,10,6,3.744678199858668e-05
provider_eval_linkage_shift_1.0,linkage_shift_1.0,panel_direct_pairwise,cell_l1_adjustment,weeks_1_6__10_edps,prefix,10,6,0.18828708857880955
provider_eval_linkage_shift_1.0,linkage_shift_1.0,panel_direct_pairwise,temporal_projection_used,weeks_1_6__10_edps,prefix,10,6,1.0
provider_eval_linkage_shift_1.0,linkage_shift_1.0,panel_direct_pairwise,reconciliation_seconds,weeks_1_6__10_edps,prefix,10,6,0.08698566700331867
provider_eval_linkage_shift_1.0,linkage_shift_1.0,panel_direct_pairwise,raw_prefix_error,weeks_1_7__10_edps,prefix,10,7,0.24321744107658888
provider_eval_linkage_shift_1.0,linkage_shift_1.0,panel_direct_pairwise,reconciled_prefix_error,weeks_1_7__10_edps,prefix,10,7,0.2432909604519774
provider_eval_linkage_shift_1.0,linkage_shift_1.0,panel_direct_pairwise,union_adjustment,weeks_1_7__10_edps,prefix,10,7,9.714729088570547e-05
provider_eval_linkage_shift_1.0,linkage_shift_1.0,panel_direct_pairwise,cell_l1_adjustment,weeks_1_7__10_edps,prefix,10,7,0.20178860705488244
provider_eval_linkage_shift_1.0,linkage_shift_1.0,panel_direct_pairwise,temporal_projection_used,weeks_1_7__10_edps,prefix,10,7,1.0
provider_eval_linkage_shift_1.0,linkage_shift_1.0,panel_direct_pairwise,reconciliation_seconds,weeks_1_7__10_edps,prefix,10,7,0.07939304108731449
provider_eval_linkage_shift_1.0,linkage_shift_1.0,panel_direct_pairwise,raw_prefix_error,weeks_1_8__10_edps,prefix,10,8,0.26680514689581836
provider_eval_linkage_shift_1.0,linkage_shift_1.0,panel_direct_pairwise,reconciled_prefix_error,weeks_1_8__10_edps,prefix,10,8,0.2668010752688172
provider_eval_linkage_shift_1.0,linkage_shift_1.0,panel_direct_pairwise,union_adjustment,weeks_1_8__10_edps,prefix,10,8,5.5532672982066544e-06
provider_eval_linkage_shift_1.0,linkage_shift_1.0,panel_direct_pairwise,cell_l1_adjustment,weeks_1_8__10_edps,prefix,10,8,0.2229684753124107
provider_eval_linkage_shift_1.0,linkage_shift_1.0,panel_direct_pairwise,temporal_projection_used,weeks_1_8__10_edps,prefix,10,8,1.0
provider_eval_linkage_shift_1.0,linkage_shift_1.0,panel_direct_pairwise,reconciliation_seconds,weeks_1_8__10_edps,prefix,10,8,0.07606537500396371
provider_eval_linkage_shift_1.0,linkage_shift_1.0,panel_direct_pairwise,raw_prefix_error,weeks_1_9__10_edps,prefix,10,9,0.2794972456510527
provider_eval_linkage_shift_1.0,linkage_shift_1.0,panel_direct_pairwise,reconciled_prefix_error,weeks_1_9__10_edps,prefix,10,9,0.2796116504854369
provider_eval_linkage_shift_1.0,linkage_shift_1.0,panel_direct_pairwise,union_adjustment,weeks_1_9__10_edps,prefix,10,9,0.00015878472871165252
provider_eval_linkage_shift_1.0,linkage_shift_1.0,panel_direct_pairwise,cell_l1_adjustment,weeks_1_9__10_edps,prefix,10,9,0.27226615625810185
provider_eval_linkage_shift_1.0,linkage_shift_1.0,panel_direct_pairwise,temporal_projection_used,weeks_1_9__10_edps,prefix,10,9,1.0
provider_eval_linkage_shift_1.0,linkage_shift_1.0,panel_direct_pairwise,reconciliation_seconds,weeks_1_9__10_edps,prefix,10,9,0.07364824996329844
provider_eval_linkage_shift_1.0,linkage_shift_1.0,panel_direct_pairwise,raw_prefix_error,weeks_1_10__10_edps,prefix,10,10,0.29387105430788457
provider_eval_linkage_shift_1.0,linkage_shift_1.0,panel_direct_pairwise,reconciled_prefix_error,weeks_1_10__10_edps,prefix,10,10,0.29385687143761874
provider_eval_linkage_shift_1.0,linkage_shift_1.0,panel_direct_pairwise,union_adjustment,weeks_1_10__10_edps,prefix,10,10,2.0085382920752332e-05
provider_eval_linkage_shift_1.0,linkage_shift_1.0,panel_direct_pairwise,cell_l1_adjustment,weeks_1_10__10_edps,prefix,10,10,0.3068068948144066
provider_eval_linkage_shift_1.0,linkage_shift_1.0,panel_direct_pairwise,temporal_projection_used,weeks_1_10__10_edps,prefix,10,10,1.0
provider_eval_linkage_shift_1.0,linkage_shift_1.0,panel_direct_pairwise,reconciliation_seconds,weeks_1_10__10_edps,prefix,10,10,0.07545529201161116
provider_eval_linkage_shift_1.0,linkage_shift_1.0,panel_direct_pairwise,raw_prefix_error,weeks_1_11__10_edps,prefix,10,11,0.2954274281971596
provider_eval_linkage_shift_1.0,linkage_shift_1.0,panel_direct_pairwise,reconciled_prefix_error,weeks_1_11__10_edps,prefix,10,11,0.2954758190327613
provider_eval_linkage_shift_1.0,linkage_shift_1.0,panel_direct_pairwise,union_adjustment,weeks_1_11__10_edps,prefix,10,11,6.868112319157175e-05
provider_eval_linkage_shift_1.0,linkage_shift_1.0,panel_direct_pairwise,cell_l1_adjustment,weeks_1_11__10_edps,prefix,10,11,0.19637547286050802
provider_eval_linkage_shift_1.0,linkage_shift_1.0,panel_direct_pairwise,temporal_projection_used,weeks_1_11__10_edps,prefix,10,11,1.0
provider_eval_linkage_shift_1.0,linkage_shift_1.0,panel_direct_pairwise,reconciliation_seconds,weeks_1_11__10_edps,prefix,10,11,0.07098800002131611
provider_eval_linkage_shift_1.0,linkage_shift_1.0,panel_direct_pairwise,raw_prefix_error,weeks_1_12__10_edps,prefix,10,12,0.29776186406932775
provider_eval_linkage_shift_1.0,linkage_shift_1.0,panel_direct_pairwise,reconciled_prefix_error,weeks_1_12__10_edps,prefix,10,12,0.29789212647241164
provider_eval_linkage_shift_1.0,linkage_shift_1.0,panel_direct_pairwise,union_adjustment,weeks_1_12__10_edps,prefix,10,12,0.0001854960538593922
provider_eval_linkage_shift_1.0,linkage_shift_1.0,panel_direct_pairwise,cell_l1_adjustment,weeks_1_12__10_edps,prefix,10,12,0.1526117308579742
provider_eval_linkage_shift_1.0,linkage_shift_1.0,panel_direct_pairwise,temporal_projection_used,weeks_1_12__10_edps,prefix,10,12,1.0
provider_eval_linkage_shift_1.0,linkage_shift_1.0,panel_direct_pairwise,reconciliation_seconds,weeks_1_12__10_edps,prefix,10,12,0.07231179205700755
provider_eval_linkage_shift_1.0,linkage_shift_1.0,panel_direct_pairwise,raw_prefix_error,weeks_1_13__10_edps,prefix,10,13,0.3036526701079827
provider_eval_linkage_shift_1.0,linkage_shift_1.0,panel_direct_pairwise,reconciled_prefix_error,weeks_1_13__10_edps,prefix,10,13,0.3030769230769231
provider_eval_linkage_shift_1.0,linkage_shift_1.0,panel_direct_pairwise,union_adjustment,weeks_1_13__10_edps,prefix,10,13,0.0008268101367589358
provider_eval_linkage_shift_1.0,linkage_shift_1.0,panel_direct_pairwise,cell_l1_adjustment,weeks_1_13__10_edps,prefix,10,13,0.1328654474221937
provider_eval_linkage_shift_1.0,linkage_shift_1.0,panel_direct_pairwise,temporal_projection_used,weeks_1_13__10_edps,prefix,10,13,1.0
provider_eval_linkage_shift_1.0,linkage_shift_1.0,panel_direct_pairwise,reconciliation_seconds,weeks_1_13__10_edps,prefix,10,13,0.0620152500923723
provider_eval_linkage_shift_1.0,linkage_shift_1.0,panel_direct_pairwise__active_today,report_error,weeks_1_3__2_edps,prefix,2,3,0.09050576752440107
provider_eval_linkage_shift_1.0,linkage_shift_1.0,panel_direct_pairwise__active_today,report_error,weeks_1_12__2_edps,prefix,2,12,0.1990381058083611
provider_eval_linkage_shift_1.0,linkage_shift_1.0,panel_direct_pairwise__active_today,report_error,weeks_5_12__2_edps,interval,2,12,0.16045977011494253
provider_eval_linkage_shift_1.0,linkage_shift_1.0,panel_direct_pairwise__active_today,report_error,weeks_1_3__5_edps,prefix,5,3,0.01586402266288952
provider_eval_linkage_shift_1.0,linkage_shift_1.0,panel_direct_pairwise__active_today,report_error,weeks_1_12__5_edps,prefix,5,12,0.312598673823808
provider_eval_linkage_shift_1.0,linkage_shift_1.0,panel_direct_pairwise__active_today,report_error,weeks_7_13__5_edps,interval,5,13,0.2181325067803177
provider_eval_linkage_shift_1.0,linkage_shift_1.0,panel_direct_pairwise__active_today,report_error,all_weeks__5_edps,prefix,5,13,0.3161856963613551
provider_eval_linkage_shift_1.0,linkage_shift_1.0,panel_direct_pairwise__active_today,report_error,noncontiguous__5_edps,noncontiguous,5,13,0.18818737270875763
provider_eval_linkage_shift_1.0,linkage_shift_1.0,panel_direct_pairwise__active_today,report_error,weeks_1_3__10_edps,prefix,10,3,0.0718288334182374
provider_eval_linkage_shift_1.0,linkage_shift_1.0,panel_direct_pairwise__active_today,report_error,weeks_1_12__10_edps,prefix,10,12,0.29789212647241164
provider_eval_linkage_shift_1.0,linkage_shift_1.0,panel_direct_pairwise__active_today,report_error,all_weeks__10_edps,prefix,10,13,0.3030769230769231
provider_eval_linkage_shift_1.0,linkage_shift_1.0,panel_direct_pairwise__active_today,report_error,weeks_5_12__10_edps,interval,10,12,0.27374872318692545
provider_eval_linkage_shift_1.0,linkage_shift_1.0,panel_direct_pairwise__active_today,report_error,weeks_7_13__10_edps,interval,10,13,0.21410114433370248
provider_eval_linkage_shift_1.0,linkage_shift_1.0,panel_direct_pairwise__active_today,report_error,noncontiguous__10_edps,noncontiguous,10,13,0.1954858454475899
provider_eval_linkage_shift_1.0,linkage_shift_1.0,panel_direct_pairwise__active_today,report_error,noncontiguous__2_edps,noncontiguous,2,13,0.0508280982295831
provider_eval_linkage_shift_1.0,linkage_shift_1.0,panel_direct_pairwise__recent_creation,report_error,weeks_1_3__2_edps,prefix,2,3,0.09050576752440107
provider_eval_linkage_shift_1.0,linkage_shift_1.0,panel_direct_pairwise__recent_creation,report_error,weeks_1_12__2_edps,prefix,2,12,0.1990381058083611
provider_eval_linkage_shift_1.0,linkage_shift_1.0,panel_direct_pairwise__recent_creation,report_error,weeks_5_12__2_edps,interval,2,12,0.16689655172413792
provider_eval_linkage_shift_1.0,linkage_shift_1.0,panel_direct_pairwise__recent_creation,report_error,weeks_1_3__5_edps,prefix,5,3,0.01586402266288952
provider_eval_linkage_shift_1.0,linkage_shift_1.0,panel_direct_pairwise__recent_creation,report_error,weeks_1_12__5_edps,prefix,5,12,0.312598673823808
provider_eval_linkage_shift_1.0,linkage_shift_1.0,panel_direct_pairwise__recent_creation,report_error,weeks_7_13__5_edps,interval,5,13,0.22549399457574584
provider_eval_linkage_shift_1.0,linkage_shift_1.0,panel_direct_pairwise__recent_creation,report_error,all_weeks__5_edps,prefix,5,13,0.3161856963613551
provider_eval_linkage_shift_1.0,linkage_shift_1.0,panel_direct_pairwise__recent_creation,report_error,noncontiguous__5_edps,noncontiguous,5,13,0.1739307535641548
provider_eval_linkage_shift_1.0,linkage_shift_1.0,panel_direct_pairwise__recent_creation,report_error,weeks_1_3__10_edps,prefix,10,3,0.0718288334182374
provider_eval_linkage_shift_1.0,linkage_shift_1.0,panel_direct_pairwise__recent_creation,report_error,weeks_1_12__10_edps,prefix,10,12,0.29789212647241164
provider_eval_linkage_shift_1.0,linkage_shift_1.0,panel_direct_pairwise__recent_creation,report_error,all_weeks__10_edps,prefix,10,13,0.3030769230769231
provider_eval_linkage_shift_1.0,linkage_shift_1.0,panel_direct_pairwise__recent_creation,report_error,weeks_5_12__10_edps,interval,10,12,0.2832822608103507
provider_eval_linkage_shift_1.0,linkage_shift_1.0,panel_direct_pairwise__recent_creation,report_error,weeks_7_13__10_edps,interval,10,13,0.22554448135843486
provider_eval_linkage_shift_1.0,linkage_shift_1.0,panel_direct_pairwise__recent_creation,report_error,noncontiguous__10_edps,noncontiguous,10,13,0.18286151491966335
provider_eval_linkage_shift_1.0,linkage_shift_1.0,panel_direct_pairwise__recent_creation,report_error,noncontiguous__2_edps,noncontiguous,2,13,0.026270702455739578
provider_eval_linkage_shift_1.0,linkage_shift_1.0,panel_direct_pairwise__oldest_creation,report_error,weeks_1_3__2_edps,prefix,2,3,0.09050576752440107
provider_eval_linkage_shift_1.0,linkage_shift_1.0,panel_direct_pairwise__oldest_creation,report_error,weeks_1_12__2_edps,prefix,2,12,0.1990381058083611
provider_eval_linkage_shift_1.0,linkage_shift_1.0,panel_direct_pairwise__oldest_creation,report_error,weeks_5_12__2_edps,interval,2,12,0.16827586206896553
provider_eval_linkage_shift_1.0,linkage_shift_1.0,panel_direct_pairwise__oldest_creation,report_error,weeks_1_3__5_edps,prefix,5,3,0.01586402266288952
provider_eval_linkage_shift_1.0,linkage_shift_1.0,panel_direct_pairwise__oldest_creation,report_error,weeks_1_12__5_edps,prefix,5,12,0.312598673823808
provider_eval_linkage_shift_1.0,linkage_shift_1.0,panel_direct_pairwise__oldest_creation,report_error,weeks_7_13__5_edps,interval,5,13,0.22820612165827198
provider_eval_linkage_shift_1.0,linkage_shift_1.0,panel_direct_pairwise__oldest_creation,report_error,all_weeks__5_edps,prefix,5,13,0.3161856963613551
provider_eval_linkage_shift_1.0,linkage_shift_1.0,panel_direct_pairwise__oldest_creation,report_error,noncontiguous__5_edps,noncontiguous,5,13,0.2044806517311609
provider_eval_linkage_shift_1.0,linkage_shift_1.0,panel_direct_pairwise__oldest_creation,report_error,weeks_1_3__10_edps,prefix,10,3,0.0718288334182374
provider_eval_linkage_shift_1.0,linkage_shift_1.0,panel_direct_pairwise__oldest_creation,report_error,weeks_1_12__10_edps,prefix,10,12,0.29789212647241164
provider_eval_linkage_shift_1.0,linkage_shift_1.0,panel_direct_pairwise__oldest_creation,report_error,all_weeks__10_edps,prefix,10,13,0.3030769230769231
provider_eval_linkage_shift_1.0,linkage_shift_1.0,panel_direct_pairwise__oldest_creation,report_error,weeks_5_12__10_edps,interval,10,12,0.2832822608103507
provider_eval_linkage_shift_1.0,linkage_shift_1.0,panel_direct_pairwise__oldest_creation,report_error,weeks_7_13__10_edps,interval,10,13,0.2292358803986711
provider_eval_linkage_shift_1.0,linkage_shift_1.0,panel_direct_pairwise__oldest_creation,report_error,noncontiguous__10_edps,noncontiguous,10,13,0.20619739862280032
provider_eval_linkage_shift_1.0,linkage_shift_1.0,panel_direct_pairwise__oldest_creation,report_error,noncontiguous__2_edps,noncontiguous,2,13,0.05996573386636208
provider_eval_staggered_retargeting,staggered_retargeting,existing_vid,report_error,weeks_1_3__2_edps,prefix,2,3,0.6344499041227222
provider_eval_staggered_retargeting,staggered_retargeting,existing_vid,report_error,weeks_1_12__2_edps,prefix,2,12,0.4624355072463759
provider_eval_staggered_retargeting,staggered_retargeting,existing_vid,report_error,weeks_5_12__2_edps,interval,2,12,0.004683976261126675
provider_eval_staggered_retargeting,staggered_retargeting,existing_vid,report_error,weeks_1_3__5_edps,prefix,5,3,0.870166246431969
provider_eval_staggered_retargeting,staggered_retargeting,existing_vid,report_error,weeks_1_12__5_edps,prefix,5,12,1.3228649115397924
provider_eval_staggered_retargeting,staggered_retargeting,existing_vid,report_error,weeks_7_13__5_edps,interval,5,13,0.01918347089003715
provider_eval_staggered_retargeting,staggered_retargeting,existing_vid,report_error,all_weeks__5_edps,prefix,5,13,1.155852099043942
provider_eval_staggered_retargeting,staggered_retargeting,existing_vid,report_error,noncontiguous__5_edps,noncontiguous,5,13,0.7623693487955495
provider_eval_staggered_retargeting,staggered_retargeting,existing_vid,report_error,weeks_1_3__10_edps,prefix,10,3,0.870166246431969
provider_eval_staggered_retargeting,staggered_retargeting,existing_vid,report_error,weeks_1_12__10_edps,prefix,10,12,1.5083974812073377
provider_eval_staggered_retargeting,staggered_retargeting,existing_vid,report_error,all_weeks__10_edps,prefix,10,13,1.4133088627416244
provider_eval_staggered_retargeting,staggered_retargeting,existing_vid,report_error,weeks_5_12__10_edps,interval,10,12,1.011142814536149
provider_eval_staggered_retargeting,staggered_retargeting,existing_vid,report_error,weeks_7_13__10_edps,interval,10,13,0.759374888861705
provider_eval_staggered_retargeting,staggered_retargeting,existing_vid,report_error,noncontiguous__10_edps,noncontiguous,10,13,1.3246331548671522
provider_eval_staggered_retargeting,staggered_retargeting,existing_vid,report_error,noncontiguous__2_edps,noncontiguous,2,13,0.2799042936742042
provider_eval_staggered_retargeting,staggered_retargeting,panel_direct_pairwise,raw_prefix_error,weeks_1_1__10_edps,prefix,10,1,0.007761969161281272
provider_eval_staggered_retargeting,staggered_retargeting,panel_direct_pairwise,reconciled_prefix_error,weeks_1_1__10_edps,prefix,10,1,0.0071633237822349575
provider_eval_staggered_retargeting,staggered_retargeting,panel_direct_pairwise,union_adjustment,weeks_1_1__10_edps,prefix,10,1,0.000594034501563686
provider_eval_staggered_retargeting,staggered_retargeting,panel_direct_pairwise,cell_l1_adjustment,weeks_1_1__10_edps,prefix,10,1,0.0011880694906963307
provider_eval_staggered_retargeting,staggered_retargeting,panel_direct_pairwise,temporal_projection_used,weeks_1_1__10_edps,prefix,10,1,1.0
provider_eval_staggered_retargeting,staggered_retargeting,panel_direct_pairwise,reconciliation_seconds,weeks_1_1__10_edps,prefix,10,1,0.0018960830057039857
provider_eval_staggered_retargeting,staggered_retargeting,panel_direct_pairwise,raw_prefix_error,weeks_1_2__10_edps,prefix,10,2,0.012917665012225226
provider_eval_staggered_retargeting,staggered_retargeting,panel_direct_pairwise,reconciled_prefix_error,weeks_1_2__10_edps,prefix,10,2,0.013211382113821139
provider_eval_staggered_retargeting,staggered_retargeting,panel_direct_pairwise,union_adjustment,weeks_1_2__10_edps,prefix,10,2,0.0002975608935390009
provider_eval_staggered_retargeting,staggered_retargeting,panel_direct_pairwise,cell_l1_adjustment,weeks_1_2__10_edps,prefix,10,2,0.0005951212634675725
provider_eval_staggered_retargeting,staggered_retargeting,panel_direct_pairwise,temporal_projection_used,weeks_1_2__10_edps,prefix,10,2,1.0
provider_eval_staggered_retargeting,staggered_retargeting,panel_direct_pairwise,reconciliation_seconds,weeks_1_2__10_edps,prefix,10,2,0.001957374974153936
provider_eval_staggered_retargeting,staggered_retargeting,panel_direct_pairwise,raw_prefix_error,weeks_1_3__10_edps,prefix,10,3,0.010960144788408673
provider_eval_staggered_retargeting,staggered_retargeting,panel_direct_pairwise,reconciled_prefix_error,weeks_1_3__10_edps,prefix,10,3,0.011417697431018078
provider_eval_staggered_retargeting,staggered_retargeting,panel_direct_pairwise,union_adjustment,weeks_1_3__10_edps,prefix,10,3,0.00045259216692998663
provider_eval_staggered_retargeting,staggered_retargeting,panel_direct_pairwise,cell_l1_adjustment,weeks_1_3__10_edps,prefix,10,3,0.07396732174867887
provider_eval_staggered_retargeting,staggered_retargeting,panel_direct_pairwise,temporal_projection_used,weeks_1_3__10_edps,prefix,10,3,1.0
provider_eval_staggered_retargeting,staggered_retargeting,panel_direct_pairwise,reconciliation_seconds,weeks_1_3__10_edps,prefix,10,3,0.002347958041355014
provider_eval_staggered_retargeting,staggered_retargeting,panel_direct_pairwise,raw_prefix_error,weeks_1_4__10_edps,prefix,10,4,0.10037418976629839
provider_eval_staggered_retargeting,staggered_retargeting,panel_direct_pairwise,reconciled_prefix_error,weeks_1_4__10_edps,prefix,10,4,0.10037523452157598
provider_eval_staggered_retargeting,staggered_retargeting,panel_direct_pairwise,union_adjustment,weeks_1_4__10_edps,prefix,10,4,9.494545444929316e-07
provider_eval_staggered_retargeting,staggered_retargeting,panel_direct_pairwise,cell_l1_adjustment,weeks_1_4__10_edps,prefix,10,4,0.11913685223732408
provider_eval_staggered_retargeting,staggered_retargeting,panel_direct_pairwise,temporal_projection_used,weeks_1_4__10_edps,prefix,10,4,1.0
provider_eval_staggered_retargeting,staggered_retargeting,panel_direct_pairwise,reconciliation_seconds,weeks_1_4__10_edps,prefix,10,4,0.0030597499571740627
provider_eval_staggered_retargeting,staggered_retargeting,panel_direct_pairwise,raw_prefix_error,weeks_1_5__10_edps,prefix,10,5,0.2188089934708382
provider_eval_staggered_retargeting,staggered_retargeting,panel_direct_pairwise,reconciled_prefix_error,weeks_1_5__10_edps,prefix,10,5,0.21872103799814643
provider_eval_staggered_retargeting,staggered_retargeting,panel_direct_pairwise,union_adjustment,weeks_1_5__10_edps,prefix,10,5,7.216509983450286e-05
provider_eval_staggered_retargeting,staggered_retargeting,panel_direct_pairwise,cell_l1_adjustment,weeks_1_5__10_edps,prefix,10,5,0.22282499742752135
provider_eval_staggered_retargeting,staggered_retargeting,panel_direct_pairwise,temporal_projection_used,weeks_1_5__10_edps,prefix,10,5,1.0
provider_eval_staggered_retargeting,staggered_retargeting,panel_direct_pairwise,reconciliation_seconds,weeks_1_5__10_edps,prefix,10,5,0.005584125057794154
provider_eval_staggered_retargeting,staggered_retargeting,panel_direct_pairwise,raw_prefix_error,weeks_1_6__10_edps,prefix,10,6,0.24132190470258763
provider_eval_staggered_retargeting,staggered_retargeting,panel_direct_pairwise,reconciled_prefix_error,weeks_1_6__10_edps,prefix,10,6,0.24166666666666667
provider_eval_staggered_retargeting,staggered_retargeting,panel_direct_pairwise,union_adjustment,weeks_1_6__10_edps,prefix,10,6,0.0002777377590561044
provider_eval_staggered_retargeting,staggered_retargeting,panel_direct_pairwise,cell_l1_adjustment,weeks_1_6__10_edps,prefix,10,6,0.1926154431761859
provider_eval_staggered_retargeting,staggered_retargeting,panel_direct_pairwise,temporal_projection_used,weeks_1_6__10_edps,prefix,10,6,1.0
provider_eval_staggered_retargeting,staggered_retargeting,panel_direct_pairwise,reconciliation_seconds,weeks_1_6__10_edps,prefix,10,6,0.004483249969780445
provider_eval_staggered_retargeting,staggered_retargeting,panel_direct_pairwise,raw_prefix_error,weeks_1_7__10_edps,prefix,10,7,0.27847106963527607
provider_eval_staggered_retargeting,staggered_retargeting,panel_direct_pairwise,reconciled_prefix_error,weeks_1_7__10_edps,prefix,10,7,0.27870370370370373
provider_eval_staggered_retargeting,staggered_retargeting,panel_direct_pairwise,union_adjustment,weeks_1_7__10_edps,prefix,10,7,0.00018196271621184456
provider_eval_staggered_retargeting,staggered_retargeting,panel_direct_pairwise,cell_l1_adjustment,weeks_1_7__10_edps,prefix,10,7,0.2430191723361562
provider_eval_staggered_retargeting,staggered_retargeting,panel_direct_pairwise,temporal_projection_used,weeks_1_7__10_edps,prefix,10,7,1.0
provider_eval_staggered_retargeting,staggered_retargeting,panel_direct_pairwise,reconciliation_seconds,weeks_1_7__10_edps,prefix,10,7,0.006734750000759959
provider_eval_staggered_retargeting,staggered_retargeting,panel_direct_pairwise,raw_prefix_error,weeks_1_8__10_edps,prefix,10,8,0.408739736519432
provider_eval_staggered_retargeting,staggered_retargeting,panel_direct_pairwise,reconciled_prefix_error,weeks_1_8__10_edps,prefix,10,8,0.4083333333333333
provider_eval_staggered_retargeting,staggered_retargeting,panel_direct_pairwise,union_adjustment,weeks_1_8__10_edps,prefix,10,8,0.0002884870608539389
provider_eval_staggered_retargeting,staggered_retargeting,panel_direct_pairwise,cell_l1_adjustment,weeks_1_8__10_edps,prefix,10,8,0.28402187056594974
provider_eval_staggered_retargeting,staggered_retargeting,panel_direct_pairwise,temporal_projection_used,weeks_1_8__10_edps,prefix,10,8,1.0
provider_eval_staggered_retargeting,staggered_retargeting,panel_direct_pairwise,reconciliation_seconds,weeks_1_8__10_edps,prefix,10,8,0.00947437493596226
provider_eval_staggered_retargeting,staggered_retargeting,panel_direct_pairwise,raw_prefix_error,weeks_1_9__10_edps,prefix,10,9,0.19236233085579876
provider_eval_staggered_retargeting,staggered_retargeting,panel_direct_pairwise,reconciled_prefix_error,weeks_1_9__10_edps,prefix,10,9,0.19261213720316622
provider_eval_staggered_retargeting,staggered_retargeting,panel_direct_pairwise,union_adjustment,weeks_1_9__10_edps,prefix,10,9,0.00020950540024867388
provider_eval_staggered_retargeting,staggered_retargeting,panel_direct_pairwise,cell_l1_adjustment,weeks_1_9__10_edps,prefix,10,9,0.31206083337490104
provider_eval_staggered_retargeting,staggered_retargeting,panel_direct_pairwise,temporal_projection_used,weeks_1_9__10_edps,prefix,10,9,1.0
provider_eval_staggered_retargeting,staggered_retargeting,panel_direct_pairwise,reconciliation_seconds,weeks_1_9__10_edps,prefix,10,9,0.05592204199638218
provider_eval_staggered_retargeting,staggered_retargeting,panel_direct_pairwise,raw_prefix_error,weeks_1_10__10_edps,prefix,10,10,0.08319677793255346
provider_eval_staggered_retargeting,staggered_retargeting,panel_direct_pairwise,reconciled_prefix_error,weeks_1_10__10_edps,prefix,10,10,0.08307533539731682
provider_eval_staggered_retargeting,staggered_retargeting,panel_direct_pairwise,union_adjustment,weeks_1_10__10_edps,prefix,10,10,0.00011211493397360049
provider_eval_staggered_retargeting,staggered_retargeting,panel_direct_pairwise,cell_l1_adjustment,weeks_1_10__10_edps,prefix,10,10,0.3084224335674011
provider_eval_staggered_retargeting,staggered_retargeting,panel_direct_pairwise,temporal_projection_used,weeks_1_10__10_edps,prefix,10,10,1.0
provider_eval_staggered_retargeting,staggered_retargeting,panel_direct_pairwise,reconciliation_seconds,weeks_1_10__10_edps,prefix,10,10,0.07076720800250769
provider_eval_staggered_retargeting,staggered_retargeting,panel_direct_pairwise,raw_prefix_error,weeks_1_11__10_edps,prefix,10,11,0.024638578403208846
provider_eval_staggered_retargeting,staggered_retargeting,panel_direct_pairwise,reconciled_prefix_error,weeks_1_11__10_edps,prefix,10,11,0.024516129032258065
provider_eval_staggered_retargeting,staggered_retargeting,panel_direct_pairwise,union_adjustment,weeks_1_11__10_edps,prefix,10,11,0.00012554256118889998
provider_eval_staggered_retargeting,staggered_retargeting,panel_direct_pairwise,cell_l1_adjustment,weeks_1_11__10_edps,prefix,10,11,0.2938409388723228
provider_eval_staggered_retargeting,staggered_retargeting,panel_direct_pairwise,temporal_projection_used,weeks_1_11__10_edps,prefix,10,11,1.0
provider_eval_staggered_retargeting,staggered_retargeting,panel_direct_pairwise,reconciliation_seconds,weeks_1_11__10_edps,prefix,10,11,0.07899979199282825
provider_eval_staggered_retargeting,staggered_retargeting,panel_direct_pairwise,raw_prefix_error,weeks_1_12__10_edps,prefix,10,12,0.08158244307502577
provider_eval_staggered_retargeting,staggered_retargeting,panel_direct_pairwise,reconciled_prefix_error,weeks_1_12__10_edps,prefix,10,12,0.08168498168498169
provider_eval_staggered_retargeting,staggered_retargeting,panel_direct_pairwise,union_adjustment,weeks_1_12__10_edps,prefix,10,12,0.00011164704897524103
provider_eval_staggered_retargeting,staggered_retargeting,panel_direct_pairwise,cell_l1_adjustment,weeks_1_12__10_edps,prefix,10,12,0.3239024972747036
provider_eval_staggered_retargeting,staggered_retargeting,panel_direct_pairwise,temporal_projection_used,weeks_1_12__10_edps,prefix,10,12,1.0
provider_eval_staggered_retargeting,staggered_retargeting,panel_direct_pairwise,reconciliation_seconds,weeks_1_12__10_edps,prefix,10,12,0.11031270795501769
provider_eval_staggered_retargeting,staggered_retargeting,panel_direct_pairwise,raw_prefix_error,weeks_1_13__10_edps,prefix,10,13,0.10078707129180929
provider_eval_staggered_retargeting,staggered_retargeting,panel_direct_pairwise,reconciled_prefix_error,weeks_1_13__10_edps,prefix,10,13,0.10087862024080703
provider_eval_staggered_retargeting,staggered_retargeting,panel_direct_pairwise,union_adjustment,weeks_1_13__10_edps,prefix,10,13,0.00010181008977263064
provider_eval_staggered_retargeting,staggered_retargeting,panel_direct_pairwise,cell_l1_adjustment,weeks_1_13__10_edps,prefix,10,13,0.3509488327548667
provider_eval_staggered_retargeting,staggered_retargeting,panel_direct_pairwise,temporal_projection_used,weeks_1_13__10_edps,prefix,10,13,1.0
provider_eval_staggered_retargeting,staggered_retargeting,panel_direct_pairwise,reconciliation_seconds,weeks_1_13__10_edps,prefix,10,13,0.11687091703061014
provider_eval_staggered_retargeting,staggered_retargeting,panel_direct_pairwise__active_today,report_error,weeks_1_3__2_edps,prefix,2,3,0.019175455417066157
provider_eval_staggered_retargeting,staggered_retargeting,panel_direct_pairwise__active_today,report_error,weeks_1_12__2_edps,prefix,2,12,0.01956521739130435
provider_eval_staggered_retargeting,staggered_retargeting,panel_direct_pairwise__active_today,report_error,weeks_5_12__2_edps,interval,2,12,0.02373887240356083
provider_eval_staggered_retargeting,staggered_retargeting,panel_direct_pairwise__active_today,report_error,weeks_1_3__5_edps,prefix,5,3,0.011417697431018078
provider_eval_staggered_retargeting,staggered_retargeting,panel_direct_pairwise__active_today,report_error,weeks_1_12__5_edps,prefix,5,12,0.032563025210084036
provider_eval_staggered_retargeting,staggered_retargeting,panel_direct_pairwise__active_today,report_error,weeks_7_13__5_edps,interval,5,13,0.12297496318114874
provider_eval_staggered_retargeting,staggered_retargeting,panel_direct_pairwise__active_today,report_error,all_weeks__5_edps,prefix,5,13,0.060206961429915336
provider_eval_staggered_retargeting,staggered_retargeting,panel_direct_pairwise__active_today,report_error,noncontiguous__5_edps,noncontiguous,5,13,0.001388888888888889
provider_eval_staggered_retargeting,staggered_retargeting,panel_direct_pairwise__active_today,report_error,weeks_1_3__10_edps,prefix,10,3,0.011417697431018078
provider_eval_staggered_retargeting,staggered_retargeting,panel_direct_pairwise__active_today,report_error,weeks_1_12__10_edps,prefix,10,12,0.08168498168498169
provider_eval_staggered_retargeting,staggered_retargeting,panel_direct_pairwise__active_today,report_error,all_weeks__10_edps,prefix,10,13,0.10087862024080703
provider_eval_staggered_retargeting,staggered_retargeting,panel_direct_pairwise__active_today,report_error,weeks_5_12__10_edps,interval,10,12,0.08168498168498169
provider_eval_staggered_retargeting,staggered_retargeting,panel_direct_pairwise__active_today,report_error,weeks_7_13__10_edps,interval,10,13,0.13797591929710382
provider_eval_staggered_retargeting,staggered_retargeting,panel_direct_pairwise__active_today,report_error,noncontiguous__10_edps,noncontiguous,10,13,0.1488
provider_eval_staggered_retargeting,staggered_retargeting,panel_direct_pairwise__active_today,report_error,noncontiguous__2_edps,noncontiguous,2,13,0.0727630285152409
provider_eval_staggered_retargeting,staggered_retargeting,panel_direct_pairwise__recent_creation,report_error,weeks_1_3__2_edps,prefix,2,3,0.019175455417066157
provider_eval_staggered_retargeting,staggered_retargeting,panel_direct_pairwise__recent_creation,report_error,weeks_1_12__2_edps,prefix,2,12,0.01956521739130435
provider_eval_staggered_retargeting,staggered_retargeting,panel_direct_pairwise__recent_creation,report_error,weeks_5_12__2_edps,interval,2,12,0.02373887240356083
provider_eval_staggered_retargeting,staggered_retargeting,panel_direct_pairwise__recent_creation,report_error,weeks_1_3__5_edps,prefix,5,3,0.011417697431018078
provider_eval_staggered_retargeting,staggered_retargeting,panel_direct_pairwise__recent_creation,report_error,weeks_1_12__5_edps,prefix,5,12,0.032563025210084036
provider_eval_staggered_retargeting,staggered_retargeting,panel_direct_pairwise__recent_creation,report_error,weeks_7_13__5_edps,interval,5,13,0.1170839469808542
provider_eval_staggered_retargeting,staggered_retargeting,panel_direct_pairwise__recent_creation,report_error,all_weeks__5_edps,prefix,5,13,0.060206961429915336
provider_eval_staggered_retargeting,staggered_retargeting,panel_direct_pairwise__recent_creation,report_error,noncontiguous__5_edps,noncontiguous,5,13,0.001388888888888889
provider_eval_staggered_retargeting,staggered_retargeting,panel_direct_pairwise__recent_creation,report_error,weeks_1_3__10_edps,prefix,10,3,0.011417697431018078
provider_eval_staggered_retargeting,staggered_retargeting,panel_direct_pairwise__recent_creation,report_error,weeks_1_12__10_edps,prefix,10,12,0.08168498168498169
provider_eval_staggered_retargeting,staggered_retargeting,panel_direct_pairwise__recent_creation,report_error,all_weeks__10_edps,prefix,10,13,0.10087862024080703
provider_eval_staggered_retargeting,staggered_retargeting,panel_direct_pairwise__recent_creation,report_error,weeks_5_12__10_edps,interval,10,12,0.08168498168498169
provider_eval_staggered_retargeting,staggered_retargeting,panel_direct_pairwise__recent_creation,report_error,weeks_7_13__10_edps,interval,10,13,0.13797591929710382
provider_eval_staggered_retargeting,staggered_retargeting,panel_direct_pairwise__recent_creation,report_error,noncontiguous__10_edps,noncontiguous,10,13,0.1424
provider_eval_staggered_retargeting,staggered_retargeting,panel_direct_pairwise__recent_creation,report_error,noncontiguous__2_edps,noncontiguous,2,13,0.0727630285152409
provider_eval_staggered_retargeting,staggered_retargeting,panel_direct_pairwise__oldest_creation,report_error,weeks_1_3__2_edps,prefix,2,3,0.019175455417066157
provider_eval_staggered_retargeting,staggered_retargeting,panel_direct_pairwise__oldest_creation,report_error,weeks_1_12__2_edps,prefix,2,12,0.01956521739130435
provider_eval_staggered_retargeting,staggered_retargeting,panel_direct_pairwise__oldest_creation,report_error,weeks_5_12__2_edps,interval,2,12,0.02373887240356083
provider_eval_staggered_retargeting,staggered_retargeting,panel_direct_pairwise__oldest_creation,report_error,weeks_1_3__5_edps,prefix,5,3,0.011417697431018078
provider_eval_staggered_retargeting,staggered_retargeting,panel_direct_pairwise__oldest_creation,report_error,weeks_1_12__5_edps,prefix,5,12,0.032563025210084036
provider_eval_staggered_retargeting,staggered_retargeting,panel_direct_pairwise__oldest_creation,report_error,weeks_7_13__5_edps,interval,5,13,0.16494845360824742
provider_eval_staggered_retargeting,staggered_retargeting,panel_direct_pairwise__oldest_creation,report_error,all_weeks__5_edps,prefix,5,13,0.060206961429915336
provider_eval_staggered_retargeting,staggered_retargeting,panel_direct_pairwise__oldest_creation,report_error,noncontiguous__5_edps,noncontiguous,5,13,0.05763888888888889
provider_eval_staggered_retargeting,staggered_retargeting,panel_direct_pairwise__oldest_creation,report_error,weeks_1_3__10_edps,prefix,10,3,0.011417697431018078
provider_eval_staggered_retargeting,staggered_retargeting,panel_direct_pairwise__oldest_creation,report_error,weeks_1_12__10_edps,prefix,10,12,0.08168498168498169
provider_eval_staggered_retargeting,staggered_retargeting,panel_direct_pairwise__oldest_creation,report_error,all_weeks__10_edps,prefix,10,13,0.10087862024080703
provider_eval_staggered_retargeting,staggered_retargeting,panel_direct_pairwise__oldest_creation,report_error,weeks_5_12__10_edps,interval,10,12,0.08534798534798535
provider_eval_staggered_retargeting,staggered_retargeting,panel_direct_pairwise__oldest_creation,report_error,weeks_7_13__10_edps,interval,10,13,0.1474129515131793
provider_eval_staggered_retargeting,staggered_retargeting,panel_direct_pairwise__oldest_creation,report_error,noncontiguous__10_edps,noncontiguous,10,13,0.17653333333333332
provider_eval_staggered_retargeting,staggered_retargeting,panel_direct_pairwise__oldest_creation,report_error,noncontiguous__2_edps,noncontiguous,2,13,0.0727630285152409
provider_eval_synchronized_retargeting,synchronized_retargeting,existing_vid,report_error,weeks_1_3__2_edps,prefix,2,3,0.0
provider_eval_synchronized_retargeting,synchronized_retargeting,existing_vid,report_error,weeks_1_12__2_edps,prefix,2,12,0.452837287323269
provider_eval_synchronized_retargeting,synchronized_retargeting,existing_vid,report_error,weeks_5_12__2_edps,interval,2,12,0.452837287323269
provider_eval_synchronized_retargeting,synchronized_retargeting,existing_vid,report_error,weeks_1_3__5_edps,prefix,5,3,0.0
provider_eval_synchronized_retargeting,synchronized_retargeting,existing_vid,report_error,weeks_1_12__5_edps,prefix,5,12,1.321131400823123
provider_eval_synchronized_retargeting,synchronized_retargeting,existing_vid,report_error,weeks_7_13__5_edps,interval,5,13,0.23961198221148355
provider_eval_synchronized_retargeting,synchronized_retargeting,existing_vid,report_error,all_weeks__5_edps,prefix,5,13,1.1650172709340674
provider_eval_synchronized_retargeting,synchronized_retargeting,existing_vid,report_error,noncontiguous__5_edps,noncontiguous,5,13,0.4065184763855001
provider_eval_synchronized_retargeting,synchronized_retargeting,existing_vid,report_error,weeks_1_3__10_edps,prefix,10,3,0.0
provider_eval_synchronized_retargeting,synchronized_retargeting,existing_vid,report_error,weeks_1_12__10_edps,prefix,10,12,1.6966170795142257
provider_eval_synchronized_retargeting,synchronized_retargeting,existing_vid,report_error,all_weeks__10_edps,prefix,10,13,1.4283228995432258
provider_eval_synchronized_retargeting,synchronized_retargeting,existing_vid,report_error,weeks_5_12__10_edps,interval,10,12,1.6966170795142257
provider_eval_synchronized_retargeting,synchronized_retargeting,existing_vid,report_error,weeks_7_13__10_edps,interval,10,13,0.39697668959232296
provider_eval_synchronized_retargeting,synchronized_retargeting,existing_vid,report_error,noncontiguous__10_edps,noncontiguous,10,13,0.8208340247759088
provider_eval_synchronized_retargeting,synchronized_retargeting,existing_vid,report_error,noncontiguous__2_edps,noncontiguous,2,13,0.10328709349593344
provider_eval_synchronized_retargeting,synchronized_retargeting,panel_direct_pairwise,raw_prefix_error,weeks_1_1__10_edps,prefix,10,1,0.0
provider_eval_synchronized_retargeting,synchronized_retargeting,panel_direct_pairwise,reconciled_prefix_error,weeks_1_1__10_edps,prefix,10,1,0.0
provider_eval_synchronized_retargeting,synchronized_retargeting,panel_direct_pairwise,union_adjustment,weeks_1_1__10_edps,prefix,10,1,0.0
provider_eval_synchronized_retargeting,synchronized_retargeting,panel_direct_pairwise,cell_l1_adjustment,weeks_1_1__10_edps,prefix,10,1,0.0
provider_eval_synchronized_retargeting,synchronized_retargeting,panel_direct_pairwise,temporal_projection_used,weeks_1_1__10_edps,prefix,10,1,0.0
provider_eval_synchronized_retargeting,synchronized_retargeting,panel_direct_pairwise,reconciliation_seconds,weeks_1_1__10_edps,prefix,10,1,0.0009108749218285084
provider_eval_synchronized_retargeting,synchronized_retargeting,panel_direct_pairwise,raw_prefix_error,weeks_1_2__10_edps,prefix,10,2,0.0
provider_eval_synchronized_retargeting,synchronized_retargeting,panel_direct_pairwise,reconciled_prefix_error,weeks_1_2__10_edps,prefix,10,2,0.0
provider_eval_synchronized_retargeting,synchronized_retargeting,panel_direct_pairwise,union_adjustment,weeks_1_2__10_edps,prefix,10,2,0.0
provider_eval_synchronized_retargeting,synchronized_retargeting,panel_direct_pairwise,cell_l1_adjustment,weeks_1_2__10_edps,prefix,10,2,0.0
provider_eval_synchronized_retargeting,synchronized_retargeting,panel_direct_pairwise,temporal_projection_used,weeks_1_2__10_edps,prefix,10,2,0.0
provider_eval_synchronized_retargeting,synchronized_retargeting,panel_direct_pairwise,reconciliation_seconds,weeks_1_2__10_edps,prefix,10,2,0.0009007919579744339
provider_eval_synchronized_retargeting,synchronized_retargeting,panel_direct_pairwise,raw_prefix_error,weeks_1_3__10_edps,prefix,10,3,0.0
provider_eval_synchronized_retargeting,synchronized_retargeting,panel_direct_pairwise,reconciled_prefix_error,weeks_1_3__10_edps,prefix,10,3,0.0
provider_eval_synchronized_retargeting,synchronized_retargeting,panel_direct_pairwise,union_adjustment,weeks_1_3__10_edps,prefix,10,3,0.0
provider_eval_synchronized_retargeting,synchronized_retargeting,panel_direct_pairwise,cell_l1_adjustment,weeks_1_3__10_edps,prefix,10,3,0.0
provider_eval_synchronized_retargeting,synchronized_retargeting,panel_direct_pairwise,temporal_projection_used,weeks_1_3__10_edps,prefix,10,3,0.0
provider_eval_synchronized_retargeting,synchronized_retargeting,panel_direct_pairwise,reconciliation_seconds,weeks_1_3__10_edps,prefix,10,3,0.0008925420697778463
provider_eval_synchronized_retargeting,synchronized_retargeting,panel_direct_pairwise,raw_prefix_error,weeks_1_4__10_edps,prefix,10,4,0.0
provider_eval_synchronized_retargeting,synchronized_retargeting,panel_direct_pairwise,reconciled_prefix_error,weeks_1_4__10_edps,prefix,10,4,0.0
provider_eval_synchronized_retargeting,synchronized_retargeting,panel_direct_pairwise,union_adjustment,weeks_1_4__10_edps,prefix,10,4,0.0
provider_eval_synchronized_retargeting,synchronized_retargeting,panel_direct_pairwise,cell_l1_adjustment,weeks_1_4__10_edps,prefix,10,4,0.0
provider_eval_synchronized_retargeting,synchronized_retargeting,panel_direct_pairwise,temporal_projection_used,weeks_1_4__10_edps,prefix,10,4,0.0
provider_eval_synchronized_retargeting,synchronized_retargeting,panel_direct_pairwise,reconciliation_seconds,weeks_1_4__10_edps,prefix,10,4,0.0008915000362321734
provider_eval_synchronized_retargeting,synchronized_retargeting,panel_direct_pairwise,raw_prefix_error,weeks_1_5__10_edps,prefix,10,5,0.9932227848480623
provider_eval_synchronized_retargeting,synchronized_retargeting,panel_direct_pairwise,reconciled_prefix_error,weeks_1_5__10_edps,prefix,10,5,0.9931305201177625
provider_eval_synchronized_retargeting,synchronized_retargeting,panel_direct_pairwise,union_adjustment,weeks_1_5__10_edps,prefix,10,5,4.628922115610328e-05
provider_eval_synchronized_retargeting,synchronized_retargeting,panel_direct_pairwise,cell_l1_adjustment,weeks_1_5__10_edps,prefix,10,5,0.4131846880779023
provider_eval_synchronized_retargeting,synchronized_retargeting,panel_direct_pairwise,temporal_projection_used,weeks_1_5__10_edps,prefix,10,5,1.0
provider_eval_synchronized_retargeting,synchronized_retargeting,panel_direct_pairwise,reconciliation_seconds,weeks_1_5__10_edps,prefix,10,5,0.015881750034168363
provider_eval_synchronized_retargeting,synchronized_retargeting,panel_direct_pairwise,raw_prefix_error,weeks_1_6__10_edps,prefix,10,6,1.450600059993086
provider_eval_synchronized_retargeting,synchronized_retargeting,panel_direct_pairwise,reconciled_prefix_error,weeks_1_6__10_edps,prefix,10,6,1.4504170528266913
provider_eval_synchronized_retargeting,synchronized_retargeting,panel_direct_pairwise,union_adjustment,weeks_1_6__10_edps,prefix,10,6,7.467851216748681e-05
provider_eval_synchronized_retargeting,synchronized_retargeting,panel_direct_pairwise,cell_l1_adjustment,weeks_1_6__10_edps,prefix,10,6,0.5230005897370067
provider_eval_synchronized_retargeting,synchronized_retargeting,panel_direct_pairwise,temporal_projection_used,weeks_1_6__10_edps,prefix,10,6,1.0
provider_eval_synchronized_retargeting,synchronized_retargeting,panel_direct_pairwise,reconciliation_seconds,weeks_1_6__10_edps,prefix,10,6,0.07876479206606746
provider_eval_synchronized_retargeting,synchronized_retargeting,panel_direct_pairwise,raw_prefix_error,weeks_1_7__10_edps,prefix,10,7,0.5962403626145312
provider_eval_synchronized_retargeting,synchronized_retargeting,panel_direct_pairwise,reconciled_prefix_error,weeks_1_7__10_edps,prefix,10,7,1.4481481481481482
provider_eval_synchronized_retargeting,synchronized_retargeting,panel_direct_pairwise,union_adjustment,weeks_1_7__10_edps,prefix,10,7,0.5336964316190119
provider_eval_synchronized_retargeting,synchronized_retargeting,panel_direct_pairwise,cell_l1_adjustment,weeks_1_7__10_edps,prefix,10,7,1.2665528710745861
provider_eval_synchronized_retargeting,synchronized_retargeting,panel_direct_pairwise,temporal_projection_used,weeks_1_7__10_edps,prefix,10,7,1.0
provider_eval_synchronized_retargeting,synchronized_retargeting,panel_direct_pairwise,reconciliation_seconds,weeks_1_7__10_edps,prefix,10,7,0.1607304160716012
provider_eval_synchronized_retargeting,synchronized_retargeting,panel_direct_pairwise,raw_prefix_error,weeks_1_8__10_edps,prefix,10,8,0.6340693658085995
provider_eval_synchronized_retargeting,synchronized_retargeting,panel_direct_pairwise,reconciled_prefix_error,weeks_1_8__10_edps,prefix,10,8,1.4481481481481482
provider_eval_synchronized_retargeting,synchronized_retargeting,panel_direct_pairwise,union_adjustment,weeks_1_8__10_edps,prefix,10,8,0.49819108011776836
provider_eval_synchronized_retargeting,synchronized_retargeting,panel_direct_pairwise,cell_l1_adjustment,weeks_1_8__10_edps,prefix,10,8,1.2189152399702838
provider_eval_synchronized_retargeting,synchronized_retargeting,panel_direct_pairwise,temporal_projection_used,weeks_1_8__10_edps,prefix,10,8,1.0
provider_eval_synchronized_retargeting,synchronized_retargeting,panel_direct_pairwise,reconciliation_seconds,weeks_1_8__10_edps,prefix,10,8,0.0009172089630737901
provider_eval_synchronized_retargeting,synchronized_retargeting,panel_direct_pairwise,raw_prefix_error,weeks_1_9__10_edps,prefix,10,9,0.29512892904275434
provider_eval_synchronized_retargeting,synchronized_retargeting,panel_direct_pairwise,reconciled_prefix_error,weeks_1_9__10_edps,prefix,10,9,0.7889039242219216
provider_eval_synchronized_retargeting,synchronized_retargeting,panel_direct_pairwise,union_adjustment,weeks_1_9__10_edps,prefix,10,9,0.3812554751163807
provider_eval_synchronized_retargeting,synchronized_retargeting,panel_direct_pairwise,cell_l1_adjustment,weeks_1_9__10_edps,prefix,10,9,0.9872983952888489
provider_eval_synchronized_retargeting,synchronized_retargeting,panel_direct_pairwise,temporal_projection_used,weeks_1_9__10_edps,prefix,10,9,1.0
provider_eval_synchronized_retargeting,synchronized_retargeting,panel_direct_pairwise,reconciliation_seconds,weeks_1_9__10_edps,prefix,10,9,0.16239033301826566
provider_eval_synchronized_retargeting,synchronized_retargeting,panel_direct_pairwise,raw_prefix_error,weeks_1_10__10_edps,prefix,10,10,0.043139375129908696
provider_eval_synchronized_retargeting,synchronized_retargeting,panel_direct_pairwise,reconciled_prefix_error,weeks_1_10__10_edps,prefix,10,10,0.38865546218487396
provider_eval_synchronized_retargeting,synchronized_retargeting,panel_direct_pairwise,union_adjustment,weeks_1_10__10_edps,prefix,10,10,0.33122715458031504
provider_eval_synchronized_retargeting,synchronized_retargeting,panel_direct_pairwise,cell_l1_adjustment,weeks_1_10__10_edps,prefix,10,10,0.9233170928180191
provider_eval_synchronized_retargeting,synchronized_retargeting,panel_direct_pairwise,temporal_projection_used,weeks_1_10__10_edps,prefix,10,10,1.0
provider_eval_synchronized_retargeting,synchronized_retargeting,panel_direct_pairwise,reconciliation_seconds,weeks_1_10__10_edps,prefix,10,10,0.1548948329873383
provider_eval_synchronized_retargeting,synchronized_retargeting,panel_direct_pairwise,raw_prefix_error,weeks_1_11__10_edps,prefix,10,11,0.057903539084468984
provider_eval_synchronized_retargeting,synchronized_retargeting,panel_direct_pairwise,reconciled_prefix_error,weeks_1_11__10_edps,prefix,10,11,0.15508955875928354
provider_eval_synchronized_retargeting,synchronized_retargeting,panel_direct_pairwise,union_adjustment,weeks_1_11__10_edps,prefix,10,11,0.22608417150486376
provider_eval_synchronized_retargeting,synchronized_retargeting,panel_direct_pairwise,cell_l1_adjustment,weeks_1_11__10_edps,prefix,10,11,0.8020408227693758
provider_eval_synchronized_retargeting,synchronized_retargeting,panel_direct_pairwise,temporal_projection_used,weeks_1_11__10_edps,prefix,10,11,1.0
provider_eval_synchronized_retargeting,synchronized_retargeting,panel_direct_pairwise,reconciliation_seconds,weeks_1_11__10_edps,prefix,10,11,0.15081766701769084
provider_eval_synchronized_retargeting,synchronized_retargeting,panel_direct_pairwise,raw_prefix_error,weeks_1_12__10_edps,prefix,10,12,0.12407893570305653
provider_eval_synchronized_retargeting,synchronized_retargeting,panel_direct_pairwise,reconciled_prefix_error,weeks_1_12__10_edps,prefix,10,12,0.012696041822255415
provider_eval_synchronized_retargeting,synchronized_retargeting,panel_direct_pairwise,union_adjustment,weeks_1_12__10_edps,prefix,10,12,0.12716088060994793
provider_eval_synchronized_retargeting,synchronized_retargeting,panel_direct_pairwise,cell_l1_adjustment,weeks_1_12__10_edps,prefix,10,12,0.6965197427751388
provider_eval_synchronized_retargeting,synchronized_retargeting,panel_direct_pairwise,temporal_projection_used,weeks_1_12__10_edps,prefix,10,12,1.0
provider_eval_synchronized_retargeting,synchronized_retargeting,panel_direct_pairwise,reconciliation_seconds,weeks_1_12__10_edps,prefix,10,12,0.15407954098191112
provider_eval_synchronized_retargeting,synchronized_retargeting,panel_direct_pairwise,raw_prefix_error,weeks_1_13__10_edps,prefix,10,13,0.1595334136514971
provider_eval_synchronized_retargeting,synchronized_retargeting,panel_direct_pairwise,reconciled_prefix_error,weeks_1_13__10_edps,prefix,10,13,0.13425016371971185
provider_eval_synchronized_retargeting,synchronized_retargeting,panel_direct_pairwise,union_adjustment,weeks_1_13__10_edps,prefix,10,13,0.030082397494981684
provider_eval_synchronized_retargeting,synchronized_retargeting,panel_direct_pairwise,cell_l1_adjustment,weeks_1_13__10_edps,prefix,10,13,0.6073100728409199
provider_eval_synchronized_retargeting,synchronized_retargeting,panel_direct_pairwise,temporal_projection_used,weeks_1_13__10_edps,prefix,10,13,1.0
provider_eval_synchronized_retargeting,synchronized_retargeting,panel_direct_pairwise,reconciliation_seconds,weeks_1_13__10_edps,prefix,10,13,0.1507279999786988
provider_eval_synchronized_retargeting,synchronized_retargeting,panel_direct_pairwise__active_today,report_error,weeks_1_3__2_edps,prefix,2,3,0.0
provider_eval_synchronized_retargeting,synchronized_retargeting,panel_direct_pairwise__active_today,report_error,weeks_1_12__2_edps,prefix,2,12,0.13803019410496045
provider_eval_synchronized_retargeting,synchronized_retargeting,panel_direct_pairwise__active_today,report_error,weeks_5_12__2_edps,interval,2,12,0.13803019410496045
provider_eval_synchronized_retargeting,synchronized_retargeting,panel_direct_pairwise__active_today,report_error,weeks_1_3__5_edps,prefix,5,3,0.0
provider_eval_synchronized_retargeting,synchronized_retargeting,panel_direct_pairwise__active_today,report_error,weeks_1_12__5_edps,prefix,5,12,0.0963855421686747
provider_eval_synchronized_retargeting,synchronized_retargeting,panel_direct_pairwise__active_today,report_error,weeks_7_13__5_edps,interval,5,13,0.22257720979765708
provider_eval_synchronized_retargeting,synchronized_retargeting,panel_direct_pairwise__active_today,report_error,all_weeks__5_edps,prefix,5,13,0.0033065658951346244
provider_eval_synchronized_retargeting,synchronized_retargeting,panel_direct_pairwise__active_today,report_error,noncontiguous__5_edps,noncontiguous,5,13,0.2859387274155538
provider_eval_synchronized_retargeting,synchronized_retargeting,panel_direct_pairwise__active_today,report_error,weeks_1_3__10_edps,prefix,10,3,0.0
provider_eval_synchronized_retargeting,synchronized_retargeting,panel_direct_pairwise__active_today,report_error,weeks_1_12__10_edps,prefix,10,12,0.012696041822255415
provider_eval_synchronized_retargeting,synchronized_retargeting,panel_direct_pairwise__active_today,report_error,all_weeks__10_edps,prefix,10,13,0.13425016371971185
provider_eval_synchronized_retargeting,synchronized_retargeting,panel_direct_pairwise__active_today,report_error,weeks_5_12__10_edps,interval,10,12,0.012696041822255415
provider_eval_synchronized_retargeting,synchronized_retargeting,panel_direct_pairwise__active_today,report_error,weeks_7_13__10_edps,interval,10,13,0.33311081441922563
provider_eval_synchronized_retargeting,synchronized_retargeting,panel_direct_pairwise__active_today,report_error,noncontiguous__10_edps,noncontiguous,10,13,0.1377825618945102
provider_eval_synchronized_retargeting,synchronized_retargeting,panel_direct_pairwise__active_today,report_error,noncontiguous__2_edps,noncontiguous,2,13,0.11432926829268293
provider_eval_synchronized_retargeting,synchronized_retargeting,panel_direct_pairwise__recent_creation,report_error,weeks_1_3__2_edps,prefix,2,3,0.0
provider_eval_synchronized_retargeting,synchronized_retargeting,panel_direct_pairwise__recent_creation,report_error,weeks_1_12__2_edps,prefix,2,12,0.13803019410496045
provider_eval_synchronized_retargeting,synchronized_retargeting,panel_direct_pairwise__recent_creation,report_error,weeks_5_12__2_edps,interval,2,12,0.13803019410496045
provider_eval_synchronized_retargeting,synchronized_retargeting,panel_direct_pairwise__recent_creation,report_error,weeks_1_3__5_edps,prefix,5,3,0.0
provider_eval_synchronized_retargeting,synchronized_retargeting,panel_direct_pairwise__recent_creation,report_error,weeks_1_12__5_edps,prefix,5,12,0.0963855421686747
provider_eval_synchronized_retargeting,synchronized_retargeting,panel_direct_pairwise__recent_creation,report_error,weeks_7_13__5_edps,interval,5,13,0.22044728434504793
provider_eval_synchronized_retargeting,synchronized_retargeting,panel_direct_pairwise__recent_creation,report_error,all_weeks__5_edps,prefix,5,13,0.0033065658951346244
provider_eval_synchronized_retargeting,synchronized_retargeting,panel_direct_pairwise__recent_creation,report_error,noncontiguous__5_edps,noncontiguous,5,13,0.2898664571877455
provider_eval_synchronized_retargeting,synchronized_retargeting,panel_direct_pairwise__recent_creation,report_error,weeks_1_3__10_edps,prefix,10,3,0.0
provider_eval_synchronized_retargeting,synchronized_retargeting,panel_direct_pairwise__recent_creation,report_error,weeks_1_12__10_edps,prefix,10,12,0.012696041822255415
provider_eval_synchronized_retargeting,synchronized_retargeting,panel_direct_pairwise__recent_creation,report_error,all_weeks__10_edps,prefix,10,13,0.13425016371971185
provider_eval_synchronized_retargeting,synchronized_retargeting,panel_direct_pairwise__recent_creation,report_error,weeks_5_12__10_edps,interval,10,12,0.012696041822255415
provider_eval_synchronized_retargeting,synchronized_retargeting,panel_direct_pairwise__recent_creation,report_error,weeks_7_13__10_edps,interval,10,13,0.3377837116154873
provider_eval_synchronized_retargeting,synchronized_retargeting,panel_direct_pairwise__recent_creation,report_error,noncontiguous__10_edps,noncontiguous,10,13,0.13670613562970937
provider_eval_synchronized_retargeting,synchronized_retargeting,panel_direct_pairwise__recent_creation,report_error,noncontiguous__2_edps,noncontiguous,2,13,0.11280487804878049
provider_eval_synchronized_retargeting,synchronized_retargeting,panel_direct_pairwise__oldest_creation,report_error,weeks_1_3__2_edps,prefix,2,3,0.0
provider_eval_synchronized_retargeting,synchronized_retargeting,panel_direct_pairwise__oldest_creation,report_error,weeks_1_12__2_edps,prefix,2,12,0.13803019410496045
provider_eval_synchronized_retargeting,synchronized_retargeting,panel_direct_pairwise__oldest_creation,report_error,weeks_5_12__2_edps,interval,2,12,0.13803019410496045
provider_eval_synchronized_retargeting,synchronized_retargeting,panel_direct_pairwise__oldest_creation,report_error,weeks_1_3__5_edps,prefix,5,3,0.0
provider_eval_synchronized_retargeting,synchronized_retargeting,panel_direct_pairwise__oldest_creation,report_error,weeks_1_12__5_edps,prefix,5,12,0.0963855421686747
provider_eval_synchronized_retargeting,synchronized_retargeting,panel_direct_pairwise__oldest_creation,report_error,weeks_7_13__5_edps,interval,5,13,0.22470713525026625
provider_eval_synchronized_retargeting,synchronized_retargeting,panel_direct_pairwise__oldest_creation,report_error,all_weeks__5_edps,prefix,5,13,0.0033065658951346244
provider_eval_synchronized_retargeting,synchronized_retargeting,panel_direct_pairwise__oldest_creation,report_error,noncontiguous__5_edps,noncontiguous,5,13,0.29300864100549884
provider_eval_synchronized_retargeting,synchronized_retargeting,panel_direct_pairwise__oldest_creation,report_error,weeks_1_3__10_edps,prefix,10,3,0.0
provider_eval_synchronized_retargeting,synchronized_retargeting,panel_direct_pairwise__oldest_creation,report_error,weeks_1_12__10_edps,prefix,10,12,0.012696041822255415
provider_eval_synchronized_retargeting,synchronized_retargeting,panel_direct_pairwise__oldest_creation,report_error,all_weeks__10_edps,prefix,10,13,0.13425016371971185
provider_eval_synchronized_retargeting,synchronized_retargeting,panel_direct_pairwise__oldest_creation,report_error,weeks_5_12__10_edps,interval,10,12,0.012696041822255415
provider_eval_synchronized_retargeting,synchronized_retargeting,panel_direct_pairwise__oldest_creation,report_error,weeks_7_13__10_edps,interval,10,13,0.3334445927903872
provider_eval_synchronized_retargeting,synchronized_retargeting,panel_direct_pairwise__oldest_creation,report_error,noncontiguous__10_edps,noncontiguous,10,13,0.16738428417653392
provider_eval_synchronized_retargeting,synchronized_retargeting,panel_direct_pairwise__oldest_creation,report_error,noncontiguous__2_edps,noncontiguous,2,13,0.11585365853658537
provider_eval_shared_seed_then_expansion,shared_seed_then_expansion,existing_vid,report_error,weeks_1_3__2_edps,prefix,2,3,0.6282055873925494
provider_eval_shared_seed_then_expansion,shared_seed_then_expansion,existing_vid,report_error,weeks_1_12__2_edps,prefix,2,12,0.17990816678152982
provider_eval_shared_seed_then_expansion,shared_seed_then_expansion,existing_vid,report_error,weeks_5_12__2_edps,interval,2,12,0.0040490566037733175
provider_eval_shared_seed_then_expansion,shared_seed_then_expansion,existing_vid,report_error,weeks_1_3__5_edps,prefix,5,3,2.5358327596130024
provider_eval_shared_seed_then_expansion,shared_seed_then_expansion,existing_vid,report_error,weeks_1_12__5_edps,prefix,5,12,0.3318389950216621
provider_eval_shared_seed_then_expansion,shared_seed_then_expansion,existing_vid,report_error,weeks_7_13__5_edps,interval,5,13,0.018892805307899236
provider_eval_shared_seed_then_expansion,shared_seed_then_expansion,existing_vid,report_error,all_weeks__5_edps,prefix,5,13,0.25003759269753784
provider_eval_shared_seed_then_expansion,shared_seed_then_expansion,existing_vid,report_error,noncontiguous__5_edps,noncontiguous,5,13,0.37131456496129905
provider_eval_shared_seed_then_expansion,shared_seed_then_expansion,existing_vid,report_error,weeks_1_3__10_edps,prefix,10,3,4.946475321870281
provider_eval_shared_seed_then_expansion,shared_seed_then_expansion,existing_vid,report_error,weeks_1_12__10_edps,prefix,10,12,0.270740560759941
provider_eval_shared_seed_then_expansion,shared_seed_then_expansion,existing_vid,report_error,all_weeks__10_edps,prefix,10,13,0.18320308895383644
provider_eval_shared_seed_then_expansion,shared_seed_then_expansion,existing_vid,report_error,weeks_5_12__10_edps,interval,10,12,0.027861443284211522
provider_eval_shared_seed_then_expansion,shared_seed_then_expansion,existing_vid,report_error,weeks_7_13__10_edps,interval,10,13,0.03411732188409611
provider_eval_shared_seed_then_expansion,shared_seed_then_expansion,existing_vid,report_error,noncontiguous__10_edps,noncontiguous,10,13,0.43555190491567614
provider_eval_shared_seed_then_expansion,shared_seed_then_expansion,existing_vid,report_error,noncontiguous__2_edps,noncontiguous,2,13,0.13627734877734932
provider_eval_shared_seed_then_expansion,shared_seed_then_expansion,panel_direct_pairwise,raw_prefix_error,weeks_1_1__10_edps,prefix,10,1,0.9829746935841625
provider_eval_shared_seed_then_expansion,shared_seed_then_expansion,panel_direct_pairwise,reconciled_prefix_error,weeks_1_1__10_edps,prefix,10,1,0.982642237222758
provider_eval_shared_seed_then_expansion,shared_seed_then_expansion,panel_direct_pairwise,union_adjustment,weeks_1_1__10_edps,prefix,10,1,0.00016765537275210528
provider_eval_shared_seed_then_expansion,shared_seed_then_expansion,panel_direct_pairwise,cell_l1_adjustment,weeks_1_1__10_edps,prefix,10,1,0.4003811820606009
provider_eval_shared_seed_then_expansion,shared_seed_then_expansion,panel_direct_pairwise,temporal_projection_used,weeks_1_1__10_edps,prefix,10,1,1.0
provider_eval_shared_seed_then_expansion,shared_seed_then_expansion,panel_direct_pairwise,reconciliation_seconds,weeks_1_1__10_edps,prefix,10,1,0.01472145807929337
provider_eval_shared_seed_then_expansion,shared_seed_then_expansion,panel_direct_pairwise,raw_prefix_error,weeks_1_2__10_edps,prefix,10,2,1.488732642273443
provider_eval_shared_seed_then_expansion,shared_seed_then_expansion,panel_direct_pairwise,reconciled_prefix_error,weeks_1_2__10_edps,prefix,10,2,1.488888888888889
provider_eval_shared_seed_then_expansion,shared_seed_then_expansion,panel_direct_pairwise,union_adjustment,weeks_1_2__10_edps,prefix,10,2,6.27815992715336e-05
provider_eval_shared_seed_then_expansion,shared_seed_then_expansion,panel_direct_pairwise,cell_l1_adjustment,weeks_1_2__10_edps,prefix,10,2,0.5275405382014746
provider_eval_shared_seed_then_expansion,shared_seed_then_expansion,panel_direct_pairwise,temporal_projection_used,weeks_1_2__10_edps,prefix,10,2,1.0
provider_eval_shared_seed_then_expansion,shared_seed_then_expansion,panel_direct_pairwise,reconciliation_seconds,weeks_1_2__10_edps,prefix,10,2,0.0803465839708224
provider_eval_shared_seed_then_expansion,shared_seed_then_expansion,panel_direct_pairwise,raw_prefix_error,weeks_1_3__10_edps,prefix,10,3,0.7847493221391811
provider_eval_shared_seed_then_expansion,shared_seed_then_expansion,panel_direct_pairwise,reconciled_prefix_error,weeks_1_3__10_edps,prefix,10,3,1.488888888888889
provider_eval_shared_seed_then_expansion,shared_seed_then_expansion,panel_direct_pairwise,union_adjustment,weeks_1_3__10_edps,prefix,10,3,0.39453135407595136
provider_eval_shared_seed_then_expansion,shared_seed_then_expansion,panel_direct_pairwise,cell_l1_adjustment,weeks_1_3__10_edps,prefix,10,3,1.0136485066027758
provider_eval_shared_seed_then_expansion,shared_seed_then_expansion,panel_direct_pairwise,temporal_projection_used,weeks_1_3__10_edps,prefix,10,3,1.0
provider_eval_shared_seed_then_expansion,shared_seed_then_expansion,panel_direct_pairwise,reconciliation_seconds,weeks_1_3__10_edps,prefix,10,3,0.17357487499248236
provider_eval_shared_seed_then_expansion,shared_seed_then_expansion,panel_direct_pairwise,raw_prefix_error,weeks_1_4__10_edps,prefix,10,4,0.90819593810461
provider_eval_shared_seed_then_expansion,shared_seed_then_expansion,panel_direct_pairwise,reconciled_prefix_error,weeks_1_4__10_edps,prefix,10,4,1.488888888888889
provider_eval_shared_seed_then_expansion,shared_seed_then_expansion,panel_direct_pairwise,union_adjustment,weeks_1_4__10_edps,prefix,10,4,0.3043151592498791
provider_eval_shared_seed_then_expansion,shared_seed_then_expansion,panel_direct_pairwise,cell_l1_adjustment,weeks_1_4__10_edps,prefix,10,4,1.0904668079127988
provider_eval_shared_seed_then_expansion,shared_seed_then_expansion,panel_direct_pairwise,temporal_projection_used,weeks_1_4__10_edps,prefix,10,4,1.0
provider_eval_shared_seed_then_expansion,shared_seed_then_expansion,panel_direct_pairwise,reconciliation_seconds,weeks_1_4__10_edps,prefix,10,4,0.0009102079784497619
provider_eval_shared_seed_then_expansion,shared_seed_then_expansion,panel_direct_pairwise,raw_prefix_error,weeks_1_5__10_edps,prefix,10,5,0.7964885718665318
provider_eval_shared_seed_then_expansion,shared_seed_then_expansion,panel_direct_pairwise,reconciled_prefix_error,weeks_1_5__10_edps,prefix,10,5,1.488888888888889
provider_eval_shared_seed_then_expansion,shared_seed_then_expansion,panel_direct_pairwise,union_adjustment,weeks_1_5__10_edps,prefix,10,5,0.3854187150786946
provider_eval_shared_seed_then_expansion,shared_seed_then_expansion,panel_direct_pairwise,cell_l1_adjustment,weeks_1_5__10_edps,prefix,10,5,1.145983361105132
provider_eval_shared_seed_then_expansion,shared_seed_then_expansion,panel_direct_pairwise,temporal_projection_used,weeks_1_5__10_edps,prefix,10,5,1.0
provider_eval_shared_seed_then_expansion,shared_seed_then_expansion,panel_direct_pairwise,reconciliation_seconds,weeks_1_5__10_edps,prefix,10,5,0.0009136659791693091
provider_eval_shared_seed_then_expansion,shared_seed_then_expansion,panel_direct_pairwise,raw_prefix_error,weeks_1_6__10_edps,prefix,10,6,0.8992657526779175
provider_eval_shared_seed_then_expansion,shared_seed_then_expansion,panel_direct_pairwise,reconciled_prefix_error,weeks_1_6__10_edps,prefix,10,6,1.488888888888889
provider_eval_shared_seed_then_expansion,shared_seed_then_expansion,panel_direct_pairwise,union_adjustment,weeks_1_6__10_edps,prefix,10,6,0.3104479377778557
provider_eval_shared_seed_then_expansion,shared_seed_then_expansion,panel_direct_pairwise,cell_l1_adjustment,weeks_1_6__10_edps,prefix,10,6,1.042767578127056
provider_eval_shared_seed_then_expansion,shared_seed_then_expansion,panel_direct_pairwise,temporal_projection_used,weeks_1_6__10_edps,prefix,10,6,1.0
provider_eval_shared_seed_then_expansion,shared_seed_then_expansion,panel_direct_pairwise,reconciliation_seconds,weeks_1_6__10_edps,prefix,10,6,0.0008995829848572612
provider_eval_shared_seed_then_expansion,shared_seed_then_expansion,panel_direct_pairwise,raw_prefix_error,weeks_1_7__10_edps,prefix,10,7,1.0427389666169955
provider_eval_shared_seed_then_expansion,shared_seed_then_expansion,panel_direct_pairwise,reconciled_prefix_error,weeks_1_7__10_edps,prefix,10,7,1.488888888888889
provider_eval_shared_seed_then_expansion,shared_seed_then_expansion,panel_direct_pairwise,union_adjustment,weeks_1_7__10_edps,prefix,10,7,0.21840770140629906
provider_eval_shared_seed_then_expansion,shared_seed_then_expansion,panel_direct_pairwise,cell_l1_adjustment,weeks_1_7__10_edps,prefix,10,7,0.9929973540694124
provider_eval_shared_seed_then_expansion,shared_seed_then_expansion,panel_direct_pairwise,temporal_projection_used,weeks_1_7__10_edps,prefix,10,7,1.0
provider_eval_shared_seed_then_expansion,shared_seed_then_expansion,panel_direct_pairwise,reconciliation_seconds,weeks_1_7__10_edps,prefix,10,7,0.0009385409066453576
provider_eval_shared_seed_then_expansion,shared_seed_then_expansion,panel_direct_pairwise,raw_prefix_error,weeks_1_8__10_edps,prefix,10,8,0.7953994177716289
provider_eval_shared_seed_then_expansion,shared_seed_then_expansion,panel_direct_pairwise,reconciled_prefix_error,weeks_1_8__10_edps,prefix,10,8,1.488888888888889
provider_eval_shared_seed_then_expansion,shared_seed_then_expansion,panel_direct_pairwise,union_adjustment,weeks_1_8__10_edps,prefix,10,8,0.38625916008037176
provider_eval_shared_seed_then_expansion,shared_seed_then_expansion,panel_direct_pairwise,cell_l1_adjustment,weeks_1_8__10_edps,prefix,10,8,1.0743489688872332
provider_eval_shared_seed_then_expansion,shared_seed_then_expansion,panel_direct_pairwise,temporal_projection_used,weeks_1_8__10_edps,prefix,10,8,1.0
provider_eval_shared_seed_then_expansion,shared_seed_then_expansion,panel_direct_pairwise,reconciliation_seconds,weeks_1_8__10_edps,prefix,10,8,0.000916499993763864
provider_eval_shared_seed_then_expansion,shared_seed_then_expansion,panel_direct_pairwise,raw_prefix_error,weeks_1_9__10_edps,prefix,10,9,0.05339722233905663
provider_eval_shared_seed_then_expansion,shared_seed_then_expansion,panel_direct_pairwise,reconciled_prefix_error,weeks_1_9__10_edps,prefix,10,9,0.053497942386831275
provider_eval_shared_seed_then_expansion,shared_seed_then_expansion,panel_direct_pairwise,union_adjustment,weeks_1_9__10_edps,prefix,10,9,0.00010640159753608867
provider_eval_shared_seed_then_expansion,shared_seed_then_expansion,panel_direct_pairwise,cell_l1_adjustment,weeks_1_9__10_edps,prefix,10,9,0.5536452236584334
provider_eval_shared_seed_then_expansion,shared_seed_then_expansion,panel_direct_pairwise,temporal_projection_used,weeks_1_9__10_edps,prefix,10,9,1.0
provider_eval_shared_seed_then_expansion,shared_seed_then_expansion,panel_direct_pairwise,reconciliation_seconds,weeks_1_9__10_edps,prefix,10,9,0.18754304200410843
provider_eval_shared_seed_then_expansion,shared_seed_then_expansion,panel_direct_pairwise,raw_prefix_error,weeks_1_10__10_edps,prefix,10,10,0.19068524647246002
provider_eval_shared_seed_then_expansion,shared_seed_then_expansion,panel_direct_pairwise,reconciled_prefix_error,weeks_1_10__10_edps,prefix,10,10,0.1906374501992032
provider_eval_shared_seed_then_expansion,shared_seed_then_expansion,panel_direct_pairwise,union_adjustment,weeks_1_10__10_edps,prefix,10,10,5.9057706594900084e-05
provider_eval_shared_seed_then_expansion,shared_seed_then_expansion,panel_direct_pairwise,cell_l1_adjustment,weeks_1_10__10_edps,prefix,10,10,0.39618996385374716
provider_eval_shared_seed_then_expansion,shared_seed_then_expansion,panel_direct_pairwise,temporal_projection_used,weeks_1_10__10_edps,prefix,10,10,1.0
provider_eval_shared_seed_then_expansion,shared_seed_then_expansion,panel_direct_pairwise,reconciliation_seconds,weeks_1_10__10_edps,prefix,10,10,0.16742258297745138
provider_eval_shared_seed_then_expansion,shared_seed_then_expansion,panel_direct_pairwise,raw_prefix_error,weeks_1_11__10_edps,prefix,10,11,0.24637790421088282
provider_eval_shared_seed_then_expansion,shared_seed_then_expansion,panel_direct_pairwise,reconciled_prefix_error,weeks_1_11__10_edps,prefix,10,11,0.24634559162948147
provider_eval_shared_seed_then_expansion,shared_seed_then_expansion,panel_direct_pairwise,union_adjustment,weeks_1_11__10_edps,prefix,10,11,4.2876372099799975e-05
provider_eval_shared_seed_then_expansion,shared_seed_then_expansion,panel_direct_pairwise,cell_l1_adjustment,weeks_1_11__10_edps,prefix,10,11,0.37527313664727197
provider_eval_shared_seed_then_expansion,shared_seed_then_expansion,panel_direct_pairwise,temporal_projection_used,weeks_1_11__10_edps,prefix,10,11,1.0
provider_eval_shared_seed_then_expansion,shared_seed_then_expansion,panel_direct_pairwise,reconciliation_seconds,weeks_1_11__10_edps,prefix,10,11,0.2142386669293046
provider_eval_shared_seed_then_expansion,shared_seed_then_expansion,panel_direct_pairwise,raw_prefix_error,weeks_1_12__10_edps,prefix,10,12,0.2891171081653106
provider_eval_shared_seed_then_expansion,shared_seed_then_expansion,panel_direct_pairwise,reconciled_prefix_error,weeks_1_12__10_edps,prefix,10,12,0.28916764667450673
provider_eval_shared_seed_then_expansion,shared_seed_then_expansion,panel_direct_pairwise,union_adjustment,weeks_1_12__10_edps,prefix,10,12,7.109259454222473e-05
provider_eval_shared_seed_then_expansion,shared_seed_then_expansion,panel_direct_pairwise,cell_l1_adjustment,weeks_1_12__10_edps,prefix,10,12,0.3245578647352067
provider_eval_shared_seed_then_expansion,shared_seed_then_expansion,panel_direct_pairwise,temporal_projection_used,weeks_1_12__10_edps,prefix,10,12,1.0
provider_eval_shared_seed_then_expansion,shared_seed_then_expansion,panel_direct_pairwise,reconciliation_seconds,weeks_1_12__10_edps,prefix,10,12,0.22079270903486758
provider_eval_shared_seed_then_expansion,shared_seed_then_expansion,panel_direct_pairwise,raw_prefix_error,weeks_1_13__10_edps,prefix,10,13,0.3769985929620653
provider_eval_shared_seed_then_expansion,shared_seed_then_expansion,panel_direct_pairwise,reconciled_prefix_error,weeks_1_13__10_edps,prefix,10,13,0.3702245890252373
provider_eval_shared_seed_then_expansion,shared_seed_then_expansion,panel_direct_pairwise,union_adjustment,weeks_1_13__10_edps,prefix,10,13,0.010873175983719419
provider_eval_shared_seed_then_expansion,shared_seed_then_expansion,panel_direct_pairwise,cell_l1_adjustment,weeks_1_13__10_edps,prefix,10,13,0.467698901273638
provider_eval_shared_seed_then_expansion,shared_seed_then_expansion,panel_direct_pairwise,temporal_projection_used,weeks_1_13__10_edps,prefix,10,13,1.0
provider_eval_shared_seed_then_expansion,shared_seed_then_expansion,panel_direct_pairwise,reconciliation_seconds,weeks_1_13__10_edps,prefix,10,13,0.2220047500450164
provider_eval_shared_seed_then_expansion,shared_seed_then_expansion,panel_direct_pairwise__active_today,report_error,weeks_1_3__2_edps,prefix,2,3,0.04775549188156638
provider_eval_shared_seed_then_expansion,shared_seed_then_expansion,panel_direct_pairwise__active_today,report_error,weeks_1_12__2_edps,prefix,2,12,0.05513439007580979
provider_eval_shared_seed_then_expansion,shared_seed_then_expansion,panel_direct_pairwise__active_today,report_error,weeks_5_12__2_edps,interval,2,12,0.00215633423180593
provider_eval_shared_seed_then_expansion,shared_seed_then_expansion,panel_direct_pairwise__active_today,report_error,weeks_1_3__5_edps,prefix,5,3,0.8925925925925926
provider_eval_shared_seed_then_expansion,shared_seed_then_expansion,panel_direct_pairwise__active_today,report_error,weeks_1_12__5_edps,prefix,5,12,0.11368090944727557
provider_eval_shared_seed_then_expansion,shared_seed_then_expansion,panel_direct_pairwise__active_today,report_error,weeks_7_13__5_edps,interval,5,13,0.18245905038357868
provider_eval_shared_seed_then_expansion,shared_seed_then_expansion,panel_direct_pairwise__active_today,report_error,all_weeks__5_edps,prefix,5,13,0.21175673386413688
provider_eval_shared_seed_then_expansion,shared_seed_then_expansion,panel_direct_pairwise__active_today,report_error,noncontiguous__5_edps,noncontiguous,5,13,0.0449438202247191
provider_eval_shared_seed_then_expansion,shared_seed_then_expansion,panel_direct_pairwise__active_today,report_error,weeks_1_3__10_edps,prefix,10,3,1.488888888888889
provider_eval_shared_seed_then_expansion,shared_seed_then_expansion,panel_direct_pairwise__active_today,report_error,weeks_1_12__10_edps,prefix,10,12,0.28916764667450673
provider_eval_shared_seed_then_expansion,shared_seed_then_expansion,panel_direct_pairwise__active_today,report_error,all_weeks__10_edps,prefix,10,13,0.3702245890252373
provider_eval_shared_seed_then_expansion,shared_seed_then_expansion,panel_direct_pairwise__active_today,report_error,weeks_5_12__10_edps,interval,10,12,0.24372432679141945
provider_eval_shared_seed_then_expansion,shared_seed_then_expansion,panel_direct_pairwise__active_today,report_error,weeks_7_13__10_edps,interval,10,13,0.29253770838846255
provider_eval_shared_seed_then_expansion,shared_seed_then_expansion,panel_direct_pairwise__active_today,report_error,noncontiguous__10_edps,noncontiguous,10,13,0.16197733489644392
provider_eval_shared_seed_then_expansion,shared_seed_then_expansion,panel_direct_pairwise__active_today,report_error,noncontiguous__2_edps,noncontiguous,2,13,0.06618863761720904
provider_eval_shared_seed_then_expansion,shared_seed_then_expansion,panel_direct_pairwise__recent_creation,report_error,weeks_1_3__2_edps,prefix,2,3,0.04775549188156638
provider_eval_shared_seed_then_expansion,shared_seed_then_expansion,panel_direct_pairwise__recent_creation,report_error,weeks_1_12__2_edps,prefix,2,12,0.05513439007580979
provider_eval_shared_seed_then_expansion,shared_seed_then_expansion,panel_direct_pairwise__recent_creation,report_error,weeks_5_12__2_edps,interval,2,12,0.0026954177897574125
provider_eval_shared_seed_then_expansion,shared_seed_then_expansion,panel_direct_pairwise__recent_creation,report_error,weeks_1_3__5_edps,prefix,5,3,0.8925925925925926
provider_eval_shared_seed_then_expansion,shared_seed_then_expansion,panel_direct_pairwise__recent_creation,report_error,weeks_1_12__5_edps,prefix,5,12,0.11368090944727557
provider_eval_shared_seed_then_expansion,shared_seed_then_expansion,panel_direct_pairwise__recent_creation,report_error,weeks_7_13__5_edps,interval,5,13,0.18225171055359735
provider_eval_shared_seed_then_expansion,shared_seed_then_expansion,panel_direct_pairwise__recent_creation,report_error,all_weeks__5_edps,prefix,5,13,0.21175673386413688
provider_eval_shared_seed_then_expansion,shared_seed_then_expansion,panel_direct_pairwise__recent_creation,report_error,noncontiguous__5_edps,noncontiguous,5,13,0.04980261160036441
provider_eval_shared_seed_then_expansion,shared_seed_then_expansion,panel_direct_pairwise__recent_creation,report_error,weeks_1_3__10_edps,prefix,10,3,1.488888888888889
provider_eval_shared_seed_then_expansion,shared_seed_then_expansion,panel_direct_pairwise__recent_creation,report_error,weeks_1_12__10_edps,prefix,10,12,0.28916764667450673
provider_eval_shared_seed_then_expansion,shared_seed_then_expansion,panel_direct_pairwise__recent_creation,report_error,all_weeks__10_edps,prefix,10,13,0.3702245890252373
provider_eval_shared_seed_then_expansion,shared_seed_then_expansion,panel_direct_pairwise__recent_creation,report_error,weeks_5_12__10_edps,interval,10,12,0.24509356458238246
provider_eval_shared_seed_then_expansion,shared_seed_then_expansion,panel_direct_pairwise__recent_creation,report_error,weeks_7_13__10_edps,interval,10,13,0.2933315691982006
provider_eval_shared_seed_then_expansion,shared_seed_then_expansion,panel_direct_pairwise__recent_creation,report_error,noncontiguous__10_edps,noncontiguous,10,13,0.16568972254787026
provider_eval_shared_seed_then_expansion,shared_seed_then_expansion,panel_direct_pairwise__recent_creation,report_error,noncontiguous__2_edps,noncontiguous,2,13,0.07832322118036404
provider_eval_shared_seed_then_expansion,shared_seed_then_expansion,panel_direct_pairwise__oldest_creation,report_error,weeks_1_3__2_edps,prefix,2,3,0.04775549188156638
provider_eval_shared_seed_then_expansion,shared_seed_then_expansion,panel_direct_pairwise__oldest_creation,report_error,weeks_1_12__2_edps,prefix,2,12,0.05513439007580979
provider_eval_shared_seed_then_expansion,shared_seed_then_expansion,panel_direct_pairwise__oldest_creation,report_error,weeks_5_12__2_edps,interval,2,12,0.00431266846361186
provider_eval_shared_seed_then_expansion,shared_seed_then_expansion,panel_direct_pairwise__oldest_creation,report_error,weeks_1_3__5_edps,prefix,5,3,0.8925925925925926
provider_eval_shared_seed_then_expansion,shared_seed_then_expansion,panel_direct_pairwise__oldest_creation,report_error,weeks_1_12__5_edps,prefix,5,12,0.11368090944727557
provider_eval_shared_seed_then_expansion,shared_seed_then_expansion,panel_direct_pairwise__oldest_creation,report_error,weeks_7_13__5_edps,interval,5,13,0.19261870205266432
provider_eval_shared_seed_then_expansion,shared_seed_then_expansion,panel_direct_pairwise__oldest_creation,report_error,all_weeks__5_edps,prefix,5,13,0.21175673386413688
provider_eval_shared_seed_then_expansion,shared_seed_then_expansion,panel_direct_pairwise__oldest_creation,report_error,noncontiguous__5_edps,noncontiguous,5,13,0.04008502884907379
provider_eval_shared_seed_then_expansion,shared_seed_then_expansion,panel_direct_pairwise__oldest_creation,report_error,weeks_1_3__10_edps,prefix,10,3,1.488888888888889
provider_eval_shared_seed_then_expansion,shared_seed_then_expansion,panel_direct_pairwise__oldest_creation,report_error,weeks_1_12__10_edps,prefix,10,12,0.28916764667450673
provider_eval_shared_seed_then_expansion,shared_seed_then_expansion,panel_direct_pairwise__oldest_creation,report_error,all_weeks__10_edps,prefix,10,13,0.3702245890252373
provider_eval_shared_seed_then_expansion,shared_seed_then_expansion,panel_direct_pairwise__oldest_creation,report_error,weeks_5_12__10_edps,interval,10,12,0.2653278563821695
provider_eval_shared_seed_then_expansion,shared_seed_then_expansion,panel_direct_pairwise__oldest_creation,report_error,weeks_7_13__10_edps,interval,10,13,0.3070918232336597
provider_eval_shared_seed_then_expansion,shared_seed_then_expansion,panel_direct_pairwise__oldest_creation,report_error,noncontiguous__10_edps,noncontiguous,10,13,0.16979288784681515
provider_eval_shared_seed_then_expansion,shared_seed_then_expansion,panel_direct_pairwise__oldest_creation,report_error,noncontiguous__2_edps,noncontiguous,2,13,0.07501378929950359
