campaign_id,scenario,method,day,dial
eval_broad_awareness_control_0,broad_awareness_control,fixed_model_line_pool,1,0.0
eval_broad_awareness_control_0,broad_awareness_control,fixed_model_line_pool,2,0.0
eval_broad_awareness_control_0,broad_awareness_control,fixed_model_line_pool,3,0.0
eval_broad_awareness_control_0,broad_awareness_control,fixed_model_line_pool,4,0.0
eval_broad_awareness_control_0,broad_awareness_control,fixed_model_line_pool,5,0.0
eval_broad_awareness_control_0,broad_awareness_control,fixed_model_line_pool,6,0.0
eval_broad_awareness_control_0,broad_awareness_control,fixed_model_line_pool,7,0.0
eval_broad_awareness_control_0,broad_awareness_control,fixed_model_line_pool,8,0.0
eval_broad_awareness_control_0,broad_awareness_control,fixed_model_line_pool,9,0.0
eval_broad_awareness_control_0,broad_awareness_control,fixed_model_line_pool,10,0.0
eval_broad_awareness_control_0,broad_awareness_control,fixed_model_line_pool,11,0.0
eval_broad_awareness_control_0,broad_awareness_control,fixed_model_line_pool,12,0.0
eval_broad_awareness_control_0,broad_awareness_control,fixed_model_line_pool,13,0.0
eval_broad_awareness_control_0,broad_awareness_control,context_and_scale_only_pool,1,0.0
eval_broad_awareness_control_0,broad_awareness_control,context_and_scale_only_pool,2,0.0
eval_broad_awareness_control_0,broad_awareness_control,context_and_scale_only_pool,3,0.0
eval_broad_awareness_control_0,broad_awareness_control,context_and_scale_only_pool,4,0.0
eval_broad_awareness_control_0,broad_awareness_control,context_and_scale_only_pool,5,0.0
eval_broad_awareness_control_0,broad_awareness_control,context_and_scale_only_pool,6,0.0
eval_broad_awareness_control_0,broad_awareness_control,context_and_scale_only_pool,7,0.0
eval_broad_awareness_control_0,broad_awareness_control,context_and_scale_only_pool,8,0.0
eval_broad_awareness_control_0,broad_awareness_control,context_and_scale_only_pool,9,0.0
eval_broad_awareness_control_0,broad_awareness_control,context_and_scale_only_pool,10,0.0
eval_broad_awareness_control_0,broad_awareness_control,context_and_scale_only_pool,11,0.07554094497876801
eval_broad_awareness_control_0,broad_awareness_control,context_and_scale_only_pool,12,0.17583562464222677
eval_broad_awareness_control_0,broad_awareness_control,context_and_scale_only_pool,13,0.22313883112417626
eval_broad_awareness_control_0,broad_awareness_control,provider_blended_ordered_pool,1,0.0
eval_broad_awareness_control_0,broad_awareness_control,provider_blended_ordered_pool,2,0.0
eval_broad_awareness_control_0,broad_awareness_control,provider_blended_ordered_pool,3,0.0
eval_broad_awareness_control_0,broad_awareness_control,provider_blended_ordered_pool,4,0.0
eval_broad_awareness_control_0,broad_awareness_control,provider_blended_ordered_pool,5,0.0
eval_broad_awareness_control_0,broad_awareness_control,provider_blended_ordered_pool,6,0.0
eval_broad_awareness_control_0,broad_awareness_control,provider_blended_ordered_pool,7,0.0
eval_broad_awareness_control_0,broad_awareness_control,provider_blended_ordered_pool,8,0.0
eval_broad_awareness_control_0,broad_awareness_control,provider_blended_ordered_pool,9,0.0
eval_broad_awareness_control_0,broad_awareness_control,provider_blended_ordered_pool,10,0.0
eval_broad_awareness_control_0,broad_awareness_control,provider_blended_ordered_pool,11,0.05229161488668062
eval_broad_awareness_control_0,broad_awareness_control,provider_blended_ordered_pool,12,0.15858161705856175
eval_broad_awareness_control_0,broad_awareness_control,provider_blended_ordered_pool,13,0.2110410491437076
eval_broad_awareness_control_0,broad_awareness_control,ordered_collision_resolved_overlap_pool,1,0.0
eval_broad_awareness_control_0,broad_awareness_control,ordered_collision_resolved_overlap_pool,2,0.0
eval_broad_awareness_control_0,broad_awareness_control,ordered_collision_resolved_overlap_pool,3,0.06132138633739956
eval_broad_awareness_control_0,broad_awareness_control,ordered_collision_resolved_overlap_pool,4,0.18242205397717515
eval_broad_awareness_control_0,broad_awareness_control,ordered_collision_resolved_overlap_pool,5,0.320795046843931
eval_broad_awareness_control_0,broad_awareness_control,ordered_collision_resolved_overlap_pool,6,0.4296826742912469
eval_broad_awareness_control_0,broad_awareness_control,ordered_collision_resolved_overlap_pool,7,0.5059984729169925
eval_broad_awareness_control_0,broad_awareness_control,ordered_collision_resolved_overlap_pool,8,0.6075909363855265
eval_broad_awareness_control_0,broad_awareness_control,ordered_collision_resolved_overlap_pool,9,0.7185811050122335
eval_broad_awareness_control_0,broad_awareness_control,ordered_collision_resolved_overlap_pool,10,0.7837962568507302
eval_broad_awareness_control_0,broad_awareness_control,ordered_collision_resolved_overlap_pool,11,0.8273928781279517
eval_broad_awareness_control_0,broad_awareness_control,ordered_collision_resolved_overlap_pool,12,0.8667675514033959
eval_broad_awareness_control_0,broad_awareness_control,ordered_collision_resolved_overlap_pool,13,0.9352607103263588
eval_broad_awareness_control_0,broad_awareness_control,fixed_marginal_overlap_atlas,1,0.0
eval_broad_awareness_control_0,broad_awareness_control,fixed_marginal_overlap_atlas,2,0.01522406406373733
eval_broad_awareness_control_0,broad_awareness_control,fixed_marginal_overlap_atlas,3,0.04758575316962224
eval_broad_awareness_control_0,broad_awareness_control,fixed_marginal_overlap_atlas,4,0.055783393252795035
eval_broad_awareness_control_0,broad_awareness_control,fixed_marginal_overlap_atlas,5,0.034865236242733855
eval_broad_awareness_control_0,broad_awareness_control,fixed_marginal_overlap_atlas,6,0.019548254135812265
eval_broad_awareness_control_0,broad_awareness_control,fixed_marginal_overlap_atlas,7,0.02568290464743833
eval_broad_awareness_control_0,broad_awareness_control,fixed_marginal_overlap_atlas,8,0.018895993261777377
eval_broad_awareness_control_0,broad_awareness_control,fixed_marginal_overlap_atlas,9,0.0015147426052402047
eval_broad_awareness_control_0,broad_awareness_control,fixed_marginal_overlap_atlas,10,0.0
eval_broad_awareness_control_0,broad_awareness_control,fixed_marginal_overlap_atlas,11,0.0026041463849961755
eval_broad_awareness_control_0,broad_awareness_control,fixed_marginal_overlap_atlas,12,0.02992880696904654
eval_broad_awareness_control_0,broad_awareness_control,fixed_marginal_overlap_atlas,13,0.020525746575922432
eval_broad_awareness_control_0,broad_awareness_control,pair_targeted_fixed_marginal_atlas,1,0.0
eval_broad_awareness_control_0,broad_awareness_control,pair_targeted_fixed_marginal_atlas,2,0.01522406406373733
eval_broad_awareness_control_0,broad_awareness_control,pair_targeted_fixed_marginal_atlas,3,0.04758575316962224
eval_broad_awareness_control_0,broad_awareness_control,pair_targeted_fixed_marginal_atlas,4,0.055783393252795035
eval_broad_awareness_control_0,broad_awareness_control,pair_targeted_fixed_marginal_atlas,5,0.034865236242733855
eval_broad_awareness_control_0,broad_awareness_control,pair_targeted_fixed_marginal_atlas,6,0.019548254135812265
eval_broad_awareness_control_0,broad_awareness_control,pair_targeted_fixed_marginal_atlas,7,0.02568290464743833
eval_broad_awareness_control_0,broad_awareness_control,pair_targeted_fixed_marginal_atlas,8,0.018895993261777377
eval_broad_awareness_control_0,broad_awareness_control,pair_targeted_fixed_marginal_atlas,9,0.0015147426052402047
eval_broad_awareness_control_0,broad_awareness_control,pair_targeted_fixed_marginal_atlas,10,0.0
eval_broad_awareness_control_0,broad_awareness_control,pair_targeted_fixed_marginal_atlas,11,0.0026041463849961755
eval_broad_awareness_control_0,broad_awareness_control,pair_targeted_fixed_marginal_atlas,12,0.02992880696904654
eval_broad_awareness_control_0,broad_awareness_control,pair_targeted_fixed_marginal_atlas,13,0.020525746575922432
eval_broad_awareness_control_0,broad_awareness_control,same_day_adaptive_pool,1,0.0
eval_broad_awareness_control_0,broad_awareness_control,same_day_adaptive_pool,2,0.0
eval_broad_awareness_control_0,broad_awareness_control,same_day_adaptive_pool,3,0.0
eval_broad_awareness_control_0,broad_awareness_control,same_day_adaptive_pool,4,0.0
eval_broad_awareness_control_0,broad_awareness_control,same_day_adaptive_pool,5,0.0
eval_broad_awareness_control_0,broad_awareness_control,same_day_adaptive_pool,6,0.0
eval_broad_awareness_control_0,broad_awareness_control,same_day_adaptive_pool,7,0.0
eval_broad_awareness_control_0,broad_awareness_control,same_day_adaptive_pool,8,0.0
eval_broad_awareness_control_0,broad_awareness_control,same_day_adaptive_pool,9,0.0
eval_broad_awareness_control_0,broad_awareness_control,same_day_adaptive_pool,10,0.028521739526285894
eval_broad_awareness_control_0,broad_awareness_control,same_day_adaptive_pool,11,0.017365862483710692
eval_broad_awareness_control_0,broad_awareness_control,same_day_adaptive_pool,12,0.0
eval_broad_awareness_control_0,broad_awareness_control,same_day_adaptive_pool,13,0.0
eval_broad_awareness_control_0,broad_awareness_control,cumulative_adaptive_pool,1,0.0
eval_broad_awareness_control_0,broad_awareness_control,cumulative_adaptive_pool,2,0.0
eval_broad_awareness_control_0,broad_awareness_control,cumulative_adaptive_pool,3,0.0
eval_broad_awareness_control_0,broad_awareness_control,cumulative_adaptive_pool,4,0.0
eval_broad_awareness_control_0,broad_awareness_control,cumulative_adaptive_pool,5,0.0
eval_broad_awareness_control_0,broad_awareness_control,cumulative_adaptive_pool,6,0.0
eval_broad_awareness_control_0,broad_awareness_control,cumulative_adaptive_pool,7,0.0
eval_broad_awareness_control_0,broad_awareness_control,cumulative_adaptive_pool,8,0.0
eval_broad_awareness_control_0,broad_awareness_control,cumulative_adaptive_pool,9,0.0
eval_broad_awareness_control_0,broad_awareness_control,cumulative_adaptive_pool,10,0.0
eval_broad_awareness_control_0,broad_awareness_control,cumulative_adaptive_pool,11,0.03326943572042729
eval_broad_awareness_control_0,broad_awareness_control,cumulative_adaptive_pool,12,0.14446470176283582
eval_broad_awareness_control_0,broad_awareness_control,cumulative_adaptive_pool,13,0.2011428638869605
eval_broad_awareness_control_0,broad_awareness_control,quantized_hysteresis_pool,1,0.0
eval_broad_awareness_control_0,broad_awareness_control,quantized_hysteresis_pool,2,0.0
eval_broad_awareness_control_0,broad_awareness_control,quantized_hysteresis_pool,3,0.0
eval_broad_awareness_control_0,broad_awareness_control,quantized_hysteresis_pool,4,0.0
eval_broad_awareness_control_0,broad_awareness_control,quantized_hysteresis_pool,5,0.0
eval_broad_awareness_control_0,broad_awareness_control,quantized_hysteresis_pool,6,0.0
eval_broad_awareness_control_0,broad_awareness_control,quantized_hysteresis_pool,7,0.0
eval_broad_awareness_control_0,broad_awareness_control,quantized_hysteresis_pool,8,0.0
eval_broad_awareness_control_0,broad_awareness_control,quantized_hysteresis_pool,9,0.0
eval_broad_awareness_control_0,broad_awareness_control,quantized_hysteresis_pool,10,0.0
eval_broad_awareness_control_0,broad_awareness_control,quantized_hysteresis_pool,11,0.0
eval_broad_awareness_control_0,broad_awareness_control,quantized_hysteresis_pool,12,0.0
eval_broad_awareness_control_0,broad_awareness_control,quantized_hysteresis_pool,13,0.1
eval_broad_awareness_control_0,broad_awareness_control,sticky_first_seen_pool,1,0.0
eval_broad_awareness_control_0,broad_awareness_control,sticky_first_seen_pool,2,0.0
eval_broad_awareness_control_0,broad_awareness_control,sticky_first_seen_pool,3,0.0
eval_broad_awareness_control_0,broad_awareness_control,sticky_first_seen_pool,4,0.0
eval_broad_awareness_control_0,broad_awareness_control,sticky_first_seen_pool,5,0.0
eval_broad_awareness_control_0,broad_awareness_control,sticky_first_seen_pool,6,0.0
eval_broad_awareness_control_0,broad_awareness_control,sticky_first_seen_pool,7,0.0
eval_broad_awareness_control_0,broad_awareness_control,sticky_first_seen_pool,8,0.0
eval_broad_awareness_control_0,broad_awareness_control,sticky_first_seen_pool,9,0.0
eval_broad_awareness_control_0,broad_awareness_control,sticky_first_seen_pool,10,0.0
eval_broad_awareness_control_0,broad_awareness_control,sticky_first_seen_pool,11,0.03326943572042729
eval_broad_awareness_control_0,broad_awareness_control,sticky_first_seen_pool,12,0.14446470176283582
eval_broad_awareness_control_0,broad_awareness_control,sticky_first_seen_pool,13,0.2011428638869605
eval_broad_awareness_control_0,broad_awareness_control,ordered_memoized_rank_lattice,1,0.0
eval_broad_awareness_control_0,broad_awareness_control,ordered_memoized_rank_lattice,2,0.0
eval_broad_awareness_control_0,broad_awareness_control,ordered_memoized_rank_lattice,3,0.0
eval_broad_awareness_control_0,broad_awareness_control,ordered_memoized_rank_lattice,4,0.0
eval_broad_awareness_control_0,broad_awareness_control,ordered_memoized_rank_lattice,5,0.0
eval_broad_awareness_control_0,broad_awareness_control,ordered_memoized_rank_lattice,6,0.0
eval_broad_awareness_control_0,broad_awareness_control,ordered_memoized_rank_lattice,7,0.0
eval_broad_awareness_control_0,broad_awareness_control,ordered_memoized_rank_lattice,8,0.0
eval_broad_awareness_control_0,broad_awareness_control,ordered_memoized_rank_lattice,9,0.0
eval_broad_awareness_control_0,broad_awareness_control,ordered_memoized_rank_lattice,10,0.0
eval_broad_awareness_control_0,broad_awareness_control,ordered_memoized_rank_lattice,11,0.0
eval_broad_awareness_control_0,broad_awareness_control,ordered_memoized_rank_lattice,12,0.0
eval_broad_awareness_control_0,broad_awareness_control,ordered_memoized_rank_lattice,13,0.1
eval_broad_awareness_control_0,broad_awareness_control,cohort_3_week_rank_lattice,1,0.0
eval_broad_awareness_control_0,broad_awareness_control,cohort_3_week_rank_lattice,2,0.0
eval_broad_awareness_control_0,broad_awareness_control,cohort_3_week_rank_lattice,3,0.0
eval_broad_awareness_control_0,broad_awareness_control,cohort_3_week_rank_lattice,4,0.0
eval_broad_awareness_control_0,broad_awareness_control,cohort_3_week_rank_lattice,5,0.0
eval_broad_awareness_control_0,broad_awareness_control,cohort_3_week_rank_lattice,6,0.0
eval_broad_awareness_control_0,broad_awareness_control,cohort_3_week_rank_lattice,7,0.0
eval_broad_awareness_control_0,broad_awareness_control,cohort_3_week_rank_lattice,8,0.0
eval_broad_awareness_control_0,broad_awareness_control,cohort_3_week_rank_lattice,9,0.0
eval_broad_awareness_control_0,broad_awareness_control,cohort_3_week_rank_lattice,10,0.0
eval_broad_awareness_control_0,broad_awareness_control,cohort_3_week_rank_lattice,11,0.0
eval_broad_awareness_control_0,broad_awareness_control,cohort_3_week_rank_lattice,12,0.0
eval_broad_awareness_control_0,broad_awareness_control,cohort_3_week_rank_lattice,13,0.1
eval_broad_awareness_control_0,broad_awareness_control,oracle_online_venn_recent,1,0.0
eval_broad_awareness_control_0,broad_awareness_control,oracle_online_venn_recent,2,0.0
eval_broad_awareness_control_0,broad_awareness_control,oracle_online_venn_recent,3,0.0
eval_broad_awareness_control_0,broad_awareness_control,oracle_online_venn_recent,4,0.0
eval_broad_awareness_control_0,broad_awareness_control,oracle_online_venn_recent,5,0.0
eval_broad_awareness_control_0,broad_awareness_control,oracle_online_venn_recent,6,0.0
eval_broad_awareness_control_0,broad_awareness_control,oracle_online_venn_recent,7,0.0
eval_broad_awareness_control_0,broad_awareness_control,oracle_online_venn_recent,8,0.0
eval_broad_awareness_control_0,broad_awareness_control,oracle_online_venn_recent,9,0.0
eval_broad_awareness_control_0,broad_awareness_control,oracle_online_venn_recent,10,0.0
eval_broad_awareness_control_0,broad_awareness_control,oracle_online_venn_recent,11,0.0
eval_broad_awareness_control_0,broad_awareness_control,oracle_online_venn_recent,12,0.0
eval_broad_awareness_control_0,broad_awareness_control,oracle_online_venn_recent,13,0.0
eval_broad_awareness_control_0,broad_awareness_control,oracle_online_venn_oldest,1,0.0
eval_broad_awareness_control_0,broad_awareness_control,oracle_online_venn_oldest,2,0.0
eval_broad_awareness_control_0,broad_awareness_control,oracle_online_venn_oldest,3,0.0
eval_broad_awareness_control_0,broad_awareness_control,oracle_online_venn_oldest,4,0.0
eval_broad_awareness_control_0,broad_awareness_control,oracle_online_venn_oldest,5,0.0
eval_broad_awareness_control_0,broad_awareness_control,oracle_online_venn_oldest,6,0.0
eval_broad_awareness_control_0,broad_awareness_control,oracle_online_venn_oldest,7,0.0
eval_broad_awareness_control_0,broad_awareness_control,oracle_online_venn_oldest,8,0.0
eval_broad_awareness_control_0,broad_awareness_control,oracle_online_venn_oldest,9,0.0
eval_broad_awareness_control_0,broad_awareness_control,oracle_online_venn_oldest,10,0.0
eval_broad_awareness_control_0,broad_awareness_control,oracle_online_venn_oldest,11,0.0
eval_broad_awareness_control_0,broad_awareness_control,oracle_online_venn_oldest,12,0.0
eval_broad_awareness_control_0,broad_awareness_control,oracle_online_venn_oldest,13,0.0
eval_broad_awareness_control_0,broad_awareness_control,oracle_online_union_recent,1,0.0
eval_broad_awareness_control_0,broad_awareness_control,oracle_online_union_recent,2,0.0
eval_broad_awareness_control_0,broad_awareness_control,oracle_online_union_recent,3,0.0
eval_broad_awareness_control_0,broad_awareness_control,oracle_online_union_recent,4,0.0
eval_broad_awareness_control_0,broad_awareness_control,oracle_online_union_recent,5,0.0
eval_broad_awareness_control_0,broad_awareness_control,oracle_online_union_recent,6,0.0
eval_broad_awareness_control_0,broad_awareness_control,oracle_online_union_recent,7,0.0
eval_broad_awareness_control_0,broad_awareness_control,oracle_online_union_recent,8,0.0
eval_broad_awareness_control_0,broad_awareness_control,oracle_online_union_recent,9,0.0
eval_broad_awareness_control_0,broad_awareness_control,oracle_online_union_recent,10,0.0
eval_broad_awareness_control_0,broad_awareness_control,oracle_online_union_recent,11,0.0
eval_broad_awareness_control_0,broad_awareness_control,oracle_online_union_recent,12,0.0
eval_broad_awareness_control_0,broad_awareness_control,oracle_online_union_recent,13,0.0
eval_broad_awareness_control_0,broad_awareness_control,oracle_online_union_oldest,1,0.0
eval_broad_awareness_control_0,broad_awareness_control,oracle_online_union_oldest,2,0.0
eval_broad_awareness_control_0,broad_awareness_control,oracle_online_union_oldest,3,0.0
eval_broad_awareness_control_0,broad_awareness_control,oracle_online_union_oldest,4,0.0
eval_broad_awareness_control_0,broad_awareness_control,oracle_online_union_oldest,5,0.0
eval_broad_awareness_control_0,broad_awareness_control,oracle_online_union_oldest,6,0.0
eval_broad_awareness_control_0,broad_awareness_control,oracle_online_union_oldest,7,0.0
eval_broad_awareness_control_0,broad_awareness_control,oracle_online_union_oldest,8,0.0
eval_broad_awareness_control_0,broad_awareness_control,oracle_online_union_oldest,9,0.0
eval_broad_awareness_control_0,broad_awareness_control,oracle_online_union_oldest,10,0.0
eval_broad_awareness_control_0,broad_awareness_control,oracle_online_union_oldest,11,0.0
eval_broad_awareness_control_0,broad_awareness_control,oracle_online_union_oldest,12,0.0
eval_broad_awareness_control_0,broad_awareness_control,oracle_online_union_oldest,13,0.0
eval_broad_awareness_control_0,broad_awareness_control,forbidden_person_identity_oracle,1,0.0
eval_broad_awareness_control_0,broad_awareness_control,forbidden_person_identity_oracle,2,0.0
eval_broad_awareness_control_0,broad_awareness_control,forbidden_person_identity_oracle,3,0.0
eval_broad_awareness_control_0,broad_awareness_control,forbidden_person_identity_oracle,4,0.0
eval_broad_awareness_control_0,broad_awareness_control,forbidden_person_identity_oracle,5,0.0
eval_broad_awareness_control_0,broad_awareness_control,forbidden_person_identity_oracle,6,0.0
eval_broad_awareness_control_0,broad_awareness_control,forbidden_person_identity_oracle,7,0.0
eval_broad_awareness_control_0,broad_awareness_control,forbidden_person_identity_oracle,8,0.0
eval_broad_awareness_control_0,broad_awareness_control,forbidden_person_identity_oracle,9,0.0
eval_broad_awareness_control_0,broad_awareness_control,forbidden_person_identity_oracle,10,0.0
eval_broad_awareness_control_0,broad_awareness_control,forbidden_person_identity_oracle,11,0.0
eval_broad_awareness_control_0,broad_awareness_control,forbidden_person_identity_oracle,12,0.0
eval_broad_awareness_control_0,broad_awareness_control,forbidden_person_identity_oracle,13,0.0
eval_broad_awareness_control_0,broad_awareness_control,three_day_buffer_then_freeze,1,0.0
eval_broad_awareness_control_0,broad_awareness_control,three_day_buffer_then_freeze,2,0.0
eval_broad_awareness_control_0,broad_awareness_control,three_day_buffer_then_freeze,3,0.0
eval_broad_awareness_control_0,broad_awareness_control,three_day_buffer_then_freeze,4,0.0
eval_broad_awareness_control_0,broad_awareness_control,three_day_buffer_then_freeze,5,0.0
eval_broad_awareness_control_0,broad_awareness_control,three_day_buffer_then_freeze,6,0.0
eval_broad_awareness_control_0,broad_awareness_control,three_day_buffer_then_freeze,7,0.0
eval_broad_awareness_control_0,broad_awareness_control,three_day_buffer_then_freeze,8,0.0
eval_broad_awareness_control_0,broad_awareness_control,three_day_buffer_then_freeze,9,0.0
eval_broad_awareness_control_0,broad_awareness_control,three_day_buffer_then_freeze,10,0.0
eval_broad_awareness_control_0,broad_awareness_control,three_day_buffer_then_freeze,11,0.0
eval_broad_awareness_control_0,broad_awareness_control,three_day_buffer_then_freeze,12,0.0
eval_broad_awareness_control_0,broad_awareness_control,three_day_buffer_then_freeze,13,0.0
eval_broad_awareness_control_0,broad_awareness_control,full_flight_buffer_then_freeze,1,0.2011428638869605
eval_broad_awareness_control_0,broad_awareness_control,full_flight_buffer_then_freeze,2,0.2011428638869605
eval_broad_awareness_control_0,broad_awareness_control,full_flight_buffer_then_freeze,3,0.2011428638869605
eval_broad_awareness_control_0,broad_awareness_control,full_flight_buffer_then_freeze,4,0.2011428638869605
eval_broad_awareness_control_0,broad_awareness_control,full_flight_buffer_then_freeze,5,0.2011428638869605
eval_broad_awareness_control_0,broad_awareness_control,full_flight_buffer_then_freeze,6,0.2011428638869605
eval_broad_awareness_control_0,broad_awareness_control,full_flight_buffer_then_freeze,7,0.2011428638869605
eval_broad_awareness_control_0,broad_awareness_control,full_flight_buffer_then_freeze,8,0.2011428638869605
eval_broad_awareness_control_0,broad_awareness_control,full_flight_buffer_then_freeze,9,0.2011428638869605
eval_broad_awareness_control_0,broad_awareness_control,full_flight_buffer_then_freeze,10,0.2011428638869605
eval_broad_awareness_control_0,broad_awareness_control,full_flight_buffer_then_freeze,11,0.2011428638869605
eval_broad_awareness_control_0,broad_awareness_control,full_flight_buffer_then_freeze,12,0.2011428638869605
eval_broad_awareness_control_0,broad_awareness_control,full_flight_buffer_then_freeze,13,0.2011428638869605
eval_broad_awareness_control_0,broad_awareness_control,oracle_same_day_dial,1,0.0
eval_broad_awareness_control_0,broad_awareness_control,oracle_same_day_dial,2,0.0
eval_broad_awareness_control_0,broad_awareness_control,oracle_same_day_dial,3,0.0
eval_broad_awareness_control_0,broad_awareness_control,oracle_same_day_dial,4,0.0
eval_broad_awareness_control_0,broad_awareness_control,oracle_same_day_dial,5,0.0
eval_broad_awareness_control_0,broad_awareness_control,oracle_same_day_dial,6,0.0
eval_broad_awareness_control_0,broad_awareness_control,oracle_same_day_dial,7,0.0
eval_broad_awareness_control_0,broad_awareness_control,oracle_same_day_dial,8,0.0
eval_broad_awareness_control_0,broad_awareness_control,oracle_same_day_dial,9,0.0
eval_broad_awareness_control_0,broad_awareness_control,oracle_same_day_dial,10,0.0
eval_broad_awareness_control_0,broad_awareness_control,oracle_same_day_dial,11,0.0
eval_broad_awareness_control_0,broad_awareness_control,oracle_same_day_dial,12,0.0
eval_broad_awareness_control_0,broad_awareness_control,oracle_same_day_dial,13,0.0
eval_broad_awareness_control_1,broad_awareness_control,fixed_model_line_pool,1,0.0
eval_broad_awareness_control_1,broad_awareness_control,fixed_model_line_pool,2,0.0
eval_broad_awareness_control_1,broad_awareness_control,fixed_model_line_pool,3,0.0
eval_broad_awareness_control_1,broad_awareness_control,fixed_model_line_pool,4,0.0
eval_broad_awareness_control_1,broad_awareness_control,fixed_model_line_pool,5,0.0
eval_broad_awareness_control_1,broad_awareness_control,fixed_model_line_pool,6,0.0
eval_broad_awareness_control_1,broad_awareness_control,fixed_model_line_pool,7,0.0
eval_broad_awareness_control_1,broad_awareness_control,fixed_model_line_pool,8,0.0
eval_broad_awareness_control_1,broad_awareness_control,fixed_model_line_pool,9,0.0
eval_broad_awareness_control_1,broad_awareness_control,fixed_model_line_pool,10,0.0
eval_broad_awareness_control_1,broad_awareness_control,fixed_model_line_pool,11,0.0
eval_broad_awareness_control_1,broad_awareness_control,fixed_model_line_pool,12,0.0
eval_broad_awareness_control_1,broad_awareness_control,fixed_model_line_pool,13,0.0
eval_broad_awareness_control_1,broad_awareness_control,context_and_scale_only_pool,1,0.0
eval_broad_awareness_control_1,broad_awareness_control,context_and_scale_only_pool,2,0.0
eval_broad_awareness_control_1,broad_awareness_control,context_and_scale_only_pool,3,0.0
eval_broad_awareness_control_1,broad_awareness_control,context_and_scale_only_pool,4,0.0
eval_broad_awareness_control_1,broad_awareness_control,context_and_scale_only_pool,5,0.0
eval_broad_awareness_control_1,broad_awareness_control,context_and_scale_only_pool,6,0.0
eval_broad_awareness_control_1,broad_awareness_control,context_and_scale_only_pool,7,0.0
eval_broad_awareness_control_1,broad_awareness_control,context_and_scale_only_pool,8,0.0
eval_broad_awareness_control_1,broad_awareness_control,context_and_scale_only_pool,9,0.0
eval_broad_awareness_control_1,broad_awareness_control,context_and_scale_only_pool,10,0.02998905511534003
eval_broad_awareness_control_1,broad_awareness_control,context_and_scale_only_pool,11,0.06914457204606553
eval_broad_awareness_control_1,broad_awareness_control,context_and_scale_only_pool,12,0.08606432254698992
eval_broad_awareness_control_1,broad_awareness_control,context_and_scale_only_pool,13,0.09717489398358106
eval_broad_awareness_control_1,broad_awareness_control,provider_blended_ordered_pool,1,0.0
eval_broad_awareness_control_1,broad_awareness_control,provider_blended_ordered_pool,2,0.0
eval_broad_awareness_control_1,broad_awareness_control,provider_blended_ordered_pool,3,0.0
eval_broad_awareness_control_1,broad_awareness_control,provider_blended_ordered_pool,4,0.0
eval_broad_awareness_control_1,broad_awareness_control,provider_blended_ordered_pool,5,0.0
eval_broad_awareness_control_1,broad_awareness_control,provider_blended_ordered_pool,6,0.0
eval_broad_awareness_control_1,broad_awareness_control,provider_blended_ordered_pool,7,0.0
eval_broad_awareness_control_1,broad_awareness_control,provider_blended_ordered_pool,8,0.0
eval_broad_awareness_control_1,broad_awareness_control,provider_blended_ordered_pool,9,0.0
eval_broad_awareness_control_1,broad_awareness_control,provider_blended_ordered_pool,10,0.019174102827908084
eval_broad_awareness_control_1,broad_awareness_control,provider_blended_ordered_pool,11,0.057749715402723764
eval_broad_awareness_control_1,broad_awareness_control,provider_blended_ordered_pool,12,0.07135975388443114
eval_broad_awareness_control_1,broad_awareness_control,provider_blended_ordered_pool,13,0.0806607424426718
eval_broad_awareness_control_1,broad_awareness_control,ordered_collision_resolved_overlap_pool,1,0.0
eval_broad_awareness_control_1,broad_awareness_control,ordered_collision_resolved_overlap_pool,2,0.14403464392560633
eval_broad_awareness_control_1,broad_awareness_control,ordered_collision_resolved_overlap_pool,3,0.3651139989037229
eval_broad_awareness_control_1,broad_awareness_control,ordered_collision_resolved_overlap_pool,4,0.4936602237254554
eval_broad_awareness_control_1,broad_awareness_control,ordered_collision_resolved_overlap_pool,5,0.5932966381328374
eval_broad_awareness_control_1,broad_awareness_control,ordered_collision_resolved_overlap_pool,6,0.6787192309426038
eval_broad_awareness_control_1,broad_awareness_control,ordered_collision_resolved_overlap_pool,7,0.7866830383268697
eval_broad_awareness_control_1,broad_awareness_control,ordered_collision_resolved_overlap_pool,8,0.8807027399367946
eval_broad_awareness_control_1,broad_awareness_control,ordered_collision_resolved_overlap_pool,9,0.9486471564519612
eval_broad_awareness_control_1,broad_awareness_control,ordered_collision_resolved_overlap_pool,10,0.95
eval_broad_awareness_control_1,broad_awareness_control,ordered_collision_resolved_overlap_pool,11,0.95
eval_broad_awareness_control_1,broad_awareness_control,ordered_collision_resolved_overlap_pool,12,0.95
eval_broad_awareness_control_1,broad_awareness_control,ordered_collision_resolved_overlap_pool,13,0.95
eval_broad_awareness_control_1,broad_awareness_control,fixed_marginal_overlap_atlas,1,0.0
eval_broad_awareness_control_1,broad_awareness_control,fixed_marginal_overlap_atlas,2,0.019145733574220745
eval_broad_awareness_control_1,broad_awareness_control,fixed_marginal_overlap_atlas,3,0.0
eval_broad_awareness_control_1,broad_awareness_control,fixed_marginal_overlap_atlas,4,0.0
eval_broad_awareness_control_1,broad_awareness_control,fixed_marginal_overlap_atlas,5,0.0
eval_broad_awareness_control_1,broad_awareness_control,fixed_marginal_overlap_atlas,6,0.0
eval_broad_awareness_control_1,broad_awareness_control,fixed_marginal_overlap_atlas,7,0.0
eval_broad_awareness_control_1,broad_awareness_control,fixed_marginal_overlap_atlas,8,0.0
eval_broad_awareness_control_1,broad_awareness_control,fixed_marginal_overlap_atlas,9,0.0
eval_broad_awareness_control_1,broad_awareness_control,fixed_marginal_overlap_atlas,10,0.0
eval_broad_awareness_control_1,broad_awareness_control,fixed_marginal_overlap_atlas,11,0.0
eval_broad_awareness_control_1,broad_awareness_control,fixed_marginal_overlap_atlas,12,0.0
eval_broad_awareness_control_1,broad_awareness_control,fixed_marginal_overlap_atlas,13,0.0
eval_broad_awareness_control_1,broad_awareness_control,pair_targeted_fixed_marginal_atlas,1,0.0
eval_broad_awareness_control_1,broad_awareness_control,pair_targeted_fixed_marginal_atlas,2,0.019145733574220745
eval_broad_awareness_control_1,broad_awareness_control,pair_targeted_fixed_marginal_atlas,3,0.0
eval_broad_awareness_control_1,broad_awareness_control,pair_targeted_fixed_marginal_atlas,4,0.0
eval_broad_awareness_control_1,broad_awareness_control,pair_targeted_fixed_marginal_atlas,5,0.0
eval_broad_awareness_control_1,broad_awareness_control,pair_targeted_fixed_marginal_atlas,6,0.0
eval_broad_awareness_control_1,broad_awareness_control,pair_targeted_fixed_marginal_atlas,7,0.0
eval_broad_awareness_control_1,broad_awareness_control,pair_targeted_fixed_marginal_atlas,8,0.0
eval_broad_awareness_control_1,broad_awareness_control,pair_targeted_fixed_marginal_atlas,9,0.0
eval_broad_awareness_control_1,broad_awareness_control,pair_targeted_fixed_marginal_atlas,10,0.0
eval_broad_awareness_control_1,broad_awareness_control,pair_targeted_fixed_marginal_atlas,11,0.0
eval_broad_awareness_control_1,broad_awareness_control,pair_targeted_fixed_marginal_atlas,12,0.0
eval_broad_awareness_control_1,broad_awareness_control,pair_targeted_fixed_marginal_atlas,13,0.0
eval_broad_awareness_control_1,broad_awareness_control,same_day_adaptive_pool,1,0.0
eval_broad_awareness_control_1,broad_awareness_control,same_day_adaptive_pool,2,0.0
eval_broad_awareness_control_1,broad_awareness_control,same_day_adaptive_pool,3,0.0
eval_broad_awareness_control_1,broad_awareness_control,same_day_adaptive_pool,4,0.0
eval_broad_awareness_control_1,broad_awareness_control,same_day_adaptive_pool,5,0.0
eval_broad_awareness_control_1,broad_awareness_control,same_day_adaptive_pool,6,0.0
eval_broad_awareness_control_1,broad_awareness_control,same_day_adaptive_pool,7,0.0
eval_broad_awareness_control_1,broad_awareness_control,same_day_adaptive_pool,8,0.0
eval_broad_awareness_control_1,broad_awareness_control,same_day_adaptive_pool,9,0.0
eval_broad_awareness_control_1,broad_awareness_control,same_day_adaptive_pool,10,0.0
eval_broad_awareness_control_1,broad_awareness_control,same_day_adaptive_pool,11,0.0
eval_broad_awareness_control_1,broad_awareness_control,same_day_adaptive_pool,12,0.0
eval_broad_awareness_control_1,broad_awareness_control,same_day_adaptive_pool,13,0.0
eval_broad_awareness_control_1,broad_awareness_control,cumulative_adaptive_pool,1,0.0
eval_broad_awareness_control_1,broad_awareness_control,cumulative_adaptive_pool,2,0.0
eval_broad_awareness_control_1,broad_awareness_control,cumulative_adaptive_pool,3,0.0
eval_broad_awareness_control_1,broad_awareness_control,cumulative_adaptive_pool,4,0.0
eval_broad_awareness_control_1,broad_awareness_control,cumulative_adaptive_pool,5,0.0
eval_broad_awareness_control_1,broad_awareness_control,cumulative_adaptive_pool,6,0.0
eval_broad_awareness_control_1,broad_awareness_control,cumulative_adaptive_pool,7,0.0
eval_broad_awareness_control_1,broad_awareness_control,cumulative_adaptive_pool,8,0.0
eval_broad_awareness_control_1,broad_awareness_control,cumulative_adaptive_pool,9,0.0
eval_broad_awareness_control_1,broad_awareness_control,cumulative_adaptive_pool,10,0.010325505501827398
eval_broad_awareness_control_1,broad_awareness_control,cumulative_adaptive_pool,11,0.04842665087635323
eval_broad_awareness_control_1,broad_awareness_control,cumulative_adaptive_pool,12,0.05932874316051939
eval_broad_awareness_control_1,broad_awareness_control,cumulative_adaptive_pool,13,0.06714916390920056
eval_broad_awareness_control_1,broad_awareness_control,quantized_hysteresis_pool,1,0.0
eval_broad_awareness_control_1,broad_awareness_control,quantized_hysteresis_pool,2,0.0
eval_broad_awareness_control_1,broad_awareness_control,quantized_hysteresis_pool,3,0.0
eval_broad_awareness_control_1,broad_awareness_control,quantized_hysteresis_pool,4,0.0
eval_broad_awareness_control_1,broad_awareness_control,quantized_hysteresis_pool,5,0.0
eval_broad_awareness_control_1,broad_awareness_control,quantized_hysteresis_pool,6,0.0
eval_broad_awareness_control_1,broad_awareness_control,quantized_hysteresis_pool,7,0.0
eval_broad_awareness_control_1,broad_awareness_control,quantized_hysteresis_pool,8,0.0
eval_broad_awareness_control_1,broad_awareness_control,quantized_hysteresis_pool,9,0.0
eval_broad_awareness_control_1,broad_awareness_control,quantized_hysteresis_pool,10,0.0
eval_broad_awareness_control_1,broad_awareness_control,quantized_hysteresis_pool,11,0.0
eval_broad_awareness_control_1,broad_awareness_control,quantized_hysteresis_pool,12,0.0
eval_broad_awareness_control_1,broad_awareness_control,quantized_hysteresis_pool,13,0.0
eval_broad_awareness_control_1,broad_awareness_control,sticky_first_seen_pool,1,0.0
eval_broad_awareness_control_1,broad_awareness_control,sticky_first_seen_pool,2,0.0
eval_broad_awareness_control_1,broad_awareness_control,sticky_first_seen_pool,3,0.0
eval_broad_awareness_control_1,broad_awareness_control,sticky_first_seen_pool,4,0.0
eval_broad_awareness_control_1,broad_awareness_control,sticky_first_seen_pool,5,0.0
eval_broad_awareness_control_1,broad_awareness_control,sticky_first_seen_pool,6,0.0
eval_broad_awareness_control_1,broad_awareness_control,sticky_first_seen_pool,7,0.0
eval_broad_awareness_control_1,broad_awareness_control,sticky_first_seen_pool,8,0.0
eval_broad_awareness_control_1,broad_awareness_control,sticky_first_seen_pool,9,0.0
eval_broad_awareness_control_1,broad_awareness_control,sticky_first_seen_pool,10,0.010325505501827398
eval_broad_awareness_control_1,broad_awareness_control,sticky_first_seen_pool,11,0.04842665087635323
eval_broad_awareness_control_1,broad_awareness_control,sticky_first_seen_pool,12,0.05932874316051939
eval_broad_awareness_control_1,broad_awareness_control,sticky_first_seen_pool,13,0.06714916390920056
eval_broad_awareness_control_1,broad_awareness_control,ordered_memoized_rank_lattice,1,0.0
eval_broad_awareness_control_1,broad_awareness_control,ordered_memoized_rank_lattice,2,0.0
eval_broad_awareness_control_1,broad_awareness_control,ordered_memoized_rank_lattice,3,0.0
eval_broad_awareness_control_1,broad_awareness_control,ordered_memoized_rank_lattice,4,0.0
eval_broad_awareness_control_1,broad_awareness_control,ordered_memoized_rank_lattice,5,0.0
eval_broad_awareness_control_1,broad_awareness_control,ordered_memoized_rank_lattice,6,0.0
eval_broad_awareness_control_1,broad_awareness_control,ordered_memoized_rank_lattice,7,0.0
eval_broad_awareness_control_1,broad_awareness_control,ordered_memoized_rank_lattice,8,0.0
eval_broad_awareness_control_1,broad_awareness_control,ordered_memoized_rank_lattice,9,0.0
eval_broad_awareness_control_1,broad_awareness_control,ordered_memoized_rank_lattice,10,0.0
eval_broad_awareness_control_1,broad_awareness_control,ordered_memoized_rank_lattice,11,0.0
eval_broad_awareness_control_1,broad_awareness_control,ordered_memoized_rank_lattice,12,0.0
eval_broad_awareness_control_1,broad_awareness_control,ordered_memoized_rank_lattice,13,0.0
eval_broad_awareness_control_1,broad_awareness_control,cohort_3_week_rank_lattice,1,0.0
eval_broad_awareness_control_1,broad_awareness_control,cohort_3_week_rank_lattice,2,0.0
eval_broad_awareness_control_1,broad_awareness_control,cohort_3_week_rank_lattice,3,0.0
eval_broad_awareness_control_1,broad_awareness_control,cohort_3_week_rank_lattice,4,0.0
eval_broad_awareness_control_1,broad_awareness_control,cohort_3_week_rank_lattice,5,0.0
eval_broad_awareness_control_1,broad_awareness_control,cohort_3_week_rank_lattice,6,0.0
eval_broad_awareness_control_1,broad_awareness_control,cohort_3_week_rank_lattice,7,0.0
eval_broad_awareness_control_1,broad_awareness_control,cohort_3_week_rank_lattice,8,0.0
eval_broad_awareness_control_1,broad_awareness_control,cohort_3_week_rank_lattice,9,0.0
eval_broad_awareness_control_1,broad_awareness_control,cohort_3_week_rank_lattice,10,0.0
eval_broad_awareness_control_1,broad_awareness_control,cohort_3_week_rank_lattice,11,0.0
eval_broad_awareness_control_1,broad_awareness_control,cohort_3_week_rank_lattice,12,0.0
eval_broad_awareness_control_1,broad_awareness_control,cohort_3_week_rank_lattice,13,0.0
eval_broad_awareness_control_1,broad_awareness_control,oracle_online_venn_recent,1,0.0
eval_broad_awareness_control_1,broad_awareness_control,oracle_online_venn_recent,2,0.0
eval_broad_awareness_control_1,broad_awareness_control,oracle_online_venn_recent,3,0.0
eval_broad_awareness_control_1,broad_awareness_control,oracle_online_venn_recent,4,0.0
eval_broad_awareness_control_1,broad_awareness_control,oracle_online_venn_recent,5,0.0
eval_broad_awareness_control_1,broad_awareness_control,oracle_online_venn_recent,6,0.0
eval_broad_awareness_control_1,broad_awareness_control,oracle_online_venn_recent,7,0.0
eval_broad_awareness_control_1,broad_awareness_control,oracle_online_venn_recent,8,0.0
eval_broad_awareness_control_1,broad_awareness_control,oracle_online_venn_recent,9,0.0
eval_broad_awareness_control_1,broad_awareness_control,oracle_online_venn_recent,10,0.0
eval_broad_awareness_control_1,broad_awareness_control,oracle_online_venn_recent,11,0.0
eval_broad_awareness_control_1,broad_awareness_control,oracle_online_venn_recent,12,0.0
eval_broad_awareness_control_1,broad_awareness_control,oracle_online_venn_recent,13,0.0
eval_broad_awareness_control_1,broad_awareness_control,oracle_online_venn_oldest,1,0.0
eval_broad_awareness_control_1,broad_awareness_control,oracle_online_venn_oldest,2,0.0
eval_broad_awareness_control_1,broad_awareness_control,oracle_online_venn_oldest,3,0.0
eval_broad_awareness_control_1,broad_awareness_control,oracle_online_venn_oldest,4,0.0
eval_broad_awareness_control_1,broad_awareness_control,oracle_online_venn_oldest,5,0.0
eval_broad_awareness_control_1,broad_awareness_control,oracle_online_venn_oldest,6,0.0
eval_broad_awareness_control_1,broad_awareness_control,oracle_online_venn_oldest,7,0.0
eval_broad_awareness_control_1,broad_awareness_control,oracle_online_venn_oldest,8,0.0
eval_broad_awareness_control_1,broad_awareness_control,oracle_online_venn_oldest,9,0.0
eval_broad_awareness_control_1,broad_awareness_control,oracle_online_venn_oldest,10,0.0
eval_broad_awareness_control_1,broad_awareness_control,oracle_online_venn_oldest,11,0.0
eval_broad_awareness_control_1,broad_awareness_control,oracle_online_venn_oldest,12,0.0
eval_broad_awareness_control_1,broad_awareness_control,oracle_online_venn_oldest,13,0.0
eval_broad_awareness_control_1,broad_awareness_control,oracle_online_union_recent,1,0.0
eval_broad_awareness_control_1,broad_awareness_control,oracle_online_union_recent,2,0.0
eval_broad_awareness_control_1,broad_awareness_control,oracle_online_union_recent,3,0.0
eval_broad_awareness_control_1,broad_awareness_control,oracle_online_union_recent,4,0.0
eval_broad_awareness_control_1,broad_awareness_control,oracle_online_union_recent,5,0.0
eval_broad_awareness_control_1,broad_awareness_control,oracle_online_union_recent,6,0.0
eval_broad_awareness_control_1,broad_awareness_control,oracle_online_union_recent,7,0.0
eval_broad_awareness_control_1,broad_awareness_control,oracle_online_union_recent,8,0.0
eval_broad_awareness_control_1,broad_awareness_control,oracle_online_union_recent,9,0.0
eval_broad_awareness_control_1,broad_awareness_control,oracle_online_union_recent,10,0.0
eval_broad_awareness_control_1,broad_awareness_control,oracle_online_union_recent,11,0.0
eval_broad_awareness_control_1,broad_awareness_control,oracle_online_union_recent,12,0.0
eval_broad_awareness_control_1,broad_awareness_control,oracle_online_union_recent,13,0.0
eval_broad_awareness_control_1,broad_awareness_control,oracle_online_union_oldest,1,0.0
eval_broad_awareness_control_1,broad_awareness_control,oracle_online_union_oldest,2,0.0
eval_broad_awareness_control_1,broad_awareness_control,oracle_online_union_oldest,3,0.0
eval_broad_awareness_control_1,broad_awareness_control,oracle_online_union_oldest,4,0.0
eval_broad_awareness_control_1,broad_awareness_control,oracle_online_union_oldest,5,0.0
eval_broad_awareness_control_1,broad_awareness_control,oracle_online_union_oldest,6,0.0
eval_broad_awareness_control_1,broad_awareness_control,oracle_online_union_oldest,7,0.0
eval_broad_awareness_control_1,broad_awareness_control,oracle_online_union_oldest,8,0.0
eval_broad_awareness_control_1,broad_awareness_control,oracle_online_union_oldest,9,0.0
eval_broad_awareness_control_1,broad_awareness_control,oracle_online_union_oldest,10,0.0
eval_broad_awareness_control_1,broad_awareness_control,oracle_online_union_oldest,11,0.0
eval_broad_awareness_control_1,broad_awareness_control,oracle_online_union_oldest,12,0.0
eval_broad_awareness_control_1,broad_awareness_control,oracle_online_union_oldest,13,0.0
eval_broad_awareness_control_1,broad_awareness_control,forbidden_person_identity_oracle,1,0.0
eval_broad_awareness_control_1,broad_awareness_control,forbidden_person_identity_oracle,2,0.0
eval_broad_awareness_control_1,broad_awareness_control,forbidden_person_identity_oracle,3,0.0
eval_broad_awareness_control_1,broad_awareness_control,forbidden_person_identity_oracle,4,0.0
eval_broad_awareness_control_1,broad_awareness_control,forbidden_person_identity_oracle,5,0.0
eval_broad_awareness_control_1,broad_awareness_control,forbidden_person_identity_oracle,6,0.0
eval_broad_awareness_control_1,broad_awareness_control,forbidden_person_identity_oracle,7,0.0
eval_broad_awareness_control_1,broad_awareness_control,forbidden_person_identity_oracle,8,0.0
eval_broad_awareness_control_1,broad_awareness_control,forbidden_person_identity_oracle,9,0.0
eval_broad_awareness_control_1,broad_awareness_control,forbidden_person_identity_oracle,10,0.0
eval_broad_awareness_control_1,broad_awareness_control,forbidden_person_identity_oracle,11,0.0
eval_broad_awareness_control_1,broad_awareness_control,forbidden_person_identity_oracle,12,0.0
eval_broad_awareness_control_1,broad_awareness_control,forbidden_person_identity_oracle,13,0.0
eval_broad_awareness_control_1,broad_awareness_control,three_day_buffer_then_freeze,1,0.0
eval_broad_awareness_control_1,broad_awareness_control,three_day_buffer_then_freeze,2,0.0
eval_broad_awareness_control_1,broad_awareness_control,three_day_buffer_then_freeze,3,0.0
eval_broad_awareness_control_1,broad_awareness_control,three_day_buffer_then_freeze,4,0.0
eval_broad_awareness_control_1,broad_awareness_control,three_day_buffer_then_freeze,5,0.0
eval_broad_awareness_control_1,broad_awareness_control,three_day_buffer_then_freeze,6,0.0
eval_broad_awareness_control_1,broad_awareness_control,three_day_buffer_then_freeze,7,0.0
eval_broad_awareness_control_1,broad_awareness_control,three_day_buffer_then_freeze,8,0.0
eval_broad_awareness_control_1,broad_awareness_control,three_day_buffer_then_freeze,9,0.0
eval_broad_awareness_control_1,broad_awareness_control,three_day_buffer_then_freeze,10,0.0
eval_broad_awareness_control_1,broad_awareness_control,three_day_buffer_then_freeze,11,0.0
eval_broad_awareness_control_1,broad_awareness_control,three_day_buffer_then_freeze,12,0.0
eval_broad_awareness_control_1,broad_awareness_control,three_day_buffer_then_freeze,13,0.0
eval_broad_awareness_control_1,broad_awareness_control,full_flight_buffer_then_freeze,1,0.06714916390920056
eval_broad_awareness_control_1,broad_awareness_control,full_flight_buffer_then_freeze,2,0.06714916390920056
eval_broad_awareness_control_1,broad_awareness_control,full_flight_buffer_then_freeze,3,0.06714916390920056
eval_broad_awareness_control_1,broad_awareness_control,full_flight_buffer_then_freeze,4,0.06714916390920056
eval_broad_awareness_control_1,broad_awareness_control,full_flight_buffer_then_freeze,5,0.06714916390920056
eval_broad_awareness_control_1,broad_awareness_control,full_flight_buffer_then_freeze,6,0.06714916390920056
eval_broad_awareness_control_1,broad_awareness_control,full_flight_buffer_then_freeze,7,0.06714916390920056
eval_broad_awareness_control_1,broad_awareness_control,full_flight_buffer_then_freeze,8,0.06714916390920056
eval_broad_awareness_control_1,broad_awareness_control,full_flight_buffer_then_freeze,9,0.06714916390920056
eval_broad_awareness_control_1,broad_awareness_control,full_flight_buffer_then_freeze,10,0.06714916390920056
eval_broad_awareness_control_1,broad_awareness_control,full_flight_buffer_then_freeze,11,0.06714916390920056
eval_broad_awareness_control_1,broad_awareness_control,full_flight_buffer_then_freeze,12,0.06714916390920056
eval_broad_awareness_control_1,broad_awareness_control,full_flight_buffer_then_freeze,13,0.06714916390920056
eval_broad_awareness_control_1,broad_awareness_control,oracle_same_day_dial,1,0.0
eval_broad_awareness_control_1,broad_awareness_control,oracle_same_day_dial,2,0.0
eval_broad_awareness_control_1,broad_awareness_control,oracle_same_day_dial,3,0.0
eval_broad_awareness_control_1,broad_awareness_control,oracle_same_day_dial,4,0.0
eval_broad_awareness_control_1,broad_awareness_control,oracle_same_day_dial,5,0.0
eval_broad_awareness_control_1,broad_awareness_control,oracle_same_day_dial,6,0.0
eval_broad_awareness_control_1,broad_awareness_control,oracle_same_day_dial,7,0.0
eval_broad_awareness_control_1,broad_awareness_control,oracle_same_day_dial,8,0.0
eval_broad_awareness_control_1,broad_awareness_control,oracle_same_day_dial,9,0.0
eval_broad_awareness_control_1,broad_awareness_control,oracle_same_day_dial,10,0.0
eval_broad_awareness_control_1,broad_awareness_control,oracle_same_day_dial,11,0.0
eval_broad_awareness_control_1,broad_awareness_control,oracle_same_day_dial,12,0.0
eval_broad_awareness_control_1,broad_awareness_control,oracle_same_day_dial,13,0.0
eval_traffic_optimization_0,traffic_optimization,fixed_model_line_pool,1,0.0
eval_traffic_optimization_0,traffic_optimization,fixed_model_line_pool,2,0.0
eval_traffic_optimization_0,traffic_optimization,fixed_model_line_pool,3,0.0
eval_traffic_optimization_0,traffic_optimization,fixed_model_line_pool,4,0.0
eval_traffic_optimization_0,traffic_optimization,fixed_model_line_pool,5,0.0
eval_traffic_optimization_0,traffic_optimization,fixed_model_line_pool,6,0.0
eval_traffic_optimization_0,traffic_optimization,fixed_model_line_pool,7,0.0
eval_traffic_optimization_0,traffic_optimization,fixed_model_line_pool,8,0.0
eval_traffic_optimization_0,traffic_optimization,fixed_model_line_pool,9,0.0
eval_traffic_optimization_0,traffic_optimization,fixed_model_line_pool,10,0.0
eval_traffic_optimization_0,traffic_optimization,fixed_model_line_pool,11,0.0
eval_traffic_optimization_0,traffic_optimization,fixed_model_line_pool,12,0.0
eval_traffic_optimization_0,traffic_optimization,fixed_model_line_pool,13,0.0
eval_traffic_optimization_0,traffic_optimization,context_and_scale_only_pool,1,0.0
eval_traffic_optimization_0,traffic_optimization,context_and_scale_only_pool,2,0.0
eval_traffic_optimization_0,traffic_optimization,context_and_scale_only_pool,3,0.005203390471357927
eval_traffic_optimization_0,traffic_optimization,context_and_scale_only_pool,4,0.029979742606830617
eval_traffic_optimization_0,traffic_optimization,context_and_scale_only_pool,5,0.052503552530386466
eval_traffic_optimization_0,traffic_optimization,context_and_scale_only_pool,6,0.0640689744670031
eval_traffic_optimization_0,traffic_optimization,context_and_scale_only_pool,7,0.06900509917255859
eval_traffic_optimization_0,traffic_optimization,context_and_scale_only_pool,8,0.07590532166393726
eval_traffic_optimization_0,traffic_optimization,context_and_scale_only_pool,9,0.08128583204339457
eval_traffic_optimization_0,traffic_optimization,context_and_scale_only_pool,10,0.08133579205587005
eval_traffic_optimization_0,traffic_optimization,context_and_scale_only_pool,11,0.0813300020673628
eval_traffic_optimization_0,traffic_optimization,context_and_scale_only_pool,12,0.0894821784687207
eval_traffic_optimization_0,traffic_optimization,context_and_scale_only_pool,13,0.08386527100965468
eval_traffic_optimization_0,traffic_optimization,provider_blended_ordered_pool,1,0.0
eval_traffic_optimization_0,traffic_optimization,provider_blended_ordered_pool,2,0.0
eval_traffic_optimization_0,traffic_optimization,provider_blended_ordered_pool,3,0.0033381746628377176
eval_traffic_optimization_0,traffic_optimization,provider_blended_ordered_pool,4,0.03587420904207493
eval_traffic_optimization_0,traffic_optimization,provider_blended_ordered_pool,5,0.056162754401676306
eval_traffic_optimization_0,traffic_optimization,provider_blended_ordered_pool,6,0.06595596176170312
eval_traffic_optimization_0,traffic_optimization,provider_blended_ordered_pool,7,0.06934820164268844
eval_traffic_optimization_0,traffic_optimization,provider_blended_ordered_pool,8,0.07607125560611128
eval_traffic_optimization_0,traffic_optimization,provider_blended_ordered_pool,9,0.08231201200108887
eval_traffic_optimization_0,traffic_optimization,provider_blended_ordered_pool,10,0.08078721800605172
eval_traffic_optimization_0,traffic_optimization,provider_blended_ordered_pool,11,0.08134422885832482
eval_traffic_optimization_0,traffic_optimization,provider_blended_ordered_pool,12,0.09096038482298732
eval_traffic_optimization_0,traffic_optimization,provider_blended_ordered_pool,13,0.08573367466554713
eval_traffic_optimization_0,traffic_optimization,ordered_collision_resolved_overlap_pool,1,0.0
eval_traffic_optimization_0,traffic_optimization,ordered_collision_resolved_overlap_pool,2,0.08656517424584576
eval_traffic_optimization_0,traffic_optimization,ordered_collision_resolved_overlap_pool,3,0.08935280729271222
eval_traffic_optimization_0,traffic_optimization,ordered_collision_resolved_overlap_pool,4,0.11705703408083012
eval_traffic_optimization_0,traffic_optimization,ordered_collision_resolved_overlap_pool,5,0.13850813976200582
eval_traffic_optimization_0,traffic_optimization,ordered_collision_resolved_overlap_pool,6,0.16161271035956826
eval_traffic_optimization_0,traffic_optimization,ordered_collision_resolved_overlap_pool,7,0.19257837948507994
eval_traffic_optimization_0,traffic_optimization,ordered_collision_resolved_overlap_pool,8,0.20501473679653026
eval_traffic_optimization_0,traffic_optimization,ordered_collision_resolved_overlap_pool,9,0.23200783214623794
eval_traffic_optimization_0,traffic_optimization,ordered_collision_resolved_overlap_pool,10,0.28953266522015986
eval_traffic_optimization_0,traffic_optimization,ordered_collision_resolved_overlap_pool,11,0.38437166625837516
eval_traffic_optimization_0,traffic_optimization,ordered_collision_resolved_overlap_pool,12,0.4621498685785982
eval_traffic_optimization_0,traffic_optimization,ordered_collision_resolved_overlap_pool,13,0.5124785082331372
eval_traffic_optimization_0,traffic_optimization,fixed_marginal_overlap_atlas,1,0.0
eval_traffic_optimization_0,traffic_optimization,fixed_marginal_overlap_atlas,2,0.0
eval_traffic_optimization_0,traffic_optimization,fixed_marginal_overlap_atlas,3,0.06619455585463377
eval_traffic_optimization_0,traffic_optimization,fixed_marginal_overlap_atlas,4,0.11371158313724974
eval_traffic_optimization_0,traffic_optimization,fixed_marginal_overlap_atlas,5,0.13030002514088992
eval_traffic_optimization_0,traffic_optimization,fixed_marginal_overlap_atlas,6,0.14214083952294124
eval_traffic_optimization_0,traffic_optimization,fixed_marginal_overlap_atlas,7,0.14732796284932576
eval_traffic_optimization_0,traffic_optimization,fixed_marginal_overlap_atlas,8,0.1517546475868548
eval_traffic_optimization_0,traffic_optimization,fixed_marginal_overlap_atlas,9,0.1583624707750167
eval_traffic_optimization_0,traffic_optimization,fixed_marginal_overlap_atlas,10,0.16635384405493814
eval_traffic_optimization_0,traffic_optimization,fixed_marginal_overlap_atlas,11,0.17283765216004074
eval_traffic_optimization_0,traffic_optimization,fixed_marginal_overlap_atlas,12,0.17660719958427662
eval_traffic_optimization_0,traffic_optimization,fixed_marginal_overlap_atlas,13,0.18290817873065773
eval_traffic_optimization_0,traffic_optimization,pair_targeted_fixed_marginal_atlas,1,0.0
eval_traffic_optimization_0,traffic_optimization,pair_targeted_fixed_marginal_atlas,2,0.0
eval_traffic_optimization_0,traffic_optimization,pair_targeted_fixed_marginal_atlas,3,0.06619455585463377
eval_traffic_optimization_0,traffic_optimization,pair_targeted_fixed_marginal_atlas,4,0.11371158313724974
eval_traffic_optimization_0,traffic_optimization,pair_targeted_fixed_marginal_atlas,5,0.13030002514088992
eval_traffic_optimization_0,traffic_optimization,pair_targeted_fixed_marginal_atlas,6,0.14214083952294124
eval_traffic_optimization_0,traffic_optimization,pair_targeted_fixed_marginal_atlas,7,0.14732796284932576
eval_traffic_optimization_0,traffic_optimization,pair_targeted_fixed_marginal_atlas,8,0.1517546475868548
eval_traffic_optimization_0,traffic_optimization,pair_targeted_fixed_marginal_atlas,9,0.1583624707750167
eval_traffic_optimization_0,traffic_optimization,pair_targeted_fixed_marginal_atlas,10,0.16635384405493814
eval_traffic_optimization_0,traffic_optimization,pair_targeted_fixed_marginal_atlas,11,0.17283765216004074
eval_traffic_optimization_0,traffic_optimization,pair_targeted_fixed_marginal_atlas,12,0.17660719958427662
eval_traffic_optimization_0,traffic_optimization,pair_targeted_fixed_marginal_atlas,13,0.18290817873065773
eval_traffic_optimization_0,traffic_optimization,same_day_adaptive_pool,1,0.0
eval_traffic_optimization_0,traffic_optimization,same_day_adaptive_pool,2,0.0
eval_traffic_optimization_0,traffic_optimization,same_day_adaptive_pool,3,0.0
eval_traffic_optimization_0,traffic_optimization,same_day_adaptive_pool,4,0.0
eval_traffic_optimization_0,traffic_optimization,same_day_adaptive_pool,5,0.0
eval_traffic_optimization_0,traffic_optimization,same_day_adaptive_pool,6,0.0
eval_traffic_optimization_0,traffic_optimization,same_day_adaptive_pool,7,0.0
eval_traffic_optimization_0,traffic_optimization,same_day_adaptive_pool,8,0.0
eval_traffic_optimization_0,traffic_optimization,same_day_adaptive_pool,9,0.0
eval_traffic_optimization_0,traffic_optimization,same_day_adaptive_pool,10,0.018991545642917385
eval_traffic_optimization_0,traffic_optimization,same_day_adaptive_pool,11,0.04782147978002965
eval_traffic_optimization_0,traffic_optimization,same_day_adaptive_pool,12,0.05769906688720777
eval_traffic_optimization_0,traffic_optimization,same_day_adaptive_pool,13,0.022136172448433522
eval_traffic_optimization_0,traffic_optimization,cumulative_adaptive_pool,1,0.0
eval_traffic_optimization_0,traffic_optimization,cumulative_adaptive_pool,2,0.0
eval_traffic_optimization_0,traffic_optimization,cumulative_adaptive_pool,3,0.0018120890013211821
eval_traffic_optimization_0,traffic_optimization,cumulative_adaptive_pool,4,0.040696954307274824
eval_traffic_optimization_0,traffic_optimization,cumulative_adaptive_pool,5,0.059156646841822536
eval_traffic_optimization_0,traffic_optimization,cumulative_adaptive_pool,6,0.06749986045736678
eval_traffic_optimization_0,traffic_optimization,cumulative_adaptive_pool,7,0.06962892184552194
eval_traffic_optimization_0,traffic_optimization,cumulative_adaptive_pool,8,0.07620701974061728
eval_traffic_optimization_0,traffic_optimization,cumulative_adaptive_pool,9,0.08315161378465691
eval_traffic_optimization_0,traffic_optimization,cumulative_adaptive_pool,10,0.08033838469256399
eval_traffic_optimization_0,traffic_optimization,cumulative_adaptive_pool,11,0.081355868960021
eval_traffic_optimization_0,traffic_optimization,cumulative_adaptive_pool,12,0.09216982638556909
eval_traffic_optimization_0,traffic_optimization,cumulative_adaptive_pool,13,0.08726236856582276
eval_traffic_optimization_0,traffic_optimization,quantized_hysteresis_pool,1,0.0
eval_traffic_optimization_0,traffic_optimization,quantized_hysteresis_pool,2,0.0
eval_traffic_optimization_0,traffic_optimization,quantized_hysteresis_pool,3,0.0
eval_traffic_optimization_0,traffic_optimization,quantized_hysteresis_pool,4,0.0
eval_traffic_optimization_0,traffic_optimization,quantized_hysteresis_pool,5,0.0
eval_traffic_optimization_0,traffic_optimization,quantized_hysteresis_pool,6,0.0
eval_traffic_optimization_0,traffic_optimization,quantized_hysteresis_pool,7,0.0
eval_traffic_optimization_0,traffic_optimization,quantized_hysteresis_pool,8,0.0
eval_traffic_optimization_0,traffic_optimization,quantized_hysteresis_pool,9,0.0
eval_traffic_optimization_0,traffic_optimization,quantized_hysteresis_pool,10,0.0
eval_traffic_optimization_0,traffic_optimization,quantized_hysteresis_pool,11,0.1
eval_traffic_optimization_0,traffic_optimization,quantized_hysteresis_pool,12,0.1
eval_traffic_optimization_0,traffic_optimization,quantized_hysteresis_pool,13,0.1
eval_traffic_optimization_0,traffic_optimization,sticky_first_seen_pool,1,0.0
eval_traffic_optimization_0,traffic_optimization,sticky_first_seen_pool,2,0.0
eval_traffic_optimization_0,traffic_optimization,sticky_first_seen_pool,3,0.0018120890013211821
eval_traffic_optimization_0,traffic_optimization,sticky_first_seen_pool,4,0.040696954307274824
eval_traffic_optimization_0,traffic_optimization,sticky_first_seen_pool,5,0.059156646841822536
eval_traffic_optimization_0,traffic_optimization,sticky_first_seen_pool,6,0.06749986045736678
eval_traffic_optimization_0,traffic_optimization,sticky_first_seen_pool,7,0.06962892184552194
eval_traffic_optimization_0,traffic_optimization,sticky_first_seen_pool,8,0.07620701974061728
eval_traffic_optimization_0,traffic_optimization,sticky_first_seen_pool,9,0.08315161378465691
eval_traffic_optimization_0,traffic_optimization,sticky_first_seen_pool,10,0.08033838469256399
eval_traffic_optimization_0,traffic_optimization,sticky_first_seen_pool,11,0.081355868960021
eval_traffic_optimization_0,traffic_optimization,sticky_first_seen_pool,12,0.09216982638556909
eval_traffic_optimization_0,traffic_optimization,sticky_first_seen_pool,13,0.08726236856582276
eval_traffic_optimization_0,traffic_optimization,ordered_memoized_rank_lattice,1,0.0
eval_traffic_optimization_0,traffic_optimization,ordered_memoized_rank_lattice,2,0.0
eval_traffic_optimization_0,traffic_optimization,ordered_memoized_rank_lattice,3,0.0
eval_traffic_optimization_0,traffic_optimization,ordered_memoized_rank_lattice,4,0.0
eval_traffic_optimization_0,traffic_optimization,ordered_memoized_rank_lattice,5,0.0
eval_traffic_optimization_0,traffic_optimization,ordered_memoized_rank_lattice,6,0.0
eval_traffic_optimization_0,traffic_optimization,ordered_memoized_rank_lattice,7,0.0
eval_traffic_optimization_0,traffic_optimization,ordered_memoized_rank_lattice,8,0.0
eval_traffic_optimization_0,traffic_optimization,ordered_memoized_rank_lattice,9,0.0
eval_traffic_optimization_0,traffic_optimization,ordered_memoized_rank_lattice,10,0.0
eval_traffic_optimization_0,traffic_optimization,ordered_memoized_rank_lattice,11,0.1
eval_traffic_optimization_0,traffic_optimization,ordered_memoized_rank_lattice,12,0.1
eval_traffic_optimization_0,traffic_optimization,ordered_memoized_rank_lattice,13,0.1
eval_traffic_optimization_0,traffic_optimization,cohort_3_week_rank_lattice,1,0.0
eval_traffic_optimization_0,traffic_optimization,cohort_3_week_rank_lattice,2,0.0
eval_traffic_optimization_0,traffic_optimization,cohort_3_week_rank_lattice,3,0.0
eval_traffic_optimization_0,traffic_optimization,cohort_3_week_rank_lattice,4,0.0
eval_traffic_optimization_0,traffic_optimization,cohort_3_week_rank_lattice,5,0.0
eval_traffic_optimization_0,traffic_optimization,cohort_3_week_rank_lattice,6,0.0
eval_traffic_optimization_0,traffic_optimization,cohort_3_week_rank_lattice,7,0.0
eval_traffic_optimization_0,traffic_optimization,cohort_3_week_rank_lattice,8,0.0
eval_traffic_optimization_0,traffic_optimization,cohort_3_week_rank_lattice,9,0.0
eval_traffic_optimization_0,traffic_optimization,cohort_3_week_rank_lattice,10,0.0
eval_traffic_optimization_0,traffic_optimization,cohort_3_week_rank_lattice,11,0.1
eval_traffic_optimization_0,traffic_optimization,cohort_3_week_rank_lattice,12,0.1
eval_traffic_optimization_0,traffic_optimization,cohort_3_week_rank_lattice,13,0.1
eval_traffic_optimization_0,traffic_optimization,oracle_online_venn_recent,1,0.0
eval_traffic_optimization_0,traffic_optimization,oracle_online_venn_recent,2,0.0
eval_traffic_optimization_0,traffic_optimization,oracle_online_venn_recent,3,0.0
eval_traffic_optimization_0,traffic_optimization,oracle_online_venn_recent,4,0.0
eval_traffic_optimization_0,traffic_optimization,oracle_online_venn_recent,5,0.0
eval_traffic_optimization_0,traffic_optimization,oracle_online_venn_recent,6,0.0
eval_traffic_optimization_0,traffic_optimization,oracle_online_venn_recent,7,0.0
eval_traffic_optimization_0,traffic_optimization,oracle_online_venn_recent,8,0.0
eval_traffic_optimization_0,traffic_optimization,oracle_online_venn_recent,9,0.0
eval_traffic_optimization_0,traffic_optimization,oracle_online_venn_recent,10,0.0
eval_traffic_optimization_0,traffic_optimization,oracle_online_venn_recent,11,0.0
eval_traffic_optimization_0,traffic_optimization,oracle_online_venn_recent,12,0.0
eval_traffic_optimization_0,traffic_optimization,oracle_online_venn_recent,13,0.0
eval_traffic_optimization_0,traffic_optimization,oracle_online_venn_oldest,1,0.0
eval_traffic_optimization_0,traffic_optimization,oracle_online_venn_oldest,2,0.0
eval_traffic_optimization_0,traffic_optimization,oracle_online_venn_oldest,3,0.0
eval_traffic_optimization_0,traffic_optimization,oracle_online_venn_oldest,4,0.0
eval_traffic_optimization_0,traffic_optimization,oracle_online_venn_oldest,5,0.0
eval_traffic_optimization_0,traffic_optimization,oracle_online_venn_oldest,6,0.0
eval_traffic_optimization_0,traffic_optimization,oracle_online_venn_oldest,7,0.0
eval_traffic_optimization_0,traffic_optimization,oracle_online_venn_oldest,8,0.0
eval_traffic_optimization_0,traffic_optimization,oracle_online_venn_oldest,9,0.0
eval_traffic_optimization_0,traffic_optimization,oracle_online_venn_oldest,10,0.0
eval_traffic_optimization_0,traffic_optimization,oracle_online_venn_oldest,11,0.0
eval_traffic_optimization_0,traffic_optimization,oracle_online_venn_oldest,12,0.0
eval_traffic_optimization_0,traffic_optimization,oracle_online_venn_oldest,13,0.0
eval_traffic_optimization_0,traffic_optimization,oracle_online_union_recent,1,0.0
eval_traffic_optimization_0,traffic_optimization,oracle_online_union_recent,2,0.0
eval_traffic_optimization_0,traffic_optimization,oracle_online_union_recent,3,0.0
eval_traffic_optimization_0,traffic_optimization,oracle_online_union_recent,4,0.0
eval_traffic_optimization_0,traffic_optimization,oracle_online_union_recent,5,0.0
eval_traffic_optimization_0,traffic_optimization,oracle_online_union_recent,6,0.0
eval_traffic_optimization_0,traffic_optimization,oracle_online_union_recent,7,0.0
eval_traffic_optimization_0,traffic_optimization,oracle_online_union_recent,8,0.0
eval_traffic_optimization_0,traffic_optimization,oracle_online_union_recent,9,0.0
eval_traffic_optimization_0,traffic_optimization,oracle_online_union_recent,10,0.0
eval_traffic_optimization_0,traffic_optimization,oracle_online_union_recent,11,0.0
eval_traffic_optimization_0,traffic_optimization,oracle_online_union_recent,12,0.0
eval_traffic_optimization_0,traffic_optimization,oracle_online_union_recent,13,0.0
eval_traffic_optimization_0,traffic_optimization,oracle_online_union_oldest,1,0.0
eval_traffic_optimization_0,traffic_optimization,oracle_online_union_oldest,2,0.0
eval_traffic_optimization_0,traffic_optimization,oracle_online_union_oldest,3,0.0
eval_traffic_optimization_0,traffic_optimization,oracle_online_union_oldest,4,0.0
eval_traffic_optimization_0,traffic_optimization,oracle_online_union_oldest,5,0.0
eval_traffic_optimization_0,traffic_optimization,oracle_online_union_oldest,6,0.0
eval_traffic_optimization_0,traffic_optimization,oracle_online_union_oldest,7,0.0
eval_traffic_optimization_0,traffic_optimization,oracle_online_union_oldest,8,0.0
eval_traffic_optimization_0,traffic_optimization,oracle_online_union_oldest,9,0.0
eval_traffic_optimization_0,traffic_optimization,oracle_online_union_oldest,10,0.0
eval_traffic_optimization_0,traffic_optimization,oracle_online_union_oldest,11,0.0
eval_traffic_optimization_0,traffic_optimization,oracle_online_union_oldest,12,0.0
eval_traffic_optimization_0,traffic_optimization,oracle_online_union_oldest,13,0.0
eval_traffic_optimization_0,traffic_optimization,forbidden_person_identity_oracle,1,0.0
eval_traffic_optimization_0,traffic_optimization,forbidden_person_identity_oracle,2,0.0
eval_traffic_optimization_0,traffic_optimization,forbidden_person_identity_oracle,3,0.0
eval_traffic_optimization_0,traffic_optimization,forbidden_person_identity_oracle,4,0.0
eval_traffic_optimization_0,traffic_optimization,forbidden_person_identity_oracle,5,0.0
eval_traffic_optimization_0,traffic_optimization,forbidden_person_identity_oracle,6,0.0
eval_traffic_optimization_0,traffic_optimization,forbidden_person_identity_oracle,7,0.0
eval_traffic_optimization_0,traffic_optimization,forbidden_person_identity_oracle,8,0.0
eval_traffic_optimization_0,traffic_optimization,forbidden_person_identity_oracle,9,0.0
eval_traffic_optimization_0,traffic_optimization,forbidden_person_identity_oracle,10,0.0
eval_traffic_optimization_0,traffic_optimization,forbidden_person_identity_oracle,11,0.0
eval_traffic_optimization_0,traffic_optimization,forbidden_person_identity_oracle,12,0.0
eval_traffic_optimization_0,traffic_optimization,forbidden_person_identity_oracle,13,0.0
eval_traffic_optimization_0,traffic_optimization,three_day_buffer_then_freeze,1,0.0018120890013211821
eval_traffic_optimization_0,traffic_optimization,three_day_buffer_then_freeze,2,0.0018120890013211821
eval_traffic_optimization_0,traffic_optimization,three_day_buffer_then_freeze,3,0.0018120890013211821
eval_traffic_optimization_0,traffic_optimization,three_day_buffer_then_freeze,4,0.0018120890013211821
eval_traffic_optimization_0,traffic_optimization,three_day_buffer_then_freeze,5,0.0018120890013211821
eval_traffic_optimization_0,traffic_optimization,three_day_buffer_then_freeze,6,0.0018120890013211821
eval_traffic_optimization_0,traffic_optimization,three_day_buffer_then_freeze,7,0.0018120890013211821
eval_traffic_optimization_0,traffic_optimization,three_day_buffer_then_freeze,8,0.0018120890013211821
eval_traffic_optimization_0,traffic_optimization,three_day_buffer_then_freeze,9,0.0018120890013211821
eval_traffic_optimization_0,traffic_optimization,three_day_buffer_then_freeze,10,0.0018120890013211821
eval_traffic_optimization_0,traffic_optimization,three_day_buffer_then_freeze,11,0.0018120890013211821
eval_traffic_optimization_0,traffic_optimization,three_day_buffer_then_freeze,12,0.0018120890013211821
eval_traffic_optimization_0,traffic_optimization,three_day_buffer_then_freeze,13,0.0018120890013211821
eval_traffic_optimization_0,traffic_optimization,full_flight_buffer_then_freeze,1,0.08726236856582276
eval_traffic_optimization_0,traffic_optimization,full_flight_buffer_then_freeze,2,0.08726236856582276
eval_traffic_optimization_0,traffic_optimization,full_flight_buffer_then_freeze,3,0.08726236856582276
eval_traffic_optimization_0,traffic_optimization,full_flight_buffer_then_freeze,4,0.08726236856582276
eval_traffic_optimization_0,traffic_optimization,full_flight_buffer_then_freeze,5,0.08726236856582276
eval_traffic_optimization_0,traffic_optimization,full_flight_buffer_then_freeze,6,0.08726236856582276
eval_traffic_optimization_0,traffic_optimization,full_flight_buffer_then_freeze,7,0.08726236856582276
eval_traffic_optimization_0,traffic_optimization,full_flight_buffer_then_freeze,8,0.08726236856582276
eval_traffic_optimization_0,traffic_optimization,full_flight_buffer_then_freeze,9,0.08726236856582276
eval_traffic_optimization_0,traffic_optimization,full_flight_buffer_then_freeze,10,0.08726236856582276
eval_traffic_optimization_0,traffic_optimization,full_flight_buffer_then_freeze,11,0.08726236856582276
eval_traffic_optimization_0,traffic_optimization,full_flight_buffer_then_freeze,12,0.08726236856582276
eval_traffic_optimization_0,traffic_optimization,full_flight_buffer_then_freeze,13,0.08726236856582276
eval_traffic_optimization_0,traffic_optimization,oracle_same_day_dial,1,0.17812499999999998
eval_traffic_optimization_0,traffic_optimization,oracle_same_day_dial,2,0.17812499999999998
eval_traffic_optimization_0,traffic_optimization,oracle_same_day_dial,3,0.17812499999999998
eval_traffic_optimization_0,traffic_optimization,oracle_same_day_dial,4,0.0
eval_traffic_optimization_0,traffic_optimization,oracle_same_day_dial,5,0.059375
eval_traffic_optimization_0,traffic_optimization,oracle_same_day_dial,6,0.11875
eval_traffic_optimization_0,traffic_optimization,oracle_same_day_dial,7,0.17812499999999998
eval_traffic_optimization_0,traffic_optimization,oracle_same_day_dial,8,0.11875
eval_traffic_optimization_0,traffic_optimization,oracle_same_day_dial,9,0.11875
eval_traffic_optimization_0,traffic_optimization,oracle_same_day_dial,10,0.059375
eval_traffic_optimization_0,traffic_optimization,oracle_same_day_dial,11,0.11875
eval_traffic_optimization_0,traffic_optimization,oracle_same_day_dial,12,0.11875
eval_traffic_optimization_0,traffic_optimization,oracle_same_day_dial,13,0.059375
eval_traffic_optimization_1,traffic_optimization,fixed_model_line_pool,1,0.0
eval_traffic_optimization_1,traffic_optimization,fixed_model_line_pool,2,0.0
eval_traffic_optimization_1,traffic_optimization,fixed_model_line_pool,3,0.0
eval_traffic_optimization_1,traffic_optimization,fixed_model_line_pool,4,0.0
eval_traffic_optimization_1,traffic_optimization,fixed_model_line_pool,5,0.0
eval_traffic_optimization_1,traffic_optimization,fixed_model_line_pool,6,0.0
eval_traffic_optimization_1,traffic_optimization,fixed_model_line_pool,7,0.0
eval_traffic_optimization_1,traffic_optimization,fixed_model_line_pool,8,0.0
eval_traffic_optimization_1,traffic_optimization,fixed_model_line_pool,9,0.0
eval_traffic_optimization_1,traffic_optimization,fixed_model_line_pool,10,0.0
eval_traffic_optimization_1,traffic_optimization,fixed_model_line_pool,11,0.0
eval_traffic_optimization_1,traffic_optimization,fixed_model_line_pool,12,0.0
eval_traffic_optimization_1,traffic_optimization,fixed_model_line_pool,13,0.0
eval_traffic_optimization_1,traffic_optimization,context_and_scale_only_pool,1,0.0
eval_traffic_optimization_1,traffic_optimization,context_and_scale_only_pool,2,0.0
eval_traffic_optimization_1,traffic_optimization,context_and_scale_only_pool,3,0.0
eval_traffic_optimization_1,traffic_optimization,context_and_scale_only_pool,4,0.03289185760377311
eval_traffic_optimization_1,traffic_optimization,context_and_scale_only_pool,5,0.04357865437436553
eval_traffic_optimization_1,traffic_optimization,context_and_scale_only_pool,6,0.03195284484453481
eval_traffic_optimization_1,traffic_optimization,context_and_scale_only_pool,7,0.021906781180805746
eval_traffic_optimization_1,traffic_optimization,context_and_scale_only_pool,8,0.0253344103787026
eval_traffic_optimization_1,traffic_optimization,context_and_scale_only_pool,9,0.04386258997709275
eval_traffic_optimization_1,traffic_optimization,context_and_scale_only_pool,10,0.06318918185567124
eval_traffic_optimization_1,traffic_optimization,context_and_scale_only_pool,11,0.08275053854225989
eval_traffic_optimization_1,traffic_optimization,context_and_scale_only_pool,12,0.09446674037604103
eval_traffic_optimization_1,traffic_optimization,context_and_scale_only_pool,13,0.08386527100965468
eval_traffic_optimization_1,traffic_optimization,provider_blended_ordered_pool,1,0.0
eval_traffic_optimization_1,traffic_optimization,provider_blended_ordered_pool,2,0.0
eval_traffic_optimization_1,traffic_optimization,provider_blended_ordered_pool,3,0.004220285475006758
eval_traffic_optimization_1,traffic_optimization,provider_blended_ordered_pool,4,0.03789165176875921
eval_traffic_optimization_1,traffic_optimization,provider_blended_ordered_pool,5,0.04093439526160406
eval_traffic_optimization_1,traffic_optimization,provider_blended_ordered_pool,6,0.030392834400673786
eval_traffic_optimization_1,traffic_optimization,provider_blended_ordered_pool,7,0.020069719636166473
eval_traffic_optimization_1,traffic_optimization,provider_blended_ordered_pool,8,0.025518203806103548
eval_traffic_optimization_1,traffic_optimization,provider_blended_ordered_pool,9,0.042903258775420144
eval_traffic_optimization_1,traffic_optimization,provider_blended_ordered_pool,10,0.06128780191088494
eval_traffic_optimization_1,traffic_optimization,provider_blended_ordered_pool,11,0.08084700537136981
eval_traffic_optimization_1,traffic_optimization,provider_blended_ordered_pool,12,0.09498436841230873
eval_traffic_optimization_1,traffic_optimization,provider_blended_ordered_pool,13,0.08568597030614929
eval_traffic_optimization_1,traffic_optimization,ordered_collision_resolved_overlap_pool,1,0.0
eval_traffic_optimization_1,traffic_optimization,ordered_collision_resolved_overlap_pool,2,0.09517069430571057
eval_traffic_optimization_1,traffic_optimization,ordered_collision_resolved_overlap_pool,3,0.1092567949166855
eval_traffic_optimization_1,traffic_optimization,ordered_collision_resolved_overlap_pool,4,0.10699884777867585
eval_traffic_optimization_1,traffic_optimization,ordered_collision_resolved_overlap_pool,5,0.1560104485393612
eval_traffic_optimization_1,traffic_optimization,ordered_collision_resolved_overlap_pool,6,0.24047698947554985
eval_traffic_optimization_1,traffic_optimization,ordered_collision_resolved_overlap_pool,7,0.28537667928525
eval_traffic_optimization_1,traffic_optimization,ordered_collision_resolved_overlap_pool,8,0.32968061188258946
eval_traffic_optimization_1,traffic_optimization,ordered_collision_resolved_overlap_pool,9,0.3565550214577378
eval_traffic_optimization_1,traffic_optimization,ordered_collision_resolved_overlap_pool,10,0.3797239833194618
eval_traffic_optimization_1,traffic_optimization,ordered_collision_resolved_overlap_pool,11,0.4044826166644999
eval_traffic_optimization_1,traffic_optimization,ordered_collision_resolved_overlap_pool,12,0.44449150655196584
eval_traffic_optimization_1,traffic_optimization,ordered_collision_resolved_overlap_pool,13,0.5053467662410298
eval_traffic_optimization_1,traffic_optimization,fixed_marginal_overlap_atlas,1,0.0
eval_traffic_optimization_1,traffic_optimization,fixed_marginal_overlap_atlas,2,0.0
eval_traffic_optimization_1,traffic_optimization,fixed_marginal_overlap_atlas,3,0.059953272608986696
eval_traffic_optimization_1,traffic_optimization,fixed_marginal_overlap_atlas,4,0.10896843725490254
eval_traffic_optimization_1,traffic_optimization,fixed_marginal_overlap_atlas,5,0.12571986035626462
eval_traffic_optimization_1,traffic_optimization,fixed_marginal_overlap_atlas,6,0.13547393059393914
eval_traffic_optimization_1,traffic_optimization,fixed_marginal_overlap_atlas,7,0.1435145758891368
eval_traffic_optimization_1,traffic_optimization,fixed_marginal_overlap_atlas,8,0.15802994007182125
eval_traffic_optimization_1,traffic_optimization,fixed_marginal_overlap_atlas,9,0.16489365851915913
eval_traffic_optimization_1,traffic_optimization,fixed_marginal_overlap_atlas,10,0.17066725070515432
eval_traffic_optimization_1,traffic_optimization,fixed_marginal_overlap_atlas,11,0.1771777847871499
eval_traffic_optimization_1,traffic_optimization,fixed_marginal_overlap_atlas,12,0.18159854082477794
eval_traffic_optimization_1,traffic_optimization,fixed_marginal_overlap_atlas,13,0.18692368370158552
eval_traffic_optimization_1,traffic_optimization,pair_targeted_fixed_marginal_atlas,1,0.0
eval_traffic_optimization_1,traffic_optimization,pair_targeted_fixed_marginal_atlas,2,0.0
eval_traffic_optimization_1,traffic_optimization,pair_targeted_fixed_marginal_atlas,3,0.059953272608986696
eval_traffic_optimization_1,traffic_optimization,pair_targeted_fixed_marginal_atlas,4,0.10896843725490254
eval_traffic_optimization_1,traffic_optimization,pair_targeted_fixed_marginal_atlas,5,0.12571986035626462
eval_traffic_optimization_1,traffic_optimization,pair_targeted_fixed_marginal_atlas,6,0.13547393059393914
eval_traffic_optimization_1,traffic_optimization,pair_targeted_fixed_marginal_atlas,7,0.1435145758891368
eval_traffic_optimization_1,traffic_optimization,pair_targeted_fixed_marginal_atlas,8,0.15802994007182125
eval_traffic_optimization_1,traffic_optimization,pair_targeted_fixed_marginal_atlas,9,0.16489365851915913
eval_traffic_optimization_1,traffic_optimization,pair_targeted_fixed_marginal_atlas,10,0.17066725070515432
eval_traffic_optimization_1,traffic_optimization,pair_targeted_fixed_marginal_atlas,11,0.1771777847871499
eval_traffic_optimization_1,traffic_optimization,pair_targeted_fixed_marginal_atlas,12,0.18159854082477794
eval_traffic_optimization_1,traffic_optimization,pair_targeted_fixed_marginal_atlas,13,0.18692368370158552
eval_traffic_optimization_1,traffic_optimization,same_day_adaptive_pool,1,0.0
eval_traffic_optimization_1,traffic_optimization,same_day_adaptive_pool,2,0.0
eval_traffic_optimization_1,traffic_optimization,same_day_adaptive_pool,3,0.0
eval_traffic_optimization_1,traffic_optimization,same_day_adaptive_pool,4,0.0
eval_traffic_optimization_1,traffic_optimization,same_day_adaptive_pool,5,0.0
eval_traffic_optimization_1,traffic_optimization,same_day_adaptive_pool,6,0.0
eval_traffic_optimization_1,traffic_optimization,same_day_adaptive_pool,7,0.0
eval_traffic_optimization_1,traffic_optimization,same_day_adaptive_pool,8,0.005027006079585339
eval_traffic_optimization_1,traffic_optimization,same_day_adaptive_pool,9,0.021900846064421886
eval_traffic_optimization_1,traffic_optimization,same_day_adaptive_pool,10,0.023436381707672593
eval_traffic_optimization_1,traffic_optimization,same_day_adaptive_pool,11,0.014682828025354921
eval_traffic_optimization_1,traffic_optimization,same_day_adaptive_pool,12,0.02020820351930036
eval_traffic_optimization_1,traffic_optimization,same_day_adaptive_pool,13,0.011005873928782495
eval_traffic_optimization_1,traffic_optimization,cumulative_adaptive_pool,1,0.0
eval_traffic_optimization_1,traffic_optimization,cumulative_adaptive_pool,2,0.0
eval_traffic_optimization_1,traffic_optimization,cumulative_adaptive_pool,3,0.007673246318194105
eval_traffic_optimization_1,traffic_optimization,cumulative_adaptive_pool,4,0.04198239244920238
eval_traffic_optimization_1,traffic_optimization,cumulative_adaptive_pool,5,0.03877091053298104
eval_traffic_optimization_1,traffic_optimization,cumulative_adaptive_pool,6,0.02911646221933295
eval_traffic_optimization_1,traffic_optimization,cumulative_adaptive_pool,7,0.018566669281461612
eval_traffic_optimization_1,traffic_optimization,cumulative_adaptive_pool,8,0.02566858024670432
eval_traffic_optimization_1,traffic_optimization,cumulative_adaptive_pool,9,0.0421183514285971
eval_traffic_optimization_1,traffic_optimization,cumulative_adaptive_pool,10,0.05973212741060524
eval_traffic_optimization_1,traffic_optimization,cumulative_adaptive_pool,11,0.07928956914064156
eval_traffic_optimization_1,traffic_optimization,cumulative_adaptive_pool,12,0.09540788226016411
eval_traffic_optimization_1,traffic_optimization,cumulative_adaptive_pool,13,0.08717563336691758
eval_traffic_optimization_1,traffic_optimization,quantized_hysteresis_pool,1,0.0
eval_traffic_optimization_1,traffic_optimization,quantized_hysteresis_pool,2,0.0
eval_traffic_optimization_1,traffic_optimization,quantized_hysteresis_pool,3,0.0
eval_traffic_optimization_1,traffic_optimization,quantized_hysteresis_pool,4,0.0
eval_traffic_optimization_1,traffic_optimization,quantized_hysteresis_pool,5,0.0
eval_traffic_optimization_1,traffic_optimization,quantized_hysteresis_pool,6,0.0
eval_traffic_optimization_1,traffic_optimization,quantized_hysteresis_pool,7,0.0
eval_traffic_optimization_1,traffic_optimization,quantized_hysteresis_pool,8,0.0
eval_traffic_optimization_1,traffic_optimization,quantized_hysteresis_pool,9,0.0
eval_traffic_optimization_1,traffic_optimization,quantized_hysteresis_pool,10,0.0
eval_traffic_optimization_1,traffic_optimization,quantized_hysteresis_pool,11,0.0
eval_traffic_optimization_1,traffic_optimization,quantized_hysteresis_pool,12,0.0
eval_traffic_optimization_1,traffic_optimization,quantized_hysteresis_pool,13,0.1
eval_traffic_optimization_1,traffic_optimization,sticky_first_seen_pool,1,0.0
eval_traffic_optimization_1,traffic_optimization,sticky_first_seen_pool,2,0.0
eval_traffic_optimization_1,traffic_optimization,sticky_first_seen_pool,3,0.007673246318194105
eval_traffic_optimization_1,traffic_optimization,sticky_first_seen_pool,4,0.04198239244920238
eval_traffic_optimization_1,traffic_optimization,sticky_first_seen_pool,5,0.03877091053298104
eval_traffic_optimization_1,traffic_optimization,sticky_first_seen_pool,6,0.02911646221933295
eval_traffic_optimization_1,traffic_optimization,sticky_first_seen_pool,7,0.018566669281461612
eval_traffic_optimization_1,traffic_optimization,sticky_first_seen_pool,8,0.02566858024670432
eval_traffic_optimization_1,traffic_optimization,sticky_first_seen_pool,9,0.0421183514285971
eval_traffic_optimization_1,traffic_optimization,sticky_first_seen_pool,10,0.05973212741060524
eval_traffic_optimization_1,traffic_optimization,sticky_first_seen_pool,11,0.07928956914064156
eval_traffic_optimization_1,traffic_optimization,sticky_first_seen_pool,12,0.09540788226016411
eval_traffic_optimization_1,traffic_optimization,sticky_first_seen_pool,13,0.08717563336691758
eval_traffic_optimization_1,traffic_optimization,ordered_memoized_rank_lattice,1,0.0
eval_traffic_optimization_1,traffic_optimization,ordered_memoized_rank_lattice,2,0.0
eval_traffic_optimization_1,traffic_optimization,ordered_memoized_rank_lattice,3,0.0
eval_traffic_optimization_1,traffic_optimization,ordered_memoized_rank_lattice,4,0.0
eval_traffic_optimization_1,traffic_optimization,ordered_memoized_rank_lattice,5,0.0
eval_traffic_optimization_1,traffic_optimization,ordered_memoized_rank_lattice,6,0.0
eval_traffic_optimization_1,traffic_optimization,ordered_memoized_rank_lattice,7,0.0
eval_traffic_optimization_1,traffic_optimization,ordered_memoized_rank_lattice,8,0.0
eval_traffic_optimization_1,traffic_optimization,ordered_memoized_rank_lattice,9,0.0
eval_traffic_optimization_1,traffic_optimization,ordered_memoized_rank_lattice,10,0.0
eval_traffic_optimization_1,traffic_optimization,ordered_memoized_rank_lattice,11,0.0
eval_traffic_optimization_1,traffic_optimization,ordered_memoized_rank_lattice,12,0.0
eval_traffic_optimization_1,traffic_optimization,ordered_memoized_rank_lattice,13,0.1
eval_traffic_optimization_1,traffic_optimization,cohort_3_week_rank_lattice,1,0.0
eval_traffic_optimization_1,traffic_optimization,cohort_3_week_rank_lattice,2,0.0
eval_traffic_optimization_1,traffic_optimization,cohort_3_week_rank_lattice,3,0.0
eval_traffic_optimization_1,traffic_optimization,cohort_3_week_rank_lattice,4,0.0
eval_traffic_optimization_1,traffic_optimization,cohort_3_week_rank_lattice,5,0.0
eval_traffic_optimization_1,traffic_optimization,cohort_3_week_rank_lattice,6,0.0
eval_traffic_optimization_1,traffic_optimization,cohort_3_week_rank_lattice,7,0.0
eval_traffic_optimization_1,traffic_optimization,cohort_3_week_rank_lattice,8,0.0
eval_traffic_optimization_1,traffic_optimization,cohort_3_week_rank_lattice,9,0.0
eval_traffic_optimization_1,traffic_optimization,cohort_3_week_rank_lattice,10,0.0
eval_traffic_optimization_1,traffic_optimization,cohort_3_week_rank_lattice,11,0.0
eval_traffic_optimization_1,traffic_optimization,cohort_3_week_rank_lattice,12,0.0
eval_traffic_optimization_1,traffic_optimization,cohort_3_week_rank_lattice,13,0.1
eval_traffic_optimization_1,traffic_optimization,oracle_online_venn_recent,1,0.0
eval_traffic_optimization_1,traffic_optimization,oracle_online_venn_recent,2,0.0
eval_traffic_optimization_1,traffic_optimization,oracle_online_venn_recent,3,0.0
eval_traffic_optimization_1,traffic_optimization,oracle_online_venn_recent,4,0.0
eval_traffic_optimization_1,traffic_optimization,oracle_online_venn_recent,5,0.0
eval_traffic_optimization_1,traffic_optimization,oracle_online_venn_recent,6,0.0
eval_traffic_optimization_1,traffic_optimization,oracle_online_venn_recent,7,0.0
eval_traffic_optimization_1,traffic_optimization,oracle_online_venn_recent,8,0.0
eval_traffic_optimization_1,traffic_optimization,oracle_online_venn_recent,9,0.0
eval_traffic_optimization_1,traffic_optimization,oracle_online_venn_recent,10,0.0
eval_traffic_optimization_1,traffic_optimization,oracle_online_venn_recent,11,0.0
eval_traffic_optimization_1,traffic_optimization,oracle_online_venn_recent,12,0.0
eval_traffic_optimization_1,traffic_optimization,oracle_online_venn_recent,13,0.0
eval_traffic_optimization_1,traffic_optimization,oracle_online_venn_oldest,1,0.0
eval_traffic_optimization_1,traffic_optimization,oracle_online_venn_oldest,2,0.0
eval_traffic_optimization_1,traffic_optimization,oracle_online_venn_oldest,3,0.0
eval_traffic_optimization_1,traffic_optimization,oracle_online_venn_oldest,4,0.0
eval_traffic_optimization_1,traffic_optimization,oracle_online_venn_oldest,5,0.0
eval_traffic_optimization_1,traffic_optimization,oracle_online_venn_oldest,6,0.0
eval_traffic_optimization_1,traffic_optimization,oracle_online_venn_oldest,7,0.0
eval_traffic_optimization_1,traffic_optimization,oracle_online_venn_oldest,8,0.0
eval_traffic_optimization_1,traffic_optimization,oracle_online_venn_oldest,9,0.0
eval_traffic_optimization_1,traffic_optimization,oracle_online_venn_oldest,10,0.0
eval_traffic_optimization_1,traffic_optimization,oracle_online_venn_oldest,11,0.0
eval_traffic_optimization_1,traffic_optimization,oracle_online_venn_oldest,12,0.0
eval_traffic_optimization_1,traffic_optimization,oracle_online_venn_oldest,13,0.0
eval_traffic_optimization_1,traffic_optimization,oracle_online_union_recent,1,0.0
eval_traffic_optimization_1,traffic_optimization,oracle_online_union_recent,2,0.0
eval_traffic_optimization_1,traffic_optimization,oracle_online_union_recent,3,0.0
eval_traffic_optimization_1,traffic_optimization,oracle_online_union_recent,4,0.0
eval_traffic_optimization_1,traffic_optimization,oracle_online_union_recent,5,0.0
eval_traffic_optimization_1,traffic_optimization,oracle_online_union_recent,6,0.0
eval_traffic_optimization_1,traffic_optimization,oracle_online_union_recent,7,0.0
eval_traffic_optimization_1,traffic_optimization,oracle_online_union_recent,8,0.0
eval_traffic_optimization_1,traffic_optimization,oracle_online_union_recent,9,0.0
eval_traffic_optimization_1,traffic_optimization,oracle_online_union_recent,10,0.0
eval_traffic_optimization_1,traffic_optimization,oracle_online_union_recent,11,0.0
eval_traffic_optimization_1,traffic_optimization,oracle_online_union_recent,12,0.0
eval_traffic_optimization_1,traffic_optimization,oracle_online_union_recent,13,0.0
eval_traffic_optimization_1,traffic_optimization,oracle_online_union_oldest,1,0.0
eval_traffic_optimization_1,traffic_optimization,oracle_online_union_oldest,2,0.0
eval_traffic_optimization_1,traffic_optimization,oracle_online_union_oldest,3,0.0
eval_traffic_optimization_1,traffic_optimization,oracle_online_union_oldest,4,0.0
eval_traffic_optimization_1,traffic_optimization,oracle_online_union_oldest,5,0.0
eval_traffic_optimization_1,traffic_optimization,oracle_online_union_oldest,6,0.0
eval_traffic_optimization_1,traffic_optimization,oracle_online_union_oldest,7,0.0
eval_traffic_optimization_1,traffic_optimization,oracle_online_union_oldest,8,0.0
eval_traffic_optimization_1,traffic_optimization,oracle_online_union_oldest,9,0.0
eval_traffic_optimization_1,traffic_optimization,oracle_online_union_oldest,10,0.0
eval_traffic_optimization_1,traffic_optimization,oracle_online_union_oldest,11,0.0
eval_traffic_optimization_1,traffic_optimization,oracle_online_union_oldest,12,0.0
eval_traffic_optimization_1,traffic_optimization,oracle_online_union_oldest,13,0.0
eval_traffic_optimization_1,traffic_optimization,forbidden_person_identity_oracle,1,0.0
eval_traffic_optimization_1,traffic_optimization,forbidden_person_identity_oracle,2,0.0
eval_traffic_optimization_1,traffic_optimization,forbidden_person_identity_oracle,3,0.0
eval_traffic_optimization_1,traffic_optimization,forbidden_person_identity_oracle,4,0.0
eval_traffic_optimization_1,traffic_optimization,forbidden_person_identity_oracle,5,0.0
eval_traffic_optimization_1,traffic_optimization,forbidden_person_identity_oracle,6,0.0
eval_traffic_optimization_1,traffic_optimization,forbidden_person_identity_oracle,7,0.0
eval_traffic_optimization_1,traffic_optimization,forbidden_person_identity_oracle,8,0.0
eval_traffic_optimization_1,traffic_optimization,forbidden_person_identity_oracle,9,0.0
eval_traffic_optimization_1,traffic_optimization,forbidden_person_identity_oracle,10,0.0
eval_traffic_optimization_1,traffic_optimization,forbidden_person_identity_oracle,11,0.0
eval_traffic_optimization_1,traffic_optimization,forbidden_person_identity_oracle,12,0.0
eval_traffic_optimization_1,traffic_optimization,forbidden_person_identity_oracle,13,0.0
eval_traffic_optimization_1,traffic_optimization,three_day_buffer_then_freeze,1,0.007673246318194105
eval_traffic_optimization_1,traffic_optimization,three_day_buffer_then_freeze,2,0.007673246318194105
eval_traffic_optimization_1,traffic_optimization,three_day_buffer_then_freeze,3,0.007673246318194105
eval_traffic_optimization_1,traffic_optimization,three_day_buffer_then_freeze,4,0.007673246318194105
eval_traffic_optimization_1,traffic_optimization,three_day_buffer_then_freeze,5,0.007673246318194105
eval_traffic_optimization_1,traffic_optimization,three_day_buffer_then_freeze,6,0.007673246318194105
eval_traffic_optimization_1,traffic_optimization,three_day_buffer_then_freeze,7,0.007673246318194105
eval_traffic_optimization_1,traffic_optimization,three_day_buffer_then_freeze,8,0.007673246318194105
eval_traffic_optimization_1,traffic_optimization,three_day_buffer_then_freeze,9,0.007673246318194105
eval_traffic_optimization_1,traffic_optimization,three_day_buffer_then_freeze,10,0.007673246318194105
eval_traffic_optimization_1,traffic_optimization,three_day_buffer_then_freeze,11,0.007673246318194105
eval_traffic_optimization_1,traffic_optimization,three_day_buffer_then_freeze,12,0.007673246318194105
eval_traffic_optimization_1,traffic_optimization,three_day_buffer_then_freeze,13,0.007673246318194105
eval_traffic_optimization_1,traffic_optimization,full_flight_buffer_then_freeze,1,0.08717563336691758
eval_traffic_optimization_1,traffic_optimization,full_flight_buffer_then_freeze,2,0.08717563336691758
eval_traffic_optimization_1,traffic_optimization,full_flight_buffer_then_freeze,3,0.08717563336691758
eval_traffic_optimization_1,traffic_optimization,full_flight_buffer_then_freeze,4,0.08717563336691758
eval_traffic_optimization_1,traffic_optimization,full_flight_buffer_then_freeze,5,0.08717563336691758
eval_traffic_optimization_1,traffic_optimization,full_flight_buffer_then_freeze,6,0.08717563336691758
eval_traffic_optimization_1,traffic_optimization,full_flight_buffer_then_freeze,7,0.08717563336691758
eval_traffic_optimization_1,traffic_optimization,full_flight_buffer_then_freeze,8,0.08717563336691758
eval_traffic_optimization_1,traffic_optimization,full_flight_buffer_then_freeze,9,0.08717563336691758
eval_traffic_optimization_1,traffic_optimization,full_flight_buffer_then_freeze,10,0.08717563336691758
eval_traffic_optimization_1,traffic_optimization,full_flight_buffer_then_freeze,11,0.08717563336691758
eval_traffic_optimization_1,traffic_optimization,full_flight_buffer_then_freeze,12,0.08717563336691758
eval_traffic_optimization_1,traffic_optimization,full_flight_buffer_then_freeze,13,0.08717563336691758
eval_traffic_optimization_1,traffic_optimization,oracle_same_day_dial,1,0.11875
eval_traffic_optimization_1,traffic_optimization,oracle_same_day_dial,2,0.0
eval_traffic_optimization_1,traffic_optimization,oracle_same_day_dial,3,0.0
eval_traffic_optimization_1,traffic_optimization,oracle_same_day_dial,4,0.0
eval_traffic_optimization_1,traffic_optimization,oracle_same_day_dial,5,0.11875
eval_traffic_optimization_1,traffic_optimization,oracle_same_day_dial,6,0.11875
eval_traffic_optimization_1,traffic_optimization,oracle_same_day_dial,7,0.0
eval_traffic_optimization_1,traffic_optimization,oracle_same_day_dial,8,0.11875
eval_traffic_optimization_1,traffic_optimization,oracle_same_day_dial,9,0.11875
eval_traffic_optimization_1,traffic_optimization,oracle_same_day_dial,10,0.11875
eval_traffic_optimization_1,traffic_optimization,oracle_same_day_dial,11,0.17812499999999998
eval_traffic_optimization_1,traffic_optimization,oracle_same_day_dial,12,0.11875
eval_traffic_optimization_1,traffic_optimization,oracle_same_day_dial,13,0.0
eval_video_engagement_retargeting_0,video_engagement_retargeting,fixed_model_line_pool,1,0.0
eval_video_engagement_retargeting_0,video_engagement_retargeting,fixed_model_line_pool,2,0.0
eval_video_engagement_retargeting_0,video_engagement_retargeting,fixed_model_line_pool,3,0.0
eval_video_engagement_retargeting_0,video_engagement_retargeting,fixed_model_line_pool,4,0.0
eval_video_engagement_retargeting_0,video_engagement_retargeting,fixed_model_line_pool,5,0.0
eval_video_engagement_retargeting_0,video_engagement_retargeting,fixed_model_line_pool,6,0.0
eval_video_engagement_retargeting_0,video_engagement_retargeting,fixed_model_line_pool,7,0.0
eval_video_engagement_retargeting_0,video_engagement_retargeting,fixed_model_line_pool,8,0.0
eval_video_engagement_retargeting_0,video_engagement_retargeting,fixed_model_line_pool,9,0.0
eval_video_engagement_retargeting_0,video_engagement_retargeting,fixed_model_line_pool,10,0.0
eval_video_engagement_retargeting_0,video_engagement_retargeting,fixed_model_line_pool,11,0.0
eval_video_engagement_retargeting_0,video_engagement_retargeting,fixed_model_line_pool,12,0.0
eval_video_engagement_retargeting_0,video_engagement_retargeting,fixed_model_line_pool,13,0.0
eval_video_engagement_retargeting_0,video_engagement_retargeting,context_and_scale_only_pool,1,0.4001215058859795
eval_video_engagement_retargeting_0,video_engagement_retargeting,context_and_scale_only_pool,2,0.4491897977991145
eval_video_engagement_retargeting_0,video_engagement_retargeting,context_and_scale_only_pool,3,0.4684065475231062
eval_video_engagement_retargeting_0,video_engagement_retargeting,context_and_scale_only_pool,4,0.4848367629891644
eval_video_engagement_retargeting_0,video_engagement_retargeting,context_and_scale_only_pool,5,0.5082856940247258
eval_video_engagement_retargeting_0,video_engagement_retargeting,context_and_scale_only_pool,6,0.5280948669933829
eval_video_engagement_retargeting_0,video_engagement_retargeting,context_and_scale_only_pool,7,0.5521541635249374
eval_video_engagement_retargeting_0,video_engagement_retargeting,context_and_scale_only_pool,8,0.5824822370033509
eval_video_engagement_retargeting_0,video_engagement_retargeting,context_and_scale_only_pool,9,0.6014726161695353
eval_video_engagement_retargeting_0,video_engagement_retargeting,context_and_scale_only_pool,10,0.6156488469638102
eval_video_engagement_retargeting_0,video_engagement_retargeting,context_and_scale_only_pool,11,0.6194017074295572
eval_video_engagement_retargeting_0,video_engagement_retargeting,context_and_scale_only_pool,12,0.6172562658493141
eval_video_engagement_retargeting_0,video_engagement_retargeting,context_and_scale_only_pool,13,0.6151403754291171
eval_video_engagement_retargeting_0,video_engagement_retargeting,provider_blended_ordered_pool,1,0.40386179351756546
eval_video_engagement_retargeting_0,video_engagement_retargeting,provider_blended_ordered_pool,2,0.4603742336490691
eval_video_engagement_retargeting_0,video_engagement_retargeting,provider_blended_ordered_pool,3,0.4843068413042051
eval_video_engagement_retargeting_0,video_engagement_retargeting,provider_blended_ordered_pool,4,0.5049475231754916
eval_video_engagement_retargeting_0,video_engagement_retargeting,provider_blended_ordered_pool,5,0.5226704210987912
eval_video_engagement_retargeting_0,video_engagement_retargeting,provider_blended_ordered_pool,6,0.5405238980039547
eval_video_engagement_retargeting_0,video_engagement_retargeting,provider_blended_ordered_pool,7,0.5579412572385187
eval_video_engagement_retargeting_0,video_engagement_retargeting,provider_blended_ordered_pool,8,0.5881287007464727
eval_video_engagement_retargeting_0,video_engagement_retargeting,provider_blended_ordered_pool,9,0.606607390552971
eval_video_engagement_retargeting_0,video_engagement_retargeting,provider_blended_ordered_pool,10,0.6215695886897896
eval_video_engagement_retargeting_0,video_engagement_retargeting,provider_blended_ordered_pool,11,0.6277642882184511
eval_video_engagement_retargeting_0,video_engagement_retargeting,provider_blended_ordered_pool,12,0.6270794700264457
eval_video_engagement_retargeting_0,video_engagement_retargeting,provider_blended_ordered_pool,13,0.6266477099610681
eval_video_engagement_retargeting_0,video_engagement_retargeting,ordered_collision_resolved_overlap_pool,1,0.3334718556064637
eval_video_engagement_retargeting_0,video_engagement_retargeting,ordered_collision_resolved_overlap_pool,2,0.5042974753637877
eval_video_engagement_retargeting_0,video_engagement_retargeting,ordered_collision_resolved_overlap_pool,3,0.6250414719644739
eval_video_engagement_retargeting_0,video_engagement_retargeting,ordered_collision_resolved_overlap_pool,4,0.6651187782766543
eval_video_engagement_retargeting_0,video_engagement_retargeting,ordered_collision_resolved_overlap_pool,5,0.6631704368629232
eval_video_engagement_retargeting_0,video_engagement_retargeting,ordered_collision_resolved_overlap_pool,6,0.665283211179106
eval_video_engagement_retargeting_0,video_engagement_retargeting,ordered_collision_resolved_overlap_pool,7,0.6859038414621912
eval_video_engagement_retargeting_0,video_engagement_retargeting,ordered_collision_resolved_overlap_pool,8,0.7042993983963804
eval_video_engagement_retargeting_0,video_engagement_retargeting,ordered_collision_resolved_overlap_pool,9,0.7245401742745805
eval_video_engagement_retargeting_0,video_engagement_retargeting,ordered_collision_resolved_overlap_pool,10,0.757646424144441
eval_video_engagement_retargeting_0,video_engagement_retargeting,ordered_collision_resolved_overlap_pool,11,0.7952109631400391
eval_video_engagement_retargeting_0,video_engagement_retargeting,ordered_collision_resolved_overlap_pool,12,0.8222627033975834
eval_video_engagement_retargeting_0,video_engagement_retargeting,ordered_collision_resolved_overlap_pool,13,0.8377102686955874
eval_video_engagement_retargeting_0,video_engagement_retargeting,fixed_marginal_overlap_atlas,1,0.04401445123955211
eval_video_engagement_retargeting_0,video_engagement_retargeting,fixed_marginal_overlap_atlas,2,0.12367690430305284
eval_video_engagement_retargeting_0,video_engagement_retargeting,fixed_marginal_overlap_atlas,3,0.2264357225393312
eval_video_engagement_retargeting_0,video_engagement_retargeting,fixed_marginal_overlap_atlas,4,0.2963018991370577
eval_video_engagement_retargeting_0,video_engagement_retargeting,fixed_marginal_overlap_atlas,5,0.335482557988437
eval_video_engagement_retargeting_0,video_engagement_retargeting,fixed_marginal_overlap_atlas,6,0.3578219550120891
eval_video_engagement_retargeting_0,video_engagement_retargeting,fixed_marginal_overlap_atlas,7,0.38835377079322275
eval_video_engagement_retargeting_0,video_engagement_retargeting,fixed_marginal_overlap_atlas,8,0.42579620840897553
eval_video_engagement_retargeting_0,video_engagement_retargeting,fixed_marginal_overlap_atlas,9,0.44882711907565875
eval_video_engagement_retargeting_0,video_engagement_retargeting,fixed_marginal_overlap_atlas,10,0.4741314829652494
eval_video_engagement_retargeting_0,video_engagement_retargeting,fixed_marginal_overlap_atlas,11,0.4932767948636275
eval_video_engagement_retargeting_0,video_engagement_retargeting,fixed_marginal_overlap_atlas,12,0.5072741715312055
eval_video_engagement_retargeting_0,video_engagement_retargeting,fixed_marginal_overlap_atlas,13,0.5148534270522828
eval_video_engagement_retargeting_0,video_engagement_retargeting,pair_targeted_fixed_marginal_atlas,1,0.04401445123955211
eval_video_engagement_retargeting_0,video_engagement_retargeting,pair_targeted_fixed_marginal_atlas,2,0.12367690430305284
eval_video_engagement_retargeting_0,video_engagement_retargeting,pair_targeted_fixed_marginal_atlas,3,0.2264357225393312
eval_video_engagement_retargeting_0,video_engagement_retargeting,pair_targeted_fixed_marginal_atlas,4,0.2963018991370577
eval_video_engagement_retargeting_0,video_engagement_retargeting,pair_targeted_fixed_marginal_atlas,5,0.335482557988437
eval_video_engagement_retargeting_0,video_engagement_retargeting,pair_targeted_fixed_marginal_atlas,6,0.3578219550120891
eval_video_engagement_retargeting_0,video_engagement_retargeting,pair_targeted_fixed_marginal_atlas,7,0.38835377079322275
eval_video_engagement_retargeting_0,video_engagement_retargeting,pair_targeted_fixed_marginal_atlas,8,0.42579620840897553
eval_video_engagement_retargeting_0,video_engagement_retargeting,pair_targeted_fixed_marginal_atlas,9,0.44882711907565875
eval_video_engagement_retargeting_0,video_engagement_retargeting,pair_targeted_fixed_marginal_atlas,10,0.4741314829652494
eval_video_engagement_retargeting_0,video_engagement_retargeting,pair_targeted_fixed_marginal_atlas,11,0.4932767948636275
eval_video_engagement_retargeting_0,video_engagement_retargeting,pair_targeted_fixed_marginal_atlas,12,0.5072741715312055
eval_video_engagement_retargeting_0,video_engagement_retargeting,pair_targeted_fixed_marginal_atlas,13,0.5148534270522828
eval_video_engagement_retargeting_0,video_engagement_retargeting,same_day_adaptive_pool,1,0.4069220288524994
eval_video_engagement_retargeting_0,video_engagement_retargeting,same_day_adaptive_pool,2,0.427885987800314
eval_video_engagement_retargeting_0,video_engagement_retargeting,same_day_adaptive_pool,3,0.39213817409732477
eval_video_engagement_retargeting_0,video_engagement_retargeting,same_day_adaptive_pool,4,0.4474508280112543
eval_video_engagement_retargeting_0,video_engagement_retargeting,same_day_adaptive_pool,5,0.4359251306479659
eval_video_engagement_retargeting_0,video_engagement_retargeting,same_day_adaptive_pool,6,0.4632885461312576
eval_video_engagement_retargeting_0,video_engagement_retargeting,same_day_adaptive_pool,7,0.4542739563610918
eval_video_engagement_retargeting_0,video_engagement_retargeting,same_day_adaptive_pool,8,0.47389323746654427
eval_video_engagement_retargeting_0,video_engagement_retargeting,same_day_adaptive_pool,9,0.5183945345724206
eval_video_engagement_retargeting_0,video_engagement_retargeting,same_day_adaptive_pool,10,0.5259248071843665
eval_video_engagement_retargeting_0,video_engagement_retargeting,same_day_adaptive_pool,11,0.49325296828598525
eval_video_engagement_retargeting_0,video_engagement_retargeting,same_day_adaptive_pool,12,0.5242012100415894
eval_video_engagement_retargeting_0,video_engagement_retargeting,same_day_adaptive_pool,13,0.5010944863754104
eval_video_engagement_retargeting_0,video_engagement_retargeting,cumulative_adaptive_pool,1,0.4069220288524994
eval_video_engagement_retargeting_0,video_engagement_retargeting,cumulative_adaptive_pool,2,0.4695251357081228
eval_video_engagement_retargeting_0,video_engagement_retargeting,cumulative_adaptive_pool,3,0.49731617257964955
eval_video_engagement_retargeting_0,video_engagement_retargeting,cumulative_adaptive_pool,4,0.5214017815097592
eval_video_engagement_retargeting_0,video_engagement_retargeting,cumulative_adaptive_pool,5,0.5344397432502993
eval_video_engagement_retargeting_0,video_engagement_retargeting,cumulative_adaptive_pool,6,0.5506931051944225
eval_video_engagement_retargeting_0,video_engagement_retargeting,cumulative_adaptive_pool,7,0.5626761520950853
eval_video_engagement_retargeting_0,video_engagement_retargeting,cumulative_adaptive_pool,8,0.5927485347181178
eval_video_engagement_retargeting_0,video_engagement_retargeting,cumulative_adaptive_pool,9,0.6108085695939638
eval_video_engagement_retargeting_0,video_engagement_retargeting,cumulative_adaptive_pool,10,0.6264138319201364
eval_video_engagement_retargeting_0,video_engagement_retargeting,cumulative_adaptive_pool,11,0.6346063997730006
eval_video_engagement_retargeting_0,video_engagement_retargeting,cumulative_adaptive_pool,12,0.6351166370804624
eval_video_engagement_retargeting_0,video_engagement_retargeting,cumulative_adaptive_pool,13,0.6360628018508461
eval_video_engagement_retargeting_0,video_engagement_retargeting,quantized_hysteresis_pool,1,0.4
eval_video_engagement_retargeting_0,video_engagement_retargeting,quantized_hysteresis_pool,2,0.4
eval_video_engagement_retargeting_0,video_engagement_retargeting,quantized_hysteresis_pool,3,0.4
eval_video_engagement_retargeting_0,video_engagement_retargeting,quantized_hysteresis_pool,4,0.5
eval_video_engagement_retargeting_0,video_engagement_retargeting,quantized_hysteresis_pool,5,0.5
eval_video_engagement_retargeting_0,video_engagement_retargeting,quantized_hysteresis_pool,6,0.5
eval_video_engagement_retargeting_0,video_engagement_retargeting,quantized_hysteresis_pool,7,0.5
eval_video_engagement_retargeting_0,video_engagement_retargeting,quantized_hysteresis_pool,8,0.5
eval_video_engagement_retargeting_0,video_engagement_retargeting,quantized_hysteresis_pool,9,0.5
eval_video_engagement_retargeting_0,video_engagement_retargeting,quantized_hysteresis_pool,10,0.6000000000000001
eval_video_engagement_retargeting_0,video_engagement_retargeting,quantized_hysteresis_pool,11,0.6000000000000001
eval_video_engagement_retargeting_0,video_engagement_retargeting,quantized_hysteresis_pool,12,0.6000000000000001
eval_video_engagement_retargeting_0,video_engagement_retargeting,quantized_hysteresis_pool,13,0.6000000000000001
eval_video_engagement_retargeting_0,video_engagement_retargeting,sticky_first_seen_pool,1,0.4069220288524994
eval_video_engagement_retargeting_0,video_engagement_retargeting,sticky_first_seen_pool,2,0.4695251357081228
eval_video_engagement_retargeting_0,video_engagement_retargeting,sticky_first_seen_pool,3,0.49731617257964955
eval_video_engagement_retargeting_0,video_engagement_retargeting,sticky_first_seen_pool,4,0.5214017815097592
eval_video_engagement_retargeting_0,video_engagement_retargeting,sticky_first_seen_pool,5,0.5344397432502993
eval_video_engagement_retargeting_0,video_engagement_retargeting,sticky_first_seen_pool,6,0.5506931051944225
eval_video_engagement_retargeting_0,video_engagement_retargeting,sticky_first_seen_pool,7,0.5626761520950853
eval_video_engagement_retargeting_0,video_engagement_retargeting,sticky_first_seen_pool,8,0.5927485347181178
eval_video_engagement_retargeting_0,video_engagement_retargeting,sticky_first_seen_pool,9,0.6108085695939638
eval_video_engagement_retargeting_0,video_engagement_retargeting,sticky_first_seen_pool,10,0.6264138319201364
eval_video_engagement_retargeting_0,video_engagement_retargeting,sticky_first_seen_pool,11,0.6346063997730006
eval_video_engagement_retargeting_0,video_engagement_retargeting,sticky_first_seen_pool,12,0.6351166370804624
eval_video_engagement_retargeting_0,video_engagement_retargeting,sticky_first_seen_pool,13,0.6360628018508461
eval_video_engagement_retargeting_0,video_engagement_retargeting,ordered_memoized_rank_lattice,1,0.4
eval_video_engagement_retargeting_0,video_engagement_retargeting,ordered_memoized_rank_lattice,2,0.4
eval_video_engagement_retargeting_0,video_engagement_retargeting,ordered_memoized_rank_lattice,3,0.4
eval_video_engagement_retargeting_0,video_engagement_retargeting,ordered_memoized_rank_lattice,4,0.5
eval_video_engagement_retargeting_0,video_engagement_retargeting,ordered_memoized_rank_lattice,5,0.5
eval_video_engagement_retargeting_0,video_engagement_retargeting,ordered_memoized_rank_lattice,6,0.5
eval_video_engagement_retargeting_0,video_engagement_retargeting,ordered_memoized_rank_lattice,7,0.5
eval_video_engagement_retargeting_0,video_engagement_retargeting,ordered_memoized_rank_lattice,8,0.5
eval_video_engagement_retargeting_0,video_engagement_retargeting,ordered_memoized_rank_lattice,9,0.5
eval_video_engagement_retargeting_0,video_engagement_retargeting,ordered_memoized_rank_lattice,10,0.6000000000000001
eval_video_engagement_retargeting_0,video_engagement_retargeting,ordered_memoized_rank_lattice,11,0.6000000000000001
eval_video_engagement_retargeting_0,video_engagement_retargeting,ordered_memoized_rank_lattice,12,0.6000000000000001
eval_video_engagement_retargeting_0,video_engagement_retargeting,ordered_memoized_rank_lattice,13,0.6000000000000001
eval_video_engagement_retargeting_0,video_engagement_retargeting,cohort_3_week_rank_lattice,1,0.4
eval_video_engagement_retargeting_0,video_engagement_retargeting,cohort_3_week_rank_lattice,2,0.4
eval_video_engagement_retargeting_0,video_engagement_retargeting,cohort_3_week_rank_lattice,3,0.4
eval_video_engagement_retargeting_0,video_engagement_retargeting,cohort_3_week_rank_lattice,4,0.5
eval_video_engagement_retargeting_0,video_engagement_retargeting,cohort_3_week_rank_lattice,5,0.5
eval_video_engagement_retargeting_0,video_engagement_retargeting,cohort_3_week_rank_lattice,6,0.5
eval_video_engagement_retargeting_0,video_engagement_retargeting,cohort_3_week_rank_lattice,7,0.5
eval_video_engagement_retargeting_0,video_engagement_retargeting,cohort_3_week_rank_lattice,8,0.5
eval_video_engagement_retargeting_0,video_engagement_retargeting,cohort_3_week_rank_lattice,9,0.5
eval_video_engagement_retargeting_0,video_engagement_retargeting,cohort_3_week_rank_lattice,10,0.6000000000000001
eval_video_engagement_retargeting_0,video_engagement_retargeting,cohort_3_week_rank_lattice,11,0.6000000000000001
eval_video_engagement_retargeting_0,video_engagement_retargeting,cohort_3_week_rank_lattice,12,0.6000000000000001
eval_video_engagement_retargeting_0,video_engagement_retargeting,cohort_3_week_rank_lattice,13,0.6000000000000001
eval_video_engagement_retargeting_0,video_engagement_retargeting,oracle_online_venn_recent,1,0.0
eval_video_engagement_retargeting_0,video_engagement_retargeting,oracle_online_venn_recent,2,0.0
eval_video_engagement_retargeting_0,video_engagement_retargeting,oracle_online_venn_recent,3,0.0
eval_video_engagement_retargeting_0,video_engagement_retargeting,oracle_online_venn_recent,4,0.0
eval_video_engagement_retargeting_0,video_engagement_retargeting,oracle_online_venn_recent,5,0.0
eval_video_engagement_retargeting_0,video_engagement_retargeting,oracle_online_venn_recent,6,0.0
eval_video_engagement_retargeting_0,video_engagement_retargeting,oracle_online_venn_recent,7,0.0
eval_video_engagement_retargeting_0,video_engagement_retargeting,oracle_online_venn_recent,8,0.0
eval_video_engagement_retargeting_0,video_engagement_retargeting,oracle_online_venn_recent,9,0.0
eval_video_engagement_retargeting_0,video_engagement_retargeting,oracle_online_venn_recent,10,0.0
eval_video_engagement_retargeting_0,video_engagement_retargeting,oracle_online_venn_recent,11,0.0
eval_video_engagement_retargeting_0,video_engagement_retargeting,oracle_online_venn_recent,12,0.0
eval_video_engagement_retargeting_0,video_engagement_retargeting,oracle_online_venn_recent,13,0.0
eval_video_engagement_retargeting_0,video_engagement_retargeting,oracle_online_venn_oldest,1,0.0
eval_video_engagement_retargeting_0,video_engagement_retargeting,oracle_online_venn_oldest,2,0.0
eval_video_engagement_retargeting_0,video_engagement_retargeting,oracle_online_venn_oldest,3,0.0
eval_video_engagement_retargeting_0,video_engagement_retargeting,oracle_online_venn_oldest,4,0.0
eval_video_engagement_retargeting_0,video_engagement_retargeting,oracle_online_venn_oldest,5,0.0
eval_video_engagement_retargeting_0,video_engagement_retargeting,oracle_online_venn_oldest,6,0.0
eval_video_engagement_retargeting_0,video_engagement_retargeting,oracle_online_venn_oldest,7,0.0
eval_video_engagement_retargeting_0,video_engagement_retargeting,oracle_online_venn_oldest,8,0.0
eval_video_engagement_retargeting_0,video_engagement_retargeting,oracle_online_venn_oldest,9,0.0
eval_video_engagement_retargeting_0,video_engagement_retargeting,oracle_online_venn_oldest,10,0.0
eval_video_engagement_retargeting_0,video_engagement_retargeting,oracle_online_venn_oldest,11,0.0
eval_video_engagement_retargeting_0,video_engagement_retargeting,oracle_online_venn_oldest,12,0.0
eval_video_engagement_retargeting_0,video_engagement_retargeting,oracle_online_venn_oldest,13,0.0
eval_video_engagement_retargeting_0,video_engagement_retargeting,oracle_online_union_recent,1,0.0
eval_video_engagement_retargeting_0,video_engagement_retargeting,oracle_online_union_recent,2,0.0
eval_video_engagement_retargeting_0,video_engagement_retargeting,oracle_online_union_recent,3,0.0
eval_video_engagement_retargeting_0,video_engagement_retargeting,oracle_online_union_recent,4,0.0
eval_video_engagement_retargeting_0,video_engagement_retargeting,oracle_online_union_recent,5,0.0
eval_video_engagement_retargeting_0,video_engagement_retargeting,oracle_online_union_recent,6,0.0
eval_video_engagement_retargeting_0,video_engagement_retargeting,oracle_online_union_recent,7,0.0
eval_video_engagement_retargeting_0,video_engagement_retargeting,oracle_online_union_recent,8,0.0
eval_video_engagement_retargeting_0,video_engagement_retargeting,oracle_online_union_recent,9,0.0
eval_video_engagement_retargeting_0,video_engagement_retargeting,oracle_online_union_recent,10,0.0
eval_video_engagement_retargeting_0,video_engagement_retargeting,oracle_online_union_recent,11,0.0
eval_video_engagement_retargeting_0,video_engagement_retargeting,oracle_online_union_recent,12,0.0
eval_video_engagement_retargeting_0,video_engagement_retargeting,oracle_online_union_recent,13,0.0
eval_video_engagement_retargeting_0,video_engagement_retargeting,oracle_online_union_oldest,1,0.0
eval_video_engagement_retargeting_0,video_engagement_retargeting,oracle_online_union_oldest,2,0.0
eval_video_engagement_retargeting_0,video_engagement_retargeting,oracle_online_union_oldest,3,0.0
eval_video_engagement_retargeting_0,video_engagement_retargeting,oracle_online_union_oldest,4,0.0
eval_video_engagement_retargeting_0,video_engagement_retargeting,oracle_online_union_oldest,5,0.0
eval_video_engagement_retargeting_0,video_engagement_retargeting,oracle_online_union_oldest,6,0.0
eval_video_engagement_retargeting_0,video_engagement_retargeting,oracle_online_union_oldest,7,0.0
eval_video_engagement_retargeting_0,video_engagement_retargeting,oracle_online_union_oldest,8,0.0
eval_video_engagement_retargeting_0,video_engagement_retargeting,oracle_online_union_oldest,9,0.0
eval_video_engagement_retargeting_0,video_engagement_retargeting,oracle_online_union_oldest,10,0.0
eval_video_engagement_retargeting_0,video_engagement_retargeting,oracle_online_union_oldest,11,0.0
eval_video_engagement_retargeting_0,video_engagement_retargeting,oracle_online_union_oldest,12,0.0
eval_video_engagement_retargeting_0,video_engagement_retargeting,oracle_online_union_oldest,13,0.0
eval_video_engagement_retargeting_0,video_engagement_retargeting,forbidden_person_identity_oracle,1,0.0
eval_video_engagement_retargeting_0,video_engagement_retargeting,forbidden_person_identity_oracle,2,0.0
eval_video_engagement_retargeting_0,video_engagement_retargeting,forbidden_person_identity_oracle,3,0.0
eval_video_engagement_retargeting_0,video_engagement_retargeting,forbidden_person_identity_oracle,4,0.0
eval_video_engagement_retargeting_0,video_engagement_retargeting,forbidden_person_identity_oracle,5,0.0
eval_video_engagement_retargeting_0,video_engagement_retargeting,forbidden_person_identity_oracle,6,0.0
eval_video_engagement_retargeting_0,video_engagement_retargeting,forbidden_person_identity_oracle,7,0.0
eval_video_engagement_retargeting_0,video_engagement_retargeting,forbidden_person_identity_oracle,8,0.0
eval_video_engagement_retargeting_0,video_engagement_retargeting,forbidden_person_identity_oracle,9,0.0
eval_video_engagement_retargeting_0,video_engagement_retargeting,forbidden_person_identity_oracle,10,0.0
eval_video_engagement_retargeting_0,video_engagement_retargeting,forbidden_person_identity_oracle,11,0.0
eval_video_engagement_retargeting_0,video_engagement_retargeting,forbidden_person_identity_oracle,12,0.0
eval_video_engagement_retargeting_0,video_engagement_retargeting,forbidden_person_identity_oracle,13,0.0
eval_video_engagement_retargeting_0,video_engagement_retargeting,three_day_buffer_then_freeze,1,0.49731617257964955
eval_video_engagement_retargeting_0,video_engagement_retargeting,three_day_buffer_then_freeze,2,0.49731617257964955
eval_video_engagement_retargeting_0,video_engagement_retargeting,three_day_buffer_then_freeze,3,0.49731617257964955
eval_video_engagement_retargeting_0,video_engagement_retargeting,three_day_buffer_then_freeze,4,0.49731617257964955
eval_video_engagement_retargeting_0,video_engagement_retargeting,three_day_buffer_then_freeze,5,0.49731617257964955
eval_video_engagement_retargeting_0,video_engagement_retargeting,three_day_buffer_then_freeze,6,0.49731617257964955
eval_video_engagement_retargeting_0,video_engagement_retargeting,three_day_buffer_then_freeze,7,0.49731617257964955
eval_video_engagement_retargeting_0,video_engagement_retargeting,three_day_buffer_then_freeze,8,0.49731617257964955
eval_video_engagement_retargeting_0,video_engagement_retargeting,three_day_buffer_then_freeze,9,0.49731617257964955
eval_video_engagement_retargeting_0,video_engagement_retargeting,three_day_buffer_then_freeze,10,0.49731617257964955
eval_video_engagement_retargeting_0,video_engagement_retargeting,three_day_buffer_then_freeze,11,0.49731617257964955
eval_video_engagement_retargeting_0,video_engagement_retargeting,three_day_buffer_then_freeze,12,0.49731617257964955
eval_video_engagement_retargeting_0,video_engagement_retargeting,three_day_buffer_then_freeze,13,0.49731617257964955
eval_video_engagement_retargeting_0,video_engagement_retargeting,full_flight_buffer_then_freeze,1,0.6360628018508461
eval_video_engagement_retargeting_0,video_engagement_retargeting,full_flight_buffer_then_freeze,2,0.6360628018508461
eval_video_engagement_retargeting_0,video_engagement_retargeting,full_flight_buffer_then_freeze,3,0.6360628018508461
eval_video_engagement_retargeting_0,video_engagement_retargeting,full_flight_buffer_then_freeze,4,0.6360628018508461
eval_video_engagement_retargeting_0,video_engagement_retargeting,full_flight_buffer_then_freeze,5,0.6360628018508461
eval_video_engagement_retargeting_0,video_engagement_retargeting,full_flight_buffer_then_freeze,6,0.6360628018508461
eval_video_engagement_retargeting_0,video_engagement_retargeting,full_flight_buffer_then_freeze,7,0.6360628018508461
eval_video_engagement_retargeting_0,video_engagement_retargeting,full_flight_buffer_then_freeze,8,0.6360628018508461
eval_video_engagement_retargeting_0,video_engagement_retargeting,full_flight_buffer_then_freeze,9,0.6360628018508461
eval_video_engagement_retargeting_0,video_engagement_retargeting,full_flight_buffer_then_freeze,10,0.6360628018508461
eval_video_engagement_retargeting_0,video_engagement_retargeting,full_flight_buffer_then_freeze,11,0.6360628018508461
eval_video_engagement_retargeting_0,video_engagement_retargeting,full_flight_buffer_then_freeze,12,0.6360628018508461
eval_video_engagement_retargeting_0,video_engagement_retargeting,full_flight_buffer_then_freeze,13,0.6360628018508461
eval_video_engagement_retargeting_0,video_engagement_retargeting,oracle_same_day_dial,1,0.296875
eval_video_engagement_retargeting_0,video_engagement_retargeting,oracle_same_day_dial,2,0.5343749999999999
eval_video_engagement_retargeting_0,video_engagement_retargeting,oracle_same_day_dial,3,0.59375
eval_video_engagement_retargeting_0,video_engagement_retargeting,oracle_same_day_dial,4,0.41562499999999997
eval_video_engagement_retargeting_0,video_engagement_retargeting,oracle_same_day_dial,5,0.296875
eval_video_engagement_retargeting_0,video_engagement_retargeting,oracle_same_day_dial,6,0.41562499999999997
eval_video_engagement_retargeting_0,video_engagement_retargeting,oracle_same_day_dial,7,0.475
eval_video_engagement_retargeting_0,video_engagement_retargeting,oracle_same_day_dial,8,0.5343749999999999
eval_video_engagement_retargeting_0,video_engagement_retargeting,oracle_same_day_dial,9,0.475
eval_video_engagement_retargeting_0,video_engagement_retargeting,oracle_same_day_dial,10,0.475
eval_video_engagement_retargeting_0,video_engagement_retargeting,oracle_same_day_dial,11,0.41562499999999997
eval_video_engagement_retargeting_0,video_engagement_retargeting,oracle_same_day_dial,12,0.475
eval_video_engagement_retargeting_0,video_engagement_retargeting,oracle_same_day_dial,13,0.5343749999999999
eval_video_engagement_retargeting_1,video_engagement_retargeting,fixed_model_line_pool,1,0.0
eval_video_engagement_retargeting_1,video_engagement_retargeting,fixed_model_line_pool,2,0.0
eval_video_engagement_retargeting_1,video_engagement_retargeting,fixed_model_line_pool,3,0.0
eval_video_engagement_retargeting_1,video_engagement_retargeting,fixed_model_line_pool,4,0.0
eval_video_engagement_retargeting_1,video_engagement_retargeting,fixed_model_line_pool,5,0.0
eval_video_engagement_retargeting_1,video_engagement_retargeting,fixed_model_line_pool,6,0.0
eval_video_engagement_retargeting_1,video_engagement_retargeting,fixed_model_line_pool,7,0.0
eval_video_engagement_retargeting_1,video_engagement_retargeting,fixed_model_line_pool,8,0.0
eval_video_engagement_retargeting_1,video_engagement_retargeting,fixed_model_line_pool,9,0.0
eval_video_engagement_retargeting_1,video_engagement_retargeting,fixed_model_line_pool,10,0.0
eval_video_engagement_retargeting_1,video_engagement_retargeting,fixed_model_line_pool,11,0.0
eval_video_engagement_retargeting_1,video_engagement_retargeting,fixed_model_line_pool,12,0.0
eval_video_engagement_retargeting_1,video_engagement_retargeting,fixed_model_line_pool,13,0.0
eval_video_engagement_retargeting_1,video_engagement_retargeting,context_and_scale_only_pool,1,0.41492733524637965
eval_video_engagement_retargeting_1,video_engagement_retargeting,context_and_scale_only_pool,2,0.4627079736773594
eval_video_engagement_retargeting_1,video_engagement_retargeting,context_and_scale_only_pool,3,0.48948078046767646
eval_video_engagement_retargeting_1,video_engagement_retargeting,context_and_scale_only_pool,4,0.5139673106561178
eval_video_engagement_retargeting_1,video_engagement_retargeting,context_and_scale_only_pool,5,0.5322407430318371
eval_video_engagement_retargeting_1,video_engagement_retargeting,context_and_scale_only_pool,6,0.5438137049675722
eval_video_engagement_retargeting_1,video_engagement_retargeting,context_and_scale_only_pool,7,0.5515535890111803
eval_video_engagement_retargeting_1,video_engagement_retargeting,context_and_scale_only_pool,8,0.5555230018017472
eval_video_engagement_retargeting_1,video_engagement_retargeting,context_and_scale_only_pool,9,0.5654975209352855
eval_video_engagement_retargeting_1,video_engagement_retargeting,context_and_scale_only_pool,10,0.5795587363976451
eval_video_engagement_retargeting_1,video_engagement_retargeting,context_and_scale_only_pool,11,0.597666031738593
eval_video_engagement_retargeting_1,video_engagement_retargeting,context_and_scale_only_pool,12,0.6112283691660023
eval_video_engagement_retargeting_1,video_engagement_retargeting,context_and_scale_only_pool,13,0.6151403754291171
eval_video_engagement_retargeting_1,video_engagement_retargeting,provider_blended_ordered_pool,1,0.42018544327156926
eval_video_engagement_retargeting_1,video_engagement_retargeting,provider_blended_ordered_pool,2,0.4802255689826067
eval_video_engagement_retargeting_1,video_engagement_retargeting,provider_blended_ordered_pool,3,0.4716815172514168
eval_video_engagement_retargeting_1,video_engagement_retargeting,provider_blended_ordered_pool,4,0.509422722356689
eval_video_engagement_retargeting_1,video_engagement_retargeting,provider_blended_ordered_pool,5,0.5395162637979468
eval_video_engagement_retargeting_1,video_engagement_retargeting,provider_blended_ordered_pool,6,0.553192574670369
eval_video_engagement_retargeting_1,video_engagement_retargeting,provider_blended_ordered_pool,7,0.5626996586661067
eval_video_engagement_retargeting_1,video_engagement_retargeting,provider_blended_ordered_pool,8,0.5689895754727394
eval_video_engagement_retargeting_1,video_engagement_retargeting,provider_blended_ordered_pool,9,0.5782948343150762
eval_video_engagement_retargeting_1,video_engagement_retargeting,provider_blended_ordered_pool,10,0.59151482911824
eval_video_engagement_retargeting_1,video_engagement_retargeting,provider_blended_ordered_pool,11,0.6079561589375253
eval_video_engagement_retargeting_1,video_engagement_retargeting,provider_blended_ordered_pool,12,0.6207945016992622
eval_video_engagement_retargeting_1,video_engagement_retargeting,provider_blended_ordered_pool,13,0.626195339225589
eval_video_engagement_retargeting_1,video_engagement_retargeting,ordered_collision_resolved_overlap_pool,1,0.47369903248633727
eval_video_engagement_retargeting_1,video_engagement_retargeting,ordered_collision_resolved_overlap_pool,2,0.4937868835620383
eval_video_engagement_retargeting_1,video_engagement_retargeting,ordered_collision_resolved_overlap_pool,3,0.6002228511789404
eval_video_engagement_retargeting_1,video_engagement_retargeting,ordered_collision_resolved_overlap_pool,4,0.6057297331297589
eval_video_engagement_retargeting_1,video_engagement_retargeting,ordered_collision_resolved_overlap_pool,5,0.6005015827834315
eval_video_engagement_retargeting_1,video_engagement_retargeting,ordered_collision_resolved_overlap_pool,6,0.608172987810952
eval_video_engagement_retargeting_1,video_engagement_retargeting,ordered_collision_resolved_overlap_pool,7,0.6374226333331534
eval_video_engagement_retargeting_1,video_engagement_retargeting,ordered_collision_resolved_overlap_pool,8,0.659917865435234
eval_video_engagement_retargeting_1,video_engagement_retargeting,ordered_collision_resolved_overlap_pool,9,0.6930168860901191
eval_video_engagement_retargeting_1,video_engagement_retargeting,ordered_collision_resolved_overlap_pool,10,0.7136661048298742
eval_video_engagement_retargeting_1,video_engagement_retargeting,ordered_collision_resolved_overlap_pool,11,0.7465824494270692
eval_video_engagement_retargeting_1,video_engagement_retargeting,ordered_collision_resolved_overlap_pool,12,0.7817477516215118
eval_video_engagement_retargeting_1,video_engagement_retargeting,ordered_collision_resolved_overlap_pool,13,0.8116684890194015
eval_video_engagement_retargeting_1,video_engagement_retargeting,fixed_marginal_overlap_atlas,1,0.10515251500578782
eval_video_engagement_retargeting_1,video_engagement_retargeting,fixed_marginal_overlap_atlas,2,0.23066456417553313
eval_video_engagement_retargeting_1,video_engagement_retargeting,fixed_marginal_overlap_atlas,3,0.2552699847796884
eval_video_engagement_retargeting_1,video_engagement_retargeting,fixed_marginal_overlap_atlas,4,0.34108098963370437
eval_video_engagement_retargeting_1,video_engagement_retargeting,fixed_marginal_overlap_atlas,5,0.3933688083010469
eval_video_engagement_retargeting_1,video_engagement_retargeting,fixed_marginal_overlap_atlas,6,0.4169637271921025
eval_video_engagement_retargeting_1,video_engagement_retargeting,fixed_marginal_overlap_atlas,7,0.43303137338244724
eval_video_engagement_retargeting_1,video_engagement_retargeting,fixed_marginal_overlap_atlas,8,0.4494346503672204
eval_video_engagement_retargeting_1,video_engagement_retargeting,fixed_marginal_overlap_atlas,9,0.46569364521154677
eval_video_engagement_retargeting_1,video_engagement_retargeting,fixed_marginal_overlap_atlas,10,0.48359816264280475
eval_video_engagement_retargeting_1,video_engagement_retargeting,fixed_marginal_overlap_atlas,11,0.49789778958671765
eval_video_engagement_retargeting_1,video_engagement_retargeting,fixed_marginal_overlap_atlas,12,0.5090185890557055
eval_video_engagement_retargeting_1,video_engagement_retargeting,fixed_marginal_overlap_atlas,13,0.52863530875177
eval_video_engagement_retargeting_1,video_engagement_retargeting,pair_targeted_fixed_marginal_atlas,1,0.10515251500578782
eval_video_engagement_retargeting_1,video_engagement_retargeting,pair_targeted_fixed_marginal_atlas,2,0.23066456417553313
eval_video_engagement_retargeting_1,video_engagement_retargeting,pair_targeted_fixed_marginal_atlas,3,0.2552699847796884
eval_video_engagement_retargeting_1,video_engagement_retargeting,pair_targeted_fixed_marginal_atlas,4,0.34108098963370437
eval_video_engagement_retargeting_1,video_engagement_retargeting,pair_targeted_fixed_marginal_atlas,5,0.3933688083010469
eval_video_engagement_retargeting_1,video_engagement_retargeting,pair_targeted_fixed_marginal_atlas,6,0.4169637271921025
eval_video_engagement_retargeting_1,video_engagement_retargeting,pair_targeted_fixed_marginal_atlas,7,0.43303137338244724
eval_video_engagement_retargeting_1,video_engagement_retargeting,pair_targeted_fixed_marginal_atlas,8,0.4494346503672204
eval_video_engagement_retargeting_1,video_engagement_retargeting,pair_targeted_fixed_marginal_atlas,9,0.46569364521154677
eval_video_engagement_retargeting_1,video_engagement_retargeting,pair_targeted_fixed_marginal_atlas,10,0.48359816264280475
eval_video_engagement_retargeting_1,video_engagement_retargeting,pair_targeted_fixed_marginal_atlas,11,0.49789778958671765
eval_video_engagement_retargeting_1,video_engagement_retargeting,pair_targeted_fixed_marginal_atlas,12,0.5090185890557055
eval_video_engagement_retargeting_1,video_engagement_retargeting,pair_targeted_fixed_marginal_atlas,13,0.52863530875177
eval_video_engagement_retargeting_1,video_engagement_retargeting,same_day_adaptive_pool,1,0.4244875316558153
eval_video_engagement_retargeting_1,video_engagement_retargeting,same_day_adaptive_pool,2,0.45502317928427594
eval_video_engagement_retargeting_1,video_engagement_retargeting,same_day_adaptive_pool,3,0.4387969509878603
eval_video_engagement_retargeting_1,video_engagement_retargeting,same_day_adaptive_pool,4,0.47314941685809114
eval_video_engagement_retargeting_1,video_engagement_retargeting,same_day_adaptive_pool,5,0.45047625832075516
eval_video_engagement_retargeting_1,video_engagement_retargeting,same_day_adaptive_pool,6,0.4660674684030971
eval_video_engagement_retargeting_1,video_engagement_retargeting,same_day_adaptive_pool,7,0.4404891597156693
eval_video_engagement_retargeting_1,video_engagement_retargeting,same_day_adaptive_pool,8,0.4779554774708916
eval_video_engagement_retargeting_1,video_engagement_retargeting,same_day_adaptive_pool,9,0.49594431015414564
eval_video_engagement_retargeting_1,video_engagement_retargeting,same_day_adaptive_pool,10,0.5000167141859952
eval_video_engagement_retargeting_1,video_engagement_retargeting,same_day_adaptive_pool,11,0.5030327465978355
eval_video_engagement_retargeting_1,video_engagement_retargeting,same_day_adaptive_pool,12,0.5204113700468664
eval_video_engagement_retargeting_1,video_engagement_retargeting,same_day_adaptive_pool,13,0.5222220126281409
eval_video_engagement_retargeting_1,video_engagement_retargeting,cumulative_adaptive_pool,1,0.4244875316558153
eval_video_engagement_retargeting_1,video_engagement_retargeting,cumulative_adaptive_pool,2,0.49455814695962713
eval_video_engagement_retargeting_1,video_engagement_retargeting,cumulative_adaptive_pool,3,0.45711848371084074
eval_video_engagement_retargeting_1,video_engagement_retargeting,cumulative_adaptive_pool,4,0.5057044228389743
eval_video_engagement_retargeting_1,video_engagement_retargeting,cumulative_adaptive_pool,5,0.5454689626065821
eval_video_engagement_retargeting_1,video_engagement_retargeting,cumulative_adaptive_pool,6,0.5608661953362937
eval_video_engagement_retargeting_1,video_engagement_retargeting,cumulative_adaptive_pool,7,0.5718191702019555
eval_video_engagement_retargeting_1,video_engagement_retargeting,cumulative_adaptive_pool,8,0.5800076812035513
eval_video_engagement_retargeting_1,video_engagement_retargeting,cumulative_adaptive_pool,9,0.588765363443996
eval_video_engagement_retargeting_1,video_engagement_retargeting,cumulative_adaptive_pool,10,0.6012970867987267
eval_video_engagement_retargeting_1,video_engagement_retargeting,cumulative_adaptive_pool,11,0.6163753539184699
eval_video_engagement_retargeting_1,video_engagement_retargeting,cumulative_adaptive_pool,12,0.628621337408293
eval_video_engagement_retargeting_1,video_engagement_retargeting,cumulative_adaptive_pool,13,0.6352403096045205
eval_video_engagement_retargeting_1,video_engagement_retargeting,quantized_hysteresis_pool,1,0.4
eval_video_engagement_retargeting_1,video_engagement_retargeting,quantized_hysteresis_pool,2,0.4
eval_video_engagement_retargeting_1,video_engagement_retargeting,quantized_hysteresis_pool,3,0.4
eval_video_engagement_retargeting_1,video_engagement_retargeting,quantized_hysteresis_pool,4,0.4
eval_video_engagement_retargeting_1,video_engagement_retargeting,quantized_hysteresis_pool,5,0.5
eval_video_engagement_retargeting_1,video_engagement_retargeting,quantized_hysteresis_pool,6,0.5
eval_video_engagement_retargeting_1,video_engagement_retargeting,quantized_hysteresis_pool,7,0.5
eval_video_engagement_retargeting_1,video_engagement_retargeting,quantized_hysteresis_pool,8,0.5
eval_video_engagement_retargeting_1,video_engagement_retargeting,quantized_hysteresis_pool,9,0.5
eval_video_engagement_retargeting_1,video_engagement_retargeting,quantized_hysteresis_pool,10,0.6000000000000001
eval_video_engagement_retargeting_1,video_engagement_retargeting,quantized_hysteresis_pool,11,0.6000000000000001
eval_video_engagement_retargeting_1,video_engagement_retargeting,quantized_hysteresis_pool,12,0.6000000000000001
eval_video_engagement_retargeting_1,video_engagement_retargeting,quantized_hysteresis_pool,13,0.6000000000000001
eval_video_engagement_retargeting_1,video_engagement_retargeting,sticky_first_seen_pool,1,0.4244875316558153
eval_video_engagement_retargeting_1,video_engagement_retargeting,sticky_first_seen_pool,2,0.49455814695962713
eval_video_engagement_retargeting_1,video_engagement_retargeting,sticky_first_seen_pool,3,0.45711848371084074
eval_video_engagement_retargeting_1,video_engagement_retargeting,sticky_first_seen_pool,4,0.5057044228389743
eval_video_engagement_retargeting_1,video_engagement_retargeting,sticky_first_seen_pool,5,0.5454689626065821
eval_video_engagement_retargeting_1,video_engagement_retargeting,sticky_first_seen_pool,6,0.5608661953362937
eval_video_engagement_retargeting_1,video_engagement_retargeting,sticky_first_seen_pool,7,0.5718191702019555
eval_video_engagement_retargeting_1,video_engagement_retargeting,sticky_first_seen_pool,8,0.5800076812035513
eval_video_engagement_retargeting_1,video_engagement_retargeting,sticky_first_seen_pool,9,0.588765363443996
eval_video_engagement_retargeting_1,video_engagement_retargeting,sticky_first_seen_pool,10,0.6012970867987267
eval_video_engagement_retargeting_1,video_engagement_retargeting,sticky_first_seen_pool,11,0.6163753539184699
eval_video_engagement_retargeting_1,video_engagement_retargeting,sticky_first_seen_pool,12,0.628621337408293
eval_video_engagement_retargeting_1,video_engagement_retargeting,sticky_first_seen_pool,13,0.6352403096045205
eval_video_engagement_retargeting_1,video_engagement_retargeting,ordered_memoized_rank_lattice,1,0.4
eval_video_engagement_retargeting_1,video_engagement_retargeting,ordered_memoized_rank_lattice,2,0.4
eval_video_engagement_retargeting_1,video_engagement_retargeting,ordered_memoized_rank_lattice,3,0.4
eval_video_engagement_retargeting_1,video_engagement_retargeting,ordered_memoized_rank_lattice,4,0.4
eval_video_engagement_retargeting_1,video_engagement_retargeting,ordered_memoized_rank_lattice,5,0.5
eval_video_engagement_retargeting_1,video_engagement_retargeting,ordered_memoized_rank_lattice,6,0.5
eval_video_engagement_retargeting_1,video_engagement_retargeting,ordered_memoized_rank_lattice,7,0.5
eval_video_engagement_retargeting_1,video_engagement_retargeting,ordered_memoized_rank_lattice,8,0.5
eval_video_engagement_retargeting_1,video_engagement_retargeting,ordered_memoized_rank_lattice,9,0.5
eval_video_engagement_retargeting_1,video_engagement_retargeting,ordered_memoized_rank_lattice,10,0.6000000000000001
eval_video_engagement_retargeting_1,video_engagement_retargeting,ordered_memoized_rank_lattice,11,0.6000000000000001
eval_video_engagement_retargeting_1,video_engagement_retargeting,ordered_memoized_rank_lattice,12,0.6000000000000001
eval_video_engagement_retargeting_1,video_engagement_retargeting,ordered_memoized_rank_lattice,13,0.6000000000000001
eval_video_engagement_retargeting_1,video_engagement_retargeting,cohort_3_week_rank_lattice,1,0.4
eval_video_engagement_retargeting_1,video_engagement_retargeting,cohort_3_week_rank_lattice,2,0.4
eval_video_engagement_retargeting_1,video_engagement_retargeting,cohort_3_week_rank_lattice,3,0.4
eval_video_engagement_retargeting_1,video_engagement_retargeting,cohort_3_week_rank_lattice,4,0.4
eval_video_engagement_retargeting_1,video_engagement_retargeting,cohort_3_week_rank_lattice,5,0.5
eval_video_engagement_retargeting_1,video_engagement_retargeting,cohort_3_week_rank_lattice,6,0.5
eval_video_engagement_retargeting_1,video_engagement_retargeting,cohort_3_week_rank_lattice,7,0.5
eval_video_engagement_retargeting_1,video_engagement_retargeting,cohort_3_week_rank_lattice,8,0.5
eval_video_engagement_retargeting_1,video_engagement_retargeting,cohort_3_week_rank_lattice,9,0.5
eval_video_engagement_retargeting_1,video_engagement_retargeting,cohort_3_week_rank_lattice,10,0.6000000000000001
eval_video_engagement_retargeting_1,video_engagement_retargeting,cohort_3_week_rank_lattice,11,0.6000000000000001
eval_video_engagement_retargeting_1,video_engagement_retargeting,cohort_3_week_rank_lattice,12,0.6000000000000001
eval_video_engagement_retargeting_1,video_engagement_retargeting,cohort_3_week_rank_lattice,13,0.6000000000000001
eval_video_engagement_retargeting_1,video_engagement_retargeting,oracle_online_venn_recent,1,0.0
eval_video_engagement_retargeting_1,video_engagement_retargeting,oracle_online_venn_recent,2,0.0
eval_video_engagement_retargeting_1,video_engagement_retargeting,oracle_online_venn_recent,3,0.0
eval_video_engagement_retargeting_1,video_engagement_retargeting,oracle_online_venn_recent,4,0.0
eval_video_engagement_retargeting_1,video_engagement_retargeting,oracle_online_venn_recent,5,0.0
eval_video_engagement_retargeting_1,video_engagement_retargeting,oracle_online_venn_recent,6,0.0
eval_video_engagement_retargeting_1,video_engagement_retargeting,oracle_online_venn_recent,7,0.0
eval_video_engagement_retargeting_1,video_engagement_retargeting,oracle_online_venn_recent,8,0.0
eval_video_engagement_retargeting_1,video_engagement_retargeting,oracle_online_venn_recent,9,0.0
eval_video_engagement_retargeting_1,video_engagement_retargeting,oracle_online_venn_recent,10,0.0
eval_video_engagement_retargeting_1,video_engagement_retargeting,oracle_online_venn_recent,11,0.0
eval_video_engagement_retargeting_1,video_engagement_retargeting,oracle_online_venn_recent,12,0.0
eval_video_engagement_retargeting_1,video_engagement_retargeting,oracle_online_venn_recent,13,0.0
eval_video_engagement_retargeting_1,video_engagement_retargeting,oracle_online_venn_oldest,1,0.0
eval_video_engagement_retargeting_1,video_engagement_retargeting,oracle_online_venn_oldest,2,0.0
eval_video_engagement_retargeting_1,video_engagement_retargeting,oracle_online_venn_oldest,3,0.0
eval_video_engagement_retargeting_1,video_engagement_retargeting,oracle_online_venn_oldest,4,0.0
eval_video_engagement_retargeting_1,video_engagement_retargeting,oracle_online_venn_oldest,5,0.0
eval_video_engagement_retargeting_1,video_engagement_retargeting,oracle_online_venn_oldest,6,0.0
eval_video_engagement_retargeting_1,video_engagement_retargeting,oracle_online_venn_oldest,7,0.0
eval_video_engagement_retargeting_1,video_engagement_retargeting,oracle_online_venn_oldest,8,0.0
eval_video_engagement_retargeting_1,video_engagement_retargeting,oracle_online_venn_oldest,9,0.0
eval_video_engagement_retargeting_1,video_engagement_retargeting,oracle_online_venn_oldest,10,0.0
eval_video_engagement_retargeting_1,video_engagement_retargeting,oracle_online_venn_oldest,11,0.0
eval_video_engagement_retargeting_1,video_engagement_retargeting,oracle_online_venn_oldest,12,0.0
eval_video_engagement_retargeting_1,video_engagement_retargeting,oracle_online_venn_oldest,13,0.0
eval_video_engagement_retargeting_1,video_engagement_retargeting,oracle_online_union_recent,1,0.0
eval_video_engagement_retargeting_1,video_engagement_retargeting,oracle_online_union_recent,2,0.0
eval_video_engagement_retargeting_1,video_engagement_retargeting,oracle_online_union_recent,3,0.0
eval_video_engagement_retargeting_1,video_engagement_retargeting,oracle_online_union_recent,4,0.0
eval_video_engagement_retargeting_1,video_engagement_retargeting,oracle_online_union_recent,5,0.0
eval_video_engagement_retargeting_1,video_engagement_retargeting,oracle_online_union_recent,6,0.0
eval_video_engagement_retargeting_1,video_engagement_retargeting,oracle_online_union_recent,7,0.0
eval_video_engagement_retargeting_1,video_engagement_retargeting,oracle_online_union_recent,8,0.0
eval_video_engagement_retargeting_1,video_engagement_retargeting,oracle_online_union_recent,9,0.0
eval_video_engagement_retargeting_1,video_engagement_retargeting,oracle_online_union_recent,10,0.0
eval_video_engagement_retargeting_1,video_engagement_retargeting,oracle_online_union_recent,11,0.0
eval_video_engagement_retargeting_1,video_engagement_retargeting,oracle_online_union_recent,12,0.0
eval_video_engagement_retargeting_1,video_engagement_retargeting,oracle_online_union_recent,13,0.0
eval_video_engagement_retargeting_1,video_engagement_retargeting,oracle_online_union_oldest,1,0.0
eval_video_engagement_retargeting_1,video_engagement_retargeting,oracle_online_union_oldest,2,0.0
eval_video_engagement_retargeting_1,video_engagement_retargeting,oracle_online_union_oldest,3,0.0
eval_video_engagement_retargeting_1,video_engagement_retargeting,oracle_online_union_oldest,4,0.0
eval_video_engagement_retargeting_1,video_engagement_retargeting,oracle_online_union_oldest,5,0.0
eval_video_engagement_retargeting_1,video_engagement_retargeting,oracle_online_union_oldest,6,0.0
eval_video_engagement_retargeting_1,video_engagement_retargeting,oracle_online_union_oldest,7,0.0
eval_video_engagement_retargeting_1,video_engagement_retargeting,oracle_online_union_oldest,8,0.0
eval_video_engagement_retargeting_1,video_engagement_retargeting,oracle_online_union_oldest,9,0.0
eval_video_engagement_retargeting_1,video_engagement_retargeting,oracle_online_union_oldest,10,0.0
eval_video_engagement_retargeting_1,video_engagement_retargeting,oracle_online_union_oldest,11,0.0
eval_video_engagement_retargeting_1,video_engagement_retargeting,oracle_online_union_oldest,12,0.0
eval_video_engagement_retargeting_1,video_engagement_retargeting,oracle_online_union_oldest,13,0.0
eval_video_engagement_retargeting_1,video_engagement_retargeting,forbidden_person_identity_oracle,1,0.0
eval_video_engagement_retargeting_1,video_engagement_retargeting,forbidden_person_identity_oracle,2,0.0
eval_video_engagement_retargeting_1,video_engagement_retargeting,forbidden_person_identity_oracle,3,0.0
eval_video_engagement_retargeting_1,video_engagement_retargeting,forbidden_person_identity_oracle,4,0.0
eval_video_engagement_retargeting_1,video_engagement_retargeting,forbidden_person_identity_oracle,5,0.0
eval_video_engagement_retargeting_1,video_engagement_retargeting,forbidden_person_identity_oracle,6,0.0
eval_video_engagement_retargeting_1,video_engagement_retargeting,forbidden_person_identity_oracle,7,0.0
eval_video_engagement_retargeting_1,video_engagement_retargeting,forbidden_person_identity_oracle,8,0.0
eval_video_engagement_retargeting_1,video_engagement_retargeting,forbidden_person_identity_oracle,9,0.0
eval_video_engagement_retargeting_1,video_engagement_retargeting,forbidden_person_identity_oracle,10,0.0
eval_video_engagement_retargeting_1,video_engagement_retargeting,forbidden_person_identity_oracle,11,0.0
eval_video_engagement_retargeting_1,video_engagement_retargeting,forbidden_person_identity_oracle,12,0.0
eval_video_engagement_retargeting_1,video_engagement_retargeting,forbidden_person_identity_oracle,13,0.0
eval_video_engagement_retargeting_1,video_engagement_retargeting,three_day_buffer_then_freeze,1,0.45711848371084074
eval_video_engagement_retargeting_1,video_engagement_retargeting,three_day_buffer_then_freeze,2,0.45711848371084074
eval_video_engagement_retargeting_1,video_engagement_retargeting,three_day_buffer_then_freeze,3,0.45711848371084074
eval_video_engagement_retargeting_1,video_engagement_retargeting,three_day_buffer_then_freeze,4,0.45711848371084074
eval_video_engagement_retargeting_1,video_engagement_retargeting,three_day_buffer_then_freeze,5,0.45711848371084074
eval_video_engagement_retargeting_1,video_engagement_retargeting,three_day_buffer_then_freeze,6,0.45711848371084074
eval_video_engagement_retargeting_1,video_engagement_retargeting,three_day_buffer_then_freeze,7,0.45711848371084074
eval_video_engagement_retargeting_1,video_engagement_retargeting,three_day_buffer_then_freeze,8,0.45711848371084074
eval_video_engagement_retargeting_1,video_engagement_retargeting,three_day_buffer_then_freeze,9,0.45711848371084074
eval_video_engagement_retargeting_1,video_engagement_retargeting,three_day_buffer_then_freeze,10,0.45711848371084074
eval_video_engagement_retargeting_1,video_engagement_retargeting,three_day_buffer_then_freeze,11,0.45711848371084074
eval_video_engagement_retargeting_1,video_engagement_retargeting,three_day_buffer_then_freeze,12,0.45711848371084074
eval_video_engagement_retargeting_1,video_engagement_retargeting,three_day_buffer_then_freeze,13,0.45711848371084074
eval_video_engagement_retargeting_1,video_engagement_retargeting,full_flight_buffer_then_freeze,1,0.6352403096045205
eval_video_engagement_retargeting_1,video_engagement_retargeting,full_flight_buffer_then_freeze,2,0.6352403096045205
eval_video_engagement_retargeting_1,video_engagement_retargeting,full_flight_buffer_then_freeze,3,0.6352403096045205
eval_video_engagement_retargeting_1,video_engagement_retargeting,full_flight_buffer_then_freeze,4,0.6352403096045205
eval_video_engagement_retargeting_1,video_engagement_retargeting,full_flight_buffer_then_freeze,5,0.6352403096045205
eval_video_engagement_retargeting_1,video_engagement_retargeting,full_flight_buffer_then_freeze,6,0.6352403096045205
eval_video_engagement_retargeting_1,video_engagement_retargeting,full_flight_buffer_then_freeze,7,0.6352403096045205
eval_video_engagement_retargeting_1,video_engagement_retargeting,full_flight_buffer_then_freeze,8,0.6352403096045205
eval_video_engagement_retargeting_1,video_engagement_retargeting,full_flight_buffer_then_freeze,9,0.6352403096045205
eval_video_engagement_retargeting_1,video_engagement_retargeting,full_flight_buffer_then_freeze,10,0.6352403096045205
eval_video_engagement_retargeting_1,video_engagement_retargeting,full_flight_buffer_then_freeze,11,0.6352403096045205
eval_video_engagement_retargeting_1,video_engagement_retargeting,full_flight_buffer_then_freeze,12,0.6352403096045205
eval_video_engagement_retargeting_1,video_engagement_retargeting,full_flight_buffer_then_freeze,13,0.6352403096045205
eval_video_engagement_retargeting_1,video_engagement_retargeting,oracle_same_day_dial,1,0.41562499999999997
eval_video_engagement_retargeting_1,video_engagement_retargeting,oracle_same_day_dial,2,0.41562499999999997
eval_video_engagement_retargeting_1,video_engagement_retargeting,oracle_same_day_dial,3,0.41562499999999997
eval_video_engagement_retargeting_1,video_engagement_retargeting,oracle_same_day_dial,4,0.5343749999999999
eval_video_engagement_retargeting_1,video_engagement_retargeting,oracle_same_day_dial,5,0.475
eval_video_engagement_retargeting_1,video_engagement_retargeting,oracle_same_day_dial,6,0.41562499999999997
eval_video_engagement_retargeting_1,video_engagement_retargeting,oracle_same_day_dial,7,0.5343749999999999
eval_video_engagement_retargeting_1,video_engagement_retargeting,oracle_same_day_dial,8,0.475
eval_video_engagement_retargeting_1,video_engagement_retargeting,oracle_same_day_dial,9,0.41562499999999997
eval_video_engagement_retargeting_1,video_engagement_retargeting,oracle_same_day_dial,10,0.5343749999999999
eval_video_engagement_retargeting_1,video_engagement_retargeting,oracle_same_day_dial,11,0.41562499999999997
eval_video_engagement_retargeting_1,video_engagement_retargeting,oracle_same_day_dial,12,0.475
eval_video_engagement_retargeting_1,video_engagement_retargeting,oracle_same_day_dial,13,0.475
eval_lead_generation_0,lead_generation,fixed_model_line_pool,1,0.0
eval_lead_generation_0,lead_generation,fixed_model_line_pool,2,0.0
eval_lead_generation_0,lead_generation,fixed_model_line_pool,3,0.0
eval_lead_generation_0,lead_generation,fixed_model_line_pool,4,0.0
eval_lead_generation_0,lead_generation,fixed_model_line_pool,5,0.0
eval_lead_generation_0,lead_generation,fixed_model_line_pool,6,0.0
eval_lead_generation_0,lead_generation,fixed_model_line_pool,7,0.0
eval_lead_generation_0,lead_generation,fixed_model_line_pool,8,0.0
eval_lead_generation_0,lead_generation,fixed_model_line_pool,9,0.0
eval_lead_generation_0,lead_generation,fixed_model_line_pool,10,0.0
eval_lead_generation_0,lead_generation,fixed_model_line_pool,11,0.0
eval_lead_generation_0,lead_generation,fixed_model_line_pool,12,0.0
eval_lead_generation_0,lead_generation,fixed_model_line_pool,13,0.0
eval_lead_generation_0,lead_generation,context_and_scale_only_pool,1,0.4530332006455958
eval_lead_generation_0,lead_generation,context_and_scale_only_pool,2,0.499373997909518
eval_lead_generation_0,lead_generation,context_and_scale_only_pool,3,0.5256409352939223
eval_lead_generation_0,lead_generation,context_and_scale_only_pool,4,0.5495251177531928
eval_lead_generation_0,lead_generation,context_and_scale_only_pool,5,0.5759023702799808
eval_lead_generation_0,lead_generation,context_and_scale_only_pool,6,0.5879133907145135
eval_lead_generation_0,lead_generation,context_and_scale_only_pool,7,0.5968687301599294
eval_lead_generation_0,lead_generation,context_and_scale_only_pool,8,0.6061411140546998
eval_lead_generation_0,lead_generation,context_and_scale_only_pool,9,0.6183370186003196
eval_lead_generation_0,lead_generation,context_and_scale_only_pool,10,0.6307095825793669
eval_lead_generation_0,lead_generation,context_and_scale_only_pool,11,0.6404753491901034
eval_lead_generation_0,lead_generation,context_and_scale_only_pool,12,0.6483879764948308
eval_lead_generation_0,lead_generation,context_and_scale_only_pool,13,0.6555739136240752
eval_lead_generation_0,lead_generation,provider_blended_ordered_pool,1,0.4694451213438561
eval_lead_generation_0,lead_generation,provider_blended_ordered_pool,2,0.5212931330942796
eval_lead_generation_0,lead_generation,provider_blended_ordered_pool,3,0.5454425986666155
eval_lead_generation_0,lead_generation,provider_blended_ordered_pool,4,0.5684751912577314
eval_lead_generation_0,lead_generation,provider_blended_ordered_pool,5,0.5875003574323481
eval_lead_generation_0,lead_generation,provider_blended_ordered_pool,6,0.6032182025511991
eval_lead_generation_0,lead_generation,provider_blended_ordered_pool,7,0.601384228348409
eval_lead_generation_0,lead_generation,provider_blended_ordered_pool,8,0.6142823215645122
eval_lead_generation_0,lead_generation,provider_blended_ordered_pool,9,0.6159302678993874
eval_lead_generation_0,lead_generation,provider_blended_ordered_pool,10,0.6322123761025789
eval_lead_generation_0,lead_generation,provider_blended_ordered_pool,11,0.6407378540697608
eval_lead_generation_0,lead_generation,provider_blended_ordered_pool,12,0.6467276073572363
eval_lead_generation_0,lead_generation,provider_blended_ordered_pool,13,0.6521102084754089
eval_lead_generation_0,lead_generation,ordered_collision_resolved_overlap_pool,1,0.22831665611635243
eval_lead_generation_0,lead_generation,ordered_collision_resolved_overlap_pool,2,0.6002406116993271
eval_lead_generation_0,lead_generation,ordered_collision_resolved_overlap_pool,3,0.6396634215451269
eval_lead_generation_0,lead_generation,ordered_collision_resolved_overlap_pool,4,0.689659444548543
eval_lead_generation_0,lead_generation,ordered_collision_resolved_overlap_pool,5,0.6891994713854684
eval_lead_generation_0,lead_generation,ordered_collision_resolved_overlap_pool,6,0.6985441079089516
eval_lead_generation_0,lead_generation,ordered_collision_resolved_overlap_pool,7,0.7284985848200916
eval_lead_generation_0,lead_generation,ordered_collision_resolved_overlap_pool,8,0.7432534030950878
eval_lead_generation_0,lead_generation,ordered_collision_resolved_overlap_pool,9,0.7641092187615895
eval_lead_generation_0,lead_generation,ordered_collision_resolved_overlap_pool,10,0.7548392186822173
eval_lead_generation_0,lead_generation,ordered_collision_resolved_overlap_pool,11,0.7715227125986046
eval_lead_generation_0,lead_generation,ordered_collision_resolved_overlap_pool,12,0.772606128727286
eval_lead_generation_0,lead_generation,ordered_collision_resolved_overlap_pool,13,0.7840865004190933
eval_lead_generation_0,lead_generation,fixed_marginal_overlap_atlas,1,0.09019176367838372
eval_lead_generation_0,lead_generation,fixed_marginal_overlap_atlas,2,0.18155010326757592
eval_lead_generation_0,lead_generation,fixed_marginal_overlap_atlas,3,0.2590316169341826
eval_lead_generation_0,lead_generation,fixed_marginal_overlap_atlas,4,0.31960987078993897
eval_lead_generation_0,lead_generation,fixed_marginal_overlap_atlas,5,0.3689496952791483
eval_lead_generation_0,lead_generation,fixed_marginal_overlap_atlas,6,0.4519329813063666
eval_lead_generation_0,lead_generation,fixed_marginal_overlap_atlas,7,0.4884492891580687
eval_lead_generation_0,lead_generation,fixed_marginal_overlap_atlas,8,0.521775802102087
eval_lead_generation_0,lead_generation,fixed_marginal_overlap_atlas,9,0.5088679074201469
eval_lead_generation_0,lead_generation,fixed_marginal_overlap_atlas,10,0.5183321520835983
eval_lead_generation_0,lead_generation,fixed_marginal_overlap_atlas,11,0.5207470115375008
eval_lead_generation_0,lead_generation,fixed_marginal_overlap_atlas,12,0.5224771094429551
eval_lead_generation_0,lead_generation,fixed_marginal_overlap_atlas,13,0.5221273714459429
eval_lead_generation_0,lead_generation,pair_targeted_fixed_marginal_atlas,1,0.09019176367838372
eval_lead_generation_0,lead_generation,pair_targeted_fixed_marginal_atlas,2,0.18155010326757592
eval_lead_generation_0,lead_generation,pair_targeted_fixed_marginal_atlas,3,0.2590316169341826
eval_lead_generation_0,lead_generation,pair_targeted_fixed_marginal_atlas,4,0.31960987078993897
eval_lead_generation_0,lead_generation,pair_targeted_fixed_marginal_atlas,5,0.3689496952791483
eval_lead_generation_0,lead_generation,pair_targeted_fixed_marginal_atlas,6,0.4519329813063666
eval_lead_generation_0,lead_generation,pair_targeted_fixed_marginal_atlas,7,0.4884492891580687
eval_lead_generation_0,lead_generation,pair_targeted_fixed_marginal_atlas,8,0.521775802102087
eval_lead_generation_0,lead_generation,pair_targeted_fixed_marginal_atlas,9,0.5088679074201469
eval_lead_generation_0,lead_generation,pair_targeted_fixed_marginal_atlas,10,0.5183321520835983
eval_lead_generation_0,lead_generation,pair_targeted_fixed_marginal_atlas,11,0.5207470115375008
eval_lead_generation_0,lead_generation,pair_targeted_fixed_marginal_atlas,12,0.5224771094429551
eval_lead_generation_0,lead_generation,pair_targeted_fixed_marginal_atlas,13,0.5221273714459429
eval_lead_generation_0,lead_generation,same_day_adaptive_pool,1,0.48287305646061446
eval_lead_generation_0,lead_generation,same_day_adaptive_pool,2,0.4614744344538203
eval_lead_generation_0,lead_generation,same_day_adaptive_pool,3,0.43576158422761424
eval_lead_generation_0,lead_generation,same_day_adaptive_pool,4,0.47928396666450745
eval_lead_generation_0,lead_generation,same_day_adaptive_pool,5,0.5010473960008004
eval_lead_generation_0,lead_generation,same_day_adaptive_pool,6,0.5112337232078435
eval_lead_generation_0,lead_generation,same_day_adaptive_pool,7,0.5573327654773371
eval_lead_generation_0,lead_generation,same_day_adaptive_pool,8,0.5474824610007902
eval_lead_generation_0,lead_generation,same_day_adaptive_pool,9,0.5302639849445004
eval_lead_generation_0,lead_generation,same_day_adaptive_pool,10,0.49987518737285563
eval_lead_generation_0,lead_generation,same_day_adaptive_pool,11,0.5213074340621595
eval_lead_generation_0,lead_generation,same_day_adaptive_pool,12,0.4948758160318483
eval_lead_generation_0,lead_generation,same_day_adaptive_pool,13,0.5240048454269051
eval_lead_generation_0,lead_generation,cumulative_adaptive_pool,1,0.48287305646061446
eval_lead_generation_0,lead_generation,cumulative_adaptive_pool,2,0.5392269709727208
eval_lead_generation_0,lead_generation,cumulative_adaptive_pool,3,0.5616439596079098
eval_lead_generation_0,lead_generation,cumulative_adaptive_pool,4,0.5839797968523539
eval_lead_generation_0,lead_generation,cumulative_adaptive_pool,5,0.5969896196479213
eval_lead_generation_0,lead_generation,cumulative_adaptive_pool,6,0.6157403213266689
eval_lead_generation_0,lead_generation,cumulative_adaptive_pool,7,0.6050787268662561
eval_lead_generation_0,lead_generation,cumulative_adaptive_pool,8,0.620943309527086
eval_lead_generation_0,lead_generation,cumulative_adaptive_pool,9,0.6139611082349882
eval_lead_generation_0,lead_generation,cumulative_adaptive_pool,10,0.633441934439752
eval_lead_generation_0,lead_generation,cumulative_adaptive_pool,11,0.6409526307894803
eval_lead_generation_0,lead_generation,cumulative_adaptive_pool,12,0.6453691235173863
eval_lead_generation_0,lead_generation,cumulative_adaptive_pool,13,0.6492762678992272
eval_lead_generation_0,lead_generation,quantized_hysteresis_pool,1,0.5
eval_lead_generation_0,lead_generation,quantized_hysteresis_pool,2,0.5
eval_lead_generation_0,lead_generation,quantized_hysteresis_pool,3,0.5
eval_lead_generation_0,lead_generation,quantized_hysteresis_pool,4,0.5
eval_lead_generation_0,lead_generation,quantized_hysteresis_pool,5,0.5
eval_lead_generation_0,lead_generation,quantized_hysteresis_pool,6,0.6000000000000001
eval_lead_generation_0,lead_generation,quantized_hysteresis_pool,7,0.6000000000000001
eval_lead_generation_0,lead_generation,quantized_hysteresis_pool,8,0.6000000000000001
eval_lead_generation_0,lead_generation,quantized_hysteresis_pool,9,0.6000000000000001
eval_lead_generation_0,lead_generation,quantized_hysteresis_pool,10,0.6000000000000001
eval_lead_generation_0,lead_generation,quantized_hysteresis_pool,11,0.6000000000000001
eval_lead_generation_0,lead_generation,quantized_hysteresis_pool,12,0.6000000000000001
eval_lead_generation_0,lead_generation,quantized_hysteresis_pool,13,0.6000000000000001
eval_lead_generation_0,lead_generation,sticky_first_seen_pool,1,0.48287305646061446
eval_lead_generation_0,lead_generation,sticky_first_seen_pool,2,0.5392269709727208
eval_lead_generation_0,lead_generation,sticky_first_seen_pool,3,0.5616439596079098
eval_lead_generation_0,lead_generation,sticky_first_seen_pool,4,0.5839797968523539
eval_lead_generation_0,lead_generation,sticky_first_seen_pool,5,0.5969896196479213
eval_lead_generation_0,lead_generation,sticky_first_seen_pool,6,0.6157403213266689
eval_lead_generation_0,lead_generation,sticky_first_seen_pool,7,0.6050787268662561
eval_lead_generation_0,lead_generation,sticky_first_seen_pool,8,0.620943309527086
eval_lead_generation_0,lead_generation,sticky_first_seen_pool,9,0.6139611082349882
eval_lead_generation_0,lead_generation,sticky_first_seen_pool,10,0.633441934439752
eval_lead_generation_0,lead_generation,sticky_first_seen_pool,11,0.6409526307894803
eval_lead_generation_0,lead_generation,sticky_first_seen_pool,12,0.6453691235173863
eval_lead_generation_0,lead_generation,sticky_first_seen_pool,13,0.6492762678992272
eval_lead_generation_0,lead_generation,ordered_memoized_rank_lattice,1,0.5
eval_lead_generation_0,lead_generation,ordered_memoized_rank_lattice,2,0.5
eval_lead_generation_0,lead_generation,ordered_memoized_rank_lattice,3,0.5
eval_lead_generation_0,lead_generation,ordered_memoized_rank_lattice,4,0.5
eval_lead_generation_0,lead_generation,ordered_memoized_rank_lattice,5,0.5
eval_lead_generation_0,lead_generation,ordered_memoized_rank_lattice,6,0.6000000000000001
eval_lead_generation_0,lead_generation,ordered_memoized_rank_lattice,7,0.6000000000000001
eval_lead_generation_0,lead_generation,ordered_memoized_rank_lattice,8,0.6000000000000001
eval_lead_generation_0,lead_generation,ordered_memoized_rank_lattice,9,0.6000000000000001
eval_lead_generation_0,lead_generation,ordered_memoized_rank_lattice,10,0.6000000000000001
eval_lead_generation_0,lead_generation,ordered_memoized_rank_lattice,11,0.6000000000000001
eval_lead_generation_0,lead_generation,ordered_memoized_rank_lattice,12,0.6000000000000001
eval_lead_generation_0,lead_generation,ordered_memoized_rank_lattice,13,0.6000000000000001
eval_lead_generation_0,lead_generation,cohort_3_week_rank_lattice,1,0.5
eval_lead_generation_0,lead_generation,cohort_3_week_rank_lattice,2,0.5
eval_lead_generation_0,lead_generation,cohort_3_week_rank_lattice,3,0.5
eval_lead_generation_0,lead_generation,cohort_3_week_rank_lattice,4,0.5
eval_lead_generation_0,lead_generation,cohort_3_week_rank_lattice,5,0.5
eval_lead_generation_0,lead_generation,cohort_3_week_rank_lattice,6,0.6000000000000001
eval_lead_generation_0,lead_generation,cohort_3_week_rank_lattice,7,0.6000000000000001
eval_lead_generation_0,lead_generation,cohort_3_week_rank_lattice,8,0.6000000000000001
eval_lead_generation_0,lead_generation,cohort_3_week_rank_lattice,9,0.6000000000000001
eval_lead_generation_0,lead_generation,cohort_3_week_rank_lattice,10,0.6000000000000001
eval_lead_generation_0,lead_generation,cohort_3_week_rank_lattice,11,0.6000000000000001
eval_lead_generation_0,lead_generation,cohort_3_week_rank_lattice,12,0.6000000000000001
eval_lead_generation_0,lead_generation,cohort_3_week_rank_lattice,13,0.6000000000000001
eval_lead_generation_0,lead_generation,oracle_online_venn_recent,1,0.0
eval_lead_generation_0,lead_generation,oracle_online_venn_recent,2,0.0
eval_lead_generation_0,lead_generation,oracle_online_venn_recent,3,0.0
eval_lead_generation_0,lead_generation,oracle_online_venn_recent,4,0.0
eval_lead_generation_0,lead_generation,oracle_online_venn_recent,5,0.0
eval_lead_generation_0,lead_generation,oracle_online_venn_recent,6,0.0
eval_lead_generation_0,lead_generation,oracle_online_venn_recent,7,0.0
eval_lead_generation_0,lead_generation,oracle_online_venn_recent,8,0.0
eval_lead_generation_0,lead_generation,oracle_online_venn_recent,9,0.0
eval_lead_generation_0,lead_generation,oracle_online_venn_recent,10,0.0
eval_lead_generation_0,lead_generation,oracle_online_venn_recent,11,0.0
eval_lead_generation_0,lead_generation,oracle_online_venn_recent,12,0.0
eval_lead_generation_0,lead_generation,oracle_online_venn_recent,13,0.0
eval_lead_generation_0,lead_generation,oracle_online_venn_oldest,1,0.0
eval_lead_generation_0,lead_generation,oracle_online_venn_oldest,2,0.0
eval_lead_generation_0,lead_generation,oracle_online_venn_oldest,3,0.0
eval_lead_generation_0,lead_generation,oracle_online_venn_oldest,4,0.0
eval_lead_generation_0,lead_generation,oracle_online_venn_oldest,5,0.0
eval_lead_generation_0,lead_generation,oracle_online_venn_oldest,6,0.0
eval_lead_generation_0,lead_generation,oracle_online_venn_oldest,7,0.0
eval_lead_generation_0,lead_generation,oracle_online_venn_oldest,8,0.0
eval_lead_generation_0,lead_generation,oracle_online_venn_oldest,9,0.0
eval_lead_generation_0,lead_generation,oracle_online_venn_oldest,10,0.0
eval_lead_generation_0,lead_generation,oracle_online_venn_oldest,11,0.0
eval_lead_generation_0,lead_generation,oracle_online_venn_oldest,12,0.0
eval_lead_generation_0,lead_generation,oracle_online_venn_oldest,13,0.0
eval_lead_generation_0,lead_generation,oracle_online_union_recent,1,0.0
eval_lead_generation_0,lead_generation,oracle_online_union_recent,2,0.0
eval_lead_generation_0,lead_generation,oracle_online_union_recent,3,0.0
eval_lead_generation_0,lead_generation,oracle_online_union_recent,4,0.0
eval_lead_generation_0,lead_generation,oracle_online_union_recent,5,0.0
eval_lead_generation_0,lead_generation,oracle_online_union_recent,6,0.0
eval_lead_generation_0,lead_generation,oracle_online_union_recent,7,0.0
eval_lead_generation_0,lead_generation,oracle_online_union_recent,8,0.0
eval_lead_generation_0,lead_generation,oracle_online_union_recent,9,0.0
eval_lead_generation_0,lead_generation,oracle_online_union_recent,10,0.0
eval_lead_generation_0,lead_generation,oracle_online_union_recent,11,0.0
eval_lead_generation_0,lead_generation,oracle_online_union_recent,12,0.0
eval_lead_generation_0,lead_generation,oracle_online_union_recent,13,0.0
eval_lead_generation_0,lead_generation,oracle_online_union_oldest,1,0.0
eval_lead_generation_0,lead_generation,oracle_online_union_oldest,2,0.0
eval_lead_generation_0,lead_generation,oracle_online_union_oldest,3,0.0
eval_lead_generation_0,lead_generation,oracle_online_union_oldest,4,0.0
eval_lead_generation_0,lead_generation,oracle_online_union_oldest,5,0.0
eval_lead_generation_0,lead_generation,oracle_online_union_oldest,6,0.0
eval_lead_generation_0,lead_generation,oracle_online_union_oldest,7,0.0
eval_lead_generation_0,lead_generation,oracle_online_union_oldest,8,0.0
eval_lead_generation_0,lead_generation,oracle_online_union_oldest,9,0.0
eval_lead_generation_0,lead_generation,oracle_online_union_oldest,10,0.0
eval_lead_generation_0,lead_generation,oracle_online_union_oldest,11,0.0
eval_lead_generation_0,lead_generation,oracle_online_union_oldest,12,0.0
eval_lead_generation_0,lead_generation,oracle_online_union_oldest,13,0.0
eval_lead_generation_0,lead_generation,forbidden_person_identity_oracle,1,0.0
eval_lead_generation_0,lead_generation,forbidden_person_identity_oracle,2,0.0
eval_lead_generation_0,lead_generation,forbidden_person_identity_oracle,3,0.0
eval_lead_generation_0,lead_generation,forbidden_person_identity_oracle,4,0.0
eval_lead_generation_0,lead_generation,forbidden_person_identity_oracle,5,0.0
eval_lead_generation_0,lead_generation,forbidden_person_identity_oracle,6,0.0
eval_lead_generation_0,lead_generation,forbidden_person_identity_oracle,7,0.0
eval_lead_generation_0,lead_generation,forbidden_person_identity_oracle,8,0.0
eval_lead_generation_0,lead_generation,forbidden_person_identity_oracle,9,0.0
eval_lead_generation_0,lead_generation,forbidden_person_identity_oracle,10,0.0
eval_lead_generation_0,lead_generation,forbidden_person_identity_oracle,11,0.0
eval_lead_generation_0,lead_generation,forbidden_person_identity_oracle,12,0.0
eval_lead_generation_0,lead_generation,forbidden_person_identity_oracle,13,0.0
eval_lead_generation_0,lead_generation,three_day_buffer_then_freeze,1,0.5616439596079098
eval_lead_generation_0,lead_generation,three_day_buffer_then_freeze,2,0.5616439596079098
eval_lead_generation_0,lead_generation,three_day_buffer_then_freeze,3,0.5616439596079098
eval_lead_generation_0,lead_generation,three_day_buffer_then_freeze,4,0.5616439596079098
eval_lead_generation_0,lead_generation,three_day_buffer_then_freeze,5,0.5616439596079098
eval_lead_generation_0,lead_generation,three_day_buffer_then_freeze,6,0.5616439596079098
eval_lead_generation_0,lead_generation,three_day_buffer_then_freeze,7,0.5616439596079098
eval_lead_generation_0,lead_generation,three_day_buffer_then_freeze,8,0.5616439596079098
eval_lead_generation_0,lead_generation,three_day_buffer_then_freeze,9,0.5616439596079098
eval_lead_generation_0,lead_generation,three_day_buffer_then_freeze,10,0.5616439596079098
eval_lead_generation_0,lead_generation,three_day_buffer_then_freeze,11,0.5616439596079098
eval_lead_generation_0,lead_generation,three_day_buffer_then_freeze,12,0.5616439596079098
eval_lead_generation_0,lead_generation,three_day_buffer_then_freeze,13,0.5616439596079098
eval_lead_generation_0,lead_generation,full_flight_buffer_then_freeze,1,0.6492762678992272
eval_lead_generation_0,lead_generation,full_flight_buffer_then_freeze,2,0.6492762678992272
eval_lead_generation_0,lead_generation,full_flight_buffer_then_freeze,3,0.6492762678992272
eval_lead_generation_0,lead_generation,full_flight_buffer_then_freeze,4,0.6492762678992272
eval_lead_generation_0,lead_generation,full_flight_buffer_then_freeze,5,0.6492762678992272
eval_lead_generation_0,lead_generation,full_flight_buffer_then_freeze,6,0.6492762678992272
eval_lead_generation_0,lead_generation,full_flight_buffer_then_freeze,7,0.6492762678992272
eval_lead_generation_0,lead_generation,full_flight_buffer_then_freeze,8,0.6492762678992272
eval_lead_generation_0,lead_generation,full_flight_buffer_then_freeze,9,0.6492762678992272
eval_lead_generation_0,lead_generation,full_flight_buffer_then_freeze,10,0.6492762678992272
eval_lead_generation_0,lead_generation,full_flight_buffer_then_freeze,11,0.6492762678992272
eval_lead_generation_0,lead_generation,full_flight_buffer_then_freeze,12,0.6492762678992272
eval_lead_generation_0,lead_generation,full_flight_buffer_then_freeze,13,0.6492762678992272
eval_lead_generation_0,lead_generation,oracle_same_day_dial,1,0.5343749999999999
eval_lead_generation_0,lead_generation,oracle_same_day_dial,2,0.653125
eval_lead_generation_0,lead_generation,oracle_same_day_dial,3,0.475
eval_lead_generation_0,lead_generation,oracle_same_day_dial,4,0.41562499999999997
eval_lead_generation_0,lead_generation,oracle_same_day_dial,5,0.653125
eval_lead_generation_0,lead_generation,oracle_same_day_dial,6,0.653125
eval_lead_generation_0,lead_generation,oracle_same_day_dial,7,0.59375
eval_lead_generation_0,lead_generation,oracle_same_day_dial,8,0.653125
eval_lead_generation_0,lead_generation,oracle_same_day_dial,9,0.41562499999999997
eval_lead_generation_0,lead_generation,oracle_same_day_dial,10,0.653125
eval_lead_generation_0,lead_generation,oracle_same_day_dial,11,0.59375
eval_lead_generation_0,lead_generation,oracle_same_day_dial,12,0.59375
eval_lead_generation_0,lead_generation,oracle_same_day_dial,13,0.5343749999999999
eval_lead_generation_1,lead_generation,fixed_model_line_pool,1,0.0
eval_lead_generation_1,lead_generation,fixed_model_line_pool,2,0.0
eval_lead_generation_1,lead_generation,fixed_model_line_pool,3,0.0
eval_lead_generation_1,lead_generation,fixed_model_line_pool,4,0.0
eval_lead_generation_1,lead_generation,fixed_model_line_pool,5,0.0
eval_lead_generation_1,lead_generation,fixed_model_line_pool,6,0.0
eval_lead_generation_1,lead_generation,fixed_model_line_pool,7,0.0
eval_lead_generation_1,lead_generation,fixed_model_line_pool,8,0.0
eval_lead_generation_1,lead_generation,fixed_model_line_pool,9,0.0
eval_lead_generation_1,lead_generation,fixed_model_line_pool,10,0.0
eval_lead_generation_1,lead_generation,fixed_model_line_pool,11,0.0
eval_lead_generation_1,lead_generation,fixed_model_line_pool,12,0.0
eval_lead_generation_1,lead_generation,fixed_model_line_pool,13,0.0
eval_lead_generation_1,lead_generation,context_and_scale_only_pool,1,0.4458255080866531
eval_lead_generation_1,lead_generation,context_and_scale_only_pool,2,0.4973185997283988
eval_lead_generation_1,lead_generation,context_and_scale_only_pool,3,0.5224630222951987
eval_lead_generation_1,lead_generation,context_and_scale_only_pool,4,0.5444812546781546
eval_lead_generation_1,lead_generation,context_and_scale_only_pool,5,0.5699307722947196
eval_lead_generation_1,lead_generation,context_and_scale_only_pool,6,0.5990857558436846
eval_lead_generation_1,lead_generation,context_and_scale_only_pool,7,0.6181321726026543
eval_lead_generation_1,lead_generation,context_and_scale_only_pool,8,0.6293757818402455
eval_lead_generation_1,lead_generation,context_and_scale_only_pool,9,0.6402826217465145
eval_lead_generation_1,lead_generation,context_and_scale_only_pool,10,0.6492052372593682
eval_lead_generation_1,lead_generation,context_and_scale_only_pool,11,0.6539750928442432
eval_lead_generation_1,lead_generation,context_and_scale_only_pool,12,0.6549655792705013
eval_lead_generation_1,lead_generation,context_and_scale_only_pool,13,0.6555739136240752
eval_lead_generation_1,lead_generation,provider_blended_ordered_pool,1,0.46453367881960894
eval_lead_generation_1,lead_generation,provider_blended_ordered_pool,2,0.5048031904217819
eval_lead_generation_1,lead_generation,provider_blended_ordered_pool,3,0.5498279794632337
eval_lead_generation_1,lead_generation,provider_blended_ordered_pool,4,0.5598193504428136
eval_lead_generation_1,lead_generation,provider_blended_ordered_pool,5,0.590539371984423
eval_lead_generation_1,lead_generation,provider_blended_ordered_pool,6,0.6106666768012291
eval_lead_generation_1,lead_generation,provider_blended_ordered_pool,7,0.6268783453833677
eval_lead_generation_1,lead_generation,provider_blended_ordered_pool,8,0.6348784344844265
eval_lead_generation_1,lead_generation,provider_blended_ordered_pool,9,0.6445334897820996
eval_lead_generation_1,lead_generation,provider_blended_ordered_pool,10,0.6511617557496375
eval_lead_generation_1,lead_generation,provider_blended_ordered_pool,11,0.6542026791175517
eval_lead_generation_1,lead_generation,provider_blended_ordered_pool,12,0.6562471668984012
eval_lead_generation_1,lead_generation,provider_blended_ordered_pool,13,0.6572065791572842
eval_lead_generation_1,lead_generation,ordered_collision_resolved_overlap_pool,1,0.31972031341723517
eval_lead_generation_1,lead_generation,ordered_collision_resolved_overlap_pool,2,0.6226866789556732
eval_lead_generation_1,lead_generation,ordered_collision_resolved_overlap_pool,3,0.686212896033916
eval_lead_generation_1,lead_generation,ordered_collision_resolved_overlap_pool,4,0.7134216151015466
eval_lead_generation_1,lead_generation,ordered_collision_resolved_overlap_pool,5,0.7306139365164135
eval_lead_generation_1,lead_generation,ordered_collision_resolved_overlap_pool,6,0.7548769383941116
eval_lead_generation_1,lead_generation,ordered_collision_resolved_overlap_pool,7,0.7654574874876323
eval_lead_generation_1,lead_generation,ordered_collision_resolved_overlap_pool,8,0.7679930704393676
eval_lead_generation_1,lead_generation,ordered_collision_resolved_overlap_pool,9,0.767366786512213
eval_lead_generation_1,lead_generation,ordered_collision_resolved_overlap_pool,10,0.7735414749082978
eval_lead_generation_1,lead_generation,ordered_collision_resolved_overlap_pool,11,0.7838928074191794
eval_lead_generation_1,lead_generation,ordered_collision_resolved_overlap_pool,12,0.7870866705587858
eval_lead_generation_1,lead_generation,ordered_collision_resolved_overlap_pool,13,0.7910339465917697
eval_lead_generation_1,lead_generation,fixed_marginal_overlap_atlas,1,0.0952282583763358
eval_lead_generation_1,lead_generation,fixed_marginal_overlap_atlas,2,0.17428846802471276
eval_lead_generation_1,lead_generation,fixed_marginal_overlap_atlas,3,0.33882292888990395
eval_lead_generation_1,lead_generation,fixed_marginal_overlap_atlas,4,0.46226606865611497
eval_lead_generation_1,lead_generation,fixed_marginal_overlap_atlas,5,0.4959158809315767
eval_lead_generation_1,lead_generation,fixed_marginal_overlap_atlas,6,0.5131944692914268
eval_lead_generation_1,lead_generation,fixed_marginal_overlap_atlas,7,0.5228838280725203
eval_lead_generation_1,lead_generation,fixed_marginal_overlap_atlas,8,0.5255807845211142
eval_lead_generation_1,lead_generation,fixed_marginal_overlap_atlas,9,0.5260610457305339
eval_lead_generation_1,lead_generation,fixed_marginal_overlap_atlas,10,0.5260765016380541
eval_lead_generation_1,lead_generation,fixed_marginal_overlap_atlas,11,0.5281209322254062
eval_lead_generation_1,lead_generation,fixed_marginal_overlap_atlas,12,0.5330223622813326
eval_lead_generation_1,lead_generation,fixed_marginal_overlap_atlas,13,0.5350247749531061
eval_lead_generation_1,lead_generation,pair_targeted_fixed_marginal_atlas,1,0.0952282583763358
eval_lead_generation_1,lead_generation,pair_targeted_fixed_marginal_atlas,2,0.17428846802471276
eval_lead_generation_1,lead_generation,pair_targeted_fixed_marginal_atlas,3,0.33882292888990395
eval_lead_generation_1,lead_generation,pair_targeted_fixed_marginal_atlas,4,0.46226606865611497
eval_lead_generation_1,lead_generation,pair_targeted_fixed_marginal_atlas,5,0.4959158809315767
eval_lead_generation_1,lead_generation,pair_targeted_fixed_marginal_atlas,6,0.5131944692914268
eval_lead_generation_1,lead_generation,pair_targeted_fixed_marginal_atlas,7,0.5228838280725203
eval_lead_generation_1,lead_generation,pair_targeted_fixed_marginal_atlas,8,0.5255807845211142
eval_lead_generation_1,lead_generation,pair_targeted_fixed_marginal_atlas,9,0.5260610457305339
eval_lead_generation_1,lead_generation,pair_targeted_fixed_marginal_atlas,10,0.5260765016380541
eval_lead_generation_1,lead_generation,pair_targeted_fixed_marginal_atlas,11,0.5281209322254062
eval_lead_generation_1,lead_generation,pair_targeted_fixed_marginal_atlas,12,0.5330223622813326
eval_lead_generation_1,lead_generation,pair_targeted_fixed_marginal_atlas,13,0.5350247749531061
eval_lead_generation_1,lead_generation,same_day_adaptive_pool,1,0.4798403639647546
eval_lead_generation_1,lead_generation,same_day_adaptive_pool,2,0.4761704869852999
eval_lead_generation_1,lead_generation,same_day_adaptive_pool,3,0.5274147005943759
eval_lead_generation_1,lead_generation,same_day_adaptive_pool,4,0.5258219371857166
eval_lead_generation_1,lead_generation,same_day_adaptive_pool,5,0.5470291782655292
eval_lead_generation_1,lead_generation,same_day_adaptive_pool,6,0.5575565218183559
eval_lead_generation_1,lead_generation,same_day_adaptive_pool,7,0.5298912881563616
eval_lead_generation_1,lead_generation,same_day_adaptive_pool,8,0.4693656811346042
eval_lead_generation_1,lead_generation,same_day_adaptive_pool,9,0.5283473672652185
eval_lead_generation_1,lead_generation,same_day_adaptive_pool,10,0.5090008877801391
eval_lead_generation_1,lead_generation,same_day_adaptive_pool,11,0.5351403363731542
eval_lead_generation_1,lead_generation,same_day_adaptive_pool,12,0.4887349994886214
eval_lead_generation_1,lead_generation,same_day_adaptive_pool,13,0.5107950513570183
eval_lead_generation_1,lead_generation,cumulative_adaptive_pool,1,0.4798403639647546
eval_lead_generation_1,lead_generation,cumulative_adaptive_pool,2,0.5109269464436407
eval_lead_generation_1,lead_generation,cumulative_adaptive_pool,3,0.572217489873444
eval_lead_generation_1,lead_generation,cumulative_adaptive_pool,4,0.5723687015229891
eval_lead_generation_1,lead_generation,cumulative_adaptive_pool,5,0.6074009535487257
eval_lead_generation_1,lead_generation,cumulative_adaptive_pool,6,0.6201419757664928
eval_lead_generation_1,lead_generation,cumulative_adaptive_pool,7,0.6340343049312243
eval_lead_generation_1,lead_generation,cumulative_adaptive_pool,8,0.6393806048296655
eval_lead_generation_1,lead_generation,cumulative_adaptive_pool,9,0.6480114727203055
eval_lead_generation_1,lead_generation,cumulative_adaptive_pool,10,0.6527625436053124
eval_lead_generation_1,lead_generation,cumulative_adaptive_pool,11,0.6543888860684406
eval_lead_generation_1,lead_generation,cumulative_adaptive_pool,12,0.6572957385939557
eval_lead_generation_1,lead_generation,cumulative_adaptive_pool,13,0.6585423964117277
eval_lead_generation_1,lead_generation,quantized_hysteresis_pool,1,0.5
eval_lead_generation_1,lead_generation,quantized_hysteresis_pool,2,0.5
eval_lead_generation_1,lead_generation,quantized_hysteresis_pool,3,0.5
eval_lead_generation_1,lead_generation,quantized_hysteresis_pool,4,0.5
eval_lead_generation_1,lead_generation,quantized_hysteresis_pool,5,0.5
eval_lead_generation_1,lead_generation,quantized_hysteresis_pool,6,0.6000000000000001
eval_lead_generation_1,lead_generation,quantized_hysteresis_pool,7,0.6000000000000001
eval_lead_generation_1,lead_generation,quantized_hysteresis_pool,8,0.6000000000000001
eval_lead_generation_1,lead_generation,quantized_hysteresis_pool,9,0.6000000000000001
eval_lead_generation_1,lead_generation,quantized_hysteresis_pool,10,0.6000000000000001
eval_lead_generation_1,lead_generation,quantized_hysteresis_pool,11,0.6000000000000001
eval_lead_generation_1,lead_generation,quantized_hysteresis_pool,12,0.6000000000000001
eval_lead_generation_1,lead_generation,quantized_hysteresis_pool,13,0.6000000000000001
eval_lead_generation_1,lead_generation,sticky_first_seen_pool,1,0.4798403639647546
eval_lead_generation_1,lead_generation,sticky_first_seen_pool,2,0.5109269464436407
eval_lead_generation_1,lead_generation,sticky_first_seen_pool,3,0.572217489873444
eval_lead_generation_1,lead_generation,sticky_first_seen_pool,4,0.5723687015229891
eval_lead_generation_1,lead_generation,sticky_first_seen_pool,5,0.6074009535487257
eval_lead_generation_1,lead_generation,sticky_first_seen_pool,6,0.6201419757664928
eval_lead_generation_1,lead_generation,sticky_first_seen_pool,7,0.6340343049312243
eval_lead_generation_1,lead_generation,sticky_first_seen_pool,8,0.6393806048296655
eval_lead_generation_1,lead_generation,sticky_first_seen_pool,9,0.6480114727203055
eval_lead_generation_1,lead_generation,sticky_first_seen_pool,10,0.6527625436053124
eval_lead_generation_1,lead_generation,sticky_first_seen_pool,11,0.6543888860684406
eval_lead_generation_1,lead_generation,sticky_first_seen_pool,12,0.6572957385939557
eval_lead_generation_1,lead_generation,sticky_first_seen_pool,13,0.6585423964117277
eval_lead_generation_1,lead_generation,ordered_memoized_rank_lattice,1,0.5
eval_lead_generation_1,lead_generation,ordered_memoized_rank_lattice,2,0.5
eval_lead_generation_1,lead_generation,ordered_memoized_rank_lattice,3,0.5
eval_lead_generation_1,lead_generation,ordered_memoized_rank_lattice,4,0.5
eval_lead_generation_1,lead_generation,ordered_memoized_rank_lattice,5,0.5
eval_lead_generation_1,lead_generation,ordered_memoized_rank_lattice,6,0.6000000000000001
eval_lead_generation_1,lead_generation,ordered_memoized_rank_lattice,7,0.6000000000000001
eval_lead_generation_1,lead_generation,ordered_memoized_rank_lattice,8,0.6000000000000001
eval_lead_generation_1,lead_generation,ordered_memoized_rank_lattice,9,0.6000000000000001
eval_lead_generation_1,lead_generation,ordered_memoized_rank_lattice,10,0.6000000000000001
eval_lead_generation_1,lead_generation,ordered_memoized_rank_lattice,11,0.6000000000000001
eval_lead_generation_1,lead_generation,ordered_memoized_rank_lattice,12,0.6000000000000001
eval_lead_generation_1,lead_generation,ordered_memoized_rank_lattice,13,0.6000000000000001
eval_lead_generation_1,lead_generation,cohort_3_week_rank_lattice,1,0.5
eval_lead_generation_1,lead_generation,cohort_3_week_rank_lattice,2,0.5
eval_lead_generation_1,lead_generation,cohort_3_week_rank_lattice,3,0.5
eval_lead_generation_1,lead_generation,cohort_3_week_rank_lattice,4,0.5
eval_lead_generation_1,lead_generation,cohort_3_week_rank_lattice,5,0.5
eval_lead_generation_1,lead_generation,cohort_3_week_rank_lattice,6,0.6000000000000001
eval_lead_generation_1,lead_generation,cohort_3_week_rank_lattice,7,0.6000000000000001
eval_lead_generation_1,lead_generation,cohort_3_week_rank_lattice,8,0.6000000000000001
eval_lead_generation_1,lead_generation,cohort_3_week_rank_lattice,9,0.6000000000000001
eval_lead_generation_1,lead_generation,cohort_3_week_rank_lattice,10,0.6000000000000001
eval_lead_generation_1,lead_generation,cohort_3_week_rank_lattice,11,0.6000000000000001
eval_lead_generation_1,lead_generation,cohort_3_week_rank_lattice,12,0.6000000000000001
eval_lead_generation_1,lead_generation,cohort_3_week_rank_lattice,13,0.6000000000000001
eval_lead_generation_1,lead_generation,oracle_online_venn_recent,1,0.0
eval_lead_generation_1,lead_generation,oracle_online_venn_recent,2,0.0
eval_lead_generation_1,lead_generation,oracle_online_venn_recent,3,0.0
eval_lead_generation_1,lead_generation,oracle_online_venn_recent,4,0.0
eval_lead_generation_1,lead_generation,oracle_online_venn_recent,5,0.0
eval_lead_generation_1,lead_generation,oracle_online_venn_recent,6,0.0
eval_lead_generation_1,lead_generation,oracle_online_venn_recent,7,0.0
eval_lead_generation_1,lead_generation,oracle_online_venn_recent,8,0.0
eval_lead_generation_1,lead_generation,oracle_online_venn_recent,9,0.0
eval_lead_generation_1,lead_generation,oracle_online_venn_recent,10,0.0
eval_lead_generation_1,lead_generation,oracle_online_venn_recent,11,0.0
eval_lead_generation_1,lead_generation,oracle_online_venn_recent,12,0.0
eval_lead_generation_1,lead_generation,oracle_online_venn_recent,13,0.0
eval_lead_generation_1,lead_generation,oracle_online_venn_oldest,1,0.0
eval_lead_generation_1,lead_generation,oracle_online_venn_oldest,2,0.0
eval_lead_generation_1,lead_generation,oracle_online_venn_oldest,3,0.0
eval_lead_generation_1,lead_generation,oracle_online_venn_oldest,4,0.0
eval_lead_generation_1,lead_generation,oracle_online_venn_oldest,5,0.0
eval_lead_generation_1,lead_generation,oracle_online_venn_oldest,6,0.0
eval_lead_generation_1,lead_generation,oracle_online_venn_oldest,7,0.0
eval_lead_generation_1,lead_generation,oracle_online_venn_oldest,8,0.0
eval_lead_generation_1,lead_generation,oracle_online_venn_oldest,9,0.0
eval_lead_generation_1,lead_generation,oracle_online_venn_oldest,10,0.0
eval_lead_generation_1,lead_generation,oracle_online_venn_oldest,11,0.0
eval_lead_generation_1,lead_generation,oracle_online_venn_oldest,12,0.0
eval_lead_generation_1,lead_generation,oracle_online_venn_oldest,13,0.0
eval_lead_generation_1,lead_generation,oracle_online_union_recent,1,0.0
eval_lead_generation_1,lead_generation,oracle_online_union_recent,2,0.0
eval_lead_generation_1,lead_generation,oracle_online_union_recent,3,0.0
eval_lead_generation_1,lead_generation,oracle_online_union_recent,4,0.0
eval_lead_generation_1,lead_generation,oracle_online_union_recent,5,0.0
eval_lead_generation_1,lead_generation,oracle_online_union_recent,6,0.0
eval_lead_generation_1,lead_generation,oracle_online_union_recent,7,0.0
eval_lead_generation_1,lead_generation,oracle_online_union_recent,8,0.0
eval_lead_generation_1,lead_generation,oracle_online_union_recent,9,0.0
eval_lead_generation_1,lead_generation,oracle_online_union_recent,10,0.0
eval_lead_generation_1,lead_generation,oracle_online_union_recent,11,0.0
eval_lead_generation_1,lead_generation,oracle_online_union_recent,12,0.0
eval_lead_generation_1,lead_generation,oracle_online_union_recent,13,0.0
eval_lead_generation_1,lead_generation,oracle_online_union_oldest,1,0.0
eval_lead_generation_1,lead_generation,oracle_online_union_oldest,2,0.0
eval_lead_generation_1,lead_generation,oracle_online_union_oldest,3,0.0
eval_lead_generation_1,lead_generation,oracle_online_union_oldest,4,0.0
eval_lead_generation_1,lead_generation,oracle_online_union_oldest,5,0.0
eval_lead_generation_1,lead_generation,oracle_online_union_oldest,6,0.0
eval_lead_generation_1,lead_generation,oracle_online_union_oldest,7,0.0
eval_lead_generation_1,lead_generation,oracle_online_union_oldest,8,0.0
eval_lead_generation_1,lead_generation,oracle_online_union_oldest,9,0.0
eval_lead_generation_1,lead_generation,oracle_online_union_oldest,10,0.0
eval_lead_generation_1,lead_generation,oracle_online_union_oldest,11,0.0
eval_lead_generation_1,lead_generation,oracle_online_union_oldest,12,0.0
eval_lead_generation_1,lead_generation,oracle_online_union_oldest,13,0.0
eval_lead_generation_1,lead_generation,forbidden_person_identity_oracle,1,0.0
eval_lead_generation_1,lead_generation,forbidden_person_identity_oracle,2,0.0
eval_lead_generation_1,lead_generation,forbidden_person_identity_oracle,3,0.0
eval_lead_generation_1,lead_generation,forbidden_person_identity_oracle,4,0.0
eval_lead_generation_1,lead_generation,forbidden_person_identity_oracle,5,0.0
eval_lead_generation_1,lead_generation,forbidden_person_identity_oracle,6,0.0
eval_lead_generation_1,lead_generation,forbidden_person_identity_oracle,7,0.0
eval_lead_generation_1,lead_generation,forbidden_person_identity_oracle,8,0.0
eval_lead_generation_1,lead_generation,forbidden_person_identity_oracle,9,0.0
eval_lead_generation_1,lead_generation,forbidden_person_identity_oracle,10,0.0
eval_lead_generation_1,lead_generation,forbidden_person_identity_oracle,11,0.0
eval_lead_generation_1,lead_generation,forbidden_person_identity_oracle,12,0.0
eval_lead_generation_1,lead_generation,forbidden_person_identity_oracle,13,0.0
eval_lead_generation_1,lead_generation,three_day_buffer_then_freeze,1,0.572217489873444
eval_lead_generation_1,lead_generation,three_day_buffer_then_freeze,2,0.572217489873444
eval_lead_generation_1,lead_generation,three_day_buffer_then_freeze,3,0.572217489873444
eval_lead_generation_1,lead_generation,three_day_buffer_then_freeze,4,0.572217489873444
eval_lead_generation_1,lead_generation,three_day_buffer_then_freeze,5,0.572217489873444
eval_lead_generation_1,lead_generation,three_day_buffer_then_freeze,6,0.572217489873444
eval_lead_generation_1,lead_generation,three_day_buffer_then_freeze,7,0.572217489873444
eval_lead_generation_1,lead_generation,three_day_buffer_then_freeze,8,0.572217489873444
eval_lead_generation_1,lead_generation,three_day_buffer_then_freeze,9,0.572217489873444
eval_lead_generation_1,lead_generation,three_day_buffer_then_freeze,10,0.572217489873444
eval_lead_generation_1,lead_generation,three_day_buffer_then_freeze,11,0.572217489873444
eval_lead_generation_1,lead_generation,three_day_buffer_then_freeze,12,0.572217489873444
eval_lead_generation_1,lead_generation,three_day_buffer_then_freeze,13,0.572217489873444
eval_lead_generation_1,lead_generation,full_flight_buffer_then_freeze,1,0.6585423964117277
eval_lead_generation_1,lead_generation,full_flight_buffer_then_freeze,2,0.6585423964117277
eval_lead_generation_1,lead_generation,full_flight_buffer_then_freeze,3,0.6585423964117277
eval_lead_generation_1,lead_generation,full_flight_buffer_then_freeze,4,0.6585423964117277
eval_lead_generation_1,lead_generation,full_flight_buffer_then_freeze,5,0.6585423964117277
eval_lead_generation_1,lead_generation,full_flight_buffer_then_freeze,6,0.6585423964117277
eval_lead_generation_1,lead_generation,full_flight_buffer_then_freeze,7,0.6585423964117277
eval_lead_generation_1,lead_generation,full_flight_buffer_then_freeze,8,0.6585423964117277
eval_lead_generation_1,lead_generation,full_flight_buffer_then_freeze,9,0.6585423964117277
eval_lead_generation_1,lead_generation,full_flight_buffer_then_freeze,10,0.6585423964117277
eval_lead_generation_1,lead_generation,full_flight_buffer_then_freeze,11,0.6585423964117277
eval_lead_generation_1,lead_generation,full_flight_buffer_then_freeze,12,0.6585423964117277
eval_lead_generation_1,lead_generation,full_flight_buffer_then_freeze,13,0.6585423964117277
eval_lead_generation_1,lead_generation,oracle_same_day_dial,1,0.35624999999999996
eval_lead_generation_1,lead_generation,oracle_same_day_dial,2,0.653125
eval_lead_generation_1,lead_generation,oracle_same_day_dial,3,0.653125
eval_lead_generation_1,lead_generation,oracle_same_day_dial,4,0.7124999999999999
eval_lead_generation_1,lead_generation,oracle_same_day_dial,5,0.59375
eval_lead_generation_1,lead_generation,oracle_same_day_dial,6,0.59375
eval_lead_generation_1,lead_generation,oracle_same_day_dial,7,0.5343749999999999
eval_lead_generation_1,lead_generation,oracle_same_day_dial,8,0.59375
eval_lead_generation_1,lead_generation,oracle_same_day_dial,9,0.59375
eval_lead_generation_1,lead_generation,oracle_same_day_dial,10,0.475
eval_lead_generation_1,lead_generation,oracle_same_day_dial,11,0.5343749999999999
eval_lead_generation_1,lead_generation,oracle_same_day_dial,12,0.59375
eval_lead_generation_1,lead_generation,oracle_same_day_dial,13,0.653125
eval_sales_prospecting_0,sales_prospecting,fixed_model_line_pool,1,0.0
eval_sales_prospecting_0,sales_prospecting,fixed_model_line_pool,2,0.0
eval_sales_prospecting_0,sales_prospecting,fixed_model_line_pool,3,0.0
eval_sales_prospecting_0,sales_prospecting,fixed_model_line_pool,4,0.0
eval_sales_prospecting_0,sales_prospecting,fixed_model_line_pool,5,0.0
eval_sales_prospecting_0,sales_prospecting,fixed_model_line_pool,6,0.0
eval_sales_prospecting_0,sales_prospecting,fixed_model_line_pool,7,0.0
eval_sales_prospecting_0,sales_prospecting,fixed_model_line_pool,8,0.0
eval_sales_prospecting_0,sales_prospecting,fixed_model_line_pool,9,0.0
eval_sales_prospecting_0,sales_prospecting,fixed_model_line_pool,10,0.0
eval_sales_prospecting_0,sales_prospecting,fixed_model_line_pool,11,0.0
eval_sales_prospecting_0,sales_prospecting,fixed_model_line_pool,12,0.0
eval_sales_prospecting_0,sales_prospecting,fixed_model_line_pool,13,0.0
eval_sales_prospecting_0,sales_prospecting,context_and_scale_only_pool,1,0.4030854577305483
eval_sales_prospecting_0,sales_prospecting,context_and_scale_only_pool,2,0.4318242131227735
eval_sales_prospecting_0,sales_prospecting,context_and_scale_only_pool,3,0.4494104400560832
eval_sales_prospecting_0,sales_prospecting,context_and_scale_only_pool,4,0.460307822871392
eval_sales_prospecting_0,sales_prospecting,context_and_scale_only_pool,5,0.4644326946945418
eval_sales_prospecting_0,sales_prospecting,context_and_scale_only_pool,6,0.47724393954276556
eval_sales_prospecting_0,sales_prospecting,context_and_scale_only_pool,7,0.4955654072948075
eval_sales_prospecting_0,sales_prospecting,context_and_scale_only_pool,8,0.5166135221331858
eval_sales_prospecting_0,sales_prospecting,context_and_scale_only_pool,9,0.535595077714585
eval_sales_prospecting_0,sales_prospecting,context_and_scale_only_pool,10,0.548646935259603
eval_sales_prospecting_0,sales_prospecting,context_and_scale_only_pool,11,0.561114865069995
eval_sales_prospecting_0,sales_prospecting,context_and_scale_only_pool,12,0.5722823740388058
eval_sales_prospecting_0,sales_prospecting,context_and_scale_only_pool,13,0.5756826029579958
eval_sales_prospecting_0,sales_prospecting,provider_blended_ordered_pool,1,0.41270052921590406
eval_sales_prospecting_0,sales_prospecting,provider_blended_ordered_pool,2,0.4356582428177736
eval_sales_prospecting_0,sales_prospecting,provider_blended_ordered_pool,3,0.4644359648343027
eval_sales_prospecting_0,sales_prospecting,provider_blended_ordered_pool,4,0.4860025239788057
eval_sales_prospecting_0,sales_prospecting,provider_blended_ordered_pool,5,0.47962478721318225
eval_sales_prospecting_0,sales_prospecting,provider_blended_ordered_pool,6,0.49576501423158426
eval_sales_prospecting_0,sales_prospecting,provider_blended_ordered_pool,7,0.5121461070872242
eval_sales_prospecting_0,sales_prospecting,provider_blended_ordered_pool,8,0.5284914254181721
eval_sales_prospecting_0,sales_prospecting,provider_blended_ordered_pool,9,0.540953449053418
eval_sales_prospecting_0,sales_prospecting,provider_blended_ordered_pool,10,0.5546208051054959
eval_sales_prospecting_0,sales_prospecting,provider_blended_ordered_pool,11,0.567744076678113
eval_sales_prospecting_0,sales_prospecting,provider_blended_ordered_pool,12,0.5761364572477191
eval_sales_prospecting_0,sales_prospecting,provider_blended_ordered_pool,13,0.5797992186368294
eval_sales_prospecting_0,sales_prospecting,ordered_collision_resolved_overlap_pool,1,0.4433961359696384
eval_sales_prospecting_0,sales_prospecting,ordered_collision_resolved_overlap_pool,2,0.569463256492833
eval_sales_prospecting_0,sales_prospecting,ordered_collision_resolved_overlap_pool,3,0.5590894571177849
eval_sales_prospecting_0,sales_prospecting,ordered_collision_resolved_overlap_pool,4,0.593967759697272
eval_sales_prospecting_0,sales_prospecting,ordered_collision_resolved_overlap_pool,5,0.6381302804949245
eval_sales_prospecting_0,sales_prospecting,ordered_collision_resolved_overlap_pool,6,0.6822708528768959
eval_sales_prospecting_0,sales_prospecting,ordered_collision_resolved_overlap_pool,7,0.6877911188213108
eval_sales_prospecting_0,sales_prospecting,ordered_collision_resolved_overlap_pool,8,0.6983846029376143
eval_sales_prospecting_0,sales_prospecting,ordered_collision_resolved_overlap_pool,9,0.7279616666700695
eval_sales_prospecting_0,sales_prospecting,ordered_collision_resolved_overlap_pool,10,0.7515624351049616
eval_sales_prospecting_0,sales_prospecting,ordered_collision_resolved_overlap_pool,11,0.770843276334284
eval_sales_prospecting_0,sales_prospecting,ordered_collision_resolved_overlap_pool,12,0.7991834948571253
eval_sales_prospecting_0,sales_prospecting,ordered_collision_resolved_overlap_pool,13,0.8150651654818286
eval_sales_prospecting_0,sales_prospecting,fixed_marginal_overlap_atlas,1,0.11849100222228895
eval_sales_prospecting_0,sales_prospecting,fixed_marginal_overlap_atlas,2,0.22606652055561527
eval_sales_prospecting_0,sales_prospecting,fixed_marginal_overlap_atlas,3,0.2950183909384534
eval_sales_prospecting_0,sales_prospecting,fixed_marginal_overlap_atlas,4,0.3583424039747066
eval_sales_prospecting_0,sales_prospecting,fixed_marginal_overlap_atlas,5,0.4004829650539614
eval_sales_prospecting_0,sales_prospecting,fixed_marginal_overlap_atlas,6,0.44704307504182594
eval_sales_prospecting_0,sales_prospecting,fixed_marginal_overlap_atlas,7,0.45177812957747543
eval_sales_prospecting_0,sales_prospecting,fixed_marginal_overlap_atlas,8,0.4728393741236842
eval_sales_prospecting_0,sales_prospecting,fixed_marginal_overlap_atlas,9,0.47128060609548905
eval_sales_prospecting_0,sales_prospecting,fixed_marginal_overlap_atlas,10,0.48756249062344914
eval_sales_prospecting_0,sales_prospecting,fixed_marginal_overlap_atlas,11,0.4997808138541773
eval_sales_prospecting_0,sales_prospecting,fixed_marginal_overlap_atlas,12,0.4945650792868101
eval_sales_prospecting_0,sales_prospecting,fixed_marginal_overlap_atlas,13,0.4981706232889779
eval_sales_prospecting_0,sales_prospecting,pair_targeted_fixed_marginal_atlas,1,0.11849100222228895
eval_sales_prospecting_0,sales_prospecting,pair_targeted_fixed_marginal_atlas,2,0.22606652055561527
eval_sales_prospecting_0,sales_prospecting,pair_targeted_fixed_marginal_atlas,3,0.2950183909384534
eval_sales_prospecting_0,sales_prospecting,pair_targeted_fixed_marginal_atlas,4,0.3583424039747066
eval_sales_prospecting_0,sales_prospecting,pair_targeted_fixed_marginal_atlas,5,0.4004829650539614
eval_sales_prospecting_0,sales_prospecting,pair_targeted_fixed_marginal_atlas,6,0.44704307504182594
eval_sales_prospecting_0,sales_prospecting,pair_targeted_fixed_marginal_atlas,7,0.45177812957747543
eval_sales_prospecting_0,sales_prospecting,pair_targeted_fixed_marginal_atlas,8,0.4728393741236842
eval_sales_prospecting_0,sales_prospecting,pair_targeted_fixed_marginal_atlas,9,0.47128060609548905
eval_sales_prospecting_0,sales_prospecting,pair_targeted_fixed_marginal_atlas,10,0.48756249062344914
eval_sales_prospecting_0,sales_prospecting,pair_targeted_fixed_marginal_atlas,11,0.4997808138541773
eval_sales_prospecting_0,sales_prospecting,pair_targeted_fixed_marginal_atlas,12,0.4945650792868101
eval_sales_prospecting_0,sales_prospecting,pair_targeted_fixed_marginal_atlas,13,0.4981706232889779
eval_sales_prospecting_0,sales_prospecting,same_day_adaptive_pool,1,0.4205674058857405
eval_sales_prospecting_0,sales_prospecting,same_day_adaptive_pool,2,0.4209672479028065
eval_sales_prospecting_0,sales_prospecting,same_day_adaptive_pool,3,0.4068966037688505
eval_sales_prospecting_0,sales_prospecting,same_day_adaptive_pool,4,0.42074972382792714
eval_sales_prospecting_0,sales_prospecting,same_day_adaptive_pool,5,0.4086428527092147
eval_sales_prospecting_0,sales_prospecting,same_day_adaptive_pool,6,0.46811992751392456
eval_sales_prospecting_0,sales_prospecting,same_day_adaptive_pool,7,0.4619357630233267
eval_sales_prospecting_0,sales_prospecting,same_day_adaptive_pool,8,0.4661505208196919
eval_sales_prospecting_0,sales_prospecting,same_day_adaptive_pool,9,0.5014098044636272
eval_sales_prospecting_0,sales_prospecting,same_day_adaptive_pool,10,0.47404479337309396
eval_sales_prospecting_0,sales_prospecting,same_day_adaptive_pool,11,0.4587437961104288
eval_sales_prospecting_0,sales_prospecting,same_day_adaptive_pool,12,0.4773118406241036
eval_sales_prospecting_0,sales_prospecting,same_day_adaptive_pool,13,0.4189102203582763
eval_sales_prospecting_0,sales_prospecting,cumulative_adaptive_pool,1,0.4205674058857405
eval_sales_prospecting_0,sales_prospecting,cumulative_adaptive_pool,2,0.4387951762045918
eval_sales_prospecting_0,sales_prospecting,cumulative_adaptive_pool,3,0.4767295760164823
eval_sales_prospecting_0,sales_prospecting,cumulative_adaptive_pool,4,0.5070254612485079
eval_sales_prospecting_0,sales_prospecting,cumulative_adaptive_pool,5,0.49205468109206985
eval_sales_prospecting_0,sales_prospecting,cumulative_adaptive_pool,6,0.5109186207951631
eval_sales_prospecting_0,sales_prospecting,cumulative_adaptive_pool,7,0.5257121341901105
eval_sales_prospecting_0,sales_prospecting,cumulative_adaptive_pool,8,0.53820970992407
eval_sales_prospecting_0,sales_prospecting,cumulative_adaptive_pool,9,0.5453375710579178
eval_sales_prospecting_0,sales_prospecting,cumulative_adaptive_pool,10,0.5595085167975902
eval_sales_prospecting_0,sales_prospecting,cumulative_adaptive_pool,11,0.5731679770847549
eval_sales_prospecting_0,sales_prospecting,cumulative_adaptive_pool,12,0.5792897980550118
eval_sales_prospecting_0,sales_prospecting,cumulative_adaptive_pool,13,0.5831673587376931
eval_sales_prospecting_0,sales_prospecting,quantized_hysteresis_pool,1,0.4
eval_sales_prospecting_0,sales_prospecting,quantized_hysteresis_pool,2,0.4
eval_sales_prospecting_0,sales_prospecting,quantized_hysteresis_pool,3,0.4
eval_sales_prospecting_0,sales_prospecting,quantized_hysteresis_pool,4,0.4
eval_sales_prospecting_0,sales_prospecting,quantized_hysteresis_pool,5,0.5
eval_sales_prospecting_0,sales_prospecting,quantized_hysteresis_pool,6,0.5
eval_sales_prospecting_0,sales_prospecting,quantized_hysteresis_pool,7,0.5
eval_sales_prospecting_0,sales_prospecting,quantized_hysteresis_pool,8,0.5
eval_sales_prospecting_0,sales_prospecting,quantized_hysteresis_pool,9,0.5
eval_sales_prospecting_0,sales_prospecting,quantized_hysteresis_pool,10,0.5
eval_sales_prospecting_0,sales_prospecting,quantized_hysteresis_pool,11,0.5
eval_sales_prospecting_0,sales_prospecting,quantized_hysteresis_pool,12,0.5
eval_sales_prospecting_0,sales_prospecting,quantized_hysteresis_pool,13,0.5
eval_sales_prospecting_0,sales_prospecting,sticky_first_seen_pool,1,0.4205674058857405
eval_sales_prospecting_0,sales_prospecting,sticky_first_seen_pool,2,0.4387951762045918
eval_sales_prospecting_0,sales_prospecting,sticky_first_seen_pool,3,0.4767295760164823
eval_sales_prospecting_0,sales_prospecting,sticky_first_seen_pool,4,0.5070254612485079
eval_sales_prospecting_0,sales_prospecting,sticky_first_seen_pool,5,0.49205468109206985
eval_sales_prospecting_0,sales_prospecting,sticky_first_seen_pool,6,0.5109186207951631
eval_sales_prospecting_0,sales_prospecting,sticky_first_seen_pool,7,0.5257121341901105
eval_sales_prospecting_0,sales_prospecting,sticky_first_seen_pool,8,0.53820970992407
eval_sales_prospecting_0,sales_prospecting,sticky_first_seen_pool,9,0.5453375710579178
eval_sales_prospecting_0,sales_prospecting,sticky_first_seen_pool,10,0.5595085167975902
eval_sales_prospecting_0,sales_prospecting,sticky_first_seen_pool,11,0.5731679770847549
eval_sales_prospecting_0,sales_prospecting,sticky_first_seen_pool,12,0.5792897980550118
eval_sales_prospecting_0,sales_prospecting,sticky_first_seen_pool,13,0.5831673587376931
eval_sales_prospecting_0,sales_prospecting,ordered_memoized_rank_lattice,1,0.4
eval_sales_prospecting_0,sales_prospecting,ordered_memoized_rank_lattice,2,0.4
eval_sales_prospecting_0,sales_prospecting,ordered_memoized_rank_lattice,3,0.4
eval_sales_prospecting_0,sales_prospecting,ordered_memoized_rank_lattice,4,0.4
eval_sales_prospecting_0,sales_prospecting,ordered_memoized_rank_lattice,5,0.5
eval_sales_prospecting_0,sales_prospecting,ordered_memoized_rank_lattice,6,0.5
eval_sales_prospecting_0,sales_prospecting,ordered_memoized_rank_lattice,7,0.5
eval_sales_prospecting_0,sales_prospecting,ordered_memoized_rank_lattice,8,0.5
eval_sales_prospecting_0,sales_prospecting,ordered_memoized_rank_lattice,9,0.5
eval_sales_prospecting_0,sales_prospecting,ordered_memoized_rank_lattice,10,0.5
eval_sales_prospecting_0,sales_prospecting,ordered_memoized_rank_lattice,11,0.5
eval_sales_prospecting_0,sales_prospecting,ordered_memoized_rank_lattice,12,0.5
eval_sales_prospecting_0,sales_prospecting,ordered_memoized_rank_lattice,13,0.5
eval_sales_prospecting_0,sales_prospecting,cohort_3_week_rank_lattice,1,0.4
eval_sales_prospecting_0,sales_prospecting,cohort_3_week_rank_lattice,2,0.4
eval_sales_prospecting_0,sales_prospecting,cohort_3_week_rank_lattice,3,0.4
eval_sales_prospecting_0,sales_prospecting,cohort_3_week_rank_lattice,4,0.4
eval_sales_prospecting_0,sales_prospecting,cohort_3_week_rank_lattice,5,0.5
eval_sales_prospecting_0,sales_prospecting,cohort_3_week_rank_lattice,6,0.5
eval_sales_prospecting_0,sales_prospecting,cohort_3_week_rank_lattice,7,0.5
eval_sales_prospecting_0,sales_prospecting,cohort_3_week_rank_lattice,8,0.5
eval_sales_prospecting_0,sales_prospecting,cohort_3_week_rank_lattice,9,0.5
eval_sales_prospecting_0,sales_prospecting,cohort_3_week_rank_lattice,10,0.5
eval_sales_prospecting_0,sales_prospecting,cohort_3_week_rank_lattice,11,0.5
eval_sales_prospecting_0,sales_prospecting,cohort_3_week_rank_lattice,12,0.5
eval_sales_prospecting_0,sales_prospecting,cohort_3_week_rank_lattice,13,0.5
eval_sales_prospecting_0,sales_prospecting,oracle_online_venn_recent,1,0.0
eval_sales_prospecting_0,sales_prospecting,oracle_online_venn_recent,2,0.0
eval_sales_prospecting_0,sales_prospecting,oracle_online_venn_recent,3,0.0
eval_sales_prospecting_0,sales_prospecting,oracle_online_venn_recent,4,0.0
eval_sales_prospecting_0,sales_prospecting,oracle_online_venn_recent,5,0.0
eval_sales_prospecting_0,sales_prospecting,oracle_online_venn_recent,6,0.0
eval_sales_prospecting_0,sales_prospecting,oracle_online_venn_recent,7,0.0
eval_sales_prospecting_0,sales_prospecting,oracle_online_venn_recent,8,0.0
eval_sales_prospecting_0,sales_prospecting,oracle_online_venn_recent,9,0.0
eval_sales_prospecting_0,sales_prospecting,oracle_online_venn_recent,10,0.0
eval_sales_prospecting_0,sales_prospecting,oracle_online_venn_recent,11,0.0
eval_sales_prospecting_0,sales_prospecting,oracle_online_venn_recent,12,0.0
eval_sales_prospecting_0,sales_prospecting,oracle_online_venn_recent,13,0.0
eval_sales_prospecting_0,sales_prospecting,oracle_online_venn_oldest,1,0.0
eval_sales_prospecting_0,sales_prospecting,oracle_online_venn_oldest,2,0.0
eval_sales_prospecting_0,sales_prospecting,oracle_online_venn_oldest,3,0.0
eval_sales_prospecting_0,sales_prospecting,oracle_online_venn_oldest,4,0.0
eval_sales_prospecting_0,sales_prospecting,oracle_online_venn_oldest,5,0.0
eval_sales_prospecting_0,sales_prospecting,oracle_online_venn_oldest,6,0.0
eval_sales_prospecting_0,sales_prospecting,oracle_online_venn_oldest,7,0.0
eval_sales_prospecting_0,sales_prospecting,oracle_online_venn_oldest,8,0.0
eval_sales_prospecting_0,sales_prospecting,oracle_online_venn_oldest,9,0.0
eval_sales_prospecting_0,sales_prospecting,oracle_online_venn_oldest,10,0.0
eval_sales_prospecting_0,sales_prospecting,oracle_online_venn_oldest,11,0.0
eval_sales_prospecting_0,sales_prospecting,oracle_online_venn_oldest,12,0.0
eval_sales_prospecting_0,sales_prospecting,oracle_online_venn_oldest,13,0.0
eval_sales_prospecting_0,sales_prospecting,oracle_online_union_recent,1,0.0
eval_sales_prospecting_0,sales_prospecting,oracle_online_union_recent,2,0.0
eval_sales_prospecting_0,sales_prospecting,oracle_online_union_recent,3,0.0
eval_sales_prospecting_0,sales_prospecting,oracle_online_union_recent,4,0.0
eval_sales_prospecting_0,sales_prospecting,oracle_online_union_recent,5,0.0
eval_sales_prospecting_0,sales_prospecting,oracle_online_union_recent,6,0.0
eval_sales_prospecting_0,sales_prospecting,oracle_online_union_recent,7,0.0
eval_sales_prospecting_0,sales_prospecting,oracle_online_union_recent,8,0.0
eval_sales_prospecting_0,sales_prospecting,oracle_online_union_recent,9,0.0
eval_sales_prospecting_0,sales_prospecting,oracle_online_union_recent,10,0.0
eval_sales_prospecting_0,sales_prospecting,oracle_online_union_recent,11,0.0
eval_sales_prospecting_0,sales_prospecting,oracle_online_union_recent,12,0.0
eval_sales_prospecting_0,sales_prospecting,oracle_online_union_recent,13,0.0
eval_sales_prospecting_0,sales_prospecting,oracle_online_union_oldest,1,0.0
eval_sales_prospecting_0,sales_prospecting,oracle_online_union_oldest,2,0.0
eval_sales_prospecting_0,sales_prospecting,oracle_online_union_oldest,3,0.0
eval_sales_prospecting_0,sales_prospecting,oracle_online_union_oldest,4,0.0
eval_sales_prospecting_0,sales_prospecting,oracle_online_union_oldest,5,0.0
eval_sales_prospecting_0,sales_prospecting,oracle_online_union_oldest,6,0.0
eval_sales_prospecting_0,sales_prospecting,oracle_online_union_oldest,7,0.0
eval_sales_prospecting_0,sales_prospecting,oracle_online_union_oldest,8,0.0
eval_sales_prospecting_0,sales_prospecting,oracle_online_union_oldest,9,0.0
eval_sales_prospecting_0,sales_prospecting,oracle_online_union_oldest,10,0.0
eval_sales_prospecting_0,sales_prospecting,oracle_online_union_oldest,11,0.0
eval_sales_prospecting_0,sales_prospecting,oracle_online_union_oldest,12,0.0
eval_sales_prospecting_0,sales_prospecting,oracle_online_union_oldest,13,0.0
eval_sales_prospecting_0,sales_prospecting,forbidden_person_identity_oracle,1,0.0
eval_sales_prospecting_0,sales_prospecting,forbidden_person_identity_oracle,2,0.0
eval_sales_prospecting_0,sales_prospecting,forbidden_person_identity_oracle,3,0.0
eval_sales_prospecting_0,sales_prospecting,forbidden_person_identity_oracle,4,0.0
eval_sales_prospecting_0,sales_prospecting,forbidden_person_identity_oracle,5,0.0
eval_sales_prospecting_0,sales_prospecting,forbidden_person_identity_oracle,6,0.0
eval_sales_prospecting_0,sales_prospecting,forbidden_person_identity_oracle,7,0.0
eval_sales_prospecting_0,sales_prospecting,forbidden_person_identity_oracle,8,0.0
eval_sales_prospecting_0,sales_prospecting,forbidden_person_identity_oracle,9,0.0
eval_sales_prospecting_0,sales_prospecting,forbidden_person_identity_oracle,10,0.0
eval_sales_prospecting_0,sales_prospecting,forbidden_person_identity_oracle,11,0.0
eval_sales_prospecting_0,sales_prospecting,forbidden_person_identity_oracle,12,0.0
eval_sales_prospecting_0,sales_prospecting,forbidden_person_identity_oracle,13,0.0
eval_sales_prospecting_0,sales_prospecting,three_day_buffer_then_freeze,1,0.4767295760164823
eval_sales_prospecting_0,sales_prospecting,three_day_buffer_then_freeze,2,0.4767295760164823
eval_sales_prospecting_0,sales_prospecting,three_day_buffer_then_freeze,3,0.4767295760164823
eval_sales_prospecting_0,sales_prospecting,three_day_buffer_then_freeze,4,0.4767295760164823
eval_sales_prospecting_0,sales_prospecting,three_day_buffer_then_freeze,5,0.4767295760164823
eval_sales_prospecting_0,sales_prospecting,three_day_buffer_then_freeze,6,0.4767295760164823
eval_sales_prospecting_0,sales_prospecting,three_day_buffer_then_freeze,7,0.4767295760164823
eval_sales_prospecting_0,sales_prospecting,three_day_buffer_then_freeze,8,0.4767295760164823
eval_sales_prospecting_0,sales_prospecting,three_day_buffer_then_freeze,9,0.4767295760164823
eval_sales_prospecting_0,sales_prospecting,three_day_buffer_then_freeze,10,0.4767295760164823
eval_sales_prospecting_0,sales_prospecting,three_day_buffer_then_freeze,11,0.4767295760164823
eval_sales_prospecting_0,sales_prospecting,three_day_buffer_then_freeze,12,0.4767295760164823
eval_sales_prospecting_0,sales_prospecting,three_day_buffer_then_freeze,13,0.4767295760164823
eval_sales_prospecting_0,sales_prospecting,full_flight_buffer_then_freeze,1,0.5831673587376931
eval_sales_prospecting_0,sales_prospecting,full_flight_buffer_then_freeze,2,0.5831673587376931
eval_sales_prospecting_0,sales_prospecting,full_flight_buffer_then_freeze,3,0.5831673587376931
eval_sales_prospecting_0,sales_prospecting,full_flight_buffer_then_freeze,4,0.5831673587376931
eval_sales_prospecting_0,sales_prospecting,full_flight_buffer_then_freeze,5,0.5831673587376931
eval_sales_prospecting_0,sales_prospecting,full_flight_buffer_then_freeze,6,0.5831673587376931
eval_sales_prospecting_0,sales_prospecting,full_flight_buffer_then_freeze,7,0.5831673587376931
eval_sales_prospecting_0,sales_prospecting,full_flight_buffer_then_freeze,8,0.5831673587376931
eval_sales_prospecting_0,sales_prospecting,full_flight_buffer_then_freeze,9,0.5831673587376931
eval_sales_prospecting_0,sales_prospecting,full_flight_buffer_then_freeze,10,0.5831673587376931
eval_sales_prospecting_0,sales_prospecting,full_flight_buffer_then_freeze,11,0.5831673587376931
eval_sales_prospecting_0,sales_prospecting,full_flight_buffer_then_freeze,12,0.5831673587376931
eval_sales_prospecting_0,sales_prospecting,full_flight_buffer_then_freeze,13,0.5831673587376931
eval_sales_prospecting_0,sales_prospecting,oracle_same_day_dial,1,0.35624999999999996
eval_sales_prospecting_0,sales_prospecting,oracle_same_day_dial,2,0.41562499999999997
eval_sales_prospecting_0,sales_prospecting,oracle_same_day_dial,3,0.41562499999999997
eval_sales_prospecting_0,sales_prospecting,oracle_same_day_dial,4,0.41562499999999997
eval_sales_prospecting_0,sales_prospecting,oracle_same_day_dial,5,0.2375
eval_sales_prospecting_0,sales_prospecting,oracle_same_day_dial,6,0.35624999999999996
eval_sales_prospecting_0,sales_prospecting,oracle_same_day_dial,7,0.35624999999999996
eval_sales_prospecting_0,sales_prospecting,oracle_same_day_dial,8,0.475
eval_sales_prospecting_0,sales_prospecting,oracle_same_day_dial,9,0.41562499999999997
eval_sales_prospecting_0,sales_prospecting,oracle_same_day_dial,10,0.41562499999999997
eval_sales_prospecting_0,sales_prospecting,oracle_same_day_dial,11,0.475
eval_sales_prospecting_0,sales_prospecting,oracle_same_day_dial,12,0.41562499999999997
eval_sales_prospecting_0,sales_prospecting,oracle_same_day_dial,13,0.41562499999999997
eval_sales_prospecting_1,sales_prospecting,fixed_model_line_pool,1,0.0
eval_sales_prospecting_1,sales_prospecting,fixed_model_line_pool,2,0.0
eval_sales_prospecting_1,sales_prospecting,fixed_model_line_pool,3,0.0
eval_sales_prospecting_1,sales_prospecting,fixed_model_line_pool,4,0.0
eval_sales_prospecting_1,sales_prospecting,fixed_model_line_pool,5,0.0
eval_sales_prospecting_1,sales_prospecting,fixed_model_line_pool,6,0.0
eval_sales_prospecting_1,sales_prospecting,fixed_model_line_pool,7,0.0
eval_sales_prospecting_1,sales_prospecting,fixed_model_line_pool,8,0.0
eval_sales_prospecting_1,sales_prospecting,fixed_model_line_pool,9,0.0
eval_sales_prospecting_1,sales_prospecting,fixed_model_line_pool,10,0.0
eval_sales_prospecting_1,sales_prospecting,fixed_model_line_pool,11,0.0
eval_sales_prospecting_1,sales_prospecting,fixed_model_line_pool,12,0.0
eval_sales_prospecting_1,sales_prospecting,fixed_model_line_pool,13,0.0
eval_sales_prospecting_1,sales_prospecting,context_and_scale_only_pool,1,0.43728075547251205
eval_sales_prospecting_1,sales_prospecting,context_and_scale_only_pool,2,0.4807930883791712
eval_sales_prospecting_1,sales_prospecting,context_and_scale_only_pool,3,0.5095534999408351
eval_sales_prospecting_1,sales_prospecting,context_and_scale_only_pool,4,0.5242969487839837
eval_sales_prospecting_1,sales_prospecting,context_and_scale_only_pool,5,0.5367476607933613
eval_sales_prospecting_1,sales_prospecting,context_and_scale_only_pool,6,0.541424533030562
eval_sales_prospecting_1,sales_prospecting,context_and_scale_only_pool,7,0.5459749034856554
eval_sales_prospecting_1,sales_prospecting,context_and_scale_only_pool,8,0.5501069140118344
eval_sales_prospecting_1,sales_prospecting,context_and_scale_only_pool,9,0.5583691407043518
eval_sales_prospecting_1,sales_prospecting,context_and_scale_only_pool,10,0.5636703334240949
eval_sales_prospecting_1,sales_prospecting,context_and_scale_only_pool,11,0.5715140695072195
eval_sales_prospecting_1,sales_prospecting,context_and_scale_only_pool,12,0.5816432469737592
eval_sales_prospecting_1,sales_prospecting,context_and_scale_only_pool,13,0.5756826029579958
eval_sales_prospecting_1,sales_prospecting,provider_blended_ordered_pool,1,0.4404203641773379
eval_sales_prospecting_1,sales_prospecting,provider_blended_ordered_pool,2,0.4825601018478528
eval_sales_prospecting_1,sales_prospecting,provider_blended_ordered_pool,3,0.4912141588350336
eval_sales_prospecting_1,sales_prospecting,provider_blended_ordered_pool,4,0.5137705966379973
eval_sales_prospecting_1,sales_prospecting,provider_blended_ordered_pool,5,0.5365620922275797
eval_sales_prospecting_1,sales_prospecting,provider_blended_ordered_pool,6,0.5472108448468935
eval_sales_prospecting_1,sales_prospecting,provider_blended_ordered_pool,7,0.5507445246361926
eval_sales_prospecting_1,sales_prospecting,provider_blended_ordered_pool,8,0.5562833029477409
eval_sales_prospecting_1,sales_prospecting,provider_blended_ordered_pool,9,0.5641333517802023
eval_sales_prospecting_1,sales_prospecting,provider_blended_ordered_pool,10,0.5702615025485049
eval_sales_prospecting_1,sales_prospecting,provider_blended_ordered_pool,11,0.5776307792103506
eval_sales_prospecting_1,sales_prospecting,provider_blended_ordered_pool,12,0.585746492744243
eval_sales_prospecting_1,sales_prospecting,provider_blended_ordered_pool,13,0.5814434529129433
eval_sales_prospecting_1,sales_prospecting,ordered_collision_resolved_overlap_pool,1,0.5247342652750449
eval_sales_prospecting_1,sales_prospecting,ordered_collision_resolved_overlap_pool,2,0.6125898259018308
eval_sales_prospecting_1,sales_prospecting,ordered_collision_resolved_overlap_pool,3,0.6069424443928121
eval_sales_prospecting_1,sales_prospecting,ordered_collision_resolved_overlap_pool,4,0.5987377963098177
eval_sales_prospecting_1,sales_prospecting,ordered_collision_resolved_overlap_pool,5,0.6292927434498468
eval_sales_prospecting_1,sales_prospecting,ordered_collision_resolved_overlap_pool,6,0.6872792048886951
eval_sales_prospecting_1,sales_prospecting,ordered_collision_resolved_overlap_pool,7,0.7269452192777127
eval_sales_prospecting_1,sales_prospecting,ordered_collision_resolved_overlap_pool,8,0.7433573227525158
eval_sales_prospecting_1,sales_prospecting,ordered_collision_resolved_overlap_pool,9,0.7462626035176975
eval_sales_prospecting_1,sales_prospecting,ordered_collision_resolved_overlap_pool,10,0.7469973008471116
eval_sales_prospecting_1,sales_prospecting,ordered_collision_resolved_overlap_pool,11,0.757881624136648
eval_sales_prospecting_1,sales_prospecting,ordered_collision_resolved_overlap_pool,12,0.7668947988586375
eval_sales_prospecting_1,sales_prospecting,ordered_collision_resolved_overlap_pool,13,0.7945436154819615
eval_sales_prospecting_1,sales_prospecting,fixed_marginal_overlap_atlas,1,0.11440812085458657
eval_sales_prospecting_1,sales_prospecting,fixed_marginal_overlap_atlas,2,0.22499093731282618
eval_sales_prospecting_1,sales_prospecting,fixed_marginal_overlap_atlas,3,0.27948437097151857
eval_sales_prospecting_1,sales_prospecting,fixed_marginal_overlap_atlas,4,0.3562076495094513
eval_sales_prospecting_1,sales_prospecting,fixed_marginal_overlap_atlas,5,0.42085662825537595
eval_sales_prospecting_1,sales_prospecting,fixed_marginal_overlap_atlas,6,0.44894833666505946
eval_sales_prospecting_1,sales_prospecting,fixed_marginal_overlap_atlas,7,0.45880406014030517
eval_sales_prospecting_1,sales_prospecting,fixed_marginal_overlap_atlas,8,0.47132290159314905
eval_sales_prospecting_1,sales_prospecting,fixed_marginal_overlap_atlas,9,0.4795774814784992
eval_sales_prospecting_1,sales_prospecting,fixed_marginal_overlap_atlas,10,0.48597767384154955
eval_sales_prospecting_1,sales_prospecting,fixed_marginal_overlap_atlas,11,0.48967690356748916
eval_sales_prospecting_1,sales_prospecting,fixed_marginal_overlap_atlas,12,0.4953811896182605
eval_sales_prospecting_1,sales_prospecting,fixed_marginal_overlap_atlas,13,0.5076666495589642
eval_sales_prospecting_1,sales_prospecting,pair_targeted_fixed_marginal_atlas,1,0.11440812085458657
eval_sales_prospecting_1,sales_prospecting,pair_targeted_fixed_marginal_atlas,2,0.22499093731282618
eval_sales_prospecting_1,sales_prospecting,pair_targeted_fixed_marginal_atlas,3,0.27948437097151857
eval_sales_prospecting_1,sales_prospecting,pair_targeted_fixed_marginal_atlas,4,0.3562076495094513
eval_sales_prospecting_1,sales_prospecting,pair_targeted_fixed_marginal_atlas,5,0.42085662825537595
eval_sales_prospecting_1,sales_prospecting,pair_targeted_fixed_marginal_atlas,6,0.44894833666505946
eval_sales_prospecting_1,sales_prospecting,pair_targeted_fixed_marginal_atlas,7,0.45880406014030517
eval_sales_prospecting_1,sales_prospecting,pair_targeted_fixed_marginal_atlas,8,0.47132290159314905
eval_sales_prospecting_1,sales_prospecting,pair_targeted_fixed_marginal_atlas,9,0.4795774814784992
eval_sales_prospecting_1,sales_prospecting,pair_targeted_fixed_marginal_atlas,10,0.48597767384154955
eval_sales_prospecting_1,sales_prospecting,pair_targeted_fixed_marginal_atlas,11,0.48967690356748916
eval_sales_prospecting_1,sales_prospecting,pair_targeted_fixed_marginal_atlas,12,0.4953811896182605
eval_sales_prospecting_1,sales_prospecting,pair_targeted_fixed_marginal_atlas,13,0.5076666495589642
eval_sales_prospecting_1,sales_prospecting,same_day_adaptive_pool,1,0.44298913493583175
eval_sales_prospecting_1,sales_prospecting,same_day_adaptive_pool,2,0.47699783137797447
eval_sales_prospecting_1,sales_prospecting,same_day_adaptive_pool,3,0.44197286267440955
eval_sales_prospecting_1,sales_prospecting,same_day_adaptive_pool,4,0.45225794568522143
eval_sales_prospecting_1,sales_prospecting,same_day_adaptive_pool,5,0.4745764361111305
eval_sales_prospecting_1,sales_prospecting,same_day_adaptive_pool,6,0.45466180799700917
eval_sales_prospecting_1,sales_prospecting,same_day_adaptive_pool,7,0.4316602209146942
eval_sales_prospecting_1,sales_prospecting,same_day_adaptive_pool,8,0.4310837144780475
eval_sales_prospecting_1,sales_prospecting,same_day_adaptive_pool,9,0.3993483786158353
eval_sales_prospecting_1,sales_prospecting,same_day_adaptive_pool,10,0.4603864252801898
eval_sales_prospecting_1,sales_prospecting,same_day_adaptive_pool,11,0.4445198540689944
eval_sales_prospecting_1,sales_prospecting,same_day_adaptive_pool,12,0.4181853220647433
eval_sales_prospecting_1,sales_prospecting,same_day_adaptive_pool,13,0.46003040026755027
eval_sales_prospecting_1,sales_prospecting,cumulative_adaptive_pool,1,0.44298913493583175
eval_sales_prospecting_1,sales_prospecting,cumulative_adaptive_pool,2,0.48400584014041037
eval_sales_prospecting_1,sales_prospecting,cumulative_adaptive_pool,3,0.47620924338483245
eval_sales_prospecting_1,sales_prospecting,cumulative_adaptive_pool,4,0.505158126700372
eval_sales_prospecting_1,sales_prospecting,cumulative_adaptive_pool,5,0.5364102634010309
eval_sales_prospecting_1,sales_prospecting,cumulative_adaptive_pool,6,0.5519450999693465
eval_sales_prospecting_1,sales_prospecting,cumulative_adaptive_pool,7,0.5546469419411777
eval_sales_prospecting_1,sales_prospecting,cumulative_adaptive_pool,8,0.5613367120771188
eval_sales_prospecting_1,sales_prospecting,cumulative_adaptive_pool,9,0.5688495244786254
eval_sales_prospecting_1,sales_prospecting,cumulative_adaptive_pool,10,0.5756542772866586
eval_sales_prospecting_1,sales_prospecting,cumulative_adaptive_pool,11,0.5826353598765488
eval_sales_prospecting_1,sales_prospecting,cumulative_adaptive_pool,12,0.589103693829184
eval_sales_prospecting_1,sales_prospecting,cumulative_adaptive_pool,13,0.5861568756033549
eval_sales_prospecting_1,sales_prospecting,quantized_hysteresis_pool,1,0.45
eval_sales_prospecting_1,sales_prospecting,quantized_hysteresis_pool,2,0.45
eval_sales_prospecting_1,sales_prospecting,quantized_hysteresis_pool,3,0.45
eval_sales_prospecting_1,sales_prospecting,quantized_hysteresis_pool,4,0.45
eval_sales_prospecting_1,sales_prospecting,quantized_hysteresis_pool,5,0.45
eval_sales_prospecting_1,sales_prospecting,quantized_hysteresis_pool,6,0.45
eval_sales_prospecting_1,sales_prospecting,quantized_hysteresis_pool,7,0.55
eval_sales_prospecting_1,sales_prospecting,quantized_hysteresis_pool,8,0.55
eval_sales_prospecting_1,sales_prospecting,quantized_hysteresis_pool,9,0.55
eval_sales_prospecting_1,sales_prospecting,quantized_hysteresis_pool,10,0.55
eval_sales_prospecting_1,sales_prospecting,quantized_hysteresis_pool,11,0.55
eval_sales_prospecting_1,sales_prospecting,quantized_hysteresis_pool,12,0.55
eval_sales_prospecting_1,sales_prospecting,quantized_hysteresis_pool,13,0.55
eval_sales_prospecting_1,sales_prospecting,sticky_first_seen_pool,1,0.44298913493583175
eval_sales_prospecting_1,sales_prospecting,sticky_first_seen_pool,2,0.48400584014041037
eval_sales_prospecting_1,sales_prospecting,sticky_first_seen_pool,3,0.47620924338483245
eval_sales_prospecting_1,sales_prospecting,sticky_first_seen_pool,4,0.505158126700372
eval_sales_prospecting_1,sales_prospecting,sticky_first_seen_pool,5,0.5364102634010309
eval_sales_prospecting_1,sales_prospecting,sticky_first_seen_pool,6,0.5519450999693465
eval_sales_prospecting_1,sales_prospecting,sticky_first_seen_pool,7,0.5546469419411777
eval_sales_prospecting_1,sales_prospecting,sticky_first_seen_pool,8,0.5613367120771188
eval_sales_prospecting_1,sales_prospecting,sticky_first_seen_pool,9,0.5688495244786254
eval_sales_prospecting_1,sales_prospecting,sticky_first_seen_pool,10,0.5756542772866586
eval_sales_prospecting_1,sales_prospecting,sticky_first_seen_pool,11,0.5826353598765488
eval_sales_prospecting_1,sales_prospecting,sticky_first_seen_pool,12,0.589103693829184
eval_sales_prospecting_1,sales_prospecting,sticky_first_seen_pool,13,0.5861568756033549
eval_sales_prospecting_1,sales_prospecting,ordered_memoized_rank_lattice,1,0.45
eval_sales_prospecting_1,sales_prospecting,ordered_memoized_rank_lattice,2,0.45
eval_sales_prospecting_1,sales_prospecting,ordered_memoized_rank_lattice,3,0.45
eval_sales_prospecting_1,sales_prospecting,ordered_memoized_rank_lattice,4,0.45
eval_sales_prospecting_1,sales_prospecting,ordered_memoized_rank_lattice,5,0.45
eval_sales_prospecting_1,sales_prospecting,ordered_memoized_rank_lattice,6,0.45
eval_sales_prospecting_1,sales_prospecting,ordered_memoized_rank_lattice,7,0.55
eval_sales_prospecting_1,sales_prospecting,ordered_memoized_rank_lattice,8,0.55
eval_sales_prospecting_1,sales_prospecting,ordered_memoized_rank_lattice,9,0.55
eval_sales_prospecting_1,sales_prospecting,ordered_memoized_rank_lattice,10,0.55
eval_sales_prospecting_1,sales_prospecting,ordered_memoized_rank_lattice,11,0.55
eval_sales_prospecting_1,sales_prospecting,ordered_memoized_rank_lattice,12,0.55
eval_sales_prospecting_1,sales_prospecting,ordered_memoized_rank_lattice,13,0.55
eval_sales_prospecting_1,sales_prospecting,cohort_3_week_rank_lattice,1,0.45
eval_sales_prospecting_1,sales_prospecting,cohort_3_week_rank_lattice,2,0.45
eval_sales_prospecting_1,sales_prospecting,cohort_3_week_rank_lattice,3,0.45
eval_sales_prospecting_1,sales_prospecting,cohort_3_week_rank_lattice,4,0.45
eval_sales_prospecting_1,sales_prospecting,cohort_3_week_rank_lattice,5,0.45
eval_sales_prospecting_1,sales_prospecting,cohort_3_week_rank_lattice,6,0.45
eval_sales_prospecting_1,sales_prospecting,cohort_3_week_rank_lattice,7,0.55
eval_sales_prospecting_1,sales_prospecting,cohort_3_week_rank_lattice,8,0.55
eval_sales_prospecting_1,sales_prospecting,cohort_3_week_rank_lattice,9,0.55
eval_sales_prospecting_1,sales_prospecting,cohort_3_week_rank_lattice,10,0.55
eval_sales_prospecting_1,sales_prospecting,cohort_3_week_rank_lattice,11,0.55
eval_sales_prospecting_1,sales_prospecting,cohort_3_week_rank_lattice,12,0.55
eval_sales_prospecting_1,sales_prospecting,cohort_3_week_rank_lattice,13,0.55
eval_sales_prospecting_1,sales_prospecting,oracle_online_venn_recent,1,0.0
eval_sales_prospecting_1,sales_prospecting,oracle_online_venn_recent,2,0.0
eval_sales_prospecting_1,sales_prospecting,oracle_online_venn_recent,3,0.0
eval_sales_prospecting_1,sales_prospecting,oracle_online_venn_recent,4,0.0
eval_sales_prospecting_1,sales_prospecting,oracle_online_venn_recent,5,0.0
eval_sales_prospecting_1,sales_prospecting,oracle_online_venn_recent,6,0.0
eval_sales_prospecting_1,sales_prospecting,oracle_online_venn_recent,7,0.0
eval_sales_prospecting_1,sales_prospecting,oracle_online_venn_recent,8,0.0
eval_sales_prospecting_1,sales_prospecting,oracle_online_venn_recent,9,0.0
eval_sales_prospecting_1,sales_prospecting,oracle_online_venn_recent,10,0.0
eval_sales_prospecting_1,sales_prospecting,oracle_online_venn_recent,11,0.0
eval_sales_prospecting_1,sales_prospecting,oracle_online_venn_recent,12,0.0
eval_sales_prospecting_1,sales_prospecting,oracle_online_venn_recent,13,0.0
eval_sales_prospecting_1,sales_prospecting,oracle_online_venn_oldest,1,0.0
eval_sales_prospecting_1,sales_prospecting,oracle_online_venn_oldest,2,0.0
eval_sales_prospecting_1,sales_prospecting,oracle_online_venn_oldest,3,0.0
eval_sales_prospecting_1,sales_prospecting,oracle_online_venn_oldest,4,0.0
eval_sales_prospecting_1,sales_prospecting,oracle_online_venn_oldest,5,0.0
eval_sales_prospecting_1,sales_prospecting,oracle_online_venn_oldest,6,0.0
eval_sales_prospecting_1,sales_prospecting,oracle_online_venn_oldest,7,0.0
eval_sales_prospecting_1,sales_prospecting,oracle_online_venn_oldest,8,0.0
eval_sales_prospecting_1,sales_prospecting,oracle_online_venn_oldest,9,0.0
eval_sales_prospecting_1,sales_prospecting,oracle_online_venn_oldest,10,0.0
eval_sales_prospecting_1,sales_prospecting,oracle_online_venn_oldest,11,0.0
eval_sales_prospecting_1,sales_prospecting,oracle_online_venn_oldest,12,0.0
eval_sales_prospecting_1,sales_prospecting,oracle_online_venn_oldest,13,0.0
eval_sales_prospecting_1,sales_prospecting,oracle_online_union_recent,1,0.0
eval_sales_prospecting_1,sales_prospecting,oracle_online_union_recent,2,0.0
eval_sales_prospecting_1,sales_prospecting,oracle_online_union_recent,3,0.0
eval_sales_prospecting_1,sales_prospecting,oracle_online_union_recent,4,0.0
eval_sales_prospecting_1,sales_prospecting,oracle_online_union_recent,5,0.0
eval_sales_prospecting_1,sales_prospecting,oracle_online_union_recent,6,0.0
eval_sales_prospecting_1,sales_prospecting,oracle_online_union_recent,7,0.0
eval_sales_prospecting_1,sales_prospecting,oracle_online_union_recent,8,0.0
eval_sales_prospecting_1,sales_prospecting,oracle_online_union_recent,9,0.0
eval_sales_prospecting_1,sales_prospecting,oracle_online_union_recent,10,0.0
eval_sales_prospecting_1,sales_prospecting,oracle_online_union_recent,11,0.0
eval_sales_prospecting_1,sales_prospecting,oracle_online_union_recent,12,0.0
eval_sales_prospecting_1,sales_prospecting,oracle_online_union_recent,13,0.0
eval_sales_prospecting_1,sales_prospecting,oracle_online_union_oldest,1,0.0
eval_sales_prospecting_1,sales_prospecting,oracle_online_union_oldest,2,0.0
eval_sales_prospecting_1,sales_prospecting,oracle_online_union_oldest,3,0.0
eval_sales_prospecting_1,sales_prospecting,oracle_online_union_oldest,4,0.0
eval_sales_prospecting_1,sales_prospecting,oracle_online_union_oldest,5,0.0
eval_sales_prospecting_1,sales_prospecting,oracle_online_union_oldest,6,0.0
eval_sales_prospecting_1,sales_prospecting,oracle_online_union_oldest,7,0.0
eval_sales_prospecting_1,sales_prospecting,oracle_online_union_oldest,8,0.0
eval_sales_prospecting_1,sales_prospecting,oracle_online_union_oldest,9,0.0
eval_sales_prospecting_1,sales_prospecting,oracle_online_union_oldest,10,0.0
eval_sales_prospecting_1,sales_prospecting,oracle_online_union_oldest,11,0.0
eval_sales_prospecting_1,sales_prospecting,oracle_online_union_oldest,12,0.0
eval_sales_prospecting_1,sales_prospecting,oracle_online_union_oldest,13,0.0
eval_sales_prospecting_1,sales_prospecting,forbidden_person_identity_oracle,1,0.0
eval_sales_prospecting_1,sales_prospecting,forbidden_person_identity_oracle,2,0.0
eval_sales_prospecting_1,sales_prospecting,forbidden_person_identity_oracle,3,0.0
eval_sales_prospecting_1,sales_prospecting,forbidden_person_identity_oracle,4,0.0
eval_sales_prospecting_1,sales_prospecting,forbidden_person_identity_oracle,5,0.0
eval_sales_prospecting_1,sales_prospecting,forbidden_person_identity_oracle,6,0.0
eval_sales_prospecting_1,sales_prospecting,forbidden_person_identity_oracle,7,0.0
eval_sales_prospecting_1,sales_prospecting,forbidden_person_identity_oracle,8,0.0
eval_sales_prospecting_1,sales_prospecting,forbidden_person_identity_oracle,9,0.0
eval_sales_prospecting_1,sales_prospecting,forbidden_person_identity_oracle,10,0.0
eval_sales_prospecting_1,sales_prospecting,forbidden_person_identity_oracle,11,0.0
eval_sales_prospecting_1,sales_prospecting,forbidden_person_identity_oracle,12,0.0
eval_sales_prospecting_1,sales_prospecting,forbidden_person_identity_oracle,13,0.0
eval_sales_prospecting_1,sales_prospecting,three_day_buffer_then_freeze,1,0.47620924338483245
eval_sales_prospecting_1,sales_prospecting,three_day_buffer_then_freeze,2,0.47620924338483245
eval_sales_prospecting_1,sales_prospecting,three_day_buffer_then_freeze,3,0.47620924338483245
eval_sales_prospecting_1,sales_prospecting,three_day_buffer_then_freeze,4,0.47620924338483245
eval_sales_prospecting_1,sales_prospecting,three_day_buffer_then_freeze,5,0.47620924338483245
eval_sales_prospecting_1,sales_prospecting,three_day_buffer_then_freeze,6,0.47620924338483245
eval_sales_prospecting_1,sales_prospecting,three_day_buffer_then_freeze,7,0.47620924338483245
eval_sales_prospecting_1,sales_prospecting,three_day_buffer_then_freeze,8,0.47620924338483245
eval_sales_prospecting_1,sales_prospecting,three_day_buffer_then_freeze,9,0.47620924338483245
eval_sales_prospecting_1,sales_prospecting,three_day_buffer_then_freeze,10,0.47620924338483245
eval_sales_prospecting_1,sales_prospecting,three_day_buffer_then_freeze,11,0.47620924338483245
eval_sales_prospecting_1,sales_prospecting,three_day_buffer_then_freeze,12,0.47620924338483245
eval_sales_prospecting_1,sales_prospecting,three_day_buffer_then_freeze,13,0.47620924338483245
eval_sales_prospecting_1,sales_prospecting,full_flight_buffer_then_freeze,1,0.5861568756033549
eval_sales_prospecting_1,sales_prospecting,full_flight_buffer_then_freeze,2,0.5861568756033549
eval_sales_prospecting_1,sales_prospecting,full_flight_buffer_then_freeze,3,0.5861568756033549
eval_sales_prospecting_1,sales_prospecting,full_flight_buffer_then_freeze,4,0.5861568756033549
eval_sales_prospecting_1,sales_prospecting,full_flight_buffer_then_freeze,5,0.5861568756033549
eval_sales_prospecting_1,sales_prospecting,full_flight_buffer_then_freeze,6,0.5861568756033549
eval_sales_prospecting_1,sales_prospecting,full_flight_buffer_then_freeze,7,0.5861568756033549
eval_sales_prospecting_1,sales_prospecting,full_flight_buffer_then_freeze,8,0.5861568756033549
eval_sales_prospecting_1,sales_prospecting,full_flight_buffer_then_freeze,9,0.5861568756033549
eval_sales_prospecting_1,sales_prospecting,full_flight_buffer_then_freeze,10,0.5861568756033549
eval_sales_prospecting_1,sales_prospecting,full_flight_buffer_then_freeze,11,0.5861568756033549
eval_sales_prospecting_1,sales_prospecting,full_flight_buffer_then_freeze,12,0.5861568756033549
eval_sales_prospecting_1,sales_prospecting,full_flight_buffer_then_freeze,13,0.5861568756033549
eval_sales_prospecting_1,sales_prospecting,oracle_same_day_dial,1,0.41562499999999997
eval_sales_prospecting_1,sales_prospecting,oracle_same_day_dial,2,0.41562499999999997
eval_sales_prospecting_1,sales_prospecting,oracle_same_day_dial,3,0.41562499999999997
eval_sales_prospecting_1,sales_prospecting,oracle_same_day_dial,4,0.475
eval_sales_prospecting_1,sales_prospecting,oracle_same_day_dial,5,0.41562499999999997
eval_sales_prospecting_1,sales_prospecting,oracle_same_day_dial,6,0.475
eval_sales_prospecting_1,sales_prospecting,oracle_same_day_dial,7,0.475
eval_sales_prospecting_1,sales_prospecting,oracle_same_day_dial,8,0.5343749999999999
eval_sales_prospecting_1,sales_prospecting,oracle_same_day_dial,9,0.475
eval_sales_prospecting_1,sales_prospecting,oracle_same_day_dial,10,0.5343749999999999
eval_sales_prospecting_1,sales_prospecting,oracle_same_day_dial,11,0.5343749999999999
eval_sales_prospecting_1,sales_prospecting,oracle_same_day_dial,12,0.41562499999999997
eval_sales_prospecting_1,sales_prospecting,oracle_same_day_dial,13,0.5343749999999999
eval_website_retargeting_0,website_retargeting,fixed_model_line_pool,1,0.0
eval_website_retargeting_0,website_retargeting,fixed_model_line_pool,2,0.0
eval_website_retargeting_0,website_retargeting,fixed_model_line_pool,3,0.0
eval_website_retargeting_0,website_retargeting,fixed_model_line_pool,4,0.0
eval_website_retargeting_0,website_retargeting,fixed_model_line_pool,5,0.0
eval_website_retargeting_0,website_retargeting,fixed_model_line_pool,6,0.0
eval_website_retargeting_0,website_retargeting,fixed_model_line_pool,7,0.0
eval_website_retargeting_0,website_retargeting,fixed_model_line_pool,8,0.0
eval_website_retargeting_0,website_retargeting,fixed_model_line_pool,9,0.0
eval_website_retargeting_0,website_retargeting,fixed_model_line_pool,10,0.0
eval_website_retargeting_0,website_retargeting,fixed_model_line_pool,11,0.0
eval_website_retargeting_0,website_retargeting,fixed_model_line_pool,12,0.0
eval_website_retargeting_0,website_retargeting,fixed_model_line_pool,13,0.0
eval_website_retargeting_0,website_retargeting,context_and_scale_only_pool,1,0.8384178056155106
eval_website_retargeting_0,website_retargeting,context_and_scale_only_pool,2,0.8933006227184226
eval_website_retargeting_0,website_retargeting,context_and_scale_only_pool,3,0.9177141711446377
eval_website_retargeting_0,website_retargeting,context_and_scale_only_pool,4,0.9393432123524608
eval_website_retargeting_0,website_retargeting,context_and_scale_only_pool,5,0.95
eval_website_retargeting_0,website_retargeting,context_and_scale_only_pool,6,0.95
eval_website_retargeting_0,website_retargeting,context_and_scale_only_pool,7,0.95
eval_website_retargeting_0,website_retargeting,context_and_scale_only_pool,8,0.95
eval_website_retargeting_0,website_retargeting,context_and_scale_only_pool,9,0.95
eval_website_retargeting_0,website_retargeting,context_and_scale_only_pool,10,0.95
eval_website_retargeting_0,website_retargeting,context_and_scale_only_pool,11,0.95
eval_website_retargeting_0,website_retargeting,context_and_scale_only_pool,12,0.95
eval_website_retargeting_0,website_retargeting,context_and_scale_only_pool,13,0.95
eval_website_retargeting_0,website_retargeting,provider_blended_ordered_pool,1,0.8544539811439353
eval_website_retargeting_0,website_retargeting,provider_blended_ordered_pool,2,0.9023063066378714
eval_website_retargeting_0,website_retargeting,provider_blended_ordered_pool,3,0.9267913508903618
eval_website_retargeting_0,website_retargeting,provider_blended_ordered_pool,4,0.9304650705957098
eval_website_retargeting_0,website_retargeting,provider_blended_ordered_pool,5,0.9485895925090283
eval_website_retargeting_0,website_retargeting,provider_blended_ordered_pool,6,0.9486657761330949
eval_website_retargeting_0,website_retargeting,provider_blended_ordered_pool,7,0.95
eval_website_retargeting_0,website_retargeting,provider_blended_ordered_pool,8,0.95
eval_website_retargeting_0,website_retargeting,provider_blended_ordered_pool,9,0.95
eval_website_retargeting_0,website_retargeting,provider_blended_ordered_pool,10,0.95
eval_website_retargeting_0,website_retargeting,provider_blended_ordered_pool,11,0.95
eval_website_retargeting_0,website_retargeting,provider_blended_ordered_pool,12,0.95
eval_website_retargeting_0,website_retargeting,provider_blended_ordered_pool,13,0.95
eval_website_retargeting_0,website_retargeting,ordered_collision_resolved_overlap_pool,1,0.7358819085831907
eval_website_retargeting_0,website_retargeting,ordered_collision_resolved_overlap_pool,2,0.9459343811703651
eval_website_retargeting_0,website_retargeting,ordered_collision_resolved_overlap_pool,3,0.9378199576523953
eval_website_retargeting_0,website_retargeting,ordered_collision_resolved_overlap_pool,4,0.95
eval_website_retargeting_0,website_retargeting,ordered_collision_resolved_overlap_pool,5,0.9343923972566871
eval_website_retargeting_0,website_retargeting,ordered_collision_resolved_overlap_pool,6,0.95
eval_website_retargeting_0,website_retargeting,ordered_collision_resolved_overlap_pool,7,0.95
eval_website_retargeting_0,website_retargeting,ordered_collision_resolved_overlap_pool,8,0.95
eval_website_retargeting_0,website_retargeting,ordered_collision_resolved_overlap_pool,9,0.95
eval_website_retargeting_0,website_retargeting,ordered_collision_resolved_overlap_pool,10,0.95
eval_website_retargeting_0,website_retargeting,ordered_collision_resolved_overlap_pool,11,0.95
eval_website_retargeting_0,website_retargeting,ordered_collision_resolved_overlap_pool,12,0.95
eval_website_retargeting_0,website_retargeting,ordered_collision_resolved_overlap_pool,13,0.95
eval_website_retargeting_0,website_retargeting,fixed_marginal_overlap_atlas,1,0.24503692208356853
eval_website_retargeting_0,website_retargeting,fixed_marginal_overlap_atlas,2,0.38045542503338875
eval_website_retargeting_0,website_retargeting,fixed_marginal_overlap_atlas,3,0.46048022921481996
eval_website_retargeting_0,website_retargeting,fixed_marginal_overlap_atlas,4,0.5427011029516171
eval_website_retargeting_0,website_retargeting,fixed_marginal_overlap_atlas,5,0.5872557589528274
eval_website_retargeting_0,website_retargeting,fixed_marginal_overlap_atlas,6,0.6204246143952441
eval_website_retargeting_0,website_retargeting,fixed_marginal_overlap_atlas,7,0.6590836834248821
eval_website_retargeting_0,website_retargeting,fixed_marginal_overlap_atlas,8,0.7032711586086072
eval_website_retargeting_0,website_retargeting,fixed_marginal_overlap_atlas,9,0.7625414160265704
eval_website_retargeting_0,website_retargeting,fixed_marginal_overlap_atlas,10,0.8320626644538557
eval_website_retargeting_0,website_retargeting,fixed_marginal_overlap_atlas,11,0.8587897976736729
eval_website_retargeting_0,website_retargeting,fixed_marginal_overlap_atlas,12,0.8691917521953263
eval_website_retargeting_0,website_retargeting,fixed_marginal_overlap_atlas,13,0.8693084580515484
eval_website_retargeting_0,website_retargeting,pair_targeted_fixed_marginal_atlas,1,0.24503692208356853
eval_website_retargeting_0,website_retargeting,pair_targeted_fixed_marginal_atlas,2,0.38045542503338875
eval_website_retargeting_0,website_retargeting,pair_targeted_fixed_marginal_atlas,3,0.46048022921481996
eval_website_retargeting_0,website_retargeting,pair_targeted_fixed_marginal_atlas,4,0.5427011029516171
eval_website_retargeting_0,website_retargeting,pair_targeted_fixed_marginal_atlas,5,0.5872557589528274
eval_website_retargeting_0,website_retargeting,pair_targeted_fixed_marginal_atlas,6,0.6204246143952441
eval_website_retargeting_0,website_retargeting,pair_targeted_fixed_marginal_atlas,7,0.6590836834248821
eval_website_retargeting_0,website_retargeting,pair_targeted_fixed_marginal_atlas,8,0.7032711586086072
eval_website_retargeting_0,website_retargeting,pair_targeted_fixed_marginal_atlas,9,0.7625414160265704
eval_website_retargeting_0,website_retargeting,pair_targeted_fixed_marginal_atlas,10,0.8320626644538557
eval_website_retargeting_0,website_retargeting,pair_targeted_fixed_marginal_atlas,11,0.8587897976736729
eval_website_retargeting_0,website_retargeting,pair_targeted_fixed_marginal_atlas,12,0.8691917521953263
eval_website_retargeting_0,website_retargeting,pair_targeted_fixed_marginal_atlas,13,0.8693084580515484
eval_website_retargeting_0,website_retargeting,same_day_adaptive_pool,1,0.8675744883944645
eval_website_retargeting_0,website_retargeting,same_day_adaptive_pool,2,0.8491329588104893
eval_website_retargeting_0,website_retargeting,same_day_adaptive_pool,3,0.8750237112968887
eval_website_retargeting_0,website_retargeting,same_day_adaptive_pool,4,0.9107993941386656
eval_website_retargeting_0,website_retargeting,same_day_adaptive_pool,5,0.8682765298575355
eval_website_retargeting_0,website_retargeting,same_day_adaptive_pool,6,0.887625306691606
eval_website_retargeting_0,website_retargeting,same_day_adaptive_pool,7,0.8419653137912676
eval_website_retargeting_0,website_retargeting,same_day_adaptive_pool,8,0.8265812502795393
eval_website_retargeting_0,website_retargeting,same_day_adaptive_pool,9,0.8704370567926873
eval_website_retargeting_0,website_retargeting,same_day_adaptive_pool,10,0.9041467204624054
eval_website_retargeting_0,website_retargeting,same_day_adaptive_pool,11,0.9050724257934407
eval_website_retargeting_0,website_retargeting,same_day_adaptive_pool,12,0.8852022186879419
eval_website_retargeting_0,website_retargeting,same_day_adaptive_pool,13,0.8257674722927103
eval_website_retargeting_0,website_retargeting,cumulative_adaptive_pool,1,0.8675744883944645
eval_website_retargeting_0,website_retargeting,cumulative_adaptive_pool,2,0.9096745934810567
eval_website_retargeting_0,website_retargeting,cumulative_adaptive_pool,3,0.9342181343186813
eval_website_retargeting_0,website_retargeting,cumulative_adaptive_pool,4,0.9232011364310952
eval_website_retargeting_0,website_retargeting,cumulative_adaptive_pool,5,0.9474356227436878
eval_website_retargeting_0,website_retargeting,cumulative_adaptive_pool,6,0.9475741384238089
eval_website_retargeting_0,website_retargeting,cumulative_adaptive_pool,7,0.95
eval_website_retargeting_0,website_retargeting,cumulative_adaptive_pool,8,0.95
eval_website_retargeting_0,website_retargeting,cumulative_adaptive_pool,9,0.95
eval_website_retargeting_0,website_retargeting,cumulative_adaptive_pool,10,0.95
eval_website_retargeting_0,website_retargeting,cumulative_adaptive_pool,11,0.95
eval_website_retargeting_0,website_retargeting,cumulative_adaptive_pool,12,0.95
eval_website_retargeting_0,website_retargeting,cumulative_adaptive_pool,13,0.95
eval_website_retargeting_0,website_retargeting,quantized_hysteresis_pool,1,0.8500000000000001
eval_website_retargeting_0,website_retargeting,quantized_hysteresis_pool,2,0.8500000000000001
eval_website_retargeting_0,website_retargeting,quantized_hysteresis_pool,3,0.8500000000000001
eval_website_retargeting_0,website_retargeting,quantized_hysteresis_pool,4,0.8500000000000001
eval_website_retargeting_0,website_retargeting,quantized_hysteresis_pool,5,0.8500000000000001
eval_website_retargeting_0,website_retargeting,quantized_hysteresis_pool,6,0.95
eval_website_retargeting_0,website_retargeting,quantized_hysteresis_pool,7,0.95
eval_website_retargeting_0,website_retargeting,quantized_hysteresis_pool,8,0.95
eval_website_retargeting_0,website_retargeting,quantized_hysteresis_pool,9,0.95
eval_website_retargeting_0,website_retargeting,quantized_hysteresis_pool,10,0.95
eval_website_retargeting_0,website_retargeting,quantized_hysteresis_pool,11,0.95
eval_website_retargeting_0,website_retargeting,quantized_hysteresis_pool,12,0.95
eval_website_retargeting_0,website_retargeting,quantized_hysteresis_pool,13,0.95
eval_website_retargeting_0,website_retargeting,sticky_first_seen_pool,1,0.8675744883944645
eval_website_retargeting_0,website_retargeting,sticky_first_seen_pool,2,0.9096745934810567
eval_website_retargeting_0,website_retargeting,sticky_first_seen_pool,3,0.9342181343186813
eval_website_retargeting_0,website_retargeting,sticky_first_seen_pool,4,0.9232011364310952
eval_website_retargeting_0,website_retargeting,sticky_first_seen_pool,5,0.9474356227436878
eval_website_retargeting_0,website_retargeting,sticky_first_seen_pool,6,0.9475741384238089
eval_website_retargeting_0,website_retargeting,sticky_first_seen_pool,7,0.95
eval_website_retargeting_0,website_retargeting,sticky_first_seen_pool,8,0.95
eval_website_retargeting_0,website_retargeting,sticky_first_seen_pool,9,0.95
eval_website_retargeting_0,website_retargeting,sticky_first_seen_pool,10,0.95
eval_website_retargeting_0,website_retargeting,sticky_first_seen_pool,11,0.95
eval_website_retargeting_0,website_retargeting,sticky_first_seen_pool,12,0.95
eval_website_retargeting_0,website_retargeting,sticky_first_seen_pool,13,0.95
eval_website_retargeting_0,website_retargeting,ordered_memoized_rank_lattice,1,0.8500000000000001
eval_website_retargeting_0,website_retargeting,ordered_memoized_rank_lattice,2,0.8500000000000001
eval_website_retargeting_0,website_retargeting,ordered_memoized_rank_lattice,3,0.8500000000000001
eval_website_retargeting_0,website_retargeting,ordered_memoized_rank_lattice,4,0.8500000000000001
eval_website_retargeting_0,website_retargeting,ordered_memoized_rank_lattice,5,0.8500000000000001
eval_website_retargeting_0,website_retargeting,ordered_memoized_rank_lattice,6,0.95
eval_website_retargeting_0,website_retargeting,ordered_memoized_rank_lattice,7,0.95
eval_website_retargeting_0,website_retargeting,ordered_memoized_rank_lattice,8,0.95
eval_website_retargeting_0,website_retargeting,ordered_memoized_rank_lattice,9,0.95
eval_website_retargeting_0,website_retargeting,ordered_memoized_rank_lattice,10,0.95
eval_website_retargeting_0,website_retargeting,ordered_memoized_rank_lattice,11,0.95
eval_website_retargeting_0,website_retargeting,ordered_memoized_rank_lattice,12,0.95
eval_website_retargeting_0,website_retargeting,ordered_memoized_rank_lattice,13,0.95
eval_website_retargeting_0,website_retargeting,cohort_3_week_rank_lattice,1,0.8500000000000001
eval_website_retargeting_0,website_retargeting,cohort_3_week_rank_lattice,2,0.8500000000000001
eval_website_retargeting_0,website_retargeting,cohort_3_week_rank_lattice,3,0.8500000000000001
eval_website_retargeting_0,website_retargeting,cohort_3_week_rank_lattice,4,0.8500000000000001
eval_website_retargeting_0,website_retargeting,cohort_3_week_rank_lattice,5,0.8500000000000001
eval_website_retargeting_0,website_retargeting,cohort_3_week_rank_lattice,6,0.95
eval_website_retargeting_0,website_retargeting,cohort_3_week_rank_lattice,7,0.95
eval_website_retargeting_0,website_retargeting,cohort_3_week_rank_lattice,8,0.95
eval_website_retargeting_0,website_retargeting,cohort_3_week_rank_lattice,9,0.95
eval_website_retargeting_0,website_retargeting,cohort_3_week_rank_lattice,10,0.95
eval_website_retargeting_0,website_retargeting,cohort_3_week_rank_lattice,11,0.95
eval_website_retargeting_0,website_retargeting,cohort_3_week_rank_lattice,12,0.95
eval_website_retargeting_0,website_retargeting,cohort_3_week_rank_lattice,13,0.95
eval_website_retargeting_0,website_retargeting,oracle_online_venn_recent,1,0.0
eval_website_retargeting_0,website_retargeting,oracle_online_venn_recent,2,0.0
eval_website_retargeting_0,website_retargeting,oracle_online_venn_recent,3,0.0
eval_website_retargeting_0,website_retargeting,oracle_online_venn_recent,4,0.0
eval_website_retargeting_0,website_retargeting,oracle_online_venn_recent,5,0.0
eval_website_retargeting_0,website_retargeting,oracle_online_venn_recent,6,0.0
eval_website_retargeting_0,website_retargeting,oracle_online_venn_recent,7,0.0
eval_website_retargeting_0,website_retargeting,oracle_online_venn_recent,8,0.0
eval_website_retargeting_0,website_retargeting,oracle_online_venn_recent,9,0.0
eval_website_retargeting_0,website_retargeting,oracle_online_venn_recent,10,0.0
eval_website_retargeting_0,website_retargeting,oracle_online_venn_recent,11,0.0
eval_website_retargeting_0,website_retargeting,oracle_online_venn_recent,12,0.0
eval_website_retargeting_0,website_retargeting,oracle_online_venn_recent,13,0.0
eval_website_retargeting_0,website_retargeting,oracle_online_venn_oldest,1,0.0
eval_website_retargeting_0,website_retargeting,oracle_online_venn_oldest,2,0.0
eval_website_retargeting_0,website_retargeting,oracle_online_venn_oldest,3,0.0
eval_website_retargeting_0,website_retargeting,oracle_online_venn_oldest,4,0.0
eval_website_retargeting_0,website_retargeting,oracle_online_venn_oldest,5,0.0
eval_website_retargeting_0,website_retargeting,oracle_online_venn_oldest,6,0.0
eval_website_retargeting_0,website_retargeting,oracle_online_venn_oldest,7,0.0
eval_website_retargeting_0,website_retargeting,oracle_online_venn_oldest,8,0.0
eval_website_retargeting_0,website_retargeting,oracle_online_venn_oldest,9,0.0
eval_website_retargeting_0,website_retargeting,oracle_online_venn_oldest,10,0.0
eval_website_retargeting_0,website_retargeting,oracle_online_venn_oldest,11,0.0
eval_website_retargeting_0,website_retargeting,oracle_online_venn_oldest,12,0.0
eval_website_retargeting_0,website_retargeting,oracle_online_venn_oldest,13,0.0
eval_website_retargeting_0,website_retargeting,oracle_online_union_recent,1,0.0
eval_website_retargeting_0,website_retargeting,oracle_online_union_recent,2,0.0
eval_website_retargeting_0,website_retargeting,oracle_online_union_recent,3,0.0
eval_website_retargeting_0,website_retargeting,oracle_online_union_recent,4,0.0
eval_website_retargeting_0,website_retargeting,oracle_online_union_recent,5,0.0
eval_website_retargeting_0,website_retargeting,oracle_online_union_recent,6,0.0
eval_website_retargeting_0,website_retargeting,oracle_online_union_recent,7,0.0
eval_website_retargeting_0,website_retargeting,oracle_online_union_recent,8,0.0
eval_website_retargeting_0,website_retargeting,oracle_online_union_recent,9,0.0
eval_website_retargeting_0,website_retargeting,oracle_online_union_recent,10,0.0
eval_website_retargeting_0,website_retargeting,oracle_online_union_recent,11,0.0
eval_website_retargeting_0,website_retargeting,oracle_online_union_recent,12,0.0
eval_website_retargeting_0,website_retargeting,oracle_online_union_recent,13,0.0
eval_website_retargeting_0,website_retargeting,oracle_online_union_oldest,1,0.0
eval_website_retargeting_0,website_retargeting,oracle_online_union_oldest,2,0.0
eval_website_retargeting_0,website_retargeting,oracle_online_union_oldest,3,0.0
eval_website_retargeting_0,website_retargeting,oracle_online_union_oldest,4,0.0
eval_website_retargeting_0,website_retargeting,oracle_online_union_oldest,5,0.0
eval_website_retargeting_0,website_retargeting,oracle_online_union_oldest,6,0.0
eval_website_retargeting_0,website_retargeting,oracle_online_union_oldest,7,0.0
eval_website_retargeting_0,website_retargeting,oracle_online_union_oldest,8,0.0
eval_website_retargeting_0,website_retargeting,oracle_online_union_oldest,9,0.0
eval_website_retargeting_0,website_retargeting,oracle_online_union_oldest,10,0.0
eval_website_retargeting_0,website_retargeting,oracle_online_union_oldest,11,0.0
eval_website_retargeting_0,website_retargeting,oracle_online_union_oldest,12,0.0
eval_website_retargeting_0,website_retargeting,oracle_online_union_oldest,13,0.0
eval_website_retargeting_0,website_retargeting,forbidden_person_identity_oracle,1,0.0
eval_website_retargeting_0,website_retargeting,forbidden_person_identity_oracle,2,0.0
eval_website_retargeting_0,website_retargeting,forbidden_person_identity_oracle,3,0.0
eval_website_retargeting_0,website_retargeting,forbidden_person_identity_oracle,4,0.0
eval_website_retargeting_0,website_retargeting,forbidden_person_identity_oracle,5,0.0
eval_website_retargeting_0,website_retargeting,forbidden_person_identity_oracle,6,0.0
eval_website_retargeting_0,website_retargeting,forbidden_person_identity_oracle,7,0.0
eval_website_retargeting_0,website_retargeting,forbidden_person_identity_oracle,8,0.0
eval_website_retargeting_0,website_retargeting,forbidden_person_identity_oracle,9,0.0
eval_website_retargeting_0,website_retargeting,forbidden_person_identity_oracle,10,0.0
eval_website_retargeting_0,website_retargeting,forbidden_person_identity_oracle,11,0.0
eval_website_retargeting_0,website_retargeting,forbidden_person_identity_oracle,12,0.0
eval_website_retargeting_0,website_retargeting,forbidden_person_identity_oracle,13,0.0
eval_website_retargeting_0,website_retargeting,three_day_buffer_then_freeze,1,0.9342181343186813
eval_website_retargeting_0,website_retargeting,three_day_buffer_then_freeze,2,0.9342181343186813
eval_website_retargeting_0,website_retargeting,three_day_buffer_then_freeze,3,0.9342181343186813
eval_website_retargeting_0,website_retargeting,three_day_buffer_then_freeze,4,0.9342181343186813
eval_website_retargeting_0,website_retargeting,three_day_buffer_then_freeze,5,0.9342181343186813
eval_website_retargeting_0,website_retargeting,three_day_buffer_then_freeze,6,0.9342181343186813
eval_website_retargeting_0,website_retargeting,three_day_buffer_then_freeze,7,0.9342181343186813
eval_website_retargeting_0,website_retargeting,three_day_buffer_then_freeze,8,0.9342181343186813
eval_website_retargeting_0,website_retargeting,three_day_buffer_then_freeze,9,0.9342181343186813
eval_website_retargeting_0,website_retargeting,three_day_buffer_then_freeze,10,0.9342181343186813
eval_website_retargeting_0,website_retargeting,three_day_buffer_then_freeze,11,0.9342181343186813
eval_website_retargeting_0,website_retargeting,three_day_buffer_then_freeze,12,0.9342181343186813
eval_website_retargeting_0,website_retargeting,three_day_buffer_then_freeze,13,0.9342181343186813
eval_website_retargeting_0,website_retargeting,full_flight_buffer_then_freeze,1,0.95
eval_website_retargeting_0,website_retargeting,full_flight_buffer_then_freeze,2,0.95
eval_website_retargeting_0,website_retargeting,full_flight_buffer_then_freeze,3,0.95
eval_website_retargeting_0,website_retargeting,full_flight_buffer_then_freeze,4,0.95
eval_website_retargeting_0,website_retargeting,full_flight_buffer_then_freeze,5,0.95
eval_website_retargeting_0,website_retargeting,full_flight_buffer_then_freeze,6,0.95
eval_website_retargeting_0,website_retargeting,full_flight_buffer_then_freeze,7,0.95
eval_website_retargeting_0,website_retargeting,full_flight_buffer_then_freeze,8,0.95
eval_website_retargeting_0,website_retargeting,full_flight_buffer_then_freeze,9,0.95
eval_website_retargeting_0,website_retargeting,full_flight_buffer_then_freeze,10,0.95
eval_website_retargeting_0,website_retargeting,full_flight_buffer_then_freeze,11,0.95
eval_website_retargeting_0,website_retargeting,full_flight_buffer_then_freeze,12,0.95
eval_website_retargeting_0,website_retargeting,full_flight_buffer_then_freeze,13,0.95
eval_website_retargeting_0,website_retargeting,oracle_same_day_dial,1,0.95
eval_website_retargeting_0,website_retargeting,oracle_same_day_dial,2,0.95
eval_website_retargeting_0,website_retargeting,oracle_same_day_dial,3,0.771875
eval_website_retargeting_0,website_retargeting,oracle_same_day_dial,4,0.95
eval_website_retargeting_0,website_retargeting,oracle_same_day_dial,5,0.95
eval_website_retargeting_0,website_retargeting,oracle_same_day_dial,6,0.95
eval_website_retargeting_0,website_retargeting,oracle_same_day_dial,7,0.95
eval_website_retargeting_0,website_retargeting,oracle_same_day_dial,8,0.890625
eval_website_retargeting_0,website_retargeting,oracle_same_day_dial,9,0.95
eval_website_retargeting_0,website_retargeting,oracle_same_day_dial,10,0.95
eval_website_retargeting_0,website_retargeting,oracle_same_day_dial,11,0.95
eval_website_retargeting_0,website_retargeting,oracle_same_day_dial,12,0.95
eval_website_retargeting_0,website_retargeting,oracle_same_day_dial,13,0.890625
eval_website_retargeting_1,website_retargeting,fixed_model_line_pool,1,0.0
eval_website_retargeting_1,website_retargeting,fixed_model_line_pool,2,0.0
eval_website_retargeting_1,website_retargeting,fixed_model_line_pool,3,0.0
eval_website_retargeting_1,website_retargeting,fixed_model_line_pool,4,0.0
eval_website_retargeting_1,website_retargeting,fixed_model_line_pool,5,0.0
eval_website_retargeting_1,website_retargeting,fixed_model_line_pool,6,0.0
eval_website_retargeting_1,website_retargeting,fixed_model_line_pool,7,0.0
eval_website_retargeting_1,website_retargeting,fixed_model_line_pool,8,0.0
eval_website_retargeting_1,website_retargeting,fixed_model_line_pool,9,0.0
eval_website_retargeting_1,website_retargeting,fixed_model_line_pool,10,0.0
eval_website_retargeting_1,website_retargeting,fixed_model_line_pool,11,0.0
eval_website_retargeting_1,website_retargeting,fixed_model_line_pool,12,0.0
eval_website_retargeting_1,website_retargeting,fixed_model_line_pool,13,0.0
eval_website_retargeting_1,website_retargeting,context_and_scale_only_pool,1,0.8077066357707123
eval_website_retargeting_1,website_retargeting,context_and_scale_only_pool,2,0.8609511664437092
eval_website_retargeting_1,website_retargeting,context_and_scale_only_pool,3,0.8910564335926533
eval_website_retargeting_1,website_retargeting,context_and_scale_only_pool,4,0.9120154744441713
eval_website_retargeting_1,website_retargeting,context_and_scale_only_pool,5,0.9336774344576109
eval_website_retargeting_1,website_retargeting,context_and_scale_only_pool,6,0.9476543057993163
eval_website_retargeting_1,website_retargeting,context_and_scale_only_pool,7,0.95
eval_website_retargeting_1,website_retargeting,context_and_scale_only_pool,8,0.95
eval_website_retargeting_1,website_retargeting,context_and_scale_only_pool,9,0.95
eval_website_retargeting_1,website_retargeting,context_and_scale_only_pool,10,0.95
eval_website_retargeting_1,website_retargeting,context_and_scale_only_pool,11,0.95
eval_website_retargeting_1,website_retargeting,context_and_scale_only_pool,12,0.95
eval_website_retargeting_1,website_retargeting,context_and_scale_only_pool,13,0.95
eval_website_retargeting_1,website_retargeting,provider_blended_ordered_pool,1,0.8112946006350408
eval_website_retargeting_1,website_retargeting,provider_blended_ordered_pool,2,0.880932196356784
eval_website_retargeting_1,website_retargeting,provider_blended_ordered_pool,3,0.9226671610450167
eval_website_retargeting_1,website_retargeting,provider_blended_ordered_pool,4,0.932906963499877
eval_website_retargeting_1,website_retargeting,provider_blended_ordered_pool,5,0.9279960368705455
eval_website_retargeting_1,website_retargeting,provider_blended_ordered_pool,6,0.9371509215651641
eval_website_retargeting_1,website_retargeting,provider_blended_ordered_pool,7,0.9495024998828677
eval_website_retargeting_1,website_retargeting,provider_blended_ordered_pool,8,0.95
eval_website_retargeting_1,website_retargeting,provider_blended_ordered_pool,9,0.95
eval_website_retargeting_1,website_retargeting,provider_blended_ordered_pool,10,0.95
eval_website_retargeting_1,website_retargeting,provider_blended_ordered_pool,11,0.95
eval_website_retargeting_1,website_retargeting,provider_blended_ordered_pool,12,0.95
eval_website_retargeting_1,website_retargeting,provider_blended_ordered_pool,13,0.95
eval_website_retargeting_1,website_retargeting,ordered_collision_resolved_overlap_pool,1,0.48581332831498014
eval_website_retargeting_1,website_retargeting,ordered_collision_resolved_overlap_pool,2,0.86686099304863
eval_website_retargeting_1,website_retargeting,ordered_collision_resolved_overlap_pool,3,0.9118684917599899
eval_website_retargeting_1,website_retargeting,ordered_collision_resolved_overlap_pool,4,0.95
eval_website_retargeting_1,website_retargeting,ordered_collision_resolved_overlap_pool,5,0.95
eval_website_retargeting_1,website_retargeting,ordered_collision_resolved_overlap_pool,6,0.95
eval_website_retargeting_1,website_retargeting,ordered_collision_resolved_overlap_pool,7,0.95
eval_website_retargeting_1,website_retargeting,ordered_collision_resolved_overlap_pool,8,0.95
eval_website_retargeting_1,website_retargeting,ordered_collision_resolved_overlap_pool,9,0.95
eval_website_retargeting_1,website_retargeting,ordered_collision_resolved_overlap_pool,10,0.95
eval_website_retargeting_1,website_retargeting,ordered_collision_resolved_overlap_pool,11,0.95
eval_website_retargeting_1,website_retargeting,ordered_collision_resolved_overlap_pool,12,0.95
eval_website_retargeting_1,website_retargeting,ordered_collision_resolved_overlap_pool,13,0.95
eval_website_retargeting_1,website_retargeting,fixed_marginal_overlap_atlas,1,0.1851402009341523
eval_website_retargeting_1,website_retargeting,fixed_marginal_overlap_atlas,2,0.3424436444670309
eval_website_retargeting_1,website_retargeting,fixed_marginal_overlap_atlas,3,0.49309573492380404
eval_website_retargeting_1,website_retargeting,fixed_marginal_overlap_atlas,4,0.5421459618321308
eval_website_retargeting_1,website_retargeting,fixed_marginal_overlap_atlas,5,0.5597869725707869
eval_website_retargeting_1,website_retargeting,fixed_marginal_overlap_atlas,6,0.5970627736391817
eval_website_retargeting_1,website_retargeting,fixed_marginal_overlap_atlas,7,0.6366802032431157
eval_website_retargeting_1,website_retargeting,fixed_marginal_overlap_atlas,8,0.6812952784882369
eval_website_retargeting_1,website_retargeting,fixed_marginal_overlap_atlas,9,0.729787679093147
eval_website_retargeting_1,website_retargeting,fixed_marginal_overlap_atlas,10,0.7428064332661732
eval_website_retargeting_1,website_retargeting,fixed_marginal_overlap_atlas,11,0.767926946355488
eval_website_retargeting_1,website_retargeting,fixed_marginal_overlap_atlas,12,0.7949293325833541
eval_website_retargeting_1,website_retargeting,fixed_marginal_overlap_atlas,13,0.8538761295745703
eval_website_retargeting_1,website_retargeting,pair_targeted_fixed_marginal_atlas,1,0.1851402009341523
eval_website_retargeting_1,website_retargeting,pair_targeted_fixed_marginal_atlas,2,0.3424436444670309
eval_website_retargeting_1,website_retargeting,pair_targeted_fixed_marginal_atlas,3,0.49309573492380404
eval_website_retargeting_1,website_retargeting,pair_targeted_fixed_marginal_atlas,4,0.5421459618321308
eval_website_retargeting_1,website_retargeting,pair_targeted_fixed_marginal_atlas,5,0.5597869725707869
eval_website_retargeting_1,website_retargeting,pair_targeted_fixed_marginal_atlas,6,0.5970627736391817
eval_website_retargeting_1,website_retargeting,pair_targeted_fixed_marginal_atlas,7,0.6366802032431157
eval_website_retargeting_1,website_retargeting,pair_targeted_fixed_marginal_atlas,8,0.6812952784882369
eval_website_retargeting_1,website_retargeting,pair_targeted_fixed_marginal_atlas,9,0.729787679093147
eval_website_retargeting_1,website_retargeting,pair_targeted_fixed_marginal_atlas,10,0.7428064332661732
eval_website_retargeting_1,website_retargeting,pair_targeted_fixed_marginal_atlas,11,0.767926946355488
eval_website_retargeting_1,website_retargeting,pair_targeted_fixed_marginal_atlas,12,0.7949293325833541
eval_website_retargeting_1,website_retargeting,pair_targeted_fixed_marginal_atlas,13,0.8538761295745703
eval_website_retargeting_1,website_retargeting,same_day_adaptive_pool,1,0.8142302082513093
eval_website_retargeting_1,website_retargeting,same_day_adaptive_pool,2,0.8415711025602055
eval_website_retargeting_1,website_retargeting,same_day_adaptive_pool,3,0.8340992448436162
eval_website_retargeting_1,website_retargeting,same_day_adaptive_pool,4,0.8827063106925237
eval_website_retargeting_1,website_retargeting,same_day_adaptive_pool,5,0.88090103983511
eval_website_retargeting_1,website_retargeting,same_day_adaptive_pool,6,0.8794466411543409
eval_website_retargeting_1,website_retargeting,same_day_adaptive_pool,7,0.836720547874285
eval_website_retargeting_1,website_retargeting,same_day_adaptive_pool,8,0.8571031213560296
eval_website_retargeting_1,website_retargeting,same_day_adaptive_pool,9,0.8381232482326944
eval_website_retargeting_1,website_retargeting,same_day_adaptive_pool,10,0.8769189944686854
eval_website_retargeting_1,website_retargeting,same_day_adaptive_pool,11,0.8640616426122774
eval_website_retargeting_1,website_retargeting,same_day_adaptive_pool,12,0.9409644207755254
eval_website_retargeting_1,website_retargeting,same_day_adaptive_pool,13,0.95
eval_website_retargeting_1,website_retargeting,cumulative_adaptive_pool,1,0.8142302082513093
eval_website_retargeting_1,website_retargeting,cumulative_adaptive_pool,2,0.8972803117402086
eval_website_retargeting_1,website_retargeting,cumulative_adaptive_pool,3,0.9485304835060411
eval_website_retargeting_1,website_retargeting,cumulative_adaptive_pool,4,0.95
eval_website_retargeting_1,website_retargeting,cumulative_adaptive_pool,5,0.9233476206629466
eval_website_retargeting_1,website_retargeting,cumulative_adaptive_pool,6,0.928557243555403
eval_website_retargeting_1,website_retargeting,cumulative_adaptive_pool,7,0.9490954543324868
eval_website_retargeting_1,website_retargeting,cumulative_adaptive_pool,8,0.95
eval_website_retargeting_1,website_retargeting,cumulative_adaptive_pool,9,0.95
eval_website_retargeting_1,website_retargeting,cumulative_adaptive_pool,10,0.95
eval_website_retargeting_1,website_retargeting,cumulative_adaptive_pool,11,0.95
eval_website_retargeting_1,website_retargeting,cumulative_adaptive_pool,12,0.95
eval_website_retargeting_1,website_retargeting,cumulative_adaptive_pool,13,0.95
eval_website_retargeting_1,website_retargeting,quantized_hysteresis_pool,1,0.8
eval_website_retargeting_1,website_retargeting,quantized_hysteresis_pool,2,0.8
eval_website_retargeting_1,website_retargeting,quantized_hysteresis_pool,3,0.9
eval_website_retargeting_1,website_retargeting,quantized_hysteresis_pool,4,0.9
eval_website_retargeting_1,website_retargeting,quantized_hysteresis_pool,5,0.9
eval_website_retargeting_1,website_retargeting,quantized_hysteresis_pool,6,0.9
eval_website_retargeting_1,website_retargeting,quantized_hysteresis_pool,7,0.9
eval_website_retargeting_1,website_retargeting,quantized_hysteresis_pool,8,0.9
eval_website_retargeting_1,website_retargeting,quantized_hysteresis_pool,9,0.9
eval_website_retargeting_1,website_retargeting,quantized_hysteresis_pool,10,0.9
eval_website_retargeting_1,website_retargeting,quantized_hysteresis_pool,11,0.9
eval_website_retargeting_1,website_retargeting,quantized_hysteresis_pool,12,0.9
eval_website_retargeting_1,website_retargeting,quantized_hysteresis_pool,13,0.9
eval_website_retargeting_1,website_retargeting,sticky_first_seen_pool,1,0.8142302082513093
eval_website_retargeting_1,website_retargeting,sticky_first_seen_pool,2,0.8972803117402086
eval_website_retargeting_1,website_retargeting,sticky_first_seen_pool,3,0.9485304835060411
eval_website_retargeting_1,website_retargeting,sticky_first_seen_pool,4,0.95
eval_website_retargeting_1,website_retargeting,sticky_first_seen_pool,5,0.9233476206629466
eval_website_retargeting_1,website_retargeting,sticky_first_seen_pool,6,0.928557243555403
eval_website_retargeting_1,website_retargeting,sticky_first_seen_pool,7,0.9490954543324868
eval_website_retargeting_1,website_retargeting,sticky_first_seen_pool,8,0.95
eval_website_retargeting_1,website_retargeting,sticky_first_seen_pool,9,0.95
eval_website_retargeting_1,website_retargeting,sticky_first_seen_pool,10,0.95
eval_website_retargeting_1,website_retargeting,sticky_first_seen_pool,11,0.95
eval_website_retargeting_1,website_retargeting,sticky_first_seen_pool,12,0.95
eval_website_retargeting_1,website_retargeting,sticky_first_seen_pool,13,0.95
eval_website_retargeting_1,website_retargeting,ordered_memoized_rank_lattice,1,0.8
eval_website_retargeting_1,website_retargeting,ordered_memoized_rank_lattice,2,0.8
eval_website_retargeting_1,website_retargeting,ordered_memoized_rank_lattice,3,0.9
eval_website_retargeting_1,website_retargeting,ordered_memoized_rank_lattice,4,0.9
eval_website_retargeting_1,website_retargeting,ordered_memoized_rank_lattice,5,0.9
eval_website_retargeting_1,website_retargeting,ordered_memoized_rank_lattice,6,0.9
eval_website_retargeting_1,website_retargeting,ordered_memoized_rank_lattice,7,0.9
eval_website_retargeting_1,website_retargeting,ordered_memoized_rank_lattice,8,0.9
eval_website_retargeting_1,website_retargeting,ordered_memoized_rank_lattice,9,0.9
eval_website_retargeting_1,website_retargeting,ordered_memoized_rank_lattice,10,0.9
eval_website_retargeting_1,website_retargeting,ordered_memoized_rank_lattice,11,0.9
eval_website_retargeting_1,website_retargeting,ordered_memoized_rank_lattice,12,0.9
eval_website_retargeting_1,website_retargeting,ordered_memoized_rank_lattice,13,0.9
eval_website_retargeting_1,website_retargeting,cohort_3_week_rank_lattice,1,0.8
eval_website_retargeting_1,website_retargeting,cohort_3_week_rank_lattice,2,0.8
eval_website_retargeting_1,website_retargeting,cohort_3_week_rank_lattice,3,0.9
eval_website_retargeting_1,website_retargeting,cohort_3_week_rank_lattice,4,0.9
eval_website_retargeting_1,website_retargeting,cohort_3_week_rank_lattice,5,0.9
eval_website_retargeting_1,website_retargeting,cohort_3_week_rank_lattice,6,0.9
eval_website_retargeting_1,website_retargeting,cohort_3_week_rank_lattice,7,0.9
eval_website_retargeting_1,website_retargeting,cohort_3_week_rank_lattice,8,0.9
eval_website_retargeting_1,website_retargeting,cohort_3_week_rank_lattice,9,0.9
eval_website_retargeting_1,website_retargeting,cohort_3_week_rank_lattice,10,0.9
eval_website_retargeting_1,website_retargeting,cohort_3_week_rank_lattice,11,0.9
eval_website_retargeting_1,website_retargeting,cohort_3_week_rank_lattice,12,0.9
eval_website_retargeting_1,website_retargeting,cohort_3_week_rank_lattice,13,0.9
eval_website_retargeting_1,website_retargeting,oracle_online_venn_recent,1,0.0
eval_website_retargeting_1,website_retargeting,oracle_online_venn_recent,2,0.0
eval_website_retargeting_1,website_retargeting,oracle_online_venn_recent,3,0.0
eval_website_retargeting_1,website_retargeting,oracle_online_venn_recent,4,0.0
eval_website_retargeting_1,website_retargeting,oracle_online_venn_recent,5,0.0
eval_website_retargeting_1,website_retargeting,oracle_online_venn_recent,6,0.0
eval_website_retargeting_1,website_retargeting,oracle_online_venn_recent,7,0.0
eval_website_retargeting_1,website_retargeting,oracle_online_venn_recent,8,0.0
eval_website_retargeting_1,website_retargeting,oracle_online_venn_recent,9,0.0
eval_website_retargeting_1,website_retargeting,oracle_online_venn_recent,10,0.0
eval_website_retargeting_1,website_retargeting,oracle_online_venn_recent,11,0.0
eval_website_retargeting_1,website_retargeting,oracle_online_venn_recent,12,0.0
eval_website_retargeting_1,website_retargeting,oracle_online_venn_recent,13,0.0
eval_website_retargeting_1,website_retargeting,oracle_online_venn_oldest,1,0.0
eval_website_retargeting_1,website_retargeting,oracle_online_venn_oldest,2,0.0
eval_website_retargeting_1,website_retargeting,oracle_online_venn_oldest,3,0.0
eval_website_retargeting_1,website_retargeting,oracle_online_venn_oldest,4,0.0
eval_website_retargeting_1,website_retargeting,oracle_online_venn_oldest,5,0.0
eval_website_retargeting_1,website_retargeting,oracle_online_venn_oldest,6,0.0
eval_website_retargeting_1,website_retargeting,oracle_online_venn_oldest,7,0.0
eval_website_retargeting_1,website_retargeting,oracle_online_venn_oldest,8,0.0
eval_website_retargeting_1,website_retargeting,oracle_online_venn_oldest,9,0.0
eval_website_retargeting_1,website_retargeting,oracle_online_venn_oldest,10,0.0
eval_website_retargeting_1,website_retargeting,oracle_online_venn_oldest,11,0.0
eval_website_retargeting_1,website_retargeting,oracle_online_venn_oldest,12,0.0
eval_website_retargeting_1,website_retargeting,oracle_online_venn_oldest,13,0.0
eval_website_retargeting_1,website_retargeting,oracle_online_union_recent,1,0.0
eval_website_retargeting_1,website_retargeting,oracle_online_union_recent,2,0.0
eval_website_retargeting_1,website_retargeting,oracle_online_union_recent,3,0.0
eval_website_retargeting_1,website_retargeting,oracle_online_union_recent,4,0.0
eval_website_retargeting_1,website_retargeting,oracle_online_union_recent,5,0.0
eval_website_retargeting_1,website_retargeting,oracle_online_union_recent,6,0.0
eval_website_retargeting_1,website_retargeting,oracle_online_union_recent,7,0.0
eval_website_retargeting_1,website_retargeting,oracle_online_union_recent,8,0.0
eval_website_retargeting_1,website_retargeting,oracle_online_union_recent,9,0.0
eval_website_retargeting_1,website_retargeting,oracle_online_union_recent,10,0.0
eval_website_retargeting_1,website_retargeting,oracle_online_union_recent,11,0.0
eval_website_retargeting_1,website_retargeting,oracle_online_union_recent,12,0.0
eval_website_retargeting_1,website_retargeting,oracle_online_union_recent,13,0.0
eval_website_retargeting_1,website_retargeting,oracle_online_union_oldest,1,0.0
eval_website_retargeting_1,website_retargeting,oracle_online_union_oldest,2,0.0
eval_website_retargeting_1,website_retargeting,oracle_online_union_oldest,3,0.0
eval_website_retargeting_1,website_retargeting,oracle_online_union_oldest,4,0.0
eval_website_retargeting_1,website_retargeting,oracle_online_union_oldest,5,0.0
eval_website_retargeting_1,website_retargeting,oracle_online_union_oldest,6,0.0
eval_website_retargeting_1,website_retargeting,oracle_online_union_oldest,7,0.0
eval_website_retargeting_1,website_retargeting,oracle_online_union_oldest,8,0.0
eval_website_retargeting_1,website_retargeting,oracle_online_union_oldest,9,0.0
eval_website_retargeting_1,website_retargeting,oracle_online_union_oldest,10,0.0
eval_website_retargeting_1,website_retargeting,oracle_online_union_oldest,11,0.0
eval_website_retargeting_1,website_retargeting,oracle_online_union_oldest,12,0.0
eval_website_retargeting_1,website_retargeting,oracle_online_union_oldest,13,0.0
eval_website_retargeting_1,website_retargeting,forbidden_person_identity_oracle,1,0.0
eval_website_retargeting_1,website_retargeting,forbidden_person_identity_oracle,2,0.0
eval_website_retargeting_1,website_retargeting,forbidden_person_identity_oracle,3,0.0
eval_website_retargeting_1,website_retargeting,forbidden_person_identity_oracle,4,0.0
eval_website_retargeting_1,website_retargeting,forbidden_person_identity_oracle,5,0.0
eval_website_retargeting_1,website_retargeting,forbidden_person_identity_oracle,6,0.0
eval_website_retargeting_1,website_retargeting,forbidden_person_identity_oracle,7,0.0
eval_website_retargeting_1,website_retargeting,forbidden_person_identity_oracle,8,0.0
eval_website_retargeting_1,website_retargeting,forbidden_person_identity_oracle,9,0.0
eval_website_retargeting_1,website_retargeting,forbidden_person_identity_oracle,10,0.0
eval_website_retargeting_1,website_retargeting,forbidden_person_identity_oracle,11,0.0
eval_website_retargeting_1,website_retargeting,forbidden_person_identity_oracle,12,0.0
eval_website_retargeting_1,website_retargeting,forbidden_person_identity_oracle,13,0.0
eval_website_retargeting_1,website_retargeting,three_day_buffer_then_freeze,1,0.9485304835060411
eval_website_retargeting_1,website_retargeting,three_day_buffer_then_freeze,2,0.9485304835060411
eval_website_retargeting_1,website_retargeting,three_day_buffer_then_freeze,3,0.9485304835060411
eval_website_retargeting_1,website_retargeting,three_day_buffer_then_freeze,4,0.9485304835060411
eval_website_retargeting_1,website_retargeting,three_day_buffer_then_freeze,5,0.9485304835060411
eval_website_retargeting_1,website_retargeting,three_day_buffer_then_freeze,6,0.9485304835060411
eval_website_retargeting_1,website_retargeting,three_day_buffer_then_freeze,7,0.9485304835060411
eval_website_retargeting_1,website_retargeting,three_day_buffer_then_freeze,8,0.9485304835060411
eval_website_retargeting_1,website_retargeting,three_day_buffer_then_freeze,9,0.9485304835060411
eval_website_retargeting_1,website_retargeting,three_day_buffer_then_freeze,10,0.9485304835060411
eval_website_retargeting_1,website_retargeting,three_day_buffer_then_freeze,11,0.9485304835060411
eval_website_retargeting_1,website_retargeting,three_day_buffer_then_freeze,12,0.9485304835060411
eval_website_retargeting_1,website_retargeting,three_day_buffer_then_freeze,13,0.9485304835060411
eval_website_retargeting_1,website_retargeting,full_flight_buffer_then_freeze,1,0.95
eval_website_retargeting_1,website_retargeting,full_flight_buffer_then_freeze,2,0.95
eval_website_retargeting_1,website_retargeting,full_flight_buffer_then_freeze,3,0.95
eval_website_retargeting_1,website_retargeting,full_flight_buffer_then_freeze,4,0.95
eval_website_retargeting_1,website_retargeting,full_flight_buffer_then_freeze,5,0.95
eval_website_retargeting_1,website_retargeting,full_flight_buffer_then_freeze,6,0.95
eval_website_retargeting_1,website_retargeting,full_flight_buffer_then_freeze,7,0.95
eval_website_retargeting_1,website_retargeting,full_flight_buffer_then_freeze,8,0.95
eval_website_retargeting_1,website_retargeting,full_flight_buffer_then_freeze,9,0.95
eval_website_retargeting_1,website_retargeting,full_flight_buffer_then_freeze,10,0.95
eval_website_retargeting_1,website_retargeting,full_flight_buffer_then_freeze,11,0.95
eval_website_retargeting_1,website_retargeting,full_flight_buffer_then_freeze,12,0.95
eval_website_retargeting_1,website_retargeting,full_flight_buffer_then_freeze,13,0.95
eval_website_retargeting_1,website_retargeting,oracle_same_day_dial,1,0.8312499999999999
eval_website_retargeting_1,website_retargeting,oracle_same_day_dial,2,0.95
eval_website_retargeting_1,website_retargeting,oracle_same_day_dial,3,0.95
eval_website_retargeting_1,website_retargeting,oracle_same_day_dial,4,0.7124999999999999
eval_website_retargeting_1,website_retargeting,oracle_same_day_dial,5,0.95
eval_website_retargeting_1,website_retargeting,oracle_same_day_dial,6,0.95
eval_website_retargeting_1,website_retargeting,oracle_same_day_dial,7,0.890625
eval_website_retargeting_1,website_retargeting,oracle_same_day_dial,8,0.95
eval_website_retargeting_1,website_retargeting,oracle_same_day_dial,9,0.95
eval_website_retargeting_1,website_retargeting,oracle_same_day_dial,10,0.95
eval_website_retargeting_1,website_retargeting,oracle_same_day_dial,11,0.95
eval_website_retargeting_1,website_retargeting,oracle_same_day_dial,12,0.95
eval_website_retargeting_1,website_retargeting,oracle_same_day_dial,13,0.95
eval_crm_customer_list_0,crm_customer_list,fixed_model_line_pool,1,0.0
eval_crm_customer_list_0,crm_customer_list,fixed_model_line_pool,2,0.0
eval_crm_customer_list_0,crm_customer_list,fixed_model_line_pool,3,0.0
eval_crm_customer_list_0,crm_customer_list,fixed_model_line_pool,4,0.0
eval_crm_customer_list_0,crm_customer_list,fixed_model_line_pool,5,0.0
eval_crm_customer_list_0,crm_customer_list,fixed_model_line_pool,6,0.0
eval_crm_customer_list_0,crm_customer_list,fixed_model_line_pool,7,0.0
eval_crm_customer_list_0,crm_customer_list,fixed_model_line_pool,8,0.0
eval_crm_customer_list_0,crm_customer_list,fixed_model_line_pool,9,0.0
eval_crm_customer_list_0,crm_customer_list,fixed_model_line_pool,10,0.0
eval_crm_customer_list_0,crm_customer_list,fixed_model_line_pool,11,0.0
eval_crm_customer_list_0,crm_customer_list,fixed_model_line_pool,12,0.0
eval_crm_customer_list_0,crm_customer_list,fixed_model_line_pool,13,0.0
eval_crm_customer_list_0,crm_customer_list,context_and_scale_only_pool,1,0.8976210548955595
eval_crm_customer_list_0,crm_customer_list,context_and_scale_only_pool,2,0.9450989860901118
eval_crm_customer_list_0,crm_customer_list,context_and_scale_only_pool,3,0.95
eval_crm_customer_list_0,crm_customer_list,context_and_scale_only_pool,4,0.95
eval_crm_customer_list_0,crm_customer_list,context_and_scale_only_pool,5,0.95
eval_crm_customer_list_0,crm_customer_list,context_and_scale_only_pool,6,0.95
eval_crm_customer_list_0,crm_customer_list,context_and_scale_only_pool,7,0.95
eval_crm_customer_list_0,crm_customer_list,context_and_scale_only_pool,8,0.95
eval_crm_customer_list_0,crm_customer_list,context_and_scale_only_pool,9,0.95
eval_crm_customer_list_0,crm_customer_list,context_and_scale_only_pool,10,0.95
eval_crm_customer_list_0,crm_customer_list,context_and_scale_only_pool,11,0.95
eval_crm_customer_list_0,crm_customer_list,context_and_scale_only_pool,12,0.95
eval_crm_customer_list_0,crm_customer_list,context_and_scale_only_pool,13,0.95
eval_crm_customer_list_0,crm_customer_list,provider_blended_ordered_pool,1,0.9264294747030017
eval_crm_customer_list_0,crm_customer_list,provider_blended_ordered_pool,2,0.9477945437405503
eval_crm_customer_list_0,crm_customer_list,provider_blended_ordered_pool,3,0.95
eval_crm_customer_list_0,crm_customer_list,provider_blended_ordered_pool,4,0.95
eval_crm_customer_list_0,crm_customer_list,provider_blended_ordered_pool,5,0.95
eval_crm_customer_list_0,crm_customer_list,provider_blended_ordered_pool,6,0.95
eval_crm_customer_list_0,crm_customer_list,provider_blended_ordered_pool,7,0.95
eval_crm_customer_list_0,crm_customer_list,provider_blended_ordered_pool,8,0.95
eval_crm_customer_list_0,crm_customer_list,provider_blended_ordered_pool,9,0.95
eval_crm_customer_list_0,crm_customer_list,provider_blended_ordered_pool,10,0.95
eval_crm_customer_list_0,crm_customer_list,provider_blended_ordered_pool,11,0.95
eval_crm_customer_list_0,crm_customer_list,provider_blended_ordered_pool,12,0.95
eval_crm_customer_list_0,crm_customer_list,provider_blended_ordered_pool,13,0.95
eval_crm_customer_list_0,crm_customer_list,ordered_collision_resolved_overlap_pool,1,0.9143384011489591
eval_crm_customer_list_0,crm_customer_list,ordered_collision_resolved_overlap_pool,2,0.95
eval_crm_customer_list_0,crm_customer_list,ordered_collision_resolved_overlap_pool,3,0.95
eval_crm_customer_list_0,crm_customer_list,ordered_collision_resolved_overlap_pool,4,0.95
eval_crm_customer_list_0,crm_customer_list,ordered_collision_resolved_overlap_pool,5,0.95
eval_crm_customer_list_0,crm_customer_list,ordered_collision_resolved_overlap_pool,6,0.95
eval_crm_customer_list_0,crm_customer_list,ordered_collision_resolved_overlap_pool,7,0.95
eval_crm_customer_list_0,crm_customer_list,ordered_collision_resolved_overlap_pool,8,0.95
eval_crm_customer_list_0,crm_customer_list,ordered_collision_resolved_overlap_pool,9,0.95
eval_crm_customer_list_0,crm_customer_list,ordered_collision_resolved_overlap_pool,10,0.95
eval_crm_customer_list_0,crm_customer_list,ordered_collision_resolved_overlap_pool,11,0.95
eval_crm_customer_list_0,crm_customer_list,ordered_collision_resolved_overlap_pool,12,0.95
eval_crm_customer_list_0,crm_customer_list,ordered_collision_resolved_overlap_pool,13,0.95
eval_crm_customer_list_0,crm_customer_list,fixed_marginal_overlap_atlas,1,0.5027002021504133
eval_crm_customer_list_0,crm_customer_list,fixed_marginal_overlap_atlas,2,0.778242993531594
eval_crm_customer_list_0,crm_customer_list,fixed_marginal_overlap_atlas,3,0.95
eval_crm_customer_list_0,crm_customer_list,fixed_marginal_overlap_atlas,4,0.95
eval_crm_customer_list_0,crm_customer_list,fixed_marginal_overlap_atlas,5,0.95
eval_crm_customer_list_0,crm_customer_list,fixed_marginal_overlap_atlas,6,0.95
eval_crm_customer_list_0,crm_customer_list,fixed_marginal_overlap_atlas,7,0.95
eval_crm_customer_list_0,crm_customer_list,fixed_marginal_overlap_atlas,8,0.95
eval_crm_customer_list_0,crm_customer_list,fixed_marginal_overlap_atlas,9,0.95
eval_crm_customer_list_0,crm_customer_list,fixed_marginal_overlap_atlas,10,0.95
eval_crm_customer_list_0,crm_customer_list,fixed_marginal_overlap_atlas,11,0.95
eval_crm_customer_list_0,crm_customer_list,fixed_marginal_overlap_atlas,12,0.95
eval_crm_customer_list_0,crm_customer_list,fixed_marginal_overlap_atlas,13,0.95
eval_crm_customer_list_0,crm_customer_list,pair_targeted_fixed_marginal_atlas,1,0.5027002021504133
eval_crm_customer_list_0,crm_customer_list,pair_targeted_fixed_marginal_atlas,2,0.778242993531594
eval_crm_customer_list_0,crm_customer_list,pair_targeted_fixed_marginal_atlas,3,0.95
eval_crm_customer_list_0,crm_customer_list,pair_targeted_fixed_marginal_atlas,4,0.95
eval_crm_customer_list_0,crm_customer_list,pair_targeted_fixed_marginal_atlas,5,0.95
eval_crm_customer_list_0,crm_customer_list,pair_targeted_fixed_marginal_atlas,6,0.95
eval_crm_customer_list_0,crm_customer_list,pair_targeted_fixed_marginal_atlas,7,0.95
eval_crm_customer_list_0,crm_customer_list,pair_targeted_fixed_marginal_atlas,8,0.95
eval_crm_customer_list_0,crm_customer_list,pair_targeted_fixed_marginal_atlas,9,0.95
eval_crm_customer_list_0,crm_customer_list,pair_targeted_fixed_marginal_atlas,10,0.95
eval_crm_customer_list_0,crm_customer_list,pair_targeted_fixed_marginal_atlas,11,0.95
eval_crm_customer_list_0,crm_customer_list,pair_targeted_fixed_marginal_atlas,12,0.95
eval_crm_customer_list_0,crm_customer_list,pair_targeted_fixed_marginal_atlas,13,0.95
eval_crm_customer_list_0,crm_customer_list,same_day_adaptive_pool,1,0.95
eval_crm_customer_list_0,crm_customer_list,same_day_adaptive_pool,2,0.95
eval_crm_customer_list_0,crm_customer_list,same_day_adaptive_pool,3,0.95
eval_crm_customer_list_0,crm_customer_list,same_day_adaptive_pool,4,0.9376843076359839
eval_crm_customer_list_0,crm_customer_list,same_day_adaptive_pool,5,0.95
eval_crm_customer_list_0,crm_customer_list,same_day_adaptive_pool,6,0.95
eval_crm_customer_list_0,crm_customer_list,same_day_adaptive_pool,7,0.95
eval_crm_customer_list_0,crm_customer_list,same_day_adaptive_pool,8,0.8939798050771892
eval_crm_customer_list_0,crm_customer_list,same_day_adaptive_pool,9,0.934857256879844
eval_crm_customer_list_0,crm_customer_list,same_day_adaptive_pool,10,0.9365949891499963
eval_crm_customer_list_0,crm_customer_list,same_day_adaptive_pool,11,0.9459142529556325
eval_crm_customer_list_0,crm_customer_list,same_day_adaptive_pool,12,0.9268820341606044
eval_crm_customer_list_0,crm_customer_list,same_day_adaptive_pool,13,0.8985851523877924
eval_crm_customer_list_0,crm_customer_list,cumulative_adaptive_pool,1,0.95
eval_crm_customer_list_0,crm_customer_list,cumulative_adaptive_pool,2,0.95
eval_crm_customer_list_0,crm_customer_list,cumulative_adaptive_pool,3,0.95
eval_crm_customer_list_0,crm_customer_list,cumulative_adaptive_pool,4,0.95
eval_crm_customer_list_0,crm_customer_list,cumulative_adaptive_pool,5,0.95
eval_crm_customer_list_0,crm_customer_list,cumulative_adaptive_pool,6,0.95
eval_crm_customer_list_0,crm_customer_list,cumulative_adaptive_pool,7,0.95
eval_crm_customer_list_0,crm_customer_list,cumulative_adaptive_pool,8,0.95
eval_crm_customer_list_0,crm_customer_list,cumulative_adaptive_pool,9,0.95
eval_crm_customer_list_0,crm_customer_list,cumulative_adaptive_pool,10,0.95
eval_crm_customer_list_0,crm_customer_list,cumulative_adaptive_pool,11,0.95
eval_crm_customer_list_0,crm_customer_list,cumulative_adaptive_pool,12,0.95
eval_crm_customer_list_0,crm_customer_list,cumulative_adaptive_pool,13,0.95
eval_crm_customer_list_0,crm_customer_list,quantized_hysteresis_pool,1,0.95
eval_crm_customer_list_0,crm_customer_list,quantized_hysteresis_pool,2,0.95
eval_crm_customer_list_0,crm_customer_list,quantized_hysteresis_pool,3,0.95
eval_crm_customer_list_0,crm_customer_list,quantized_hysteresis_pool,4,0.95
eval_crm_customer_list_0,crm_customer_list,quantized_hysteresis_pool,5,0.95
eval_crm_customer_list_0,crm_customer_list,quantized_hysteresis_pool,6,0.95
eval_crm_customer_list_0,crm_customer_list,quantized_hysteresis_pool,7,0.95
eval_crm_customer_list_0,crm_customer_list,quantized_hysteresis_pool,8,0.95
eval_crm_customer_list_0,crm_customer_list,quantized_hysteresis_pool,9,0.95
eval_crm_customer_list_0,crm_customer_list,quantized_hysteresis_pool,10,0.95
eval_crm_customer_list_0,crm_customer_list,quantized_hysteresis_pool,11,0.95
eval_crm_customer_list_0,crm_customer_list,quantized_hysteresis_pool,12,0.95
eval_crm_customer_list_0,crm_customer_list,quantized_hysteresis_pool,13,0.95
eval_crm_customer_list_0,crm_customer_list,sticky_first_seen_pool,1,0.95
eval_crm_customer_list_0,crm_customer_list,sticky_first_seen_pool,2,0.95
eval_crm_customer_list_0,crm_customer_list,sticky_first_seen_pool,3,0.95
eval_crm_customer_list_0,crm_customer_list,sticky_first_seen_pool,4,0.95
eval_crm_customer_list_0,crm_customer_list,sticky_first_seen_pool,5,0.95
eval_crm_customer_list_0,crm_customer_list,sticky_first_seen_pool,6,0.95
eval_crm_customer_list_0,crm_customer_list,sticky_first_seen_pool,7,0.95
eval_crm_customer_list_0,crm_customer_list,sticky_first_seen_pool,8,0.95
eval_crm_customer_list_0,crm_customer_list,sticky_first_seen_pool,9,0.95
eval_crm_customer_list_0,crm_customer_list,sticky_first_seen_pool,10,0.95
eval_crm_customer_list_0,crm_customer_list,sticky_first_seen_pool,11,0.95
eval_crm_customer_list_0,crm_customer_list,sticky_first_seen_pool,12,0.95
eval_crm_customer_list_0,crm_customer_list,sticky_first_seen_pool,13,0.95
eval_crm_customer_list_0,crm_customer_list,ordered_memoized_rank_lattice,1,0.95
eval_crm_customer_list_0,crm_customer_list,ordered_memoized_rank_lattice,2,0.95
eval_crm_customer_list_0,crm_customer_list,ordered_memoized_rank_lattice,3,0.95
eval_crm_customer_list_0,crm_customer_list,ordered_memoized_rank_lattice,4,0.95
eval_crm_customer_list_0,crm_customer_list,ordered_memoized_rank_lattice,5,0.95
eval_crm_customer_list_0,crm_customer_list,ordered_memoized_rank_lattice,6,0.95
eval_crm_customer_list_0,crm_customer_list,ordered_memoized_rank_lattice,7,0.95
eval_crm_customer_list_0,crm_customer_list,ordered_memoized_rank_lattice,8,0.95
eval_crm_customer_list_0,crm_customer_list,ordered_memoized_rank_lattice,9,0.95
eval_crm_customer_list_0,crm_customer_list,ordered_memoized_rank_lattice,10,0.95
eval_crm_customer_list_0,crm_customer_list,ordered_memoized_rank_lattice,11,0.95
eval_crm_customer_list_0,crm_customer_list,ordered_memoized_rank_lattice,12,0.95
eval_crm_customer_list_0,crm_customer_list,ordered_memoized_rank_lattice,13,0.95
eval_crm_customer_list_0,crm_customer_list,cohort_3_week_rank_lattice,1,0.95
eval_crm_customer_list_0,crm_customer_list,cohort_3_week_rank_lattice,2,0.95
eval_crm_customer_list_0,crm_customer_list,cohort_3_week_rank_lattice,3,0.95
eval_crm_customer_list_0,crm_customer_list,cohort_3_week_rank_lattice,4,0.95
eval_crm_customer_list_0,crm_customer_list,cohort_3_week_rank_lattice,5,0.95
eval_crm_customer_list_0,crm_customer_list,cohort_3_week_rank_lattice,6,0.95
eval_crm_customer_list_0,crm_customer_list,cohort_3_week_rank_lattice,7,0.95
eval_crm_customer_list_0,crm_customer_list,cohort_3_week_rank_lattice,8,0.95
eval_crm_customer_list_0,crm_customer_list,cohort_3_week_rank_lattice,9,0.95
eval_crm_customer_list_0,crm_customer_list,cohort_3_week_rank_lattice,10,0.95
eval_crm_customer_list_0,crm_customer_list,cohort_3_week_rank_lattice,11,0.95
eval_crm_customer_list_0,crm_customer_list,cohort_3_week_rank_lattice,12,0.95
eval_crm_customer_list_0,crm_customer_list,cohort_3_week_rank_lattice,13,0.95
eval_crm_customer_list_0,crm_customer_list,oracle_online_venn_recent,1,0.0
eval_crm_customer_list_0,crm_customer_list,oracle_online_venn_recent,2,0.0
eval_crm_customer_list_0,crm_customer_list,oracle_online_venn_recent,3,0.0
eval_crm_customer_list_0,crm_customer_list,oracle_online_venn_recent,4,0.0
eval_crm_customer_list_0,crm_customer_list,oracle_online_venn_recent,5,0.0
eval_crm_customer_list_0,crm_customer_list,oracle_online_venn_recent,6,0.0
eval_crm_customer_list_0,crm_customer_list,oracle_online_venn_recent,7,0.0
eval_crm_customer_list_0,crm_customer_list,oracle_online_venn_recent,8,0.0
eval_crm_customer_list_0,crm_customer_list,oracle_online_venn_recent,9,0.0
eval_crm_customer_list_0,crm_customer_list,oracle_online_venn_recent,10,0.0
eval_crm_customer_list_0,crm_customer_list,oracle_online_venn_recent,11,0.0
eval_crm_customer_list_0,crm_customer_list,oracle_online_venn_recent,12,0.0
eval_crm_customer_list_0,crm_customer_list,oracle_online_venn_recent,13,0.0
eval_crm_customer_list_0,crm_customer_list,oracle_online_venn_oldest,1,0.0
eval_crm_customer_list_0,crm_customer_list,oracle_online_venn_oldest,2,0.0
eval_crm_customer_list_0,crm_customer_list,oracle_online_venn_oldest,3,0.0
eval_crm_customer_list_0,crm_customer_list,oracle_online_venn_oldest,4,0.0
eval_crm_customer_list_0,crm_customer_list,oracle_online_venn_oldest,5,0.0
eval_crm_customer_list_0,crm_customer_list,oracle_online_venn_oldest,6,0.0
eval_crm_customer_list_0,crm_customer_list,oracle_online_venn_oldest,7,0.0
eval_crm_customer_list_0,crm_customer_list,oracle_online_venn_oldest,8,0.0
eval_crm_customer_list_0,crm_customer_list,oracle_online_venn_oldest,9,0.0
eval_crm_customer_list_0,crm_customer_list,oracle_online_venn_oldest,10,0.0
eval_crm_customer_list_0,crm_customer_list,oracle_online_venn_oldest,11,0.0
eval_crm_customer_list_0,crm_customer_list,oracle_online_venn_oldest,12,0.0
eval_crm_customer_list_0,crm_customer_list,oracle_online_venn_oldest,13,0.0
eval_crm_customer_list_0,crm_customer_list,oracle_online_union_recent,1,0.0
eval_crm_customer_list_0,crm_customer_list,oracle_online_union_recent,2,0.0
eval_crm_customer_list_0,crm_customer_list,oracle_online_union_recent,3,0.0
eval_crm_customer_list_0,crm_customer_list,oracle_online_union_recent,4,0.0
eval_crm_customer_list_0,crm_customer_list,oracle_online_union_recent,5,0.0
eval_crm_customer_list_0,crm_customer_list,oracle_online_union_recent,6,0.0
eval_crm_customer_list_0,crm_customer_list,oracle_online_union_recent,7,0.0
eval_crm_customer_list_0,crm_customer_list,oracle_online_union_recent,8,0.0
eval_crm_customer_list_0,crm_customer_list,oracle_online_union_recent,9,0.0
eval_crm_customer_list_0,crm_customer_list,oracle_online_union_recent,10,0.0
eval_crm_customer_list_0,crm_customer_list,oracle_online_union_recent,11,0.0
eval_crm_customer_list_0,crm_customer_list,oracle_online_union_recent,12,0.0
eval_crm_customer_list_0,crm_customer_list,oracle_online_union_recent,13,0.0
eval_crm_customer_list_0,crm_customer_list,oracle_online_union_oldest,1,0.0
eval_crm_customer_list_0,crm_customer_list,oracle_online_union_oldest,2,0.0
eval_crm_customer_list_0,crm_customer_list,oracle_online_union_oldest,3,0.0
eval_crm_customer_list_0,crm_customer_list,oracle_online_union_oldest,4,0.0
eval_crm_customer_list_0,crm_customer_list,oracle_online_union_oldest,5,0.0
eval_crm_customer_list_0,crm_customer_list,oracle_online_union_oldest,6,0.0
eval_crm_customer_list_0,crm_customer_list,oracle_online_union_oldest,7,0.0
eval_crm_customer_list_0,crm_customer_list,oracle_online_union_oldest,8,0.0
eval_crm_customer_list_0,crm_customer_list,oracle_online_union_oldest,9,0.0
eval_crm_customer_list_0,crm_customer_list,oracle_online_union_oldest,10,0.0
eval_crm_customer_list_0,crm_customer_list,oracle_online_union_oldest,11,0.0
eval_crm_customer_list_0,crm_customer_list,oracle_online_union_oldest,12,0.0
eval_crm_customer_list_0,crm_customer_list,oracle_online_union_oldest,13,0.0
eval_crm_customer_list_0,crm_customer_list,forbidden_person_identity_oracle,1,0.0
eval_crm_customer_list_0,crm_customer_list,forbidden_person_identity_oracle,2,0.0
eval_crm_customer_list_0,crm_customer_list,forbidden_person_identity_oracle,3,0.0
eval_crm_customer_list_0,crm_customer_list,forbidden_person_identity_oracle,4,0.0
eval_crm_customer_list_0,crm_customer_list,forbidden_person_identity_oracle,5,0.0
eval_crm_customer_list_0,crm_customer_list,forbidden_person_identity_oracle,6,0.0
eval_crm_customer_list_0,crm_customer_list,forbidden_person_identity_oracle,7,0.0
eval_crm_customer_list_0,crm_customer_list,forbidden_person_identity_oracle,8,0.0
eval_crm_customer_list_0,crm_customer_list,forbidden_person_identity_oracle,9,0.0
eval_crm_customer_list_0,crm_customer_list,forbidden_person_identity_oracle,10,0.0
eval_crm_customer_list_0,crm_customer_list,forbidden_person_identity_oracle,11,0.0
eval_crm_customer_list_0,crm_customer_list,forbidden_person_identity_oracle,12,0.0
eval_crm_customer_list_0,crm_customer_list,forbidden_person_identity_oracle,13,0.0
eval_crm_customer_list_0,crm_customer_list,three_day_buffer_then_freeze,1,0.95
eval_crm_customer_list_0,crm_customer_list,three_day_buffer_then_freeze,2,0.95
eval_crm_customer_list_0,crm_customer_list,three_day_buffer_then_freeze,3,0.95
eval_crm_customer_list_0,crm_customer_list,three_day_buffer_then_freeze,4,0.95
eval_crm_customer_list_0,crm_customer_list,three_day_buffer_then_freeze,5,0.95
eval_crm_customer_list_0,crm_customer_list,three_day_buffer_then_freeze,6,0.95
eval_crm_customer_list_0,crm_customer_list,three_day_buffer_then_freeze,7,0.95
eval_crm_customer_list_0,crm_customer_list,three_day_buffer_then_freeze,8,0.95
eval_crm_customer_list_0,crm_customer_list,three_day_buffer_then_freeze,9,0.95
eval_crm_customer_list_0,crm_customer_list,three_day_buffer_then_freeze,10,0.95
eval_crm_customer_list_0,crm_customer_list,three_day_buffer_then_freeze,11,0.95
eval_crm_customer_list_0,crm_customer_list,three_day_buffer_then_freeze,12,0.95
eval_crm_customer_list_0,crm_customer_list,three_day_buffer_then_freeze,13,0.95
eval_crm_customer_list_0,crm_customer_list,full_flight_buffer_then_freeze,1,0.95
eval_crm_customer_list_0,crm_customer_list,full_flight_buffer_then_freeze,2,0.95
eval_crm_customer_list_0,crm_customer_list,full_flight_buffer_then_freeze,3,0.95
eval_crm_customer_list_0,crm_customer_list,full_flight_buffer_then_freeze,4,0.95
eval_crm_customer_list_0,crm_customer_list,full_flight_buffer_then_freeze,5,0.95
eval_crm_customer_list_0,crm_customer_list,full_flight_buffer_then_freeze,6,0.95
eval_crm_customer_list_0,crm_customer_list,full_flight_buffer_then_freeze,7,0.95
eval_crm_customer_list_0,crm_customer_list,full_flight_buffer_then_freeze,8,0.95
eval_crm_customer_list_0,crm_customer_list,full_flight_buffer_then_freeze,9,0.95
eval_crm_customer_list_0,crm_customer_list,full_flight_buffer_then_freeze,10,0.95
eval_crm_customer_list_0,crm_customer_list,full_flight_buffer_then_freeze,11,0.95
eval_crm_customer_list_0,crm_customer_list,full_flight_buffer_then_freeze,12,0.95
eval_crm_customer_list_0,crm_customer_list,full_flight_buffer_then_freeze,13,0.95
eval_crm_customer_list_0,crm_customer_list,oracle_same_day_dial,1,0.95
eval_crm_customer_list_0,crm_customer_list,oracle_same_day_dial,2,0.95
eval_crm_customer_list_0,crm_customer_list,oracle_same_day_dial,3,0.95
eval_crm_customer_list_0,crm_customer_list,oracle_same_day_dial,4,0.95
eval_crm_customer_list_0,crm_customer_list,oracle_same_day_dial,5,0.95
eval_crm_customer_list_0,crm_customer_list,oracle_same_day_dial,6,0.95
eval_crm_customer_list_0,crm_customer_list,oracle_same_day_dial,7,0.95
eval_crm_customer_list_0,crm_customer_list,oracle_same_day_dial,8,0.890625
eval_crm_customer_list_0,crm_customer_list,oracle_same_day_dial,9,0.95
eval_crm_customer_list_0,crm_customer_list,oracle_same_day_dial,10,0.95
eval_crm_customer_list_0,crm_customer_list,oracle_same_day_dial,11,0.59375
eval_crm_customer_list_0,crm_customer_list,oracle_same_day_dial,12,0.771875
eval_crm_customer_list_0,crm_customer_list,oracle_same_day_dial,13,0.771875
eval_crm_customer_list_1,crm_customer_list,fixed_model_line_pool,1,0.0
eval_crm_customer_list_1,crm_customer_list,fixed_model_line_pool,2,0.0
eval_crm_customer_list_1,crm_customer_list,fixed_model_line_pool,3,0.0
eval_crm_customer_list_1,crm_customer_list,fixed_model_line_pool,4,0.0
eval_crm_customer_list_1,crm_customer_list,fixed_model_line_pool,5,0.0
eval_crm_customer_list_1,crm_customer_list,fixed_model_line_pool,6,0.0
eval_crm_customer_list_1,crm_customer_list,fixed_model_line_pool,7,0.0
eval_crm_customer_list_1,crm_customer_list,fixed_model_line_pool,8,0.0
eval_crm_customer_list_1,crm_customer_list,fixed_model_line_pool,9,0.0
eval_crm_customer_list_1,crm_customer_list,fixed_model_line_pool,10,0.0
eval_crm_customer_list_1,crm_customer_list,fixed_model_line_pool,11,0.0
eval_crm_customer_list_1,crm_customer_list,fixed_model_line_pool,12,0.0
eval_crm_customer_list_1,crm_customer_list,fixed_model_line_pool,13,0.0
eval_crm_customer_list_1,crm_customer_list,context_and_scale_only_pool,1,0.8499178165217317
eval_crm_customer_list_1,crm_customer_list,context_and_scale_only_pool,2,0.8933585132124461
eval_crm_customer_list_1,crm_customer_list,context_and_scale_only_pool,3,0.9281965342102108
eval_crm_customer_list_1,crm_customer_list,context_and_scale_only_pool,4,0.95
eval_crm_customer_list_1,crm_customer_list,context_and_scale_only_pool,5,0.95
eval_crm_customer_list_1,crm_customer_list,context_and_scale_only_pool,6,0.95
eval_crm_customer_list_1,crm_customer_list,context_and_scale_only_pool,7,0.95
eval_crm_customer_list_1,crm_customer_list,context_and_scale_only_pool,8,0.95
eval_crm_customer_list_1,crm_customer_list,context_and_scale_only_pool,9,0.95
eval_crm_customer_list_1,crm_customer_list,context_and_scale_only_pool,10,0.95
eval_crm_customer_list_1,crm_customer_list,context_and_scale_only_pool,11,0.95
eval_crm_customer_list_1,crm_customer_list,context_and_scale_only_pool,12,0.95
eval_crm_customer_list_1,crm_customer_list,context_and_scale_only_pool,13,0.95
eval_crm_customer_list_1,crm_customer_list,provider_blended_ordered_pool,1,0.9007825662426702
eval_crm_customer_list_1,crm_customer_list,provider_blended_ordered_pool,2,0.9245113309456008
eval_crm_customer_list_1,crm_customer_list,provider_blended_ordered_pool,3,0.9401884403945948
eval_crm_customer_list_1,crm_customer_list,provider_blended_ordered_pool,4,0.95
eval_crm_customer_list_1,crm_customer_list,provider_blended_ordered_pool,5,0.9491723568877275
eval_crm_customer_list_1,crm_customer_list,provider_blended_ordered_pool,6,0.95
eval_crm_customer_list_1,crm_customer_list,provider_blended_ordered_pool,7,0.95
eval_crm_customer_list_1,crm_customer_list,provider_blended_ordered_pool,8,0.95
eval_crm_customer_list_1,crm_customer_list,provider_blended_ordered_pool,9,0.95
eval_crm_customer_list_1,crm_customer_list,provider_blended_ordered_pool,10,0.95
eval_crm_customer_list_1,crm_customer_list,provider_blended_ordered_pool,11,0.95
eval_crm_customer_list_1,crm_customer_list,provider_blended_ordered_pool,12,0.95
eval_crm_customer_list_1,crm_customer_list,provider_blended_ordered_pool,13,0.95
eval_crm_customer_list_1,crm_customer_list,ordered_collision_resolved_overlap_pool,1,0.8990797158338122
eval_crm_customer_list_1,crm_customer_list,ordered_collision_resolved_overlap_pool,2,0.95
eval_crm_customer_list_1,crm_customer_list,ordered_collision_resolved_overlap_pool,3,0.95
eval_crm_customer_list_1,crm_customer_list,ordered_collision_resolved_overlap_pool,4,0.95
eval_crm_customer_list_1,crm_customer_list,ordered_collision_resolved_overlap_pool,5,0.95
eval_crm_customer_list_1,crm_customer_list,ordered_collision_resolved_overlap_pool,6,0.95
eval_crm_customer_list_1,crm_customer_list,ordered_collision_resolved_overlap_pool,7,0.95
eval_crm_customer_list_1,crm_customer_list,ordered_collision_resolved_overlap_pool,8,0.95
eval_crm_customer_list_1,crm_customer_list,ordered_collision_resolved_overlap_pool,9,0.95
eval_crm_customer_list_1,crm_customer_list,ordered_collision_resolved_overlap_pool,10,0.95
eval_crm_customer_list_1,crm_customer_list,ordered_collision_resolved_overlap_pool,11,0.95
eval_crm_customer_list_1,crm_customer_list,ordered_collision_resolved_overlap_pool,12,0.95
eval_crm_customer_list_1,crm_customer_list,ordered_collision_resolved_overlap_pool,13,0.95
eval_crm_customer_list_1,crm_customer_list,fixed_marginal_overlap_atlas,1,0.3457419627611682
eval_crm_customer_list_1,crm_customer_list,fixed_marginal_overlap_atlas,2,0.6661101713431152
eval_crm_customer_list_1,crm_customer_list,fixed_marginal_overlap_atlas,3,0.803677832339666
eval_crm_customer_list_1,crm_customer_list,fixed_marginal_overlap_atlas,4,0.849549277426424
eval_crm_customer_list_1,crm_customer_list,fixed_marginal_overlap_atlas,5,0.9336023840080798
eval_crm_customer_list_1,crm_customer_list,fixed_marginal_overlap_atlas,6,0.95
eval_crm_customer_list_1,crm_customer_list,fixed_marginal_overlap_atlas,7,0.95
eval_crm_customer_list_1,crm_customer_list,fixed_marginal_overlap_atlas,8,0.95
eval_crm_customer_list_1,crm_customer_list,fixed_marginal_overlap_atlas,9,0.95
eval_crm_customer_list_1,crm_customer_list,fixed_marginal_overlap_atlas,10,0.95
eval_crm_customer_list_1,crm_customer_list,fixed_marginal_overlap_atlas,11,0.95
eval_crm_customer_list_1,crm_customer_list,fixed_marginal_overlap_atlas,12,0.95
eval_crm_customer_list_1,crm_customer_list,fixed_marginal_overlap_atlas,13,0.95
eval_crm_customer_list_1,crm_customer_list,pair_targeted_fixed_marginal_atlas,1,0.3457419627611682
eval_crm_customer_list_1,crm_customer_list,pair_targeted_fixed_marginal_atlas,2,0.6661101713431152
eval_crm_customer_list_1,crm_customer_list,pair_targeted_fixed_marginal_atlas,3,0.803677832339666
eval_crm_customer_list_1,crm_customer_list,pair_targeted_fixed_marginal_atlas,4,0.849549277426424
eval_crm_customer_list_1,crm_customer_list,pair_targeted_fixed_marginal_atlas,5,0.9336023840080798
eval_crm_customer_list_1,crm_customer_list,pair_targeted_fixed_marginal_atlas,6,0.95
eval_crm_customer_list_1,crm_customer_list,pair_targeted_fixed_marginal_atlas,7,0.95
eval_crm_customer_list_1,crm_customer_list,pair_targeted_fixed_marginal_atlas,8,0.95
eval_crm_customer_list_1,crm_customer_list,pair_targeted_fixed_marginal_atlas,9,0.95
eval_crm_customer_list_1,crm_customer_list,pair_targeted_fixed_marginal_atlas,10,0.95
eval_crm_customer_list_1,crm_customer_list,pair_targeted_fixed_marginal_atlas,11,0.95
eval_crm_customer_list_1,crm_customer_list,pair_targeted_fixed_marginal_atlas,12,0.95
eval_crm_customer_list_1,crm_customer_list,pair_targeted_fixed_marginal_atlas,13,0.95
eval_crm_customer_list_1,crm_customer_list,same_day_adaptive_pool,1,0.9423991796507106
eval_crm_customer_list_1,crm_customer_list,same_day_adaptive_pool,2,0.95
eval_crm_customer_list_1,crm_customer_list,same_day_adaptive_pool,3,0.95
eval_crm_customer_list_1,crm_customer_list,same_day_adaptive_pool,4,0.95
eval_crm_customer_list_1,crm_customer_list,same_day_adaptive_pool,5,0.9468860154244338
eval_crm_customer_list_1,crm_customer_list,same_day_adaptive_pool,6,0.9071685170076436
eval_crm_customer_list_1,crm_customer_list,same_day_adaptive_pool,7,0.9250113729154574
eval_crm_customer_list_1,crm_customer_list,same_day_adaptive_pool,8,0.8757185018842748
eval_crm_customer_list_1,crm_customer_list,same_day_adaptive_pool,9,0.95
eval_crm_customer_list_1,crm_customer_list,same_day_adaptive_pool,10,0.9366224159818014
eval_crm_customer_list_1,crm_customer_list,same_day_adaptive_pool,11,0.8757504874680291
eval_crm_customer_list_1,crm_customer_list,same_day_adaptive_pool,12,0.8543292869926993
eval_crm_customer_list_1,crm_customer_list,same_day_adaptive_pool,13,0.8882443155613979
eval_crm_customer_list_1,crm_customer_list,cumulative_adaptive_pool,1,0.9423991796507106
eval_crm_customer_list_1,crm_customer_list,cumulative_adaptive_pool,2,0.95
eval_crm_customer_list_1,crm_customer_list,cumulative_adaptive_pool,3,0.95
eval_crm_customer_list_1,crm_customer_list,cumulative_adaptive_pool,4,0.95
eval_crm_customer_list_1,crm_customer_list,cumulative_adaptive_pool,5,0.9484951943413227
eval_crm_customer_list_1,crm_customer_list,cumulative_adaptive_pool,6,0.95
eval_crm_customer_list_1,crm_customer_list,cumulative_adaptive_pool,7,0.95
eval_crm_customer_list_1,crm_customer_list,cumulative_adaptive_pool,8,0.95
eval_crm_customer_list_1,crm_customer_list,cumulative_adaptive_pool,9,0.95
eval_crm_customer_list_1,crm_customer_list,cumulative_adaptive_pool,10,0.95
eval_crm_customer_list_1,crm_customer_list,cumulative_adaptive_pool,11,0.95
eval_crm_customer_list_1,crm_customer_list,cumulative_adaptive_pool,12,0.95
eval_crm_customer_list_1,crm_customer_list,cumulative_adaptive_pool,13,0.95
eval_crm_customer_list_1,crm_customer_list,quantized_hysteresis_pool,1,0.95
eval_crm_customer_list_1,crm_customer_list,quantized_hysteresis_pool,2,0.95
eval_crm_customer_list_1,crm_customer_list,quantized_hysteresis_pool,3,0.95
eval_crm_customer_list_1,crm_customer_list,quantized_hysteresis_pool,4,0.95
eval_crm_customer_list_1,crm_customer_list,quantized_hysteresis_pool,5,0.95
eval_crm_customer_list_1,crm_customer_list,quantized_hysteresis_pool,6,0.95
eval_crm_customer_list_1,crm_customer_list,quantized_hysteresis_pool,7,0.95
eval_crm_customer_list_1,crm_customer_list,quantized_hysteresis_pool,8,0.95
eval_crm_customer_list_1,crm_customer_list,quantized_hysteresis_pool,9,0.95
eval_crm_customer_list_1,crm_customer_list,quantized_hysteresis_pool,10,0.95
eval_crm_customer_list_1,crm_customer_list,quantized_hysteresis_pool,11,0.95
eval_crm_customer_list_1,crm_customer_list,quantized_hysteresis_pool,12,0.95
eval_crm_customer_list_1,crm_customer_list,quantized_hysteresis_pool,13,0.95
eval_crm_customer_list_1,crm_customer_list,sticky_first_seen_pool,1,0.9423991796507106
eval_crm_customer_list_1,crm_customer_list,sticky_first_seen_pool,2,0.95
eval_crm_customer_list_1,crm_customer_list,sticky_first_seen_pool,3,0.95
eval_crm_customer_list_1,crm_customer_list,sticky_first_seen_pool,4,0.95
eval_crm_customer_list_1,crm_customer_list,sticky_first_seen_pool,5,0.9484951943413227
eval_crm_customer_list_1,crm_customer_list,sticky_first_seen_pool,6,0.95
eval_crm_customer_list_1,crm_customer_list,sticky_first_seen_pool,7,0.95
eval_crm_customer_list_1,crm_customer_list,sticky_first_seen_pool,8,0.95
eval_crm_customer_list_1,crm_customer_list,sticky_first_seen_pool,9,0.95
eval_crm_customer_list_1,crm_customer_list,sticky_first_seen_pool,10,0.95
eval_crm_customer_list_1,crm_customer_list,sticky_first_seen_pool,11,0.95
eval_crm_customer_list_1,crm_customer_list,sticky_first_seen_pool,12,0.95
eval_crm_customer_list_1,crm_customer_list,sticky_first_seen_pool,13,0.95
eval_crm_customer_list_1,crm_customer_list,ordered_memoized_rank_lattice,1,0.95
eval_crm_customer_list_1,crm_customer_list,ordered_memoized_rank_lattice,2,0.95
eval_crm_customer_list_1,crm_customer_list,ordered_memoized_rank_lattice,3,0.95
eval_crm_customer_list_1,crm_customer_list,ordered_memoized_rank_lattice,4,0.95
eval_crm_customer_list_1,crm_customer_list,ordered_memoized_rank_lattice,5,0.95
eval_crm_customer_list_1,crm_customer_list,ordered_memoized_rank_lattice,6,0.95
eval_crm_customer_list_1,crm_customer_list,ordered_memoized_rank_lattice,7,0.95
eval_crm_customer_list_1,crm_customer_list,ordered_memoized_rank_lattice,8,0.95
eval_crm_customer_list_1,crm_customer_list,ordered_memoized_rank_lattice,9,0.95
eval_crm_customer_list_1,crm_customer_list,ordered_memoized_rank_lattice,10,0.95
eval_crm_customer_list_1,crm_customer_list,ordered_memoized_rank_lattice,11,0.95
eval_crm_customer_list_1,crm_customer_list,ordered_memoized_rank_lattice,12,0.95
eval_crm_customer_list_1,crm_customer_list,ordered_memoized_rank_lattice,13,0.95
eval_crm_customer_list_1,crm_customer_list,cohort_3_week_rank_lattice,1,0.95
eval_crm_customer_list_1,crm_customer_list,cohort_3_week_rank_lattice,2,0.95
eval_crm_customer_list_1,crm_customer_list,cohort_3_week_rank_lattice,3,0.95
eval_crm_customer_list_1,crm_customer_list,cohort_3_week_rank_lattice,4,0.95
eval_crm_customer_list_1,crm_customer_list,cohort_3_week_rank_lattice,5,0.95
eval_crm_customer_list_1,crm_customer_list,cohort_3_week_rank_lattice,6,0.95
eval_crm_customer_list_1,crm_customer_list,cohort_3_week_rank_lattice,7,0.95
eval_crm_customer_list_1,crm_customer_list,cohort_3_week_rank_lattice,8,0.95
eval_crm_customer_list_1,crm_customer_list,cohort_3_week_rank_lattice,9,0.95
eval_crm_customer_list_1,crm_customer_list,cohort_3_week_rank_lattice,10,0.95
eval_crm_customer_list_1,crm_customer_list,cohort_3_week_rank_lattice,11,0.95
eval_crm_customer_list_1,crm_customer_list,cohort_3_week_rank_lattice,12,0.95
eval_crm_customer_list_1,crm_customer_list,cohort_3_week_rank_lattice,13,0.95
eval_crm_customer_list_1,crm_customer_list,oracle_online_venn_recent,1,0.0
eval_crm_customer_list_1,crm_customer_list,oracle_online_venn_recent,2,0.0
eval_crm_customer_list_1,crm_customer_list,oracle_online_venn_recent,3,0.0
eval_crm_customer_list_1,crm_customer_list,oracle_online_venn_recent,4,0.0
eval_crm_customer_list_1,crm_customer_list,oracle_online_venn_recent,5,0.0
eval_crm_customer_list_1,crm_customer_list,oracle_online_venn_recent,6,0.0
eval_crm_customer_list_1,crm_customer_list,oracle_online_venn_recent,7,0.0
eval_crm_customer_list_1,crm_customer_list,oracle_online_venn_recent,8,0.0
eval_crm_customer_list_1,crm_customer_list,oracle_online_venn_recent,9,0.0
eval_crm_customer_list_1,crm_customer_list,oracle_online_venn_recent,10,0.0
eval_crm_customer_list_1,crm_customer_list,oracle_online_venn_recent,11,0.0
eval_crm_customer_list_1,crm_customer_list,oracle_online_venn_recent,12,0.0
eval_crm_customer_list_1,crm_customer_list,oracle_online_venn_recent,13,0.0
eval_crm_customer_list_1,crm_customer_list,oracle_online_venn_oldest,1,0.0
eval_crm_customer_list_1,crm_customer_list,oracle_online_venn_oldest,2,0.0
eval_crm_customer_list_1,crm_customer_list,oracle_online_venn_oldest,3,0.0
eval_crm_customer_list_1,crm_customer_list,oracle_online_venn_oldest,4,0.0
eval_crm_customer_list_1,crm_customer_list,oracle_online_venn_oldest,5,0.0
eval_crm_customer_list_1,crm_customer_list,oracle_online_venn_oldest,6,0.0
eval_crm_customer_list_1,crm_customer_list,oracle_online_venn_oldest,7,0.0
eval_crm_customer_list_1,crm_customer_list,oracle_online_venn_oldest,8,0.0
eval_crm_customer_list_1,crm_customer_list,oracle_online_venn_oldest,9,0.0
eval_crm_customer_list_1,crm_customer_list,oracle_online_venn_oldest,10,0.0
eval_crm_customer_list_1,crm_customer_list,oracle_online_venn_oldest,11,0.0
eval_crm_customer_list_1,crm_customer_list,oracle_online_venn_oldest,12,0.0
eval_crm_customer_list_1,crm_customer_list,oracle_online_venn_oldest,13,0.0
eval_crm_customer_list_1,crm_customer_list,oracle_online_union_recent,1,0.0
eval_crm_customer_list_1,crm_customer_list,oracle_online_union_recent,2,0.0
eval_crm_customer_list_1,crm_customer_list,oracle_online_union_recent,3,0.0
eval_crm_customer_list_1,crm_customer_list,oracle_online_union_recent,4,0.0
eval_crm_customer_list_1,crm_customer_list,oracle_online_union_recent,5,0.0
eval_crm_customer_list_1,crm_customer_list,oracle_online_union_recent,6,0.0
eval_crm_customer_list_1,crm_customer_list,oracle_online_union_recent,7,0.0
eval_crm_customer_list_1,crm_customer_list,oracle_online_union_recent,8,0.0
eval_crm_customer_list_1,crm_customer_list,oracle_online_union_recent,9,0.0
eval_crm_customer_list_1,crm_customer_list,oracle_online_union_recent,10,0.0
eval_crm_customer_list_1,crm_customer_list,oracle_online_union_recent,11,0.0
eval_crm_customer_list_1,crm_customer_list,oracle_online_union_recent,12,0.0
eval_crm_customer_list_1,crm_customer_list,oracle_online_union_recent,13,0.0
eval_crm_customer_list_1,crm_customer_list,oracle_online_union_oldest,1,0.0
eval_crm_customer_list_1,crm_customer_list,oracle_online_union_oldest,2,0.0
eval_crm_customer_list_1,crm_customer_list,oracle_online_union_oldest,3,0.0
eval_crm_customer_list_1,crm_customer_list,oracle_online_union_oldest,4,0.0
eval_crm_customer_list_1,crm_customer_list,oracle_online_union_oldest,5,0.0
eval_crm_customer_list_1,crm_customer_list,oracle_online_union_oldest,6,0.0
eval_crm_customer_list_1,crm_customer_list,oracle_online_union_oldest,7,0.0
eval_crm_customer_list_1,crm_customer_list,oracle_online_union_oldest,8,0.0
eval_crm_customer_list_1,crm_customer_list,oracle_online_union_oldest,9,0.0
eval_crm_customer_list_1,crm_customer_list,oracle_online_union_oldest,10,0.0
eval_crm_customer_list_1,crm_customer_list,oracle_online_union_oldest,11,0.0
eval_crm_customer_list_1,crm_customer_list,oracle_online_union_oldest,12,0.0
eval_crm_customer_list_1,crm_customer_list,oracle_online_union_oldest,13,0.0
eval_crm_customer_list_1,crm_customer_list,forbidden_person_identity_oracle,1,0.0
eval_crm_customer_list_1,crm_customer_list,forbidden_person_identity_oracle,2,0.0
eval_crm_customer_list_1,crm_customer_list,forbidden_person_identity_oracle,3,0.0
eval_crm_customer_list_1,crm_customer_list,forbidden_person_identity_oracle,4,0.0
eval_crm_customer_list_1,crm_customer_list,forbidden_person_identity_oracle,5,0.0
eval_crm_customer_list_1,crm_customer_list,forbidden_person_identity_oracle,6,0.0
eval_crm_customer_list_1,crm_customer_list,forbidden_person_identity_oracle,7,0.0
eval_crm_customer_list_1,crm_customer_list,forbidden_person_identity_oracle,8,0.0
eval_crm_customer_list_1,crm_customer_list,forbidden_person_identity_oracle,9,0.0
eval_crm_customer_list_1,crm_customer_list,forbidden_person_identity_oracle,10,0.0
eval_crm_customer_list_1,crm_customer_list,forbidden_person_identity_oracle,11,0.0
eval_crm_customer_list_1,crm_customer_list,forbidden_person_identity_oracle,12,0.0
eval_crm_customer_list_1,crm_customer_list,forbidden_person_identity_oracle,13,0.0
eval_crm_customer_list_1,crm_customer_list,three_day_buffer_then_freeze,1,0.95
eval_crm_customer_list_1,crm_customer_list,three_day_buffer_then_freeze,2,0.95
eval_crm_customer_list_1,crm_customer_list,three_day_buffer_then_freeze,3,0.95
eval_crm_customer_list_1,crm_customer_list,three_day_buffer_then_freeze,4,0.95
eval_crm_customer_list_1,crm_customer_list,three_day_buffer_then_freeze,5,0.95
eval_crm_customer_list_1,crm_customer_list,three_day_buffer_then_freeze,6,0.95
eval_crm_customer_list_1,crm_customer_list,three_day_buffer_then_freeze,7,0.95
eval_crm_customer_list_1,crm_customer_list,three_day_buffer_then_freeze,8,0.95
eval_crm_customer_list_1,crm_customer_list,three_day_buffer_then_freeze,9,0.95
eval_crm_customer_list_1,crm_customer_list,three_day_buffer_then_freeze,10,0.95
eval_crm_customer_list_1,crm_customer_list,three_day_buffer_then_freeze,11,0.95
eval_crm_customer_list_1,crm_customer_list,three_day_buffer_then_freeze,12,0.95
eval_crm_customer_list_1,crm_customer_list,three_day_buffer_then_freeze,13,0.95
eval_crm_customer_list_1,crm_customer_list,full_flight_buffer_then_freeze,1,0.95
eval_crm_customer_list_1,crm_customer_list,full_flight_buffer_then_freeze,2,0.95
eval_crm_customer_list_1,crm_customer_list,full_flight_buffer_then_freeze,3,0.95
eval_crm_customer_list_1,crm_customer_list,full_flight_buffer_then_freeze,4,0.95
eval_crm_customer_list_1,crm_customer_list,full_flight_buffer_then_freeze,5,0.95
eval_crm_customer_list_1,crm_customer_list,full_flight_buffer_then_freeze,6,0.95
eval_crm_customer_list_1,crm_customer_list,full_flight_buffer_then_freeze,7,0.95
eval_crm_customer_list_1,crm_customer_list,full_flight_buffer_then_freeze,8,0.95
eval_crm_customer_list_1,crm_customer_list,full_flight_buffer_then_freeze,9,0.95
eval_crm_customer_list_1,crm_customer_list,full_flight_buffer_then_freeze,10,0.95
eval_crm_customer_list_1,crm_customer_list,full_flight_buffer_then_freeze,11,0.95
eval_crm_customer_list_1,crm_customer_list,full_flight_buffer_then_freeze,12,0.95
eval_crm_customer_list_1,crm_customer_list,full_flight_buffer_then_freeze,13,0.95
eval_crm_customer_list_1,crm_customer_list,oracle_same_day_dial,1,0.95
eval_crm_customer_list_1,crm_customer_list,oracle_same_day_dial,2,0.95
eval_crm_customer_list_1,crm_customer_list,oracle_same_day_dial,3,0.95
eval_crm_customer_list_1,crm_customer_list,oracle_same_day_dial,4,0.95
eval_crm_customer_list_1,crm_customer_list,oracle_same_day_dial,5,0.890625
eval_crm_customer_list_1,crm_customer_list,oracle_same_day_dial,6,0.7124999999999999
eval_crm_customer_list_1,crm_customer_list,oracle_same_day_dial,7,0.95
eval_crm_customer_list_1,crm_customer_list,oracle_same_day_dial,8,0.95
eval_crm_customer_list_1,crm_customer_list,oracle_same_day_dial,9,0.95
eval_crm_customer_list_1,crm_customer_list,oracle_same_day_dial,10,0.95
eval_crm_customer_list_1,crm_customer_list,oracle_same_day_dial,11,0.95
eval_crm_customer_list_1,crm_customer_list,oracle_same_day_dial,12,0.890625
eval_crm_customer_list_1,crm_customer_list,oracle_same_day_dial,13,0.95
eval_catalog_retargeting_0,catalog_retargeting,fixed_model_line_pool,1,0.0
eval_catalog_retargeting_0,catalog_retargeting,fixed_model_line_pool,2,0.0
eval_catalog_retargeting_0,catalog_retargeting,fixed_model_line_pool,3,0.0
eval_catalog_retargeting_0,catalog_retargeting,fixed_model_line_pool,4,0.0
eval_catalog_retargeting_0,catalog_retargeting,fixed_model_line_pool,5,0.0
eval_catalog_retargeting_0,catalog_retargeting,fixed_model_line_pool,6,0.0
eval_catalog_retargeting_0,catalog_retargeting,fixed_model_line_pool,7,0.0
eval_catalog_retargeting_0,catalog_retargeting,fixed_model_line_pool,8,0.0
eval_catalog_retargeting_0,catalog_retargeting,fixed_model_line_pool,9,0.0
eval_catalog_retargeting_0,catalog_retargeting,fixed_model_line_pool,10,0.0
eval_catalog_retargeting_0,catalog_retargeting,fixed_model_line_pool,11,0.0
eval_catalog_retargeting_0,catalog_retargeting,fixed_model_line_pool,12,0.0
eval_catalog_retargeting_0,catalog_retargeting,fixed_model_line_pool,13,0.0
eval_catalog_retargeting_0,catalog_retargeting,context_and_scale_only_pool,1,0.505864662329029
eval_catalog_retargeting_0,catalog_retargeting,context_and_scale_only_pool,2,0.5374445753601094
eval_catalog_retargeting_0,catalog_retargeting,context_and_scale_only_pool,3,0.5581231590542877
eval_catalog_retargeting_0,catalog_retargeting,context_and_scale_only_pool,4,0.5778289150881116
eval_catalog_retargeting_0,catalog_retargeting,context_and_scale_only_pool,5,0.5998298270644576
eval_catalog_retargeting_0,catalog_retargeting,context_and_scale_only_pool,6,0.6224106024177786
eval_catalog_retargeting_0,catalog_retargeting,context_and_scale_only_pool,7,0.6455389289116065
eval_catalog_retargeting_0,catalog_retargeting,context_and_scale_only_pool,8,0.6665841212553414
eval_catalog_retargeting_0,catalog_retargeting,context_and_scale_only_pool,9,0.6900108775606018
eval_catalog_retargeting_0,catalog_retargeting,context_and_scale_only_pool,10,0.7119494847680143
eval_catalog_retargeting_0,catalog_retargeting,context_and_scale_only_pool,11,0.7290206407259228
eval_catalog_retargeting_0,catalog_retargeting,context_and_scale_only_pool,12,0.7387982578122732
eval_catalog_retargeting_0,catalog_retargeting,context_and_scale_only_pool,13,0.7436073351160608
eval_catalog_retargeting_0,catalog_retargeting,provider_blended_ordered_pool,1,0.5250914384668746
eval_catalog_retargeting_0,catalog_retargeting,provider_blended_ordered_pool,2,0.583831482779796
eval_catalog_retargeting_0,catalog_retargeting,provider_blended_ordered_pool,3,0.6132281806060924
eval_catalog_retargeting_0,catalog_retargeting,provider_blended_ordered_pool,4,0.632907390020008
eval_catalog_retargeting_0,catalog_retargeting,provider_blended_ordered_pool,5,0.6628637471828489
eval_catalog_retargeting_0,catalog_retargeting,provider_blended_ordered_pool,6,0.6725001643918688
eval_catalog_retargeting_0,catalog_retargeting,provider_blended_ordered_pool,7,0.6875063352364366
eval_catalog_retargeting_0,catalog_retargeting,provider_blended_ordered_pool,8,0.7084260641256287
eval_catalog_retargeting_0,catalog_retargeting,provider_blended_ordered_pool,9,0.7297582053478029
eval_catalog_retargeting_0,catalog_retargeting,provider_blended_ordered_pool,10,0.7461619579076966
eval_catalog_retargeting_0,catalog_retargeting,provider_blended_ordered_pool,11,0.7581554766684293
eval_catalog_retargeting_0,catalog_retargeting,provider_blended_ordered_pool,12,0.7688690024463214
eval_catalog_retargeting_0,catalog_retargeting,provider_blended_ordered_pool,13,0.7739865203265975
eval_catalog_retargeting_0,catalog_retargeting,ordered_collision_resolved_overlap_pool,1,0.2672509173132509
eval_catalog_retargeting_0,catalog_retargeting,ordered_collision_resolved_overlap_pool,2,0.6245514858764916
eval_catalog_retargeting_0,catalog_retargeting,ordered_collision_resolved_overlap_pool,3,0.6768025022452249
eval_catalog_retargeting_0,catalog_retargeting,ordered_collision_resolved_overlap_pool,4,0.6938616314425179
eval_catalog_retargeting_0,catalog_retargeting,ordered_collision_resolved_overlap_pool,5,0.7432574804278733
eval_catalog_retargeting_0,catalog_retargeting,ordered_collision_resolved_overlap_pool,6,0.7712523547099137
eval_catalog_retargeting_0,catalog_retargeting,ordered_collision_resolved_overlap_pool,7,0.7010551783948514
eval_catalog_retargeting_0,catalog_retargeting,ordered_collision_resolved_overlap_pool,8,0.7262159906552369
eval_catalog_retargeting_0,catalog_retargeting,ordered_collision_resolved_overlap_pool,9,0.767641730519119
eval_catalog_retargeting_0,catalog_retargeting,ordered_collision_resolved_overlap_pool,10,0.7783484735084533
eval_catalog_retargeting_0,catalog_retargeting,ordered_collision_resolved_overlap_pool,11,0.7846148008379197
eval_catalog_retargeting_0,catalog_retargeting,ordered_collision_resolved_overlap_pool,12,0.8022054572426179
eval_catalog_retargeting_0,catalog_retargeting,ordered_collision_resolved_overlap_pool,13,0.806006950051396
eval_catalog_retargeting_0,catalog_retargeting,fixed_marginal_overlap_atlas,1,0.08043078568837064
eval_catalog_retargeting_0,catalog_retargeting,fixed_marginal_overlap_atlas,2,0.2242845418282568
eval_catalog_retargeting_0,catalog_retargeting,fixed_marginal_overlap_atlas,3,0.3242960124293474
eval_catalog_retargeting_0,catalog_retargeting,fixed_marginal_overlap_atlas,4,0.37558831713947494
eval_catalog_retargeting_0,catalog_retargeting,fixed_marginal_overlap_atlas,5,0.44396082711244794
eval_catalog_retargeting_0,catalog_retargeting,fixed_marginal_overlap_atlas,6,0.49934041314753413
eval_catalog_retargeting_0,catalog_retargeting,fixed_marginal_overlap_atlas,7,0.5263604516729355
eval_catalog_retargeting_0,catalog_retargeting,fixed_marginal_overlap_atlas,8,0.5396990299267037
eval_catalog_retargeting_0,catalog_retargeting,fixed_marginal_overlap_atlas,9,0.5556602671951244
eval_catalog_retargeting_0,catalog_retargeting,fixed_marginal_overlap_atlas,10,0.581392613622769
eval_catalog_retargeting_0,catalog_retargeting,fixed_marginal_overlap_atlas,11,0.5876544742931091
eval_catalog_retargeting_0,catalog_retargeting,fixed_marginal_overlap_atlas,12,0.603322170909719
eval_catalog_retargeting_0,catalog_retargeting,fixed_marginal_overlap_atlas,13,0.6121982249481412
eval_catalog_retargeting_0,catalog_retargeting,pair_targeted_fixed_marginal_atlas,1,0.08043078568837064
eval_catalog_retargeting_0,catalog_retargeting,pair_targeted_fixed_marginal_atlas,2,0.2242845418282568
eval_catalog_retargeting_0,catalog_retargeting,pair_targeted_fixed_marginal_atlas,3,0.3242960124293474
eval_catalog_retargeting_0,catalog_retargeting,pair_targeted_fixed_marginal_atlas,4,0.37558831713947494
eval_catalog_retargeting_0,catalog_retargeting,pair_targeted_fixed_marginal_atlas,5,0.44396082711244794
eval_catalog_retargeting_0,catalog_retargeting,pair_targeted_fixed_marginal_atlas,6,0.49934041314753413
eval_catalog_retargeting_0,catalog_retargeting,pair_targeted_fixed_marginal_atlas,7,0.5263604516729355
eval_catalog_retargeting_0,catalog_retargeting,pair_targeted_fixed_marginal_atlas,8,0.5396990299267037
eval_catalog_retargeting_0,catalog_retargeting,pair_targeted_fixed_marginal_atlas,9,0.5556602671951244
eval_catalog_retargeting_0,catalog_retargeting,pair_targeted_fixed_marginal_atlas,10,0.581392613622769
eval_catalog_retargeting_0,catalog_retargeting,pair_targeted_fixed_marginal_atlas,11,0.5876544742931091
eval_catalog_retargeting_0,catalog_retargeting,pair_targeted_fixed_marginal_atlas,12,0.603322170909719
eval_catalog_retargeting_0,catalog_retargeting,pair_targeted_fixed_marginal_atlas,13,0.6121982249481412
eval_catalog_retargeting_0,catalog_retargeting,same_day_adaptive_pool,1,0.5408224371251117
eval_catalog_retargeting_0,catalog_retargeting,same_day_adaptive_pool,2,0.5847696483967582
eval_catalog_retargeting_0,catalog_retargeting,same_day_adaptive_pool,3,0.6580572677408449
eval_catalog_retargeting_0,catalog_retargeting,same_day_adaptive_pool,4,0.5600853712166507
eval_catalog_retargeting_0,catalog_retargeting,same_day_adaptive_pool,5,0.5525789699498638
eval_catalog_retargeting_0,catalog_retargeting,same_day_adaptive_pool,6,0.5644627133479503
eval_catalog_retargeting_0,catalog_retargeting,same_day_adaptive_pool,7,0.5112870729825315
eval_catalog_retargeting_0,catalog_retargeting,same_day_adaptive_pool,8,0.5644682379213376
eval_catalog_retargeting_0,catalog_retargeting,same_day_adaptive_pool,9,0.5847231508085562
eval_catalog_retargeting_0,catalog_retargeting,same_day_adaptive_pool,10,0.6220278857725396
eval_catalog_retargeting_0,catalog_retargeting,same_day_adaptive_pool,11,0.5852513127489328
eval_catalog_retargeting_0,catalog_retargeting,same_day_adaptive_pool,12,0.6060433672994894
eval_catalog_retargeting_0,catalog_retargeting,same_day_adaptive_pool,13,0.56092961900945
eval_catalog_retargeting_0,catalog_retargeting,cumulative_adaptive_pool,1,0.5408224371251117
eval_catalog_retargeting_0,catalog_retargeting,cumulative_adaptive_pool,2,0.6217844070322668
eval_catalog_retargeting_0,catalog_retargeting,cumulative_adaptive_pool,3,0.6583141073302962
eval_catalog_retargeting_0,catalog_retargeting,cumulative_adaptive_pool,4,0.6779715967824684
eval_catalog_retargeting_0,catalog_retargeting,cumulative_adaptive_pool,5,0.7144369545524417
eval_catalog_retargeting_0,catalog_retargeting,cumulative_adaptive_pool,6,0.7134825332797607
eval_catalog_retargeting_0,catalog_retargeting,cumulative_adaptive_pool,7,0.7218433040476612
eval_catalog_retargeting_0,catalog_retargeting,cumulative_adaptive_pool,8,0.7426603810195
eval_catalog_retargeting_0,catalog_retargeting,cumulative_adaptive_pool,9,0.7622787462646037
eval_catalog_retargeting_0,catalog_retargeting,cumulative_adaptive_pool,10,0.7741539813856184
eval_catalog_retargeting_0,catalog_retargeting,cumulative_adaptive_pool,11,0.7819930697122983
eval_catalog_retargeting_0,catalog_retargeting,cumulative_adaptive_pool,12,0.793472338965088
eval_catalog_retargeting_0,catalog_retargeting,cumulative_adaptive_pool,13,0.7988422173170366
eval_catalog_retargeting_0,catalog_retargeting,quantized_hysteresis_pool,1,0.55
eval_catalog_retargeting_0,catalog_retargeting,quantized_hysteresis_pool,2,0.55
eval_catalog_retargeting_0,catalog_retargeting,quantized_hysteresis_pool,3,0.55
eval_catalog_retargeting_0,catalog_retargeting,quantized_hysteresis_pool,4,0.65
eval_catalog_retargeting_0,catalog_retargeting,quantized_hysteresis_pool,5,0.65
eval_catalog_retargeting_0,catalog_retargeting,quantized_hysteresis_pool,6,0.65
eval_catalog_retargeting_0,catalog_retargeting,quantized_hysteresis_pool,7,0.65
eval_catalog_retargeting_0,catalog_retargeting,quantized_hysteresis_pool,8,0.65
eval_catalog_retargeting_0,catalog_retargeting,quantized_hysteresis_pool,9,0.75
eval_catalog_retargeting_0,catalog_retargeting,quantized_hysteresis_pool,10,0.75
eval_catalog_retargeting_0,catalog_retargeting,quantized_hysteresis_pool,11,0.75
eval_catalog_retargeting_0,catalog_retargeting,quantized_hysteresis_pool,12,0.75
eval_catalog_retargeting_0,catalog_retargeting,quantized_hysteresis_pool,13,0.75
eval_catalog_retargeting_0,catalog_retargeting,sticky_first_seen_pool,1,0.5408224371251117
eval_catalog_retargeting_0,catalog_retargeting,sticky_first_seen_pool,2,0.6217844070322668
eval_catalog_retargeting_0,catalog_retargeting,sticky_first_seen_pool,3,0.6583141073302962
eval_catalog_retargeting_0,catalog_retargeting,sticky_first_seen_pool,4,0.6779715967824684
eval_catalog_retargeting_0,catalog_retargeting,sticky_first_seen_pool,5,0.7144369545524417
eval_catalog_retargeting_0,catalog_retargeting,sticky_first_seen_pool,6,0.7134825332797607
eval_catalog_retargeting_0,catalog_retargeting,sticky_first_seen_pool,7,0.7218433040476612
eval_catalog_retargeting_0,catalog_retargeting,sticky_first_seen_pool,8,0.7426603810195
eval_catalog_retargeting_0,catalog_retargeting,sticky_first_seen_pool,9,0.7622787462646037
eval_catalog_retargeting_0,catalog_retargeting,sticky_first_seen_pool,10,0.7741539813856184
eval_catalog_retargeting_0,catalog_retargeting,sticky_first_seen_pool,11,0.7819930697122983
eval_catalog_retargeting_0,catalog_retargeting,sticky_first_seen_pool,12,0.793472338965088
eval_catalog_retargeting_0,catalog_retargeting,sticky_first_seen_pool,13,0.7988422173170366
eval_catalog_retargeting_0,catalog_retargeting,ordered_memoized_rank_lattice,1,0.55
eval_catalog_retargeting_0,catalog_retargeting,ordered_memoized_rank_lattice,2,0.55
eval_catalog_retargeting_0,catalog_retargeting,ordered_memoized_rank_lattice,3,0.55
eval_catalog_retargeting_0,catalog_retargeting,ordered_memoized_rank_lattice,4,0.65
eval_catalog_retargeting_0,catalog_retargeting,ordered_memoized_rank_lattice,5,0.65
eval_catalog_retargeting_0,catalog_retargeting,ordered_memoized_rank_lattice,6,0.65
eval_catalog_retargeting_0,catalog_retargeting,ordered_memoized_rank_lattice,7,0.65
eval_catalog_retargeting_0,catalog_retargeting,ordered_memoized_rank_lattice,8,0.65
eval_catalog_retargeting_0,catalog_retargeting,ordered_memoized_rank_lattice,9,0.75
eval_catalog_retargeting_0,catalog_retargeting,ordered_memoized_rank_lattice,10,0.75
eval_catalog_retargeting_0,catalog_retargeting,ordered_memoized_rank_lattice,11,0.75
eval_catalog_retargeting_0,catalog_retargeting,ordered_memoized_rank_lattice,12,0.75
eval_catalog_retargeting_0,catalog_retargeting,ordered_memoized_rank_lattice,13,0.75
eval_catalog_retargeting_0,catalog_retargeting,cohort_3_week_rank_lattice,1,0.55
eval_catalog_retargeting_0,catalog_retargeting,cohort_3_week_rank_lattice,2,0.55
eval_catalog_retargeting_0,catalog_retargeting,cohort_3_week_rank_lattice,3,0.55
eval_catalog_retargeting_0,catalog_retargeting,cohort_3_week_rank_lattice,4,0.65
eval_catalog_retargeting_0,catalog_retargeting,cohort_3_week_rank_lattice,5,0.65
eval_catalog_retargeting_0,catalog_retargeting,cohort_3_week_rank_lattice,6,0.65
eval_catalog_retargeting_0,catalog_retargeting,cohort_3_week_rank_lattice,7,0.65
eval_catalog_retargeting_0,catalog_retargeting,cohort_3_week_rank_lattice,8,0.65
eval_catalog_retargeting_0,catalog_retargeting,cohort_3_week_rank_lattice,9,0.75
eval_catalog_retargeting_0,catalog_retargeting,cohort_3_week_rank_lattice,10,0.75
eval_catalog_retargeting_0,catalog_retargeting,cohort_3_week_rank_lattice,11,0.75
eval_catalog_retargeting_0,catalog_retargeting,cohort_3_week_rank_lattice,12,0.75
eval_catalog_retargeting_0,catalog_retargeting,cohort_3_week_rank_lattice,13,0.75
eval_catalog_retargeting_0,catalog_retargeting,oracle_online_venn_recent,1,0.0
eval_catalog_retargeting_0,catalog_retargeting,oracle_online_venn_recent,2,0.0
eval_catalog_retargeting_0,catalog_retargeting,oracle_online_venn_recent,3,0.0
eval_catalog_retargeting_0,catalog_retargeting,oracle_online_venn_recent,4,0.0
eval_catalog_retargeting_0,catalog_retargeting,oracle_online_venn_recent,5,0.0
eval_catalog_retargeting_0,catalog_retargeting,oracle_online_venn_recent,6,0.0
eval_catalog_retargeting_0,catalog_retargeting,oracle_online_venn_recent,7,0.0
eval_catalog_retargeting_0,catalog_retargeting,oracle_online_venn_recent,8,0.0
eval_catalog_retargeting_0,catalog_retargeting,oracle_online_venn_recent,9,0.0
eval_catalog_retargeting_0,catalog_retargeting,oracle_online_venn_recent,10,0.0
eval_catalog_retargeting_0,catalog_retargeting,oracle_online_venn_recent,11,0.0
eval_catalog_retargeting_0,catalog_retargeting,oracle_online_venn_recent,12,0.0
eval_catalog_retargeting_0,catalog_retargeting,oracle_online_venn_recent,13,0.0
eval_catalog_retargeting_0,catalog_retargeting,oracle_online_venn_oldest,1,0.0
eval_catalog_retargeting_0,catalog_retargeting,oracle_online_venn_oldest,2,0.0
eval_catalog_retargeting_0,catalog_retargeting,oracle_online_venn_oldest,3,0.0
eval_catalog_retargeting_0,catalog_retargeting,oracle_online_venn_oldest,4,0.0
eval_catalog_retargeting_0,catalog_retargeting,oracle_online_venn_oldest,5,0.0
eval_catalog_retargeting_0,catalog_retargeting,oracle_online_venn_oldest,6,0.0
eval_catalog_retargeting_0,catalog_retargeting,oracle_online_venn_oldest,7,0.0
eval_catalog_retargeting_0,catalog_retargeting,oracle_online_venn_oldest,8,0.0
eval_catalog_retargeting_0,catalog_retargeting,oracle_online_venn_oldest,9,0.0
eval_catalog_retargeting_0,catalog_retargeting,oracle_online_venn_oldest,10,0.0
eval_catalog_retargeting_0,catalog_retargeting,oracle_online_venn_oldest,11,0.0
eval_catalog_retargeting_0,catalog_retargeting,oracle_online_venn_oldest,12,0.0
eval_catalog_retargeting_0,catalog_retargeting,oracle_online_venn_oldest,13,0.0
eval_catalog_retargeting_0,catalog_retargeting,oracle_online_union_recent,1,0.0
eval_catalog_retargeting_0,catalog_retargeting,oracle_online_union_recent,2,0.0
eval_catalog_retargeting_0,catalog_retargeting,oracle_online_union_recent,3,0.0
eval_catalog_retargeting_0,catalog_retargeting,oracle_online_union_recent,4,0.0
eval_catalog_retargeting_0,catalog_retargeting,oracle_online_union_recent,5,0.0
eval_catalog_retargeting_0,catalog_retargeting,oracle_online_union_recent,6,0.0
eval_catalog_retargeting_0,catalog_retargeting,oracle_online_union_recent,7,0.0
eval_catalog_retargeting_0,catalog_retargeting,oracle_online_union_recent,8,0.0
eval_catalog_retargeting_0,catalog_retargeting,oracle_online_union_recent,9,0.0
eval_catalog_retargeting_0,catalog_retargeting,oracle_online_union_recent,10,0.0
eval_catalog_retargeting_0,catalog_retargeting,oracle_online_union_recent,11,0.0
eval_catalog_retargeting_0,catalog_retargeting,oracle_online_union_recent,12,0.0
eval_catalog_retargeting_0,catalog_retargeting,oracle_online_union_recent,13,0.0
eval_catalog_retargeting_0,catalog_retargeting,oracle_online_union_oldest,1,0.0
eval_catalog_retargeting_0,catalog_retargeting,oracle_online_union_oldest,2,0.0
eval_catalog_retargeting_0,catalog_retargeting,oracle_online_union_oldest,3,0.0
eval_catalog_retargeting_0,catalog_retargeting,oracle_online_union_oldest,4,0.0
eval_catalog_retargeting_0,catalog_retargeting,oracle_online_union_oldest,5,0.0
eval_catalog_retargeting_0,catalog_retargeting,oracle_online_union_oldest,6,0.0
eval_catalog_retargeting_0,catalog_retargeting,oracle_online_union_oldest,7,0.0
eval_catalog_retargeting_0,catalog_retargeting,oracle_online_union_oldest,8,0.0
eval_catalog_retargeting_0,catalog_retargeting,oracle_online_union_oldest,9,0.0
eval_catalog_retargeting_0,catalog_retargeting,oracle_online_union_oldest,10,0.0
eval_catalog_retargeting_0,catalog_retargeting,oracle_online_union_oldest,11,0.0
eval_catalog_retargeting_0,catalog_retargeting,oracle_online_union_oldest,12,0.0
eval_catalog_retargeting_0,catalog_retargeting,oracle_online_union_oldest,13,0.0
eval_catalog_retargeting_0,catalog_retargeting,forbidden_person_identity_oracle,1,0.0
eval_catalog_retargeting_0,catalog_retargeting,forbidden_person_identity_oracle,2,0.0
eval_catalog_retargeting_0,catalog_retargeting,forbidden_person_identity_oracle,3,0.0
eval_catalog_retargeting_0,catalog_retargeting,forbidden_person_identity_oracle,4,0.0
eval_catalog_retargeting_0,catalog_retargeting,forbidden_person_identity_oracle,5,0.0
eval_catalog_retargeting_0,catalog_retargeting,forbidden_person_identity_oracle,6,0.0
eval_catalog_retargeting_0,catalog_retargeting,forbidden_person_identity_oracle,7,0.0
eval_catalog_retargeting_0,catalog_retargeting,forbidden_person_identity_oracle,8,0.0
eval_catalog_retargeting_0,catalog_retargeting,forbidden_person_identity_oracle,9,0.0
eval_catalog_retargeting_0,catalog_retargeting,forbidden_person_identity_oracle,10,0.0
eval_catalog_retargeting_0,catalog_retargeting,forbidden_person_identity_oracle,11,0.0
eval_catalog_retargeting_0,catalog_retargeting,forbidden_person_identity_oracle,12,0.0
eval_catalog_retargeting_0,catalog_retargeting,forbidden_person_identity_oracle,13,0.0
eval_catalog_retargeting_0,catalog_retargeting,three_day_buffer_then_freeze,1,0.6583141073302962
eval_catalog_retargeting_0,catalog_retargeting,three_day_buffer_then_freeze,2,0.6583141073302962
eval_catalog_retargeting_0,catalog_retargeting,three_day_buffer_then_freeze,3,0.6583141073302962
eval_catalog_retargeting_0,catalog_retargeting,three_day_buffer_then_freeze,4,0.6583141073302962
eval_catalog_retargeting_0,catalog_retargeting,three_day_buffer_then_freeze,5,0.6583141073302962
eval_catalog_retargeting_0,catalog_retargeting,three_day_buffer_then_freeze,6,0.6583141073302962
eval_catalog_retargeting_0,catalog_retargeting,three_day_buffer_then_freeze,7,0.6583141073302962
eval_catalog_retargeting_0,catalog_retargeting,three_day_buffer_then_freeze,8,0.6583141073302962
eval_catalog_retargeting_0,catalog_retargeting,three_day_buffer_then_freeze,9,0.6583141073302962
eval_catalog_retargeting_0,catalog_retargeting,three_day_buffer_then_freeze,10,0.6583141073302962
eval_catalog_retargeting_0,catalog_retargeting,three_day_buffer_then_freeze,11,0.6583141073302962
eval_catalog_retargeting_0,catalog_retargeting,three_day_buffer_then_freeze,12,0.6583141073302962
eval_catalog_retargeting_0,catalog_retargeting,three_day_buffer_then_freeze,13,0.6583141073302962
eval_catalog_retargeting_0,catalog_retargeting,full_flight_buffer_then_freeze,1,0.7988422173170366
eval_catalog_retargeting_0,catalog_retargeting,full_flight_buffer_then_freeze,2,0.7988422173170366
eval_catalog_retargeting_0,catalog_retargeting,full_flight_buffer_then_freeze,3,0.7988422173170366
eval_catalog_retargeting_0,catalog_retargeting,full_flight_buffer_then_freeze,4,0.7988422173170366
eval_catalog_retargeting_0,catalog_retargeting,full_flight_buffer_then_freeze,5,0.7988422173170366
eval_catalog_retargeting_0,catalog_retargeting,full_flight_buffer_then_freeze,6,0.7988422173170366
eval_catalog_retargeting_0,catalog_retargeting,full_flight_buffer_then_freeze,7,0.7988422173170366
eval_catalog_retargeting_0,catalog_retargeting,full_flight_buffer_then_freeze,8,0.7988422173170366
eval_catalog_retargeting_0,catalog_retargeting,full_flight_buffer_then_freeze,9,0.7988422173170366
eval_catalog_retargeting_0,catalog_retargeting,full_flight_buffer_then_freeze,10,0.7988422173170366
eval_catalog_retargeting_0,catalog_retargeting,full_flight_buffer_then_freeze,11,0.7988422173170366
eval_catalog_retargeting_0,catalog_retargeting,full_flight_buffer_then_freeze,12,0.7988422173170366
eval_catalog_retargeting_0,catalog_retargeting,full_flight_buffer_then_freeze,13,0.7988422173170366
eval_catalog_retargeting_0,catalog_retargeting,oracle_same_day_dial,1,0.35624999999999996
eval_catalog_retargeting_0,catalog_retargeting,oracle_same_day_dial,2,0.41562499999999997
eval_catalog_retargeting_0,catalog_retargeting,oracle_same_day_dial,3,0.2375
eval_catalog_retargeting_0,catalog_retargeting,oracle_same_day_dial,4,0.59375
eval_catalog_retargeting_0,catalog_retargeting,oracle_same_day_dial,5,0.41562499999999997
eval_catalog_retargeting_0,catalog_retargeting,oracle_same_day_dial,6,0.41562499999999997
eval_catalog_retargeting_0,catalog_retargeting,oracle_same_day_dial,7,0.35624999999999996
eval_catalog_retargeting_0,catalog_retargeting,oracle_same_day_dial,8,0.35624999999999996
eval_catalog_retargeting_0,catalog_retargeting,oracle_same_day_dial,9,0.59375
eval_catalog_retargeting_0,catalog_retargeting,oracle_same_day_dial,10,0.5343749999999999
eval_catalog_retargeting_0,catalog_retargeting,oracle_same_day_dial,11,0.7124999999999999
eval_catalog_retargeting_0,catalog_retargeting,oracle_same_day_dial,12,0.653125
eval_catalog_retargeting_0,catalog_retargeting,oracle_same_day_dial,13,0.41562499999999997
eval_catalog_retargeting_1,catalog_retargeting,fixed_model_line_pool,1,0.0
eval_catalog_retargeting_1,catalog_retargeting,fixed_model_line_pool,2,0.0
eval_catalog_retargeting_1,catalog_retargeting,fixed_model_line_pool,3,0.0
eval_catalog_retargeting_1,catalog_retargeting,fixed_model_line_pool,4,0.0
eval_catalog_retargeting_1,catalog_retargeting,fixed_model_line_pool,5,0.0
eval_catalog_retargeting_1,catalog_retargeting,fixed_model_line_pool,6,0.0
eval_catalog_retargeting_1,catalog_retargeting,fixed_model_line_pool,7,0.0
eval_catalog_retargeting_1,catalog_retargeting,fixed_model_line_pool,8,0.0
eval_catalog_retargeting_1,catalog_retargeting,fixed_model_line_pool,9,0.0
eval_catalog_retargeting_1,catalog_retargeting,fixed_model_line_pool,10,0.0
eval_catalog_retargeting_1,catalog_retargeting,fixed_model_line_pool,11,0.0
eval_catalog_retargeting_1,catalog_retargeting,fixed_model_line_pool,12,0.0
eval_catalog_retargeting_1,catalog_retargeting,fixed_model_line_pool,13,0.0
eval_catalog_retargeting_1,catalog_retargeting,context_and_scale_only_pool,1,0.5485318886753394
eval_catalog_retargeting_1,catalog_retargeting,context_and_scale_only_pool,2,0.6066731430708432
eval_catalog_retargeting_1,catalog_retargeting,context_and_scale_only_pool,3,0.6382043471699044
eval_catalog_retargeting_1,catalog_retargeting,context_and_scale_only_pool,4,0.6645454625748461
eval_catalog_retargeting_1,catalog_retargeting,context_and_scale_only_pool,5,0.6802775881658389
eval_catalog_retargeting_1,catalog_retargeting,context_and_scale_only_pool,6,0.6951521776293992
eval_catalog_retargeting_1,catalog_retargeting,context_and_scale_only_pool,7,0.7057094639751356
eval_catalog_retargeting_1,catalog_retargeting,context_and_scale_only_pool,8,0.7155884634033342
eval_catalog_retargeting_1,catalog_retargeting,context_and_scale_only_pool,9,0.7232901149096471
eval_catalog_retargeting_1,catalog_retargeting,context_and_scale_only_pool,10,0.7313796879447113
eval_catalog_retargeting_1,catalog_retargeting,context_and_scale_only_pool,11,0.7374273861966809
eval_catalog_retargeting_1,catalog_retargeting,context_and_scale_only_pool,12,0.7428362810626619
eval_catalog_retargeting_1,catalog_retargeting,context_and_scale_only_pool,13,0.7436073351160608
eval_catalog_retargeting_1,catalog_retargeting,provider_blended_ordered_pool,1,0.5666451130031542
eval_catalog_retargeting_1,catalog_retargeting,provider_blended_ordered_pool,2,0.6131680035398637
eval_catalog_retargeting_1,catalog_retargeting,provider_blended_ordered_pool,3,0.6519040503893164
eval_catalog_retargeting_1,catalog_retargeting,provider_blended_ordered_pool,4,0.6585722791745225
eval_catalog_retargeting_1,catalog_retargeting,provider_blended_ordered_pool,5,0.6825687916365304
eval_catalog_retargeting_1,catalog_retargeting,provider_blended_ordered_pool,6,0.7096040439633354
eval_catalog_retargeting_1,catalog_retargeting,provider_blended_ordered_pool,7,0.7252643897858153
eval_catalog_retargeting_1,catalog_retargeting,provider_blended_ordered_pool,8,0.738794998263092
eval_catalog_retargeting_1,catalog_retargeting,provider_blended_ordered_pool,9,0.7475170459935683
eval_catalog_retargeting_1,catalog_retargeting,provider_blended_ordered_pool,10,0.7545933313318482
eval_catalog_retargeting_1,catalog_retargeting,provider_blended_ordered_pool,11,0.7612338171456224
eval_catalog_retargeting_1,catalog_retargeting,provider_blended_ordered_pool,12,0.7673870892303739
eval_catalog_retargeting_1,catalog_retargeting,provider_blended_ordered_pool,13,0.7722777141655799
eval_catalog_retargeting_1,catalog_retargeting,ordered_collision_resolved_overlap_pool,1,0.5534491037996513
eval_catalog_retargeting_1,catalog_retargeting,ordered_collision_resolved_overlap_pool,2,0.46861849465550864
eval_catalog_retargeting_1,catalog_retargeting,ordered_collision_resolved_overlap_pool,3,0.6356385714936601
eval_catalog_retargeting_1,catalog_retargeting,ordered_collision_resolved_overlap_pool,4,0.6325117461479332
eval_catalog_retargeting_1,catalog_retargeting,ordered_collision_resolved_overlap_pool,5,0.6312114303384663
eval_catalog_retargeting_1,catalog_retargeting,ordered_collision_resolved_overlap_pool,6,0.6903655751846349
eval_catalog_retargeting_1,catalog_retargeting,ordered_collision_resolved_overlap_pool,7,0.7127576974047328
eval_catalog_retargeting_1,catalog_retargeting,ordered_collision_resolved_overlap_pool,8,0.714138639245488
eval_catalog_retargeting_1,catalog_retargeting,ordered_collision_resolved_overlap_pool,9,0.7397537876955511
eval_catalog_retargeting_1,catalog_retargeting,ordered_collision_resolved_overlap_pool,10,0.7473320785947414
eval_catalog_retargeting_1,catalog_retargeting,ordered_collision_resolved_overlap_pool,11,0.7485479719748972
eval_catalog_retargeting_1,catalog_retargeting,ordered_collision_resolved_overlap_pool,12,0.7662292061556123
eval_catalog_retargeting_1,catalog_retargeting,ordered_collision_resolved_overlap_pool,13,0.7705055253929595
eval_catalog_retargeting_1,catalog_retargeting,fixed_marginal_overlap_atlas,1,0.09523043733304926
eval_catalog_retargeting_1,catalog_retargeting,fixed_marginal_overlap_atlas,2,0.24207413225052624
eval_catalog_retargeting_1,catalog_retargeting,fixed_marginal_overlap_atlas,3,0.31571828848404004
eval_catalog_retargeting_1,catalog_retargeting,fixed_marginal_overlap_atlas,4,0.3273123356715493
eval_catalog_retargeting_1,catalog_retargeting,fixed_marginal_overlap_atlas,5,0.3930771847910583
eval_catalog_retargeting_1,catalog_retargeting,fixed_marginal_overlap_atlas,6,0.45200730980245574
eval_catalog_retargeting_1,catalog_retargeting,fixed_marginal_overlap_atlas,7,0.5091713519249947
eval_catalog_retargeting_1,catalog_retargeting,fixed_marginal_overlap_atlas,8,0.5451182199255773
eval_catalog_retargeting_1,catalog_retargeting,fixed_marginal_overlap_atlas,9,0.558953073960484
eval_catalog_retargeting_1,catalog_retargeting,fixed_marginal_overlap_atlas,10,0.5742855705906934
eval_catalog_retargeting_1,catalog_retargeting,fixed_marginal_overlap_atlas,11,0.5810420491504634
eval_catalog_retargeting_1,catalog_retargeting,fixed_marginal_overlap_atlas,12,0.5934645593480011
eval_catalog_retargeting_1,catalog_retargeting,fixed_marginal_overlap_atlas,13,0.6157394920377799
eval_catalog_retargeting_1,catalog_retargeting,pair_targeted_fixed_marginal_atlas,1,0.09523043733304926
eval_catalog_retargeting_1,catalog_retargeting,pair_targeted_fixed_marginal_atlas,2,0.24207413225052624
eval_catalog_retargeting_1,catalog_retargeting,pair_targeted_fixed_marginal_atlas,3,0.31571828848404004
eval_catalog_retargeting_1,catalog_retargeting,pair_targeted_fixed_marginal_atlas,4,0.3273123356715493
eval_catalog_retargeting_1,catalog_retargeting,pair_targeted_fixed_marginal_atlas,5,0.3930771847910583
eval_catalog_retargeting_1,catalog_retargeting,pair_targeted_fixed_marginal_atlas,6,0.45200730980245574
eval_catalog_retargeting_1,catalog_retargeting,pair_targeted_fixed_marginal_atlas,7,0.5091713519249947
eval_catalog_retargeting_1,catalog_retargeting,pair_targeted_fixed_marginal_atlas,8,0.5451182199255773
eval_catalog_retargeting_1,catalog_retargeting,pair_targeted_fixed_marginal_atlas,9,0.558953073960484
eval_catalog_retargeting_1,catalog_retargeting,pair_targeted_fixed_marginal_atlas,10,0.5742855705906934
eval_catalog_retargeting_1,catalog_retargeting,pair_targeted_fixed_marginal_atlas,11,0.5810420491504634
eval_catalog_retargeting_1,catalog_retargeting,pair_targeted_fixed_marginal_atlas,12,0.5934645593480011
eval_catalog_retargeting_1,catalog_retargeting,pair_targeted_fixed_marginal_atlas,13,0.6157394920377799
eval_catalog_retargeting_1,catalog_retargeting,same_day_adaptive_pool,1,0.5814650238168207
eval_catalog_retargeting_1,catalog_retargeting,same_day_adaptive_pool,2,0.5659843136199671
eval_catalog_retargeting_1,catalog_retargeting,same_day_adaptive_pool,3,0.6491133578605289
eval_catalog_retargeting_1,catalog_retargeting,same_day_adaptive_pool,4,0.5527896716274173
eval_catalog_retargeting_1,catalog_retargeting,same_day_adaptive_pool,5,0.5802329307341929
eval_catalog_retargeting_1,catalog_retargeting,same_day_adaptive_pool,6,0.5958845174426164
eval_catalog_retargeting_1,catalog_retargeting,same_day_adaptive_pool,7,0.5898076803177207
eval_catalog_retargeting_1,catalog_retargeting,same_day_adaptive_pool,8,0.6035455167382513
eval_catalog_retargeting_1,catalog_retargeting,same_day_adaptive_pool,9,0.5649846719149623
eval_catalog_retargeting_1,catalog_retargeting,same_day_adaptive_pool,10,0.5775537585145923
eval_catalog_retargeting_1,catalog_retargeting,same_day_adaptive_pool,11,0.523365742104218
eval_catalog_retargeting_1,catalog_retargeting,same_day_adaptive_pool,12,0.5582774197623595
eval_catalog_retargeting_1,catalog_retargeting,same_day_adaptive_pool,13,0.5368062020608648
eval_catalog_retargeting_1,catalog_retargeting,cumulative_adaptive_pool,1,0.5814650238168207
eval_catalog_retargeting_1,catalog_retargeting,cumulative_adaptive_pool,2,0.618481980287244
eval_catalog_retargeting_1,catalog_retargeting,cumulative_adaptive_pool,3,0.6631128984779262
eval_catalog_retargeting_1,catalog_retargeting,cumulative_adaptive_pool,4,0.6536851291197123
eval_catalog_retargeting_1,catalog_retargeting,cumulative_adaptive_pool,5,0.6844434126580051
eval_catalog_retargeting_1,catalog_retargeting,cumulative_adaptive_pool,6,0.721428298236556
eval_catalog_retargeting_1,catalog_retargeting,cumulative_adaptive_pool,7,0.7412638745400078
eval_catalog_retargeting_1,catalog_retargeting,cumulative_adaptive_pool,8,0.7577821631483483
eval_catalog_retargeting_1,catalog_retargeting,cumulative_adaptive_pool,9,0.7673390805167766
eval_catalog_retargeting_1,catalog_retargeting,cumulative_adaptive_pool,10,0.7735863122849603
eval_catalog_retargeting_1,catalog_retargeting,cumulative_adaptive_pool,11,0.7807118061038473
eval_catalog_retargeting_1,catalog_retargeting,cumulative_adaptive_pool,12,0.7874741140948656
eval_catalog_retargeting_1,catalog_retargeting,cumulative_adaptive_pool,13,0.7957352970242773
eval_catalog_retargeting_1,catalog_retargeting,quantized_hysteresis_pool,1,0.6000000000000001
eval_catalog_retargeting_1,catalog_retargeting,quantized_hysteresis_pool,2,0.6000000000000001
eval_catalog_retargeting_1,catalog_retargeting,quantized_hysteresis_pool,3,0.6000000000000001
eval_catalog_retargeting_1,catalog_retargeting,quantized_hysteresis_pool,4,0.6000000000000001
eval_catalog_retargeting_1,catalog_retargeting,quantized_hysteresis_pool,5,0.6000000000000001
eval_catalog_retargeting_1,catalog_retargeting,quantized_hysteresis_pool,6,0.6000000000000001
eval_catalog_retargeting_1,catalog_retargeting,quantized_hysteresis_pool,7,0.7000000000000001
eval_catalog_retargeting_1,catalog_retargeting,quantized_hysteresis_pool,8,0.7000000000000001
eval_catalog_retargeting_1,catalog_retargeting,quantized_hysteresis_pool,9,0.7000000000000001
eval_catalog_retargeting_1,catalog_retargeting,quantized_hysteresis_pool,10,0.7000000000000001
eval_catalog_retargeting_1,catalog_retargeting,quantized_hysteresis_pool,11,0.7000000000000001
eval_catalog_retargeting_1,catalog_retargeting,quantized_hysteresis_pool,12,0.7000000000000001
eval_catalog_retargeting_1,catalog_retargeting,quantized_hysteresis_pool,13,0.8
eval_catalog_retargeting_1,catalog_retargeting,sticky_first_seen_pool,1,0.5814650238168207
eval_catalog_retargeting_1,catalog_retargeting,sticky_first_seen_pool,2,0.618481980287244
eval_catalog_retargeting_1,catalog_retargeting,sticky_first_seen_pool,3,0.6631128984779262
eval_catalog_retargeting_1,catalog_retargeting,sticky_first_seen_pool,4,0.6536851291197123
eval_catalog_retargeting_1,catalog_retargeting,sticky_first_seen_pool,5,0.6844434126580051
eval_catalog_retargeting_1,catalog_retargeting,sticky_first_seen_pool,6,0.721428298236556
eval_catalog_retargeting_1,catalog_retargeting,sticky_first_seen_pool,7,0.7412638745400078
eval_catalog_retargeting_1,catalog_retargeting,sticky_first_seen_pool,8,0.7577821631483483
eval_catalog_retargeting_1,catalog_retargeting,sticky_first_seen_pool,9,0.7673390805167766
eval_catalog_retargeting_1,catalog_retargeting,sticky_first_seen_pool,10,0.7735863122849603
eval_catalog_retargeting_1,catalog_retargeting,sticky_first_seen_pool,11,0.7807118061038473
eval_catalog_retargeting_1,catalog_retargeting,sticky_first_seen_pool,12,0.7874741140948656
eval_catalog_retargeting_1,catalog_retargeting,sticky_first_seen_pool,13,0.7957352970242773
eval_catalog_retargeting_1,catalog_retargeting,ordered_memoized_rank_lattice,1,0.6000000000000001
eval_catalog_retargeting_1,catalog_retargeting,ordered_memoized_rank_lattice,2,0.6000000000000001
eval_catalog_retargeting_1,catalog_retargeting,ordered_memoized_rank_lattice,3,0.6000000000000001
eval_catalog_retargeting_1,catalog_retargeting,ordered_memoized_rank_lattice,4,0.6000000000000001
eval_catalog_retargeting_1,catalog_retargeting,ordered_memoized_rank_lattice,5,0.6000000000000001
eval_catalog_retargeting_1,catalog_retargeting,ordered_memoized_rank_lattice,6,0.6000000000000001
eval_catalog_retargeting_1,catalog_retargeting,ordered_memoized_rank_lattice,7,0.7000000000000001
eval_catalog_retargeting_1,catalog_retargeting,ordered_memoized_rank_lattice,8,0.7000000000000001
eval_catalog_retargeting_1,catalog_retargeting,ordered_memoized_rank_lattice,9,0.7000000000000001
eval_catalog_retargeting_1,catalog_retargeting,ordered_memoized_rank_lattice,10,0.7000000000000001
eval_catalog_retargeting_1,catalog_retargeting,ordered_memoized_rank_lattice,11,0.7000000000000001
eval_catalog_retargeting_1,catalog_retargeting,ordered_memoized_rank_lattice,12,0.7000000000000001
eval_catalog_retargeting_1,catalog_retargeting,ordered_memoized_rank_lattice,13,0.8
eval_catalog_retargeting_1,catalog_retargeting,cohort_3_week_rank_lattice,1,0.6000000000000001
eval_catalog_retargeting_1,catalog_retargeting,cohort_3_week_rank_lattice,2,0.6000000000000001
eval_catalog_retargeting_1,catalog_retargeting,cohort_3_week_rank_lattice,3,0.6000000000000001
eval_catalog_retargeting_1,catalog_retargeting,cohort_3_week_rank_lattice,4,0.6000000000000001
eval_catalog_retargeting_1,catalog_retargeting,cohort_3_week_rank_lattice,5,0.6000000000000001
eval_catalog_retargeting_1,catalog_retargeting,cohort_3_week_rank_lattice,6,0.6000000000000001
eval_catalog_retargeting_1,catalog_retargeting,cohort_3_week_rank_lattice,7,0.7000000000000001
eval_catalog_retargeting_1,catalog_retargeting,cohort_3_week_rank_lattice,8,0.7000000000000001
eval_catalog_retargeting_1,catalog_retargeting,cohort_3_week_rank_lattice,9,0.7000000000000001
eval_catalog_retargeting_1,catalog_retargeting,cohort_3_week_rank_lattice,10,0.7000000000000001
eval_catalog_retargeting_1,catalog_retargeting,cohort_3_week_rank_lattice,11,0.7000000000000001
eval_catalog_retargeting_1,catalog_retargeting,cohort_3_week_rank_lattice,12,0.7000000000000001
eval_catalog_retargeting_1,catalog_retargeting,cohort_3_week_rank_lattice,13,0.8
eval_catalog_retargeting_1,catalog_retargeting,oracle_online_venn_recent,1,0.0
eval_catalog_retargeting_1,catalog_retargeting,oracle_online_venn_recent,2,0.0
eval_catalog_retargeting_1,catalog_retargeting,oracle_online_venn_recent,3,0.0
eval_catalog_retargeting_1,catalog_retargeting,oracle_online_venn_recent,4,0.0
eval_catalog_retargeting_1,catalog_retargeting,oracle_online_venn_recent,5,0.0
eval_catalog_retargeting_1,catalog_retargeting,oracle_online_venn_recent,6,0.0
eval_catalog_retargeting_1,catalog_retargeting,oracle_online_venn_recent,7,0.0
eval_catalog_retargeting_1,catalog_retargeting,oracle_online_venn_recent,8,0.0
eval_catalog_retargeting_1,catalog_retargeting,oracle_online_venn_recent,9,0.0
eval_catalog_retargeting_1,catalog_retargeting,oracle_online_venn_recent,10,0.0
eval_catalog_retargeting_1,catalog_retargeting,oracle_online_venn_recent,11,0.0
eval_catalog_retargeting_1,catalog_retargeting,oracle_online_venn_recent,12,0.0
eval_catalog_retargeting_1,catalog_retargeting,oracle_online_venn_recent,13,0.0
eval_catalog_retargeting_1,catalog_retargeting,oracle_online_venn_oldest,1,0.0
eval_catalog_retargeting_1,catalog_retargeting,oracle_online_venn_oldest,2,0.0
eval_catalog_retargeting_1,catalog_retargeting,oracle_online_venn_oldest,3,0.0
eval_catalog_retargeting_1,catalog_retargeting,oracle_online_venn_oldest,4,0.0
eval_catalog_retargeting_1,catalog_retargeting,oracle_online_venn_oldest,5,0.0
eval_catalog_retargeting_1,catalog_retargeting,oracle_online_venn_oldest,6,0.0
eval_catalog_retargeting_1,catalog_retargeting,oracle_online_venn_oldest,7,0.0
eval_catalog_retargeting_1,catalog_retargeting,oracle_online_venn_oldest,8,0.0
eval_catalog_retargeting_1,catalog_retargeting,oracle_online_venn_oldest,9,0.0
eval_catalog_retargeting_1,catalog_retargeting,oracle_online_venn_oldest,10,0.0
eval_catalog_retargeting_1,catalog_retargeting,oracle_online_venn_oldest,11,0.0
eval_catalog_retargeting_1,catalog_retargeting,oracle_online_venn_oldest,12,0.0
eval_catalog_retargeting_1,catalog_retargeting,oracle_online_venn_oldest,13,0.0
eval_catalog_retargeting_1,catalog_retargeting,oracle_online_union_recent,1,0.0
eval_catalog_retargeting_1,catalog_retargeting,oracle_online_union_recent,2,0.0
eval_catalog_retargeting_1,catalog_retargeting,oracle_online_union_recent,3,0.0
eval_catalog_retargeting_1,catalog_retargeting,oracle_online_union_recent,4,0.0
eval_catalog_retargeting_1,catalog_retargeting,oracle_online_union_recent,5,0.0
eval_catalog_retargeting_1,catalog_retargeting,oracle_online_union_recent,6,0.0
eval_catalog_retargeting_1,catalog_retargeting,oracle_online_union_recent,7,0.0
eval_catalog_retargeting_1,catalog_retargeting,oracle_online_union_recent,8,0.0
eval_catalog_retargeting_1,catalog_retargeting,oracle_online_union_recent,9,0.0
eval_catalog_retargeting_1,catalog_retargeting,oracle_online_union_recent,10,0.0
eval_catalog_retargeting_1,catalog_retargeting,oracle_online_union_recent,11,0.0
eval_catalog_retargeting_1,catalog_retargeting,oracle_online_union_recent,12,0.0
eval_catalog_retargeting_1,catalog_retargeting,oracle_online_union_recent,13,0.0
eval_catalog_retargeting_1,catalog_retargeting,oracle_online_union_oldest,1,0.0
eval_catalog_retargeting_1,catalog_retargeting,oracle_online_union_oldest,2,0.0
eval_catalog_retargeting_1,catalog_retargeting,oracle_online_union_oldest,3,0.0
eval_catalog_retargeting_1,catalog_retargeting,oracle_online_union_oldest,4,0.0
eval_catalog_retargeting_1,catalog_retargeting,oracle_online_union_oldest,5,0.0
eval_catalog_retargeting_1,catalog_retargeting,oracle_online_union_oldest,6,0.0
eval_catalog_retargeting_1,catalog_retargeting,oracle_online_union_oldest,7,0.0
eval_catalog_retargeting_1,catalog_retargeting,oracle_online_union_oldest,8,0.0
eval_catalog_retargeting_1,catalog_retargeting,oracle_online_union_oldest,9,0.0
eval_catalog_retargeting_1,catalog_retargeting,oracle_online_union_oldest,10,0.0
eval_catalog_retargeting_1,catalog_retargeting,oracle_online_union_oldest,11,0.0
eval_catalog_retargeting_1,catalog_retargeting,oracle_online_union_oldest,12,0.0
eval_catalog_retargeting_1,catalog_retargeting,oracle_online_union_oldest,13,0.0
eval_catalog_retargeting_1,catalog_retargeting,forbidden_person_identity_oracle,1,0.0
eval_catalog_retargeting_1,catalog_retargeting,forbidden_person_identity_oracle,2,0.0
eval_catalog_retargeting_1,catalog_retargeting,forbidden_person_identity_oracle,3,0.0
eval_catalog_retargeting_1,catalog_retargeting,forbidden_person_identity_oracle,4,0.0
eval_catalog_retargeting_1,catalog_retargeting,forbidden_person_identity_oracle,5,0.0
eval_catalog_retargeting_1,catalog_retargeting,forbidden_person_identity_oracle,6,0.0
eval_catalog_retargeting_1,catalog_retargeting,forbidden_person_identity_oracle,7,0.0
eval_catalog_retargeting_1,catalog_retargeting,forbidden_person_identity_oracle,8,0.0
eval_catalog_retargeting_1,catalog_retargeting,forbidden_person_identity_oracle,9,0.0
eval_catalog_retargeting_1,catalog_retargeting,forbidden_person_identity_oracle,10,0.0
eval_catalog_retargeting_1,catalog_retargeting,forbidden_person_identity_oracle,11,0.0
eval_catalog_retargeting_1,catalog_retargeting,forbidden_person_identity_oracle,12,0.0
eval_catalog_retargeting_1,catalog_retargeting,forbidden_person_identity_oracle,13,0.0
eval_catalog_retargeting_1,catalog_retargeting,three_day_buffer_then_freeze,1,0.6631128984779262
eval_catalog_retargeting_1,catalog_retargeting,three_day_buffer_then_freeze,2,0.6631128984779262
eval_catalog_retargeting_1,catalog_retargeting,three_day_buffer_then_freeze,3,0.6631128984779262
eval_catalog_retargeting_1,catalog_retargeting,three_day_buffer_then_freeze,4,0.6631128984779262
eval_catalog_retargeting_1,catalog_retargeting,three_day_buffer_then_freeze,5,0.6631128984779262
eval_catalog_retargeting_1,catalog_retargeting,three_day_buffer_then_freeze,6,0.6631128984779262
eval_catalog_retargeting_1,catalog_retargeting,three_day_buffer_then_freeze,7,0.6631128984779262
eval_catalog_retargeting_1,catalog_retargeting,three_day_buffer_then_freeze,8,0.6631128984779262
eval_catalog_retargeting_1,catalog_retargeting,three_day_buffer_then_freeze,9,0.6631128984779262
eval_catalog_retargeting_1,catalog_retargeting,three_day_buffer_then_freeze,10,0.6631128984779262
eval_catalog_retargeting_1,catalog_retargeting,three_day_buffer_then_freeze,11,0.6631128984779262
eval_catalog_retargeting_1,catalog_retargeting,three_day_buffer_then_freeze,12,0.6631128984779262
eval_catalog_retargeting_1,catalog_retargeting,three_day_buffer_then_freeze,13,0.6631128984779262
eval_catalog_retargeting_1,catalog_retargeting,full_flight_buffer_then_freeze,1,0.7957352970242773
eval_catalog_retargeting_1,catalog_retargeting,full_flight_buffer_then_freeze,2,0.7957352970242773
eval_catalog_retargeting_1,catalog_retargeting,full_flight_buffer_then_freeze,3,0.7957352970242773
eval_catalog_retargeting_1,catalog_retargeting,full_flight_buffer_then_freeze,4,0.7957352970242773
eval_catalog_retargeting_1,catalog_retargeting,full_flight_buffer_then_freeze,5,0.7957352970242773
eval_catalog_retargeting_1,catalog_retargeting,full_flight_buffer_then_freeze,6,0.7957352970242773
eval_catalog_retargeting_1,catalog_retargeting,full_flight_buffer_then_freeze,7,0.7957352970242773
eval_catalog_retargeting_1,catalog_retargeting,full_flight_buffer_then_freeze,8,0.7957352970242773
eval_catalog_retargeting_1,catalog_retargeting,full_flight_buffer_then_freeze,9,0.7957352970242773
eval_catalog_retargeting_1,catalog_retargeting,full_flight_buffer_then_freeze,10,0.7957352970242773
eval_catalog_retargeting_1,catalog_retargeting,full_flight_buffer_then_freeze,11,0.7957352970242773
eval_catalog_retargeting_1,catalog_retargeting,full_flight_buffer_then_freeze,12,0.7957352970242773
eval_catalog_retargeting_1,catalog_retargeting,full_flight_buffer_then_freeze,13,0.7957352970242773
eval_catalog_retargeting_1,catalog_retargeting,oracle_same_day_dial,1,0.35624999999999996
eval_catalog_retargeting_1,catalog_retargeting,oracle_same_day_dial,2,0.5343749999999999
eval_catalog_retargeting_1,catalog_retargeting,oracle_same_day_dial,3,0.475
eval_catalog_retargeting_1,catalog_retargeting,oracle_same_day_dial,4,0.475
eval_catalog_retargeting_1,catalog_retargeting,oracle_same_day_dial,5,0.475
eval_catalog_retargeting_1,catalog_retargeting,oracle_same_day_dial,6,0.59375
eval_catalog_retargeting_1,catalog_retargeting,oracle_same_day_dial,7,0.7124999999999999
eval_catalog_retargeting_1,catalog_retargeting,oracle_same_day_dial,8,0.5343749999999999
eval_catalog_retargeting_1,catalog_retargeting,oracle_same_day_dial,9,0.7124999999999999
eval_catalog_retargeting_1,catalog_retargeting,oracle_same_day_dial,10,0.5343749999999999
eval_catalog_retargeting_1,catalog_retargeting,oracle_same_day_dial,11,0.475
eval_catalog_retargeting_1,catalog_retargeting,oracle_same_day_dial,12,0.653125
eval_catalog_retargeting_1,catalog_retargeting,oracle_same_day_dial,13,0.653125
eval_lookalike_prospecting_0,lookalike_prospecting,fixed_model_line_pool,1,0.0
eval_lookalike_prospecting_0,lookalike_prospecting,fixed_model_line_pool,2,0.0
eval_lookalike_prospecting_0,lookalike_prospecting,fixed_model_line_pool,3,0.0
eval_lookalike_prospecting_0,lookalike_prospecting,fixed_model_line_pool,4,0.0
eval_lookalike_prospecting_0,lookalike_prospecting,fixed_model_line_pool,5,0.0
eval_lookalike_prospecting_0,lookalike_prospecting,fixed_model_line_pool,6,0.0
eval_lookalike_prospecting_0,lookalike_prospecting,fixed_model_line_pool,7,0.0
eval_lookalike_prospecting_0,lookalike_prospecting,fixed_model_line_pool,8,0.0
eval_lookalike_prospecting_0,lookalike_prospecting,fixed_model_line_pool,9,0.0
eval_lookalike_prospecting_0,lookalike_prospecting,fixed_model_line_pool,10,0.0
eval_lookalike_prospecting_0,lookalike_prospecting,fixed_model_line_pool,11,0.0
eval_lookalike_prospecting_0,lookalike_prospecting,fixed_model_line_pool,12,0.0
eval_lookalike_prospecting_0,lookalike_prospecting,fixed_model_line_pool,13,0.0
eval_lookalike_prospecting_0,lookalike_prospecting,context_and_scale_only_pool,1,0.17045050532501843
eval_lookalike_prospecting_0,lookalike_prospecting,context_and_scale_only_pool,2,0.1888226791547259
eval_lookalike_prospecting_0,lookalike_prospecting,context_and_scale_only_pool,3,0.19801009794913624
eval_lookalike_prospecting_0,lookalike_prospecting,context_and_scale_only_pool,4,0.21252538573150392
eval_lookalike_prospecting_0,lookalike_prospecting,context_and_scale_only_pool,5,0.23473657488514757
eval_lookalike_prospecting_0,lookalike_prospecting,context_and_scale_only_pool,6,0.24827535453878005
eval_lookalike_prospecting_0,lookalike_prospecting,context_and_scale_only_pool,7,0.26047634258962016
eval_lookalike_prospecting_0,lookalike_prospecting,context_and_scale_only_pool,8,0.27499359074522955
eval_lookalike_prospecting_0,lookalike_prospecting,context_and_scale_only_pool,9,0.2889929147780622
eval_lookalike_prospecting_0,lookalike_prospecting,context_and_scale_only_pool,10,0.31192557678487454
eval_lookalike_prospecting_0,lookalike_prospecting,context_and_scale_only_pool,11,0.33243633245908244
eval_lookalike_prospecting_0,lookalike_prospecting,context_and_scale_only_pool,12,0.3453611708366445
eval_lookalike_prospecting_0,lookalike_prospecting,context_and_scale_only_pool,13,0.3408149505308826
eval_lookalike_prospecting_0,lookalike_prospecting,provider_blended_ordered_pool,1,0.17126962448237823
eval_lookalike_prospecting_0,lookalike_prospecting,provider_blended_ordered_pool,2,0.19313075310003958
eval_lookalike_prospecting_0,lookalike_prospecting,provider_blended_ordered_pool,3,0.20358448247648533
eval_lookalike_prospecting_0,lookalike_prospecting,provider_blended_ordered_pool,4,0.21740157213704747
eval_lookalike_prospecting_0,lookalike_prospecting,provider_blended_ordered_pool,5,0.2428375885456041
eval_lookalike_prospecting_0,lookalike_prospecting,provider_blended_ordered_pool,6,0.25697924960866203
eval_lookalike_prospecting_0,lookalike_prospecting,provider_blended_ordered_pool,7,0.2671705451342494
eval_lookalike_prospecting_0,lookalike_prospecting,provider_blended_ordered_pool,8,0.2808310279397208
eval_lookalike_prospecting_0,lookalike_prospecting,provider_blended_ordered_pool,9,0.29353884668313546
eval_lookalike_prospecting_0,lookalike_prospecting,provider_blended_ordered_pool,10,0.3140479692165431
eval_lookalike_prospecting_0,lookalike_prospecting,provider_blended_ordered_pool,11,0.33178074419964043
eval_lookalike_prospecting_0,lookalike_prospecting,provider_blended_ordered_pool,12,0.3432696570516044
eval_lookalike_prospecting_0,lookalike_prospecting,provider_blended_ordered_pool,13,0.34263008944337525
eval_lookalike_prospecting_0,lookalike_prospecting,ordered_collision_resolved_overlap_pool,1,0.3675385270727228
eval_lookalike_prospecting_0,lookalike_prospecting,ordered_collision_resolved_overlap_pool,2,0.4677364504800052
eval_lookalike_prospecting_0,lookalike_prospecting,ordered_collision_resolved_overlap_pool,3,0.5043338558574868
eval_lookalike_prospecting_0,lookalike_prospecting,ordered_collision_resolved_overlap_pool,4,0.5333345329974957
eval_lookalike_prospecting_0,lookalike_prospecting,ordered_collision_resolved_overlap_pool,5,0.5630782256764787
eval_lookalike_prospecting_0,lookalike_prospecting,ordered_collision_resolved_overlap_pool,6,0.6051138483169648
eval_lookalike_prospecting_0,lookalike_prospecting,ordered_collision_resolved_overlap_pool,7,0.6269312552426607
eval_lookalike_prospecting_0,lookalike_prospecting,ordered_collision_resolved_overlap_pool,8,0.6409456064667027
eval_lookalike_prospecting_0,lookalike_prospecting,ordered_collision_resolved_overlap_pool,9,0.6551742232279669
eval_lookalike_prospecting_0,lookalike_prospecting,ordered_collision_resolved_overlap_pool,10,0.6788759727711011
eval_lookalike_prospecting_0,lookalike_prospecting,ordered_collision_resolved_overlap_pool,11,0.6927043076069265
eval_lookalike_prospecting_0,lookalike_prospecting,ordered_collision_resolved_overlap_pool,12,0.7073858602756139
eval_lookalike_prospecting_0,lookalike_prospecting,ordered_collision_resolved_overlap_pool,13,0.7494931081766129
eval_lookalike_prospecting_0,lookalike_prospecting,fixed_marginal_overlap_atlas,1,0.09696089587327268
eval_lookalike_prospecting_0,lookalike_prospecting,fixed_marginal_overlap_atlas,2,0.19482921458356814
eval_lookalike_prospecting_0,lookalike_prospecting,fixed_marginal_overlap_atlas,3,0.2527872349342177
eval_lookalike_prospecting_0,lookalike_prospecting,fixed_marginal_overlap_atlas,4,0.28672678859011
eval_lookalike_prospecting_0,lookalike_prospecting,fixed_marginal_overlap_atlas,5,0.309846329643531
eval_lookalike_prospecting_0,lookalike_prospecting,fixed_marginal_overlap_atlas,6,0.3193520355875079
eval_lookalike_prospecting_0,lookalike_prospecting,fixed_marginal_overlap_atlas,7,0.32493476059291587
eval_lookalike_prospecting_0,lookalike_prospecting,fixed_marginal_overlap_atlas,8,0.3314003641998518
eval_lookalike_prospecting_0,lookalike_prospecting,fixed_marginal_overlap_atlas,9,0.33535617010133856
eval_lookalike_prospecting_0,lookalike_prospecting,fixed_marginal_overlap_atlas,10,0.33772534218021977
eval_lookalike_prospecting_0,lookalike_prospecting,fixed_marginal_overlap_atlas,11,0.3373381186382106
eval_lookalike_prospecting_0,lookalike_prospecting,fixed_marginal_overlap_atlas,12,0.33322596745144917
eval_lookalike_prospecting_0,lookalike_prospecting,fixed_marginal_overlap_atlas,13,0.3518780023271069
eval_lookalike_prospecting_0,lookalike_prospecting,pair_targeted_fixed_marginal_atlas,1,0.09696089587327268
eval_lookalike_prospecting_0,lookalike_prospecting,pair_targeted_fixed_marginal_atlas,2,0.19482921458356814
eval_lookalike_prospecting_0,lookalike_prospecting,pair_targeted_fixed_marginal_atlas,3,0.2527872349342177
eval_lookalike_prospecting_0,lookalike_prospecting,pair_targeted_fixed_marginal_atlas,4,0.28672678859011
eval_lookalike_prospecting_0,lookalike_prospecting,pair_targeted_fixed_marginal_atlas,5,0.309846329643531
eval_lookalike_prospecting_0,lookalike_prospecting,pair_targeted_fixed_marginal_atlas,6,0.3193520355875079
eval_lookalike_prospecting_0,lookalike_prospecting,pair_targeted_fixed_marginal_atlas,7,0.32493476059291587
eval_lookalike_prospecting_0,lookalike_prospecting,pair_targeted_fixed_marginal_atlas,8,0.3314003641998518
eval_lookalike_prospecting_0,lookalike_prospecting,pair_targeted_fixed_marginal_atlas,9,0.33535617010133856
eval_lookalike_prospecting_0,lookalike_prospecting,pair_targeted_fixed_marginal_atlas,10,0.33772534218021977
eval_lookalike_prospecting_0,lookalike_prospecting,pair_targeted_fixed_marginal_atlas,11,0.3373381186382106
eval_lookalike_prospecting_0,lookalike_prospecting,pair_targeted_fixed_marginal_atlas,12,0.33322596745144917
eval_lookalike_prospecting_0,lookalike_prospecting,pair_targeted_fixed_marginal_atlas,13,0.3518780023271069
eval_lookalike_prospecting_0,lookalike_prospecting,same_day_adaptive_pool,1,0.1719398128838544
eval_lookalike_prospecting_0,lookalike_prospecting,same_day_adaptive_pool,2,0.198705867339968
eval_lookalike_prospecting_0,lookalike_prospecting,same_day_adaptive_pool,3,0.2298437730412784
eval_lookalike_prospecting_0,lookalike_prospecting,same_day_adaptive_pool,4,0.22223659116193267
eval_lookalike_prospecting_0,lookalike_prospecting,same_day_adaptive_pool,5,0.22162370115552926
eval_lookalike_prospecting_0,lookalike_prospecting,same_day_adaptive_pool,6,0.25011563352487676
eval_lookalike_prospecting_0,lookalike_prospecting,same_day_adaptive_pool,7,0.224241275882462
eval_lookalike_prospecting_0,lookalike_prospecting,same_day_adaptive_pool,8,0.20223626877660839
eval_lookalike_prospecting_0,lookalike_prospecting,same_day_adaptive_pool,9,0.2483264880182578
eval_lookalike_prospecting_0,lookalike_prospecting,same_day_adaptive_pool,10,0.26041252044058133
eval_lookalike_prospecting_0,lookalike_prospecting,same_day_adaptive_pool,11,0.22654622220500134
eval_lookalike_prospecting_0,lookalike_prospecting,same_day_adaptive_pool,12,0.22382870614599462
eval_lookalike_prospecting_0,lookalike_prospecting,same_day_adaptive_pool,13,0.21719243231555665
eval_lookalike_prospecting_0,lookalike_prospecting,cumulative_adaptive_pool,1,0.1719398128838544
eval_lookalike_prospecting_0,lookalike_prospecting,cumulative_adaptive_pool,2,0.196655540873478
eval_lookalike_prospecting_0,lookalike_prospecting,cumulative_adaptive_pool,3,0.20814534254431638
eval_lookalike_prospecting_0,lookalike_prospecting,cumulative_adaptive_pool,4,0.22139117919612855
eval_lookalike_prospecting_0,lookalike_prospecting,cumulative_adaptive_pool,5,0.2494656906314322
eval_lookalike_prospecting_0,lookalike_prospecting,cumulative_adaptive_pool,6,0.2641006183022018
eval_lookalike_prospecting_0,lookalike_prospecting,cumulative_adaptive_pool,7,0.2726476199434915
eval_lookalike_prospecting_0,lookalike_prospecting,cumulative_adaptive_pool,8,0.28560711291703184
eval_lookalike_prospecting_0,lookalike_prospecting,cumulative_adaptive_pool,9,0.29725824551455904
eval_lookalike_prospecting_0,lookalike_prospecting,cumulative_adaptive_pool,10,0.315784472115181
eval_lookalike_prospecting_0,lookalike_prospecting,cumulative_adaptive_pool,11,0.33124435380555145
eval_lookalike_prospecting_0,lookalike_prospecting,cumulative_adaptive_pool,12,0.34155841850020785
eval_lookalike_prospecting_0,lookalike_prospecting,cumulative_adaptive_pool,13,0.34411520309905097
eval_lookalike_prospecting_0,lookalike_prospecting,quantized_hysteresis_pool,1,0.15000000000000002
eval_lookalike_prospecting_0,lookalike_prospecting,quantized_hysteresis_pool,2,0.15000000000000002
eval_lookalike_prospecting_0,lookalike_prospecting,quantized_hysteresis_pool,3,0.15000000000000002
eval_lookalike_prospecting_0,lookalike_prospecting,quantized_hysteresis_pool,4,0.15000000000000002
eval_lookalike_prospecting_0,lookalike_prospecting,quantized_hysteresis_pool,5,0.15000000000000002
eval_lookalike_prospecting_0,lookalike_prospecting,quantized_hysteresis_pool,6,0.25
eval_lookalike_prospecting_0,lookalike_prospecting,quantized_hysteresis_pool,7,0.25
eval_lookalike_prospecting_0,lookalike_prospecting,quantized_hysteresis_pool,8,0.25
eval_lookalike_prospecting_0,lookalike_prospecting,quantized_hysteresis_pool,9,0.25
eval_lookalike_prospecting_0,lookalike_prospecting,quantized_hysteresis_pool,10,0.25
eval_lookalike_prospecting_0,lookalike_prospecting,quantized_hysteresis_pool,11,0.25
eval_lookalike_prospecting_0,lookalike_prospecting,quantized_hysteresis_pool,12,0.25
eval_lookalike_prospecting_0,lookalike_prospecting,quantized_hysteresis_pool,13,0.35000000000000003
eval_lookalike_prospecting_0,lookalike_prospecting,sticky_first_seen_pool,1,0.1719398128838544
eval_lookalike_prospecting_0,lookalike_prospecting,sticky_first_seen_pool,2,0.196655540873478
eval_lookalike_prospecting_0,lookalike_prospecting,sticky_first_seen_pool,3,0.20814534254431638
eval_lookalike_prospecting_0,lookalike_prospecting,sticky_first_seen_pool,4,0.22139117919612855
eval_lookalike_prospecting_0,lookalike_prospecting,sticky_first_seen_pool,5,0.2494656906314322
eval_lookalike_prospecting_0,lookalike_prospecting,sticky_first_seen_pool,6,0.2641006183022018
eval_lookalike_prospecting_0,lookalike_prospecting,sticky_first_seen_pool,7,0.2726476199434915
eval_lookalike_prospecting_0,lookalike_prospecting,sticky_first_seen_pool,8,0.28560711291703184
eval_lookalike_prospecting_0,lookalike_prospecting,sticky_first_seen_pool,9,0.29725824551455904
eval_lookalike_prospecting_0,lookalike_prospecting,sticky_first_seen_pool,10,0.315784472115181
eval_lookalike_prospecting_0,lookalike_prospecting,sticky_first_seen_pool,11,0.33124435380555145
eval_lookalike_prospecting_0,lookalike_prospecting,sticky_first_seen_pool,12,0.34155841850020785
eval_lookalike_prospecting_0,lookalike_prospecting,sticky_first_seen_pool,13,0.34411520309905097
eval_lookalike_prospecting_0,lookalike_prospecting,ordered_memoized_rank_lattice,1,0.15000000000000002
eval_lookalike_prospecting_0,lookalike_prospecting,ordered_memoized_rank_lattice,2,0.15000000000000002
eval_lookalike_prospecting_0,lookalike_prospecting,ordered_memoized_rank_lattice,3,0.15000000000000002
eval_lookalike_prospecting_0,lookalike_prospecting,ordered_memoized_rank_lattice,4,0.15000000000000002
eval_lookalike_prospecting_0,lookalike_prospecting,ordered_memoized_rank_lattice,5,0.15000000000000002
eval_lookalike_prospecting_0,lookalike_prospecting,ordered_memoized_rank_lattice,6,0.25
eval_lookalike_prospecting_0,lookalike_prospecting,ordered_memoized_rank_lattice,7,0.25
eval_lookalike_prospecting_0,lookalike_prospecting,ordered_memoized_rank_lattice,8,0.25
eval_lookalike_prospecting_0,lookalike_prospecting,ordered_memoized_rank_lattice,9,0.25
eval_lookalike_prospecting_0,lookalike_prospecting,ordered_memoized_rank_lattice,10,0.25
eval_lookalike_prospecting_0,lookalike_prospecting,ordered_memoized_rank_lattice,11,0.25
eval_lookalike_prospecting_0,lookalike_prospecting,ordered_memoized_rank_lattice,12,0.25
eval_lookalike_prospecting_0,lookalike_prospecting,ordered_memoized_rank_lattice,13,0.35000000000000003
eval_lookalike_prospecting_0,lookalike_prospecting,cohort_3_week_rank_lattice,1,0.15000000000000002
eval_lookalike_prospecting_0,lookalike_prospecting,cohort_3_week_rank_lattice,2,0.15000000000000002
eval_lookalike_prospecting_0,lookalike_prospecting,cohort_3_week_rank_lattice,3,0.15000000000000002
eval_lookalike_prospecting_0,lookalike_prospecting,cohort_3_week_rank_lattice,4,0.15000000000000002
eval_lookalike_prospecting_0,lookalike_prospecting,cohort_3_week_rank_lattice,5,0.15000000000000002
eval_lookalike_prospecting_0,lookalike_prospecting,cohort_3_week_rank_lattice,6,0.25
eval_lookalike_prospecting_0,lookalike_prospecting,cohort_3_week_rank_lattice,7,0.25
eval_lookalike_prospecting_0,lookalike_prospecting,cohort_3_week_rank_lattice,8,0.25
eval_lookalike_prospecting_0,lookalike_prospecting,cohort_3_week_rank_lattice,9,0.25
eval_lookalike_prospecting_0,lookalike_prospecting,cohort_3_week_rank_lattice,10,0.25
eval_lookalike_prospecting_0,lookalike_prospecting,cohort_3_week_rank_lattice,11,0.25
eval_lookalike_prospecting_0,lookalike_prospecting,cohort_3_week_rank_lattice,12,0.25
eval_lookalike_prospecting_0,lookalike_prospecting,cohort_3_week_rank_lattice,13,0.35000000000000003
eval_lookalike_prospecting_0,lookalike_prospecting,oracle_online_venn_recent,1,0.0
eval_lookalike_prospecting_0,lookalike_prospecting,oracle_online_venn_recent,2,0.0
eval_lookalike_prospecting_0,lookalike_prospecting,oracle_online_venn_recent,3,0.0
eval_lookalike_prospecting_0,lookalike_prospecting,oracle_online_venn_recent,4,0.0
eval_lookalike_prospecting_0,lookalike_prospecting,oracle_online_venn_recent,5,0.0
eval_lookalike_prospecting_0,lookalike_prospecting,oracle_online_venn_recent,6,0.0
eval_lookalike_prospecting_0,lookalike_prospecting,oracle_online_venn_recent,7,0.0
eval_lookalike_prospecting_0,lookalike_prospecting,oracle_online_venn_recent,8,0.0
eval_lookalike_prospecting_0,lookalike_prospecting,oracle_online_venn_recent,9,0.0
eval_lookalike_prospecting_0,lookalike_prospecting,oracle_online_venn_recent,10,0.0
eval_lookalike_prospecting_0,lookalike_prospecting,oracle_online_venn_recent,11,0.0
eval_lookalike_prospecting_0,lookalike_prospecting,oracle_online_venn_recent,12,0.0
eval_lookalike_prospecting_0,lookalike_prospecting,oracle_online_venn_recent,13,0.0
eval_lookalike_prospecting_0,lookalike_prospecting,oracle_online_venn_oldest,1,0.0
eval_lookalike_prospecting_0,lookalike_prospecting,oracle_online_venn_oldest,2,0.0
eval_lookalike_prospecting_0,lookalike_prospecting,oracle_online_venn_oldest,3,0.0
eval_lookalike_prospecting_0,lookalike_prospecting,oracle_online_venn_oldest,4,0.0
eval_lookalike_prospecting_0,lookalike_prospecting,oracle_online_venn_oldest,5,0.0
eval_lookalike_prospecting_0,lookalike_prospecting,oracle_online_venn_oldest,6,0.0
eval_lookalike_prospecting_0,lookalike_prospecting,oracle_online_venn_oldest,7,0.0
eval_lookalike_prospecting_0,lookalike_prospecting,oracle_online_venn_oldest,8,0.0
eval_lookalike_prospecting_0,lookalike_prospecting,oracle_online_venn_oldest,9,0.0
eval_lookalike_prospecting_0,lookalike_prospecting,oracle_online_venn_oldest,10,0.0
eval_lookalike_prospecting_0,lookalike_prospecting,oracle_online_venn_oldest,11,0.0
eval_lookalike_prospecting_0,lookalike_prospecting,oracle_online_venn_oldest,12,0.0
eval_lookalike_prospecting_0,lookalike_prospecting,oracle_online_venn_oldest,13,0.0
eval_lookalike_prospecting_0,lookalike_prospecting,oracle_online_union_recent,1,0.0
eval_lookalike_prospecting_0,lookalike_prospecting,oracle_online_union_recent,2,0.0
eval_lookalike_prospecting_0,lookalike_prospecting,oracle_online_union_recent,3,0.0
eval_lookalike_prospecting_0,lookalike_prospecting,oracle_online_union_recent,4,0.0
eval_lookalike_prospecting_0,lookalike_prospecting,oracle_online_union_recent,5,0.0
eval_lookalike_prospecting_0,lookalike_prospecting,oracle_online_union_recent,6,0.0
eval_lookalike_prospecting_0,lookalike_prospecting,oracle_online_union_recent,7,0.0
eval_lookalike_prospecting_0,lookalike_prospecting,oracle_online_union_recent,8,0.0
eval_lookalike_prospecting_0,lookalike_prospecting,oracle_online_union_recent,9,0.0
eval_lookalike_prospecting_0,lookalike_prospecting,oracle_online_union_recent,10,0.0
eval_lookalike_prospecting_0,lookalike_prospecting,oracle_online_union_recent,11,0.0
eval_lookalike_prospecting_0,lookalike_prospecting,oracle_online_union_recent,12,0.0
eval_lookalike_prospecting_0,lookalike_prospecting,oracle_online_union_recent,13,0.0
eval_lookalike_prospecting_0,lookalike_prospecting,oracle_online_union_oldest,1,0.0
eval_lookalike_prospecting_0,lookalike_prospecting,oracle_online_union_oldest,2,0.0
eval_lookalike_prospecting_0,lookalike_prospecting,oracle_online_union_oldest,3,0.0
eval_lookalike_prospecting_0,lookalike_prospecting,oracle_online_union_oldest,4,0.0
eval_lookalike_prospecting_0,lookalike_prospecting,oracle_online_union_oldest,5,0.0
eval_lookalike_prospecting_0,lookalike_prospecting,oracle_online_union_oldest,6,0.0
eval_lookalike_prospecting_0,lookalike_prospecting,oracle_online_union_oldest,7,0.0
eval_lookalike_prospecting_0,lookalike_prospecting,oracle_online_union_oldest,8,0.0
eval_lookalike_prospecting_0,lookalike_prospecting,oracle_online_union_oldest,9,0.0
eval_lookalike_prospecting_0,lookalike_prospecting,oracle_online_union_oldest,10,0.0
eval_lookalike_prospecting_0,lookalike_prospecting,oracle_online_union_oldest,11,0.0
eval_lookalike_prospecting_0,lookalike_prospecting,oracle_online_union_oldest,12,0.0
eval_lookalike_prospecting_0,lookalike_prospecting,oracle_online_union_oldest,13,0.0
eval_lookalike_prospecting_0,lookalike_prospecting,forbidden_person_identity_oracle,1,0.0
eval_lookalike_prospecting_0,lookalike_prospecting,forbidden_person_identity_oracle,2,0.0
eval_lookalike_prospecting_0,lookalike_prospecting,forbidden_person_identity_oracle,3,0.0
eval_lookalike_prospecting_0,lookalike_prospecting,forbidden_person_identity_oracle,4,0.0
eval_lookalike_prospecting_0,lookalike_prospecting,forbidden_person_identity_oracle,5,0.0
eval_lookalike_prospecting_0,lookalike_prospecting,forbidden_person_identity_oracle,6,0.0
eval_lookalike_prospecting_0,lookalike_prospecting,forbidden_person_identity_oracle,7,0.0
eval_lookalike_prospecting_0,lookalike_prospecting,forbidden_person_identity_oracle,8,0.0
eval_lookalike_prospecting_0,lookalike_prospecting,forbidden_person_identity_oracle,9,0.0
eval_lookalike_prospecting_0,lookalike_prospecting,forbidden_person_identity_oracle,10,0.0
eval_lookalike_prospecting_0,lookalike_prospecting,forbidden_person_identity_oracle,11,0.0
eval_lookalike_prospecting_0,lookalike_prospecting,forbidden_person_identity_oracle,12,0.0
eval_lookalike_prospecting_0,lookalike_prospecting,forbidden_person_identity_oracle,13,0.0
eval_lookalike_prospecting_0,lookalike_prospecting,three_day_buffer_then_freeze,1,0.20814534254431638
eval_lookalike_prospecting_0,lookalike_prospecting,three_day_buffer_then_freeze,2,0.20814534254431638
eval_lookalike_prospecting_0,lookalike_prospecting,three_day_buffer_then_freeze,3,0.20814534254431638
eval_lookalike_prospecting_0,lookalike_prospecting,three_day_buffer_then_freeze,4,0.20814534254431638
eval_lookalike_prospecting_0,lookalike_prospecting,three_day_buffer_then_freeze,5,0.20814534254431638
eval_lookalike_prospecting_0,lookalike_prospecting,three_day_buffer_then_freeze,6,0.20814534254431638
eval_lookalike_prospecting_0,lookalike_prospecting,three_day_buffer_then_freeze,7,0.20814534254431638
eval_lookalike_prospecting_0,lookalike_prospecting,three_day_buffer_then_freeze,8,0.20814534254431638
eval_lookalike_prospecting_0,lookalike_prospecting,three_day_buffer_then_freeze,9,0.20814534254431638
eval_lookalike_prospecting_0,lookalike_prospecting,three_day_buffer_then_freeze,10,0.20814534254431638
eval_lookalike_prospecting_0,lookalike_prospecting,three_day_buffer_then_freeze,11,0.20814534254431638
eval_lookalike_prospecting_0,lookalike_prospecting,three_day_buffer_then_freeze,12,0.20814534254431638
eval_lookalike_prospecting_0,lookalike_prospecting,three_day_buffer_then_freeze,13,0.20814534254431638
eval_lookalike_prospecting_0,lookalike_prospecting,full_flight_buffer_then_freeze,1,0.34411520309905097
eval_lookalike_prospecting_0,lookalike_prospecting,full_flight_buffer_then_freeze,2,0.34411520309905097
eval_lookalike_prospecting_0,lookalike_prospecting,full_flight_buffer_then_freeze,3,0.34411520309905097
eval_lookalike_prospecting_0,lookalike_prospecting,full_flight_buffer_then_freeze,4,0.34411520309905097
eval_lookalike_prospecting_0,lookalike_prospecting,full_flight_buffer_then_freeze,5,0.34411520309905097
eval_lookalike_prospecting_0,lookalike_prospecting,full_flight_buffer_then_freeze,6,0.34411520309905097
eval_lookalike_prospecting_0,lookalike_prospecting,full_flight_buffer_then_freeze,7,0.34411520309905097
eval_lookalike_prospecting_0,lookalike_prospecting,full_flight_buffer_then_freeze,8,0.34411520309905097
eval_lookalike_prospecting_0,lookalike_prospecting,full_flight_buffer_then_freeze,9,0.34411520309905097
eval_lookalike_prospecting_0,lookalike_prospecting,full_flight_buffer_then_freeze,10,0.34411520309905097
eval_lookalike_prospecting_0,lookalike_prospecting,full_flight_buffer_then_freeze,11,0.34411520309905097
eval_lookalike_prospecting_0,lookalike_prospecting,full_flight_buffer_then_freeze,12,0.34411520309905097
eval_lookalike_prospecting_0,lookalike_prospecting,full_flight_buffer_then_freeze,13,0.34411520309905097
eval_lookalike_prospecting_0,lookalike_prospecting,oracle_same_day_dial,1,0.11875
eval_lookalike_prospecting_0,lookalike_prospecting,oracle_same_day_dial,2,0.17812499999999998
eval_lookalike_prospecting_0,lookalike_prospecting,oracle_same_day_dial,3,0.2375
eval_lookalike_prospecting_0,lookalike_prospecting,oracle_same_day_dial,4,0.2375
eval_lookalike_prospecting_0,lookalike_prospecting,oracle_same_day_dial,5,0.2375
eval_lookalike_prospecting_0,lookalike_prospecting,oracle_same_day_dial,6,0.2375
eval_lookalike_prospecting_0,lookalike_prospecting,oracle_same_day_dial,7,0.2375
eval_lookalike_prospecting_0,lookalike_prospecting,oracle_same_day_dial,8,0.2375
eval_lookalike_prospecting_0,lookalike_prospecting,oracle_same_day_dial,9,0.2375
eval_lookalike_prospecting_0,lookalike_prospecting,oracle_same_day_dial,10,0.2375
eval_lookalike_prospecting_0,lookalike_prospecting,oracle_same_day_dial,11,0.296875
eval_lookalike_prospecting_0,lookalike_prospecting,oracle_same_day_dial,12,0.296875
eval_lookalike_prospecting_0,lookalike_prospecting,oracle_same_day_dial,13,0.17812499999999998
eval_lookalike_prospecting_1,lookalike_prospecting,fixed_model_line_pool,1,0.0
eval_lookalike_prospecting_1,lookalike_prospecting,fixed_model_line_pool,2,0.0
eval_lookalike_prospecting_1,lookalike_prospecting,fixed_model_line_pool,3,0.0
eval_lookalike_prospecting_1,lookalike_prospecting,fixed_model_line_pool,4,0.0
eval_lookalike_prospecting_1,lookalike_prospecting,fixed_model_line_pool,5,0.0
eval_lookalike_prospecting_1,lookalike_prospecting,fixed_model_line_pool,6,0.0
eval_lookalike_prospecting_1,lookalike_prospecting,fixed_model_line_pool,7,0.0
eval_lookalike_prospecting_1,lookalike_prospecting,fixed_model_line_pool,8,0.0
eval_lookalike_prospecting_1,lookalike_prospecting,fixed_model_line_pool,9,0.0
eval_lookalike_prospecting_1,lookalike_prospecting,fixed_model_line_pool,10,0.0
eval_lookalike_prospecting_1,lookalike_prospecting,fixed_model_line_pool,11,0.0
eval_lookalike_prospecting_1,lookalike_prospecting,fixed_model_line_pool,12,0.0
eval_lookalike_prospecting_1,lookalike_prospecting,fixed_model_line_pool,13,0.0
eval_lookalike_prospecting_1,lookalike_prospecting,context_and_scale_only_pool,1,0.18918039110806986
eval_lookalike_prospecting_1,lookalike_prospecting,context_and_scale_only_pool,2,0.1962838024509891
eval_lookalike_prospecting_1,lookalike_prospecting,context_and_scale_only_pool,3,0.21152041654233006
eval_lookalike_prospecting_1,lookalike_prospecting,context_and_scale_only_pool,4,0.24230619349626684
eval_lookalike_prospecting_1,lookalike_prospecting,context_and_scale_only_pool,5,0.25973086774351695
eval_lookalike_prospecting_1,lookalike_prospecting,context_and_scale_only_pool,6,0.26304464609622846
eval_lookalike_prospecting_1,lookalike_prospecting,context_and_scale_only_pool,7,0.27793784887404344
eval_lookalike_prospecting_1,lookalike_prospecting,context_and_scale_only_pool,8,0.29652333359708655
eval_lookalike_prospecting_1,lookalike_prospecting,context_and_scale_only_pool,9,0.3156299458348008
eval_lookalike_prospecting_1,lookalike_prospecting,context_and_scale_only_pool,10,0.3309983383822089
eval_lookalike_prospecting_1,lookalike_prospecting,context_and_scale_only_pool,11,0.34334220660693837
eval_lookalike_prospecting_1,lookalike_prospecting,context_and_scale_only_pool,12,0.34871742566131453
eval_lookalike_prospecting_1,lookalike_prospecting,context_and_scale_only_pool,13,0.3408149505308826
eval_lookalike_prospecting_1,lookalike_prospecting,provider_blended_ordered_pool,1,0.17871699800979762
eval_lookalike_prospecting_1,lookalike_prospecting,provider_blended_ordered_pool,2,0.18664325239586677
eval_lookalike_prospecting_1,lookalike_prospecting,provider_blended_ordered_pool,3,0.19770128658483924
eval_lookalike_prospecting_1,lookalike_prospecting,provider_blended_ordered_pool,4,0.2331749771709808
eval_lookalike_prospecting_1,lookalike_prospecting,provider_blended_ordered_pool,5,0.2571797245547589
eval_lookalike_prospecting_1,lookalike_prospecting,provider_blended_ordered_pool,6,0.26423474150771503
eval_lookalike_prospecting_1,lookalike_prospecting,provider_blended_ordered_pool,7,0.27825426562501177
eval_lookalike_prospecting_1,lookalike_prospecting,provider_blended_ordered_pool,8,0.2956385180048273
eval_lookalike_prospecting_1,lookalike_prospecting,provider_blended_ordered_pool,9,0.3137267706639285
eval_lookalike_prospecting_1,lookalike_prospecting,provider_blended_ordered_pool,10,0.3293738207319983
eval_lookalike_prospecting_1,lookalike_prospecting,provider_blended_ordered_pool,11,0.34112647903282894
eval_lookalike_prospecting_1,lookalike_prospecting,provider_blended_ordered_pool,12,0.3467787074772408
eval_lookalike_prospecting_1,lookalike_prospecting,provider_blended_ordered_pool,13,0.34196028844204196
eval_lookalike_prospecting_1,lookalike_prospecting,ordered_collision_resolved_overlap_pool,1,0.17818571336969846
eval_lookalike_prospecting_1,lookalike_prospecting,ordered_collision_resolved_overlap_pool,2,0.2943102762302402
eval_lookalike_prospecting_1,lookalike_prospecting,ordered_collision_resolved_overlap_pool,3,0.3753550217711658
eval_lookalike_prospecting_1,lookalike_prospecting,ordered_collision_resolved_overlap_pool,4,0.39421841954906073
eval_lookalike_prospecting_1,lookalike_prospecting,ordered_collision_resolved_overlap_pool,5,0.4912950378757358
eval_lookalike_prospecting_1,lookalike_prospecting,ordered_collision_resolved_overlap_pool,6,0.5294177664546685
eval_lookalike_prospecting_1,lookalike_prospecting,ordered_collision_resolved_overlap_pool,7,0.5622632158378297
eval_lookalike_prospecting_1,lookalike_prospecting,ordered_collision_resolved_overlap_pool,8,0.5868577670451636
eval_lookalike_prospecting_1,lookalike_prospecting,ordered_collision_resolved_overlap_pool,9,0.6114479743498108
eval_lookalike_prospecting_1,lookalike_prospecting,ordered_collision_resolved_overlap_pool,10,0.6366701833282753
eval_lookalike_prospecting_1,lookalike_prospecting,ordered_collision_resolved_overlap_pool,11,0.6721119457975528
eval_lookalike_prospecting_1,lookalike_prospecting,ordered_collision_resolved_overlap_pool,12,0.7190823612076188
eval_lookalike_prospecting_1,lookalike_prospecting,ordered_collision_resolved_overlap_pool,13,0.770385443215342
eval_lookalike_prospecting_1,lookalike_prospecting,fixed_marginal_overlap_atlas,1,0.04671447488755637
eval_lookalike_prospecting_1,lookalike_prospecting,fixed_marginal_overlap_atlas,2,0.13746965104356618
eval_lookalike_prospecting_1,lookalike_prospecting,fixed_marginal_overlap_atlas,3,0.16958976266187936
eval_lookalike_prospecting_1,lookalike_prospecting,fixed_marginal_overlap_atlas,4,0.2034120759372044
eval_lookalike_prospecting_1,lookalike_prospecting,fixed_marginal_overlap_atlas,5,0.24007161833786023
eval_lookalike_prospecting_1,lookalike_prospecting,fixed_marginal_overlap_atlas,6,0.27389325495606476
eval_lookalike_prospecting_1,lookalike_prospecting,fixed_marginal_overlap_atlas,7,0.28561918167479533
eval_lookalike_prospecting_1,lookalike_prospecting,fixed_marginal_overlap_atlas,8,0.29886744924477077
eval_lookalike_prospecting_1,lookalike_prospecting,fixed_marginal_overlap_atlas,9,0.305371646863895
eval_lookalike_prospecting_1,lookalike_prospecting,fixed_marginal_overlap_atlas,10,0.3188339024673371
eval_lookalike_prospecting_1,lookalike_prospecting,fixed_marginal_overlap_atlas,11,0.32884116284100007
eval_lookalike_prospecting_1,lookalike_prospecting,fixed_marginal_overlap_atlas,12,0.33328068373475805
eval_lookalike_prospecting_1,lookalike_prospecting,fixed_marginal_overlap_atlas,13,0.3426203705935263
eval_lookalike_prospecting_1,lookalike_prospecting,pair_targeted_fixed_marginal_atlas,1,0.04671447488755637
eval_lookalike_prospecting_1,lookalike_prospecting,pair_targeted_fixed_marginal_atlas,2,0.13746965104356618
eval_lookalike_prospecting_1,lookalike_prospecting,pair_targeted_fixed_marginal_atlas,3,0.16958976266187936
eval_lookalike_prospecting_1,lookalike_prospecting,pair_targeted_fixed_marginal_atlas,4,0.2034120759372044
eval_lookalike_prospecting_1,lookalike_prospecting,pair_targeted_fixed_marginal_atlas,5,0.24007161833786023
eval_lookalike_prospecting_1,lookalike_prospecting,pair_targeted_fixed_marginal_atlas,6,0.27389325495606476
eval_lookalike_prospecting_1,lookalike_prospecting,pair_targeted_fixed_marginal_atlas,7,0.28561918167479533
eval_lookalike_prospecting_1,lookalike_prospecting,pair_targeted_fixed_marginal_atlas,8,0.29886744924477077
eval_lookalike_prospecting_1,lookalike_prospecting,pair_targeted_fixed_marginal_atlas,9,0.305371646863895
eval_lookalike_prospecting_1,lookalike_prospecting,pair_targeted_fixed_marginal_atlas,10,0.3188339024673371
eval_lookalike_prospecting_1,lookalike_prospecting,pair_targeted_fixed_marginal_atlas,11,0.32884116284100007
eval_lookalike_prospecting_1,lookalike_prospecting,pair_targeted_fixed_marginal_atlas,12,0.33328068373475805
eval_lookalike_prospecting_1,lookalike_prospecting,pair_targeted_fixed_marginal_atlas,13,0.3426203705935263
eval_lookalike_prospecting_1,lookalike_prospecting,same_day_adaptive_pool,1,0.17015604002030213
eval_lookalike_prospecting_1,lookalike_prospecting,same_day_adaptive_pool,2,0.1880343182939883
eval_lookalike_prospecting_1,lookalike_prospecting,same_day_adaptive_pool,3,0.19068474752886605
eval_lookalike_prospecting_1,lookalike_prospecting,same_day_adaptive_pool,4,0.21499204069548236
eval_lookalike_prospecting_1,lookalike_prospecting,same_day_adaptive_pool,5,0.1827647417854809
eval_lookalike_prospecting_1,lookalike_prospecting,same_day_adaptive_pool,6,0.2457690326469195
eval_lookalike_prospecting_1,lookalike_prospecting,same_day_adaptive_pool,7,0.23317516637225727
eval_lookalike_prospecting_1,lookalike_prospecting,same_day_adaptive_pool,8,0.2016534223057761
eval_lookalike_prospecting_1,lookalike_prospecting,same_day_adaptive_pool,9,0.26483640638236866
eval_lookalike_prospecting_1,lookalike_prospecting,same_day_adaptive_pool,10,0.2647810405988802
eval_lookalike_prospecting_1,lookalike_prospecting,same_day_adaptive_pool,11,0.24192764616809803
eval_lookalike_prospecting_1,lookalike_prospecting,same_day_adaptive_pool,12,0.2566351787816403
eval_lookalike_prospecting_1,lookalike_prospecting,same_day_adaptive_pool,13,0.2732676955119595
eval_lookalike_prospecting_1,lookalike_prospecting,cumulative_adaptive_pool,1,0.17015604002030213
eval_lookalike_prospecting_1,lookalike_prospecting,cumulative_adaptive_pool,2,0.17875552962349395
eval_lookalike_prospecting_1,lookalike_prospecting,cumulative_adaptive_pool,3,0.18639472571052856
eval_lookalike_prospecting_1,lookalike_prospecting,cumulative_adaptive_pool,4,0.2257039819957467
eval_lookalike_prospecting_1,lookalike_prospecting,cumulative_adaptive_pool,5,0.2550924255821386
eval_lookalike_prospecting_1,lookalike_prospecting,cumulative_adaptive_pool,6,0.26520845593529496
eval_lookalike_prospecting_1,lookalike_prospecting,cumulative_adaptive_pool,7,0.27851315205762217
eval_lookalike_prospecting_1,lookalike_prospecting,cumulative_adaptive_pool,8,0.29491457797479703
eval_lookalike_prospecting_1,lookalike_prospecting,cumulative_adaptive_pool,9,0.3121696273423057
eval_lookalike_prospecting_1,lookalike_prospecting,cumulative_adaptive_pool,10,0.32804466992728054
eval_lookalike_prospecting_1,lookalike_prospecting,cumulative_adaptive_pool,11,0.33931361101764845
eval_lookalike_prospecting_1,lookalike_prospecting,cumulative_adaptive_pool,12,0.3451924835084532
eval_lookalike_prospecting_1,lookalike_prospecting,cumulative_adaptive_pool,13,0.3428973830966269
eval_lookalike_prospecting_1,lookalike_prospecting,quantized_hysteresis_pool,1,0.15000000000000002
eval_lookalike_prospecting_1,lookalike_prospecting,quantized_hysteresis_pool,2,0.15000000000000002
eval_lookalike_prospecting_1,lookalike_prospecting,quantized_hysteresis_pool,3,0.15000000000000002
eval_lookalike_prospecting_1,lookalike_prospecting,quantized_hysteresis_pool,4,0.15000000000000002
eval_lookalike_prospecting_1,lookalike_prospecting,quantized_hysteresis_pool,5,0.15000000000000002
eval_lookalike_prospecting_1,lookalike_prospecting,quantized_hysteresis_pool,6,0.25
eval_lookalike_prospecting_1,lookalike_prospecting,quantized_hysteresis_pool,7,0.25
eval_lookalike_prospecting_1,lookalike_prospecting,quantized_hysteresis_pool,8,0.25
eval_lookalike_prospecting_1,lookalike_prospecting,quantized_hysteresis_pool,9,0.25
eval_lookalike_prospecting_1,lookalike_prospecting,quantized_hysteresis_pool,10,0.25
eval_lookalike_prospecting_1,lookalike_prospecting,quantized_hysteresis_pool,11,0.25
eval_lookalike_prospecting_1,lookalike_prospecting,quantized_hysteresis_pool,12,0.25
eval_lookalike_prospecting_1,lookalike_prospecting,quantized_hysteresis_pool,13,0.35000000000000003
eval_lookalike_prospecting_1,lookalike_prospecting,sticky_first_seen_pool,1,0.17015604002030213
eval_lookalike_prospecting_1,lookalike_prospecting,sticky_first_seen_pool,2,0.17875552962349395
eval_lookalike_prospecting_1,lookalike_prospecting,sticky_first_seen_pool,3,0.18639472571052856
eval_lookalike_prospecting_1,lookalike_prospecting,sticky_first_seen_pool,4,0.2257039819957467
eval_lookalike_prospecting_1,lookalike_prospecting,sticky_first_seen_pool,5,0.2550924255821386
eval_lookalike_prospecting_1,lookalike_prospecting,sticky_first_seen_pool,6,0.26520845593529496
eval_lookalike_prospecting_1,lookalike_prospecting,sticky_first_seen_pool,7,0.27851315205762217
eval_lookalike_prospecting_1,lookalike_prospecting,sticky_first_seen_pool,8,0.29491457797479703
eval_lookalike_prospecting_1,lookalike_prospecting,sticky_first_seen_pool,9,0.3121696273423057
eval_lookalike_prospecting_1,lookalike_prospecting,sticky_first_seen_pool,10,0.32804466992728054
eval_lookalike_prospecting_1,lookalike_prospecting,sticky_first_seen_pool,11,0.33931361101764845
eval_lookalike_prospecting_1,lookalike_prospecting,sticky_first_seen_pool,12,0.3451924835084532
eval_lookalike_prospecting_1,lookalike_prospecting,sticky_first_seen_pool,13,0.3428973830966269
eval_lookalike_prospecting_1,lookalike_prospecting,ordered_memoized_rank_lattice,1,0.15000000000000002
eval_lookalike_prospecting_1,lookalike_prospecting,ordered_memoized_rank_lattice,2,0.15000000000000002
eval_lookalike_prospecting_1,lookalike_prospecting,ordered_memoized_rank_lattice,3,0.15000000000000002
eval_lookalike_prospecting_1,lookalike_prospecting,ordered_memoized_rank_lattice,4,0.15000000000000002
eval_lookalike_prospecting_1,lookalike_prospecting,ordered_memoized_rank_lattice,5,0.15000000000000002
eval_lookalike_prospecting_1,lookalike_prospecting,ordered_memoized_rank_lattice,6,0.25
eval_lookalike_prospecting_1,lookalike_prospecting,ordered_memoized_rank_lattice,7,0.25
eval_lookalike_prospecting_1,lookalike_prospecting,ordered_memoized_rank_lattice,8,0.25
eval_lookalike_prospecting_1,lookalike_prospecting,ordered_memoized_rank_lattice,9,0.25
eval_lookalike_prospecting_1,lookalike_prospecting,ordered_memoized_rank_lattice,10,0.25
eval_lookalike_prospecting_1,lookalike_prospecting,ordered_memoized_rank_lattice,11,0.25
eval_lookalike_prospecting_1,lookalike_prospecting,ordered_memoized_rank_lattice,12,0.25
eval_lookalike_prospecting_1,lookalike_prospecting,ordered_memoized_rank_lattice,13,0.35000000000000003
eval_lookalike_prospecting_1,lookalike_prospecting,cohort_3_week_rank_lattice,1,0.15000000000000002
eval_lookalike_prospecting_1,lookalike_prospecting,cohort_3_week_rank_lattice,2,0.15000000000000002
eval_lookalike_prospecting_1,lookalike_prospecting,cohort_3_week_rank_lattice,3,0.15000000000000002
eval_lookalike_prospecting_1,lookalike_prospecting,cohort_3_week_rank_lattice,4,0.15000000000000002
eval_lookalike_prospecting_1,lookalike_prospecting,cohort_3_week_rank_lattice,5,0.15000000000000002
eval_lookalike_prospecting_1,lookalike_prospecting,cohort_3_week_rank_lattice,6,0.25
eval_lookalike_prospecting_1,lookalike_prospecting,cohort_3_week_rank_lattice,7,0.25
eval_lookalike_prospecting_1,lookalike_prospecting,cohort_3_week_rank_lattice,8,0.25
eval_lookalike_prospecting_1,lookalike_prospecting,cohort_3_week_rank_lattice,9,0.25
eval_lookalike_prospecting_1,lookalike_prospecting,cohort_3_week_rank_lattice,10,0.25
eval_lookalike_prospecting_1,lookalike_prospecting,cohort_3_week_rank_lattice,11,0.25
eval_lookalike_prospecting_1,lookalike_prospecting,cohort_3_week_rank_lattice,12,0.25
eval_lookalike_prospecting_1,lookalike_prospecting,cohort_3_week_rank_lattice,13,0.35000000000000003
eval_lookalike_prospecting_1,lookalike_prospecting,oracle_online_venn_recent,1,0.0
eval_lookalike_prospecting_1,lookalike_prospecting,oracle_online_venn_recent,2,0.0
eval_lookalike_prospecting_1,lookalike_prospecting,oracle_online_venn_recent,3,0.0
eval_lookalike_prospecting_1,lookalike_prospecting,oracle_online_venn_recent,4,0.0
eval_lookalike_prospecting_1,lookalike_prospecting,oracle_online_venn_recent,5,0.0
eval_lookalike_prospecting_1,lookalike_prospecting,oracle_online_venn_recent,6,0.0
eval_lookalike_prospecting_1,lookalike_prospecting,oracle_online_venn_recent,7,0.0
eval_lookalike_prospecting_1,lookalike_prospecting,oracle_online_venn_recent,8,0.0
eval_lookalike_prospecting_1,lookalike_prospecting,oracle_online_venn_recent,9,0.0
eval_lookalike_prospecting_1,lookalike_prospecting,oracle_online_venn_recent,10,0.0
eval_lookalike_prospecting_1,lookalike_prospecting,oracle_online_venn_recent,11,0.0
eval_lookalike_prospecting_1,lookalike_prospecting,oracle_online_venn_recent,12,0.0
eval_lookalike_prospecting_1,lookalike_prospecting,oracle_online_venn_recent,13,0.0
eval_lookalike_prospecting_1,lookalike_prospecting,oracle_online_venn_oldest,1,0.0
eval_lookalike_prospecting_1,lookalike_prospecting,oracle_online_venn_oldest,2,0.0
eval_lookalike_prospecting_1,lookalike_prospecting,oracle_online_venn_oldest,3,0.0
eval_lookalike_prospecting_1,lookalike_prospecting,oracle_online_venn_oldest,4,0.0
eval_lookalike_prospecting_1,lookalike_prospecting,oracle_online_venn_oldest,5,0.0
eval_lookalike_prospecting_1,lookalike_prospecting,oracle_online_venn_oldest,6,0.0
eval_lookalike_prospecting_1,lookalike_prospecting,oracle_online_venn_oldest,7,0.0
eval_lookalike_prospecting_1,lookalike_prospecting,oracle_online_venn_oldest,8,0.0
eval_lookalike_prospecting_1,lookalike_prospecting,oracle_online_venn_oldest,9,0.0
eval_lookalike_prospecting_1,lookalike_prospecting,oracle_online_venn_oldest,10,0.0
eval_lookalike_prospecting_1,lookalike_prospecting,oracle_online_venn_oldest,11,0.0
eval_lookalike_prospecting_1,lookalike_prospecting,oracle_online_venn_oldest,12,0.0
eval_lookalike_prospecting_1,lookalike_prospecting,oracle_online_venn_oldest,13,0.0
eval_lookalike_prospecting_1,lookalike_prospecting,oracle_online_union_recent,1,0.0
eval_lookalike_prospecting_1,lookalike_prospecting,oracle_online_union_recent,2,0.0
eval_lookalike_prospecting_1,lookalike_prospecting,oracle_online_union_recent,3,0.0
eval_lookalike_prospecting_1,lookalike_prospecting,oracle_online_union_recent,4,0.0
eval_lookalike_prospecting_1,lookalike_prospecting,oracle_online_union_recent,5,0.0
eval_lookalike_prospecting_1,lookalike_prospecting,oracle_online_union_recent,6,0.0
eval_lookalike_prospecting_1,lookalike_prospecting,oracle_online_union_recent,7,0.0
eval_lookalike_prospecting_1,lookalike_prospecting,oracle_online_union_recent,8,0.0
eval_lookalike_prospecting_1,lookalike_prospecting,oracle_online_union_recent,9,0.0
eval_lookalike_prospecting_1,lookalike_prospecting,oracle_online_union_recent,10,0.0
eval_lookalike_prospecting_1,lookalike_prospecting,oracle_online_union_recent,11,0.0
eval_lookalike_prospecting_1,lookalike_prospecting,oracle_online_union_recent,12,0.0
eval_lookalike_prospecting_1,lookalike_prospecting,oracle_online_union_recent,13,0.0
eval_lookalike_prospecting_1,lookalike_prospecting,oracle_online_union_oldest,1,0.0
eval_lookalike_prospecting_1,lookalike_prospecting,oracle_online_union_oldest,2,0.0
eval_lookalike_prospecting_1,lookalike_prospecting,oracle_online_union_oldest,3,0.0
eval_lookalike_prospecting_1,lookalike_prospecting,oracle_online_union_oldest,4,0.0
eval_lookalike_prospecting_1,lookalike_prospecting,oracle_online_union_oldest,5,0.0
eval_lookalike_prospecting_1,lookalike_prospecting,oracle_online_union_oldest,6,0.0
eval_lookalike_prospecting_1,lookalike_prospecting,oracle_online_union_oldest,7,0.0
eval_lookalike_prospecting_1,lookalike_prospecting,oracle_online_union_oldest,8,0.0
eval_lookalike_prospecting_1,lookalike_prospecting,oracle_online_union_oldest,9,0.0
eval_lookalike_prospecting_1,lookalike_prospecting,oracle_online_union_oldest,10,0.0
eval_lookalike_prospecting_1,lookalike_prospecting,oracle_online_union_oldest,11,0.0
eval_lookalike_prospecting_1,lookalike_prospecting,oracle_online_union_oldest,12,0.0
eval_lookalike_prospecting_1,lookalike_prospecting,oracle_online_union_oldest,13,0.0
eval_lookalike_prospecting_1,lookalike_prospecting,forbidden_person_identity_oracle,1,0.0
eval_lookalike_prospecting_1,lookalike_prospecting,forbidden_person_identity_oracle,2,0.0
eval_lookalike_prospecting_1,lookalike_prospecting,forbidden_person_identity_oracle,3,0.0
eval_lookalike_prospecting_1,lookalike_prospecting,forbidden_person_identity_oracle,4,0.0
eval_lookalike_prospecting_1,lookalike_prospecting,forbidden_person_identity_oracle,5,0.0
eval_lookalike_prospecting_1,lookalike_prospecting,forbidden_person_identity_oracle,6,0.0
eval_lookalike_prospecting_1,lookalike_prospecting,forbidden_person_identity_oracle,7,0.0
eval_lookalike_prospecting_1,lookalike_prospecting,forbidden_person_identity_oracle,8,0.0
eval_lookalike_prospecting_1,lookalike_prospecting,forbidden_person_identity_oracle,9,0.0
eval_lookalike_prospecting_1,lookalike_prospecting,forbidden_person_identity_oracle,10,0.0
eval_lookalike_prospecting_1,lookalike_prospecting,forbidden_person_identity_oracle,11,0.0
eval_lookalike_prospecting_1,lookalike_prospecting,forbidden_person_identity_oracle,12,0.0
eval_lookalike_prospecting_1,lookalike_prospecting,forbidden_person_identity_oracle,13,0.0
eval_lookalike_prospecting_1,lookalike_prospecting,three_day_buffer_then_freeze,1,0.18639472571052856
eval_lookalike_prospecting_1,lookalike_prospecting,three_day_buffer_then_freeze,2,0.18639472571052856
eval_lookalike_prospecting_1,lookalike_prospecting,three_day_buffer_then_freeze,3,0.18639472571052856
eval_lookalike_prospecting_1,lookalike_prospecting,three_day_buffer_then_freeze,4,0.18639472571052856
eval_lookalike_prospecting_1,lookalike_prospecting,three_day_buffer_then_freeze,5,0.18639472571052856
eval_lookalike_prospecting_1,lookalike_prospecting,three_day_buffer_then_freeze,6,0.18639472571052856
eval_lookalike_prospecting_1,lookalike_prospecting,three_day_buffer_then_freeze,7,0.18639472571052856
eval_lookalike_prospecting_1,lookalike_prospecting,three_day_buffer_then_freeze,8,0.18639472571052856
eval_lookalike_prospecting_1,lookalike_prospecting,three_day_buffer_then_freeze,9,0.18639472571052856
eval_lookalike_prospecting_1,lookalike_prospecting,three_day_buffer_then_freeze,10,0.18639472571052856
eval_lookalike_prospecting_1,lookalike_prospecting,three_day_buffer_then_freeze,11,0.18639472571052856
eval_lookalike_prospecting_1,lookalike_prospecting,three_day_buffer_then_freeze,12,0.18639472571052856
eval_lookalike_prospecting_1,lookalike_prospecting,three_day_buffer_then_freeze,13,0.18639472571052856
eval_lookalike_prospecting_1,lookalike_prospecting,full_flight_buffer_then_freeze,1,0.3428973830966269
eval_lookalike_prospecting_1,lookalike_prospecting,full_flight_buffer_then_freeze,2,0.3428973830966269
eval_lookalike_prospecting_1,lookalike_prospecting,full_flight_buffer_then_freeze,3,0.3428973830966269
eval_lookalike_prospecting_1,lookalike_prospecting,full_flight_buffer_then_freeze,4,0.3428973830966269
eval_lookalike_prospecting_1,lookalike_prospecting,full_flight_buffer_then_freeze,5,0.3428973830966269
eval_lookalike_prospecting_1,lookalike_prospecting,full_flight_buffer_then_freeze,6,0.3428973830966269
eval_lookalike_prospecting_1,lookalike_prospecting,full_flight_buffer_then_freeze,7,0.3428973830966269
eval_lookalike_prospecting_1,lookalike_prospecting,full_flight_buffer_then_freeze,8,0.3428973830966269
eval_lookalike_prospecting_1,lookalike_prospecting,full_flight_buffer_then_freeze,9,0.3428973830966269
eval_lookalike_prospecting_1,lookalike_prospecting,full_flight_buffer_then_freeze,10,0.3428973830966269
eval_lookalike_prospecting_1,lookalike_prospecting,full_flight_buffer_then_freeze,11,0.3428973830966269
eval_lookalike_prospecting_1,lookalike_prospecting,full_flight_buffer_then_freeze,12,0.3428973830966269
eval_lookalike_prospecting_1,lookalike_prospecting,full_flight_buffer_then_freeze,13,0.3428973830966269
eval_lookalike_prospecting_1,lookalike_prospecting,oracle_same_day_dial,1,0.17812499999999998
eval_lookalike_prospecting_1,lookalike_prospecting,oracle_same_day_dial,2,0.17812499999999998
eval_lookalike_prospecting_1,lookalike_prospecting,oracle_same_day_dial,3,0.2375
eval_lookalike_prospecting_1,lookalike_prospecting,oracle_same_day_dial,4,0.296875
eval_lookalike_prospecting_1,lookalike_prospecting,oracle_same_day_dial,5,0.17812499999999998
eval_lookalike_prospecting_1,lookalike_prospecting,oracle_same_day_dial,6,0.2375
eval_lookalike_prospecting_1,lookalike_prospecting,oracle_same_day_dial,7,0.2375
eval_lookalike_prospecting_1,lookalike_prospecting,oracle_same_day_dial,8,0.2375
eval_lookalike_prospecting_1,lookalike_prospecting,oracle_same_day_dial,9,0.2375
eval_lookalike_prospecting_1,lookalike_prospecting,oracle_same_day_dial,10,0.2375
eval_lookalike_prospecting_1,lookalike_prospecting,oracle_same_day_dial,11,0.2375
eval_lookalike_prospecting_1,lookalike_prospecting,oracle_same_day_dial,12,0.2375
eval_lookalike_prospecting_1,lookalike_prospecting,oracle_same_day_dial,13,0.2375
eval_advantage_audience_expansion_0,advantage_audience_expansion,fixed_model_line_pool,1,0.0
eval_advantage_audience_expansion_0,advantage_audience_expansion,fixed_model_line_pool,2,0.0
eval_advantage_audience_expansion_0,advantage_audience_expansion,fixed_model_line_pool,3,0.0
eval_advantage_audience_expansion_0,advantage_audience_expansion,fixed_model_line_pool,4,0.0
eval_advantage_audience_expansion_0,advantage_audience_expansion,fixed_model_line_pool,5,0.0
eval_advantage_audience_expansion_0,advantage_audience_expansion,fixed_model_line_pool,6,0.0
eval_advantage_audience_expansion_0,advantage_audience_expansion,fixed_model_line_pool,7,0.0
eval_advantage_audience_expansion_0,advantage_audience_expansion,fixed_model_line_pool,8,0.0
eval_advantage_audience_expansion_0,advantage_audience_expansion,fixed_model_line_pool,9,0.0
eval_advantage_audience_expansion_0,advantage_audience_expansion,fixed_model_line_pool,10,0.0
eval_advantage_audience_expansion_0,advantage_audience_expansion,fixed_model_line_pool,11,0.0
eval_advantage_audience_expansion_0,advantage_audience_expansion,fixed_model_line_pool,12,0.0
eval_advantage_audience_expansion_0,advantage_audience_expansion,fixed_model_line_pool,13,0.0
eval_advantage_audience_expansion_0,advantage_audience_expansion,context_and_scale_only_pool,1,0.1332965827853781
eval_advantage_audience_expansion_0,advantage_audience_expansion,context_and_scale_only_pool,2,0.1765212621897973
eval_advantage_audience_expansion_0,advantage_audience_expansion,context_and_scale_only_pool,3,0.17095755901633802
eval_advantage_audience_expansion_0,advantage_audience_expansion,context_and_scale_only_pool,4,0.1651268328861643
eval_advantage_audience_expansion_0,advantage_audience_expansion,context_and_scale_only_pool,5,0.15123909379807066
eval_advantage_audience_expansion_0,advantage_audience_expansion,context_and_scale_only_pool,6,0.1629280125713191
eval_advantage_audience_expansion_0,advantage_audience_expansion,context_and_scale_only_pool,7,0.18061113789859487
eval_advantage_audience_expansion_0,advantage_audience_expansion,context_and_scale_only_pool,8,0.21026154446944179
eval_advantage_audience_expansion_0,advantage_audience_expansion,context_and_scale_only_pool,9,0.23830702305785922
eval_advantage_audience_expansion_0,advantage_audience_expansion,context_and_scale_only_pool,10,0.25855212817547335
eval_advantage_audience_expansion_0,advantage_audience_expansion,context_and_scale_only_pool,11,0.2709386854354386
eval_advantage_audience_expansion_0,advantage_audience_expansion,context_and_scale_only_pool,12,0.2729097875884873
eval_advantage_audience_expansion_0,advantage_audience_expansion,context_and_scale_only_pool,13,0.2751034127813079
eval_advantage_audience_expansion_0,advantage_audience_expansion,provider_blended_ordered_pool,1,0.12795552431886245
eval_advantage_audience_expansion_0,advantage_audience_expansion,provider_blended_ordered_pool,2,0.16003861189720697
eval_advantage_audience_expansion_0,advantage_audience_expansion,provider_blended_ordered_pool,3,0.1743846334589237
eval_advantage_audience_expansion_0,advantage_audience_expansion,provider_blended_ordered_pool,4,0.1819862880295538
eval_advantage_audience_expansion_0,advantage_audience_expansion,provider_blended_ordered_pool,5,0.1670411675826725
eval_advantage_audience_expansion_0,advantage_audience_expansion,provider_blended_ordered_pool,6,0.17691396459156666
eval_advantage_audience_expansion_0,advantage_audience_expansion,provider_blended_ordered_pool,7,0.19387141162405108
eval_advantage_audience_expansion_0,advantage_audience_expansion,provider_blended_ordered_pool,8,0.21860461502493667
eval_advantage_audience_expansion_0,advantage_audience_expansion,provider_blended_ordered_pool,9,0.24362557886864633
eval_advantage_audience_expansion_0,advantage_audience_expansion,provider_blended_ordered_pool,10,0.2622441020272318
eval_advantage_audience_expansion_0,advantage_audience_expansion,provider_blended_ordered_pool,11,0.27459339296182855
eval_advantage_audience_expansion_0,advantage_audience_expansion,provider_blended_ordered_pool,12,0.27813614300014866
eval_advantage_audience_expansion_0,advantage_audience_expansion,provider_blended_ordered_pool,13,0.2796671598616648
eval_advantage_audience_expansion_0,advantage_audience_expansion,ordered_collision_resolved_overlap_pool,1,0.3150821808275741
eval_advantage_audience_expansion_0,advantage_audience_expansion,ordered_collision_resolved_overlap_pool,2,0.37061028895134696
eval_advantage_audience_expansion_0,advantage_audience_expansion,ordered_collision_resolved_overlap_pool,3,0.4621738661138366
eval_advantage_audience_expansion_0,advantage_audience_expansion,ordered_collision_resolved_overlap_pool,4,0.5189345633553194
eval_advantage_audience_expansion_0,advantage_audience_expansion,ordered_collision_resolved_overlap_pool,5,0.5933958718674619
eval_advantage_audience_expansion_0,advantage_audience_expansion,ordered_collision_resolved_overlap_pool,6,0.6439158930708442
eval_advantage_audience_expansion_0,advantage_audience_expansion,ordered_collision_resolved_overlap_pool,7,0.6747468109924285
eval_advantage_audience_expansion_0,advantage_audience_expansion,ordered_collision_resolved_overlap_pool,8,0.7166425926294907
eval_advantage_audience_expansion_0,advantage_audience_expansion,ordered_collision_resolved_overlap_pool,9,0.7382274750158099
eval_advantage_audience_expansion_0,advantage_audience_expansion,ordered_collision_resolved_overlap_pool,10,0.7576120424337058
eval_advantage_audience_expansion_0,advantage_audience_expansion,ordered_collision_resolved_overlap_pool,11,0.781306940075571
eval_advantage_audience_expansion_0,advantage_audience_expansion,ordered_collision_resolved_overlap_pool,12,0.8151199195291777
eval_advantage_audience_expansion_0,advantage_audience_expansion,ordered_collision_resolved_overlap_pool,13,0.8416218606643113
eval_advantage_audience_expansion_0,advantage_audience_expansion,fixed_marginal_overlap_atlas,1,0.0
eval_advantage_audience_expansion_0,advantage_audience_expansion,fixed_marginal_overlap_atlas,2,0.1065749475489774
eval_advantage_audience_expansion_0,advantage_audience_expansion,fixed_marginal_overlap_atlas,3,0.20660843187834663
eval_advantage_audience_expansion_0,advantage_audience_expansion,fixed_marginal_overlap_atlas,4,0.24433189755397483
eval_advantage_audience_expansion_0,advantage_audience_expansion,fixed_marginal_overlap_atlas,5,0.26536550939855924
eval_advantage_audience_expansion_0,advantage_audience_expansion,fixed_marginal_overlap_atlas,6,0.29114788546150694
eval_advantage_audience_expansion_0,advantage_audience_expansion,fixed_marginal_overlap_atlas,7,0.31395511312695584
eval_advantage_audience_expansion_0,advantage_audience_expansion,fixed_marginal_overlap_atlas,8,0.3142515487947104
eval_advantage_audience_expansion_0,advantage_audience_expansion,fixed_marginal_overlap_atlas,9,0.31986408744283573
eval_advantage_audience_expansion_0,advantage_audience_expansion,fixed_marginal_overlap_atlas,10,0.3218392894033771
eval_advantage_audience_expansion_0,advantage_audience_expansion,fixed_marginal_overlap_atlas,11,0.3211600165126544
eval_advantage_audience_expansion_0,advantage_audience_expansion,fixed_marginal_overlap_atlas,12,0.3280423617257895
eval_advantage_audience_expansion_0,advantage_audience_expansion,fixed_marginal_overlap_atlas,13,0.3260561132880445
eval_advantage_audience_expansion_0,advantage_audience_expansion,pair_targeted_fixed_marginal_atlas,1,0.0
eval_advantage_audience_expansion_0,advantage_audience_expansion,pair_targeted_fixed_marginal_atlas,2,0.1065749475489774
eval_advantage_audience_expansion_0,advantage_audience_expansion,pair_targeted_fixed_marginal_atlas,3,0.20660843187834663
eval_advantage_audience_expansion_0,advantage_audience_expansion,pair_targeted_fixed_marginal_atlas,4,0.24433189755397483
eval_advantage_audience_expansion_0,advantage_audience_expansion,pair_targeted_fixed_marginal_atlas,5,0.26536550939855924
eval_advantage_audience_expansion_0,advantage_audience_expansion,pair_targeted_fixed_marginal_atlas,6,0.29114788546150694
eval_advantage_audience_expansion_0,advantage_audience_expansion,pair_targeted_fixed_marginal_atlas,7,0.31395511312695584
eval_advantage_audience_expansion_0,advantage_audience_expansion,pair_targeted_fixed_marginal_atlas,8,0.3142515487947104
eval_advantage_audience_expansion_0,advantage_audience_expansion,pair_targeted_fixed_marginal_atlas,9,0.31986408744283573
eval_advantage_audience_expansion_0,advantage_audience_expansion,pair_targeted_fixed_marginal_atlas,10,0.3218392894033771
eval_advantage_audience_expansion_0,advantage_audience_expansion,pair_targeted_fixed_marginal_atlas,11,0.3211600165126544
eval_advantage_audience_expansion_0,advantage_audience_expansion,pair_targeted_fixed_marginal_atlas,12,0.3280423617257895
eval_advantage_audience_expansion_0,advantage_audience_expansion,pair_targeted_fixed_marginal_atlas,13,0.3260561132880445
eval_advantage_audience_expansion_0,advantage_audience_expansion,same_day_adaptive_pool,1,0.12358556739171328
eval_advantage_audience_expansion_0,advantage_audience_expansion,same_day_adaptive_pool,2,0.1471066411595368
eval_advantage_audience_expansion_0,advantage_audience_expansion,same_day_adaptive_pool,3,0.18402705350272228
eval_advantage_audience_expansion_0,advantage_audience_expansion,same_day_adaptive_pool,4,0.17236697665322404
eval_advantage_audience_expansion_0,advantage_audience_expansion,same_day_adaptive_pool,5,0.18415695221791278
eval_advantage_audience_expansion_0,advantage_audience_expansion,same_day_adaptive_pool,6,0.151076688956845
eval_advantage_audience_expansion_0,advantage_audience_expansion,same_day_adaptive_pool,7,0.2109267954291995
eval_advantage_audience_expansion_0,advantage_audience_expansion,same_day_adaptive_pool,8,0.22566271745355596
eval_advantage_audience_expansion_0,advantage_audience_expansion,same_day_adaptive_pool,9,0.21707055450925375
eval_advantage_audience_expansion_0,advantage_audience_expansion,same_day_adaptive_pool,10,0.2202322996466548
eval_advantage_audience_expansion_0,advantage_audience_expansion,same_day_adaptive_pool,11,0.17894808156792658
eval_advantage_audience_expansion_0,advantage_audience_expansion,same_day_adaptive_pool,12,0.2099613522541764
eval_advantage_audience_expansion_0,advantage_audience_expansion,same_day_adaptive_pool,13,0.20433873921265408
eval_advantage_audience_expansion_0,advantage_audience_expansion,cumulative_adaptive_pool,1,0.12358556739171328
eval_advantage_audience_expansion_0,advantage_audience_expansion,cumulative_adaptive_pool,2,0.14655280711236035
eval_advantage_audience_expansion_0,advantage_audience_expansion,cumulative_adaptive_pool,3,0.17718860345740287
eval_advantage_audience_expansion_0,advantage_audience_expansion,cumulative_adaptive_pool,4,0.19578038769232703
eval_advantage_audience_expansion_0,advantage_audience_expansion,cumulative_adaptive_pool,5,0.1799701370428013
eval_advantage_audience_expansion_0,advantage_audience_expansion,cumulative_adaptive_pool,6,0.18835701624449647
eval_advantage_audience_expansion_0,advantage_audience_expansion,cumulative_adaptive_pool,7,0.2047207264903334
eval_advantage_audience_expansion_0,advantage_audience_expansion,cumulative_adaptive_pool,8,0.22543076366125064
eval_advantage_audience_expansion_0,advantage_audience_expansion,cumulative_adaptive_pool,9,0.24797712453201756
eval_advantage_audience_expansion_0,advantage_audience_expansion,cumulative_adaptive_pool,10,0.2652648079059432
eval_advantage_audience_expansion_0,advantage_audience_expansion,cumulative_adaptive_pool,11,0.27758360821069306
eval_advantage_audience_expansion_0,advantage_audience_expansion,cumulative_adaptive_pool,12,0.2824122519733262
eval_advantage_audience_expansion_0,advantage_audience_expansion,cumulative_adaptive_pool,13,0.2834011347455931
eval_advantage_audience_expansion_0,advantage_audience_expansion,quantized_hysteresis_pool,1,0.1
eval_advantage_audience_expansion_0,advantage_audience_expansion,quantized_hysteresis_pool,2,0.1
eval_advantage_audience_expansion_0,advantage_audience_expansion,quantized_hysteresis_pool,3,0.1
eval_advantage_audience_expansion_0,advantage_audience_expansion,quantized_hysteresis_pool,4,0.1
eval_advantage_audience_expansion_0,advantage_audience_expansion,quantized_hysteresis_pool,5,0.1
eval_advantage_audience_expansion_0,advantage_audience_expansion,quantized_hysteresis_pool,6,0.2
eval_advantage_audience_expansion_0,advantage_audience_expansion,quantized_hysteresis_pool,7,0.2
eval_advantage_audience_expansion_0,advantage_audience_expansion,quantized_hysteresis_pool,8,0.2
eval_advantage_audience_expansion_0,advantage_audience_expansion,quantized_hysteresis_pool,9,0.2
eval_advantage_audience_expansion_0,advantage_audience_expansion,quantized_hysteresis_pool,10,0.2
eval_advantage_audience_expansion_0,advantage_audience_expansion,quantized_hysteresis_pool,11,0.2
eval_advantage_audience_expansion_0,advantage_audience_expansion,quantized_hysteresis_pool,12,0.2
eval_advantage_audience_expansion_0,advantage_audience_expansion,quantized_hysteresis_pool,13,0.2
eval_advantage_audience_expansion_0,advantage_audience_expansion,sticky_first_seen_pool,1,0.12358556739171328
eval_advantage_audience_expansion_0,advantage_audience_expansion,sticky_first_seen_pool,2,0.14655280711236035
eval_advantage_audience_expansion_0,advantage_audience_expansion,sticky_first_seen_pool,3,0.17718860345740287
eval_advantage_audience_expansion_0,advantage_audience_expansion,sticky_first_seen_pool,4,0.19578038769232703
eval_advantage_audience_expansion_0,advantage_audience_expansion,sticky_first_seen_pool,5,0.1799701370428013
eval_advantage_audience_expansion_0,advantage_audience_expansion,sticky_first_seen_pool,6,0.18835701624449647
eval_advantage_audience_expansion_0,advantage_audience_expansion,sticky_first_seen_pool,7,0.2047207264903334
eval_advantage_audience_expansion_0,advantage_audience_expansion,sticky_first_seen_pool,8,0.22543076366125064
eval_advantage_audience_expansion_0,advantage_audience_expansion,sticky_first_seen_pool,9,0.24797712453201756
eval_advantage_audience_expansion_0,advantage_audience_expansion,sticky_first_seen_pool,10,0.2652648079059432
eval_advantage_audience_expansion_0,advantage_audience_expansion,sticky_first_seen_pool,11,0.27758360821069306
eval_advantage_audience_expansion_0,advantage_audience_expansion,sticky_first_seen_pool,12,0.2824122519733262
eval_advantage_audience_expansion_0,advantage_audience_expansion,sticky_first_seen_pool,13,0.2834011347455931
eval_advantage_audience_expansion_0,advantage_audience_expansion,ordered_memoized_rank_lattice,1,0.1
eval_advantage_audience_expansion_0,advantage_audience_expansion,ordered_memoized_rank_lattice,2,0.1
eval_advantage_audience_expansion_0,advantage_audience_expansion,ordered_memoized_rank_lattice,3,0.1
eval_advantage_audience_expansion_0,advantage_audience_expansion,ordered_memoized_rank_lattice,4,0.1
eval_advantage_audience_expansion_0,advantage_audience_expansion,ordered_memoized_rank_lattice,5,0.1
eval_advantage_audience_expansion_0,advantage_audience_expansion,ordered_memoized_rank_lattice,6,0.2
eval_advantage_audience_expansion_0,advantage_audience_expansion,ordered_memoized_rank_lattice,7,0.2
eval_advantage_audience_expansion_0,advantage_audience_expansion,ordered_memoized_rank_lattice,8,0.2
eval_advantage_audience_expansion_0,advantage_audience_expansion,ordered_memoized_rank_lattice,9,0.2
eval_advantage_audience_expansion_0,advantage_audience_expansion,ordered_memoized_rank_lattice,10,0.2
eval_advantage_audience_expansion_0,advantage_audience_expansion,ordered_memoized_rank_lattice,11,0.2
eval_advantage_audience_expansion_0,advantage_audience_expansion,ordered_memoized_rank_lattice,12,0.2
eval_advantage_audience_expansion_0,advantage_audience_expansion,ordered_memoized_rank_lattice,13,0.2
eval_advantage_audience_expansion_0,advantage_audience_expansion,cohort_3_week_rank_lattice,1,0.1
eval_advantage_audience_expansion_0,advantage_audience_expansion,cohort_3_week_rank_lattice,2,0.1
eval_advantage_audience_expansion_0,advantage_audience_expansion,cohort_3_week_rank_lattice,3,0.1
eval_advantage_audience_expansion_0,advantage_audience_expansion,cohort_3_week_rank_lattice,4,0.1
eval_advantage_audience_expansion_0,advantage_audience_expansion,cohort_3_week_rank_lattice,5,0.1
eval_advantage_audience_expansion_0,advantage_audience_expansion,cohort_3_week_rank_lattice,6,0.2
eval_advantage_audience_expansion_0,advantage_audience_expansion,cohort_3_week_rank_lattice,7,0.2
eval_advantage_audience_expansion_0,advantage_audience_expansion,cohort_3_week_rank_lattice,8,0.2
eval_advantage_audience_expansion_0,advantage_audience_expansion,cohort_3_week_rank_lattice,9,0.2
eval_advantage_audience_expansion_0,advantage_audience_expansion,cohort_3_week_rank_lattice,10,0.2
eval_advantage_audience_expansion_0,advantage_audience_expansion,cohort_3_week_rank_lattice,11,0.2
eval_advantage_audience_expansion_0,advantage_audience_expansion,cohort_3_week_rank_lattice,12,0.2
eval_advantage_audience_expansion_0,advantage_audience_expansion,cohort_3_week_rank_lattice,13,0.2
eval_advantage_audience_expansion_0,advantage_audience_expansion,oracle_online_venn_recent,1,0.0
eval_advantage_audience_expansion_0,advantage_audience_expansion,oracle_online_venn_recent,2,0.0
eval_advantage_audience_expansion_0,advantage_audience_expansion,oracle_online_venn_recent,3,0.0
eval_advantage_audience_expansion_0,advantage_audience_expansion,oracle_online_venn_recent,4,0.0
eval_advantage_audience_expansion_0,advantage_audience_expansion,oracle_online_venn_recent,5,0.0
eval_advantage_audience_expansion_0,advantage_audience_expansion,oracle_online_venn_recent,6,0.0
eval_advantage_audience_expansion_0,advantage_audience_expansion,oracle_online_venn_recent,7,0.0
eval_advantage_audience_expansion_0,advantage_audience_expansion,oracle_online_venn_recent,8,0.0
eval_advantage_audience_expansion_0,advantage_audience_expansion,oracle_online_venn_recent,9,0.0
eval_advantage_audience_expansion_0,advantage_audience_expansion,oracle_online_venn_recent,10,0.0
eval_advantage_audience_expansion_0,advantage_audience_expansion,oracle_online_venn_recent,11,0.0
eval_advantage_audience_expansion_0,advantage_audience_expansion,oracle_online_venn_recent,12,0.0
eval_advantage_audience_expansion_0,advantage_audience_expansion,oracle_online_venn_recent,13,0.0
eval_advantage_audience_expansion_0,advantage_audience_expansion,oracle_online_venn_oldest,1,0.0
eval_advantage_audience_expansion_0,advantage_audience_expansion,oracle_online_venn_oldest,2,0.0
eval_advantage_audience_expansion_0,advantage_audience_expansion,oracle_online_venn_oldest,3,0.0
eval_advantage_audience_expansion_0,advantage_audience_expansion,oracle_online_venn_oldest,4,0.0
eval_advantage_audience_expansion_0,advantage_audience_expansion,oracle_online_venn_oldest,5,0.0
eval_advantage_audience_expansion_0,advantage_audience_expansion,oracle_online_venn_oldest,6,0.0
eval_advantage_audience_expansion_0,advantage_audience_expansion,oracle_online_venn_oldest,7,0.0
eval_advantage_audience_expansion_0,advantage_audience_expansion,oracle_online_venn_oldest,8,0.0
eval_advantage_audience_expansion_0,advantage_audience_expansion,oracle_online_venn_oldest,9,0.0
eval_advantage_audience_expansion_0,advantage_audience_expansion,oracle_online_venn_oldest,10,0.0
eval_advantage_audience_expansion_0,advantage_audience_expansion,oracle_online_venn_oldest,11,0.0
eval_advantage_audience_expansion_0,advantage_audience_expansion,oracle_online_venn_oldest,12,0.0
eval_advantage_audience_expansion_0,advantage_audience_expansion,oracle_online_venn_oldest,13,0.0
eval_advantage_audience_expansion_0,advantage_audience_expansion,oracle_online_union_recent,1,0.0
eval_advantage_audience_expansion_0,advantage_audience_expansion,oracle_online_union_recent,2,0.0
eval_advantage_audience_expansion_0,advantage_audience_expansion,oracle_online_union_recent,3,0.0
eval_advantage_audience_expansion_0,advantage_audience_expansion,oracle_online_union_recent,4,0.0
eval_advantage_audience_expansion_0,advantage_audience_expansion,oracle_online_union_recent,5,0.0
eval_advantage_audience_expansion_0,advantage_audience_expansion,oracle_online_union_recent,6,0.0
eval_advantage_audience_expansion_0,advantage_audience_expansion,oracle_online_union_recent,7,0.0
eval_advantage_audience_expansion_0,advantage_audience_expansion,oracle_online_union_recent,8,0.0
eval_advantage_audience_expansion_0,advantage_audience_expansion,oracle_online_union_recent,9,0.0
eval_advantage_audience_expansion_0,advantage_audience_expansion,oracle_online_union_recent,10,0.0
eval_advantage_audience_expansion_0,advantage_audience_expansion,oracle_online_union_recent,11,0.0
eval_advantage_audience_expansion_0,advantage_audience_expansion,oracle_online_union_recent,12,0.0
eval_advantage_audience_expansion_0,advantage_audience_expansion,oracle_online_union_recent,13,0.0
eval_advantage_audience_expansion_0,advantage_audience_expansion,oracle_online_union_oldest,1,0.0
eval_advantage_audience_expansion_0,advantage_audience_expansion,oracle_online_union_oldest,2,0.0
eval_advantage_audience_expansion_0,advantage_audience_expansion,oracle_online_union_oldest,3,0.0
eval_advantage_audience_expansion_0,advantage_audience_expansion,oracle_online_union_oldest,4,0.0
eval_advantage_audience_expansion_0,advantage_audience_expansion,oracle_online_union_oldest,5,0.0
eval_advantage_audience_expansion_0,advantage_audience_expansion,oracle_online_union_oldest,6,0.0
eval_advantage_audience_expansion_0,advantage_audience_expansion,oracle_online_union_oldest,7,0.0
eval_advantage_audience_expansion_0,advantage_audience_expansion,oracle_online_union_oldest,8,0.0
eval_advantage_audience_expansion_0,advantage_audience_expansion,oracle_online_union_oldest,9,0.0
eval_advantage_audience_expansion_0,advantage_audience_expansion,oracle_online_union_oldest,10,0.0
eval_advantage_audience_expansion_0,advantage_audience_expansion,oracle_online_union_oldest,11,0.0
eval_advantage_audience_expansion_0,advantage_audience_expansion,oracle_online_union_oldest,12,0.0
eval_advantage_audience_expansion_0,advantage_audience_expansion,oracle_online_union_oldest,13,0.0
eval_advantage_audience_expansion_0,advantage_audience_expansion,forbidden_person_identity_oracle,1,0.0
eval_advantage_audience_expansion_0,advantage_audience_expansion,forbidden_person_identity_oracle,2,0.0
eval_advantage_audience_expansion_0,advantage_audience_expansion,forbidden_person_identity_oracle,3,0.0
eval_advantage_audience_expansion_0,advantage_audience_expansion,forbidden_person_identity_oracle,4,0.0
eval_advantage_audience_expansion_0,advantage_audience_expansion,forbidden_person_identity_oracle,5,0.0
eval_advantage_audience_expansion_0,advantage_audience_expansion,forbidden_person_identity_oracle,6,0.0
eval_advantage_audience_expansion_0,advantage_audience_expansion,forbidden_person_identity_oracle,7,0.0
eval_advantage_audience_expansion_0,advantage_audience_expansion,forbidden_person_identity_oracle,8,0.0
eval_advantage_audience_expansion_0,advantage_audience_expansion,forbidden_person_identity_oracle,9,0.0
eval_advantage_audience_expansion_0,advantage_audience_expansion,forbidden_person_identity_oracle,10,0.0
eval_advantage_audience_expansion_0,advantage_audience_expansion,forbidden_person_identity_oracle,11,0.0
eval_advantage_audience_expansion_0,advantage_audience_expansion,forbidden_person_identity_oracle,12,0.0
eval_advantage_audience_expansion_0,advantage_audience_expansion,forbidden_person_identity_oracle,13,0.0
eval_advantage_audience_expansion_0,advantage_audience_expansion,three_day_buffer_then_freeze,1,0.17718860345740287
eval_advantage_audience_expansion_0,advantage_audience_expansion,three_day_buffer_then_freeze,2,0.17718860345740287
eval_advantage_audience_expansion_0,advantage_audience_expansion,three_day_buffer_then_freeze,3,0.17718860345740287
eval_advantage_audience_expansion_0,advantage_audience_expansion,three_day_buffer_then_freeze,4,0.17718860345740287
eval_advantage_audience_expansion_0,advantage_audience_expansion,three_day_buffer_then_freeze,5,0.17718860345740287
eval_advantage_audience_expansion_0,advantage_audience_expansion,three_day_buffer_then_freeze,6,0.17718860345740287
eval_advantage_audience_expansion_0,advantage_audience_expansion,three_day_buffer_then_freeze,7,0.17718860345740287
eval_advantage_audience_expansion_0,advantage_audience_expansion,three_day_buffer_then_freeze,8,0.17718860345740287
eval_advantage_audience_expansion_0,advantage_audience_expansion,three_day_buffer_then_freeze,9,0.17718860345740287
eval_advantage_audience_expansion_0,advantage_audience_expansion,three_day_buffer_then_freeze,10,0.17718860345740287
eval_advantage_audience_expansion_0,advantage_audience_expansion,three_day_buffer_then_freeze,11,0.17718860345740287
eval_advantage_audience_expansion_0,advantage_audience_expansion,three_day_buffer_then_freeze,12,0.17718860345740287
eval_advantage_audience_expansion_0,advantage_audience_expansion,three_day_buffer_then_freeze,13,0.17718860345740287
eval_advantage_audience_expansion_0,advantage_audience_expansion,full_flight_buffer_then_freeze,1,0.2834011347455931
eval_advantage_audience_expansion_0,advantage_audience_expansion,full_flight_buffer_then_freeze,2,0.2834011347455931
eval_advantage_audience_expansion_0,advantage_audience_expansion,full_flight_buffer_then_freeze,3,0.2834011347455931
eval_advantage_audience_expansion_0,advantage_audience_expansion,full_flight_buffer_then_freeze,4,0.2834011347455931
eval_advantage_audience_expansion_0,advantage_audience_expansion,full_flight_buffer_then_freeze,5,0.2834011347455931
eval_advantage_audience_expansion_0,advantage_audience_expansion,full_flight_buffer_then_freeze,6,0.2834011347455931
eval_advantage_audience_expansion_0,advantage_audience_expansion,full_flight_buffer_then_freeze,7,0.2834011347455931
eval_advantage_audience_expansion_0,advantage_audience_expansion,full_flight_buffer_then_freeze,8,0.2834011347455931
eval_advantage_audience_expansion_0,advantage_audience_expansion,full_flight_buffer_then_freeze,9,0.2834011347455931
eval_advantage_audience_expansion_0,advantage_audience_expansion,full_flight_buffer_then_freeze,10,0.2834011347455931
eval_advantage_audience_expansion_0,advantage_audience_expansion,full_flight_buffer_then_freeze,11,0.2834011347455931
eval_advantage_audience_expansion_0,advantage_audience_expansion,full_flight_buffer_then_freeze,12,0.2834011347455931
eval_advantage_audience_expansion_0,advantage_audience_expansion,full_flight_buffer_then_freeze,13,0.2834011347455931
eval_advantage_audience_expansion_0,advantage_audience_expansion,oracle_same_day_dial,1,0.11875
eval_advantage_audience_expansion_0,advantage_audience_expansion,oracle_same_day_dial,2,0.11875
eval_advantage_audience_expansion_0,advantage_audience_expansion,oracle_same_day_dial,3,0.059375
eval_advantage_audience_expansion_0,advantage_audience_expansion,oracle_same_day_dial,4,0.17812499999999998
eval_advantage_audience_expansion_0,advantage_audience_expansion,oracle_same_day_dial,5,0.17812499999999998
eval_advantage_audience_expansion_0,advantage_audience_expansion,oracle_same_day_dial,6,0.2375
eval_advantage_audience_expansion_0,advantage_audience_expansion,oracle_same_day_dial,7,0.17812499999999998
eval_advantage_audience_expansion_0,advantage_audience_expansion,oracle_same_day_dial,8,0.2375
eval_advantage_audience_expansion_0,advantage_audience_expansion,oracle_same_day_dial,9,0.17812499999999998
eval_advantage_audience_expansion_0,advantage_audience_expansion,oracle_same_day_dial,10,0.17812499999999998
eval_advantage_audience_expansion_0,advantage_audience_expansion,oracle_same_day_dial,11,0.2375
eval_advantage_audience_expansion_0,advantage_audience_expansion,oracle_same_day_dial,12,0.17812499999999998
eval_advantage_audience_expansion_0,advantage_audience_expansion,oracle_same_day_dial,13,0.2375
eval_advantage_audience_expansion_1,advantage_audience_expansion,fixed_model_line_pool,1,0.0
eval_advantage_audience_expansion_1,advantage_audience_expansion,fixed_model_line_pool,2,0.0
eval_advantage_audience_expansion_1,advantage_audience_expansion,fixed_model_line_pool,3,0.0
eval_advantage_audience_expansion_1,advantage_audience_expansion,fixed_model_line_pool,4,0.0
eval_advantage_audience_expansion_1,advantage_audience_expansion,fixed_model_line_pool,5,0.0
eval_advantage_audience_expansion_1,advantage_audience_expansion,fixed_model_line_pool,6,0.0
eval_advantage_audience_expansion_1,advantage_audience_expansion,fixed_model_line_pool,7,0.0
eval_advantage_audience_expansion_1,advantage_audience_expansion,fixed_model_line_pool,8,0.0
eval_advantage_audience_expansion_1,advantage_audience_expansion,fixed_model_line_pool,9,0.0
eval_advantage_audience_expansion_1,advantage_audience_expansion,fixed_model_line_pool,10,0.0
eval_advantage_audience_expansion_1,advantage_audience_expansion,fixed_model_line_pool,11,0.0
eval_advantage_audience_expansion_1,advantage_audience_expansion,fixed_model_line_pool,12,0.0
eval_advantage_audience_expansion_1,advantage_audience_expansion,fixed_model_line_pool,13,0.0
eval_advantage_audience_expansion_1,advantage_audience_expansion,context_and_scale_only_pool,1,0.1491564751836154
eval_advantage_audience_expansion_1,advantage_audience_expansion,context_and_scale_only_pool,2,0.17334010732844518
eval_advantage_audience_expansion_1,advantage_audience_expansion,context_and_scale_only_pool,3,0.16815940286435732
eval_advantage_audience_expansion_1,advantage_audience_expansion,context_and_scale_only_pool,4,0.16619194182458613
eval_advantage_audience_expansion_1,advantage_audience_expansion,context_and_scale_only_pool,5,0.16314142782886437
eval_advantage_audience_expansion_1,advantage_audience_expansion,context_and_scale_only_pool,6,0.17070981509266747
eval_advantage_audience_expansion_1,advantage_audience_expansion,context_and_scale_only_pool,7,0.17577886092388406
eval_advantage_audience_expansion_1,advantage_audience_expansion,context_and_scale_only_pool,8,0.19929019901048564
eval_advantage_audience_expansion_1,advantage_audience_expansion,context_and_scale_only_pool,9,0.2226982159911055
eval_advantage_audience_expansion_1,advantage_audience_expansion,context_and_scale_only_pool,10,0.24808281487386652
eval_advantage_audience_expansion_1,advantage_audience_expansion,context_and_scale_only_pool,11,0.2625455749422754
eval_advantage_audience_expansion_1,advantage_audience_expansion,context_and_scale_only_pool,12,0.2746133519296571
eval_advantage_audience_expansion_1,advantage_audience_expansion,context_and_scale_only_pool,13,0.2751034127813079
eval_advantage_audience_expansion_1,advantage_audience_expansion,provider_blended_ordered_pool,1,0.1603936723554747
eval_advantage_audience_expansion_1,advantage_audience_expansion,provider_blended_ordered_pool,2,0.18175239204371746
eval_advantage_audience_expansion_1,advantage_audience_expansion,provider_blended_ordered_pool,3,0.15216309099571643
eval_advantage_audience_expansion_1,advantage_audience_expansion,provider_blended_ordered_pool,4,0.1657183041599535
eval_advantage_audience_expansion_1,advantage_audience_expansion,provider_blended_ordered_pool,5,0.17079347225498126
eval_advantage_audience_expansion_1,advantage_audience_expansion,provider_blended_ordered_pool,6,0.17520244780298583
eval_advantage_audience_expansion_1,advantage_audience_expansion,provider_blended_ordered_pool,7,0.18300415560416694
eval_advantage_audience_expansion_1,advantage_audience_expansion,provider_blended_ordered_pool,8,0.20312756830080028
eval_advantage_audience_expansion_1,advantage_audience_expansion,provider_blended_ordered_pool,9,0.2244078658856597
eval_advantage_audience_expansion_1,advantage_audience_expansion,provider_blended_ordered_pool,10,0.24880966542385002
eval_advantage_audience_expansion_1,advantage_audience_expansion,provider_blended_ordered_pool,11,0.26507839025657015
eval_advantage_audience_expansion_1,advantage_audience_expansion,provider_blended_ordered_pool,12,0.27659080256337837
eval_advantage_audience_expansion_1,advantage_audience_expansion,provider_blended_ordered_pool,13,0.2772181457353907
eval_advantage_audience_expansion_1,advantage_audience_expansion,ordered_collision_resolved_overlap_pool,1,0.3515533539670985
eval_advantage_audience_expansion_1,advantage_audience_expansion,ordered_collision_resolved_overlap_pool,2,0.4054245466802452
eval_advantage_audience_expansion_1,advantage_audience_expansion,ordered_collision_resolved_overlap_pool,3,0.4977469284608642
eval_advantage_audience_expansion_1,advantage_audience_expansion,ordered_collision_resolved_overlap_pool,4,0.5293850138933536
eval_advantage_audience_expansion_1,advantage_audience_expansion,ordered_collision_resolved_overlap_pool,5,0.5723239615198477
eval_advantage_audience_expansion_1,advantage_audience_expansion,ordered_collision_resolved_overlap_pool,6,0.6064032376849041
eval_advantage_audience_expansion_1,advantage_audience_expansion,ordered_collision_resolved_overlap_pool,7,0.6597666386768907
eval_advantage_audience_expansion_1,advantage_audience_expansion,ordered_collision_resolved_overlap_pool,8,0.6932857053925217
eval_advantage_audience_expansion_1,advantage_audience_expansion,ordered_collision_resolved_overlap_pool,9,0.7268601013336231
eval_advantage_audience_expansion_1,advantage_audience_expansion,ordered_collision_resolved_overlap_pool,10,0.7575491665879015
eval_advantage_audience_expansion_1,advantage_audience_expansion,ordered_collision_resolved_overlap_pool,11,0.7892064237976273
eval_advantage_audience_expansion_1,advantage_audience_expansion,ordered_collision_resolved_overlap_pool,12,0.8194512073888367
eval_advantage_audience_expansion_1,advantage_audience_expansion,ordered_collision_resolved_overlap_pool,13,0.8544882293709474
eval_advantage_audience_expansion_1,advantage_audience_expansion,fixed_marginal_overlap_atlas,1,0.06493788195074368
eval_advantage_audience_expansion_1,advantage_audience_expansion,fixed_marginal_overlap_atlas,2,0.1539888242147708
eval_advantage_audience_expansion_1,advantage_audience_expansion,fixed_marginal_overlap_atlas,3,0.1652198484340868
eval_advantage_audience_expansion_1,advantage_audience_expansion,fixed_marginal_overlap_atlas,4,0.20886015248294854
eval_advantage_audience_expansion_1,advantage_audience_expansion,fixed_marginal_overlap_atlas,5,0.23607281925337062
eval_advantage_audience_expansion_1,advantage_audience_expansion,fixed_marginal_overlap_atlas,6,0.2533506367682736
eval_advantage_audience_expansion_1,advantage_audience_expansion,fixed_marginal_overlap_atlas,7,0.2763342977113216
eval_advantage_audience_expansion_1,advantage_audience_expansion,fixed_marginal_overlap_atlas,8,0.28311425617030583
eval_advantage_audience_expansion_1,advantage_audience_expansion,fixed_marginal_overlap_atlas,9,0.2851982941178185
eval_advantage_audience_expansion_1,advantage_audience_expansion,fixed_marginal_overlap_atlas,10,0.2813083103136592
eval_advantage_audience_expansion_1,advantage_audience_expansion,fixed_marginal_overlap_atlas,11,0.2900241790403342
eval_advantage_audience_expansion_1,advantage_audience_expansion,fixed_marginal_overlap_atlas,12,0.3042399096974363
eval_advantage_audience_expansion_1,advantage_audience_expansion,fixed_marginal_overlap_atlas,13,0.3107562522447582
eval_advantage_audience_expansion_1,advantage_audience_expansion,pair_targeted_fixed_marginal_atlas,1,0.06493788195074368
eval_advantage_audience_expansion_1,advantage_audience_expansion,pair_targeted_fixed_marginal_atlas,2,0.1539888242147708
eval_advantage_audience_expansion_1,advantage_audience_expansion,pair_targeted_fixed_marginal_atlas,3,0.1652198484340868
eval_advantage_audience_expansion_1,advantage_audience_expansion,pair_targeted_fixed_marginal_atlas,4,0.20886015248294854
eval_advantage_audience_expansion_1,advantage_audience_expansion,pair_targeted_fixed_marginal_atlas,5,0.23607281925337062
eval_advantage_audience_expansion_1,advantage_audience_expansion,pair_targeted_fixed_marginal_atlas,6,0.2533506367682736
eval_advantage_audience_expansion_1,advantage_audience_expansion,pair_targeted_fixed_marginal_atlas,7,0.2763342977113216
eval_advantage_audience_expansion_1,advantage_audience_expansion,pair_targeted_fixed_marginal_atlas,8,0.28311425617030583
eval_advantage_audience_expansion_1,advantage_audience_expansion,pair_targeted_fixed_marginal_atlas,9,0.2851982941178185
eval_advantage_audience_expansion_1,advantage_audience_expansion,pair_targeted_fixed_marginal_atlas,10,0.2813083103136592
eval_advantage_audience_expansion_1,advantage_audience_expansion,pair_targeted_fixed_marginal_atlas,11,0.2900241790403342
eval_advantage_audience_expansion_1,advantage_audience_expansion,pair_targeted_fixed_marginal_atlas,12,0.3042399096974363
eval_advantage_audience_expansion_1,advantage_audience_expansion,pair_targeted_fixed_marginal_atlas,13,0.3107562522447582
eval_advantage_audience_expansion_1,advantage_audience_expansion,same_day_adaptive_pool,1,0.16958774276881405
eval_advantage_audience_expansion_1,advantage_audience_expansion,same_day_adaptive_pool,2,0.16730841341237618
eval_advantage_audience_expansion_1,advantage_audience_expansion,same_day_adaptive_pool,3,0.1548100633675124
eval_advantage_audience_expansion_1,advantage_audience_expansion,same_day_adaptive_pool,4,0.1873699248136479
eval_advantage_audience_expansion_1,advantage_audience_expansion,same_day_adaptive_pool,5,0.1912364246581067
eval_advantage_audience_expansion_1,advantage_audience_expansion,same_day_adaptive_pool,6,0.15497146754434848
eval_advantage_audience_expansion_1,advantage_audience_expansion,same_day_adaptive_pool,7,0.18061546942548057
eval_advantage_audience_expansion_1,advantage_audience_expansion,same_day_adaptive_pool,8,0.18701855369285583
eval_advantage_audience_expansion_1,advantage_audience_expansion,same_day_adaptive_pool,9,0.1963974175627683
eval_advantage_audience_expansion_1,advantage_audience_expansion,same_day_adaptive_pool,10,0.22295822718176414
eval_advantage_audience_expansion_1,advantage_audience_expansion,same_day_adaptive_pool,11,0.22807911602423508
eval_advantage_audience_expansion_1,advantage_audience_expansion,same_day_adaptive_pool,12,0.20053930895429814
eval_advantage_audience_expansion_1,advantage_audience_expansion,same_day_adaptive_pool,13,0.18399451166848926
eval_advantage_audience_expansion_1,advantage_audience_expansion,cumulative_adaptive_pool,1,0.16958774276881405
eval_advantage_audience_expansion_1,advantage_audience_expansion,cumulative_adaptive_pool,2,0.188635170447122
eval_advantage_audience_expansion_1,advantage_audience_expansion,cumulative_adaptive_pool,3,0.13907519946682842
eval_advantage_audience_expansion_1,advantage_audience_expansion,cumulative_adaptive_pool,4,0.16533078243434499
eval_advantage_audience_expansion_1,advantage_audience_expansion,cumulative_adaptive_pool,5,0.1770542358763496
eval_advantage_audience_expansion_1,advantage_audience_expansion,cumulative_adaptive_pool,6,0.1788782382023372
eval_advantage_audience_expansion_1,advantage_audience_expansion,cumulative_adaptive_pool,7,0.1889157603425802
eval_advantage_audience_expansion_1,advantage_audience_expansion,cumulative_adaptive_pool,8,0.20626723408378497
eval_advantage_audience_expansion_1,advantage_audience_expansion,cumulative_adaptive_pool,9,0.2258066703448404
eval_advantage_audience_expansion_1,advantage_audience_expansion,cumulative_adaptive_pool,10,0.24940436132838198
eval_advantage_audience_expansion_1,advantage_audience_expansion,cumulative_adaptive_pool,11,0.2671506936955386
eval_advantage_audience_expansion_1,advantage_audience_expansion,cumulative_adaptive_pool,12,0.2782087167182412
eval_advantage_audience_expansion_1,advantage_audience_expansion,cumulative_adaptive_pool,13,0.27894838178873116
eval_advantage_audience_expansion_1,advantage_audience_expansion,quantized_hysteresis_pool,1,0.15000000000000002
eval_advantage_audience_expansion_1,advantage_audience_expansion,quantized_hysteresis_pool,2,0.15000000000000002
eval_advantage_audience_expansion_1,advantage_audience_expansion,quantized_hysteresis_pool,3,0.15000000000000002
eval_advantage_audience_expansion_1,advantage_audience_expansion,quantized_hysteresis_pool,4,0.15000000000000002
eval_advantage_audience_expansion_1,advantage_audience_expansion,quantized_hysteresis_pool,5,0.15000000000000002
eval_advantage_audience_expansion_1,advantage_audience_expansion,quantized_hysteresis_pool,6,0.15000000000000002
eval_advantage_audience_expansion_1,advantage_audience_expansion,quantized_hysteresis_pool,7,0.15000000000000002
eval_advantage_audience_expansion_1,advantage_audience_expansion,quantized_hysteresis_pool,8,0.15000000000000002
eval_advantage_audience_expansion_1,advantage_audience_expansion,quantized_hysteresis_pool,9,0.15000000000000002
eval_advantage_audience_expansion_1,advantage_audience_expansion,quantized_hysteresis_pool,10,0.15000000000000002
eval_advantage_audience_expansion_1,advantage_audience_expansion,quantized_hysteresis_pool,11,0.25
eval_advantage_audience_expansion_1,advantage_audience_expansion,quantized_hysteresis_pool,12,0.25
eval_advantage_audience_expansion_1,advantage_audience_expansion,quantized_hysteresis_pool,13,0.25
eval_advantage_audience_expansion_1,advantage_audience_expansion,sticky_first_seen_pool,1,0.16958774276881405
eval_advantage_audience_expansion_1,advantage_audience_expansion,sticky_first_seen_pool,2,0.188635170447122
eval_advantage_audience_expansion_1,advantage_audience_expansion,sticky_first_seen_pool,3,0.13907519946682842
eval_advantage_audience_expansion_1,advantage_audience_expansion,sticky_first_seen_pool,4,0.16533078243434499
eval_advantage_audience_expansion_1,advantage_audience_expansion,sticky_first_seen_pool,5,0.1770542358763496
eval_advantage_audience_expansion_1,advantage_audience_expansion,sticky_first_seen_pool,6,0.1788782382023372
eval_advantage_audience_expansion_1,advantage_audience_expansion,sticky_first_seen_pool,7,0.1889157603425802
eval_advantage_audience_expansion_1,advantage_audience_expansion,sticky_first_seen_pool,8,0.20626723408378497
eval_advantage_audience_expansion_1,advantage_audience_expansion,sticky_first_seen_pool,9,0.2258066703448404
eval_advantage_audience_expansion_1,advantage_audience_expansion,sticky_first_seen_pool,10,0.24940436132838198
eval_advantage_audience_expansion_1,advantage_audience_expansion,sticky_first_seen_pool,11,0.2671506936955386
eval_advantage_audience_expansion_1,advantage_audience_expansion,sticky_first_seen_pool,12,0.2782087167182412
eval_advantage_audience_expansion_1,advantage_audience_expansion,sticky_first_seen_pool,13,0.27894838178873116
eval_advantage_audience_expansion_1,advantage_audience_expansion,ordered_memoized_rank_lattice,1,0.15000000000000002
eval_advantage_audience_expansion_1,advantage_audience_expansion,ordered_memoized_rank_lattice,2,0.15000000000000002
eval_advantage_audience_expansion_1,advantage_audience_expansion,ordered_memoized_rank_lattice,3,0.15000000000000002
eval_advantage_audience_expansion_1,advantage_audience_expansion,ordered_memoized_rank_lattice,4,0.15000000000000002
eval_advantage_audience_expansion_1,advantage_audience_expansion,ordered_memoized_rank_lattice,5,0.15000000000000002
eval_advantage_audience_expansion_1,advantage_audience_expansion,ordered_memoized_rank_lattice,6,0.15000000000000002
eval_advantage_audience_expansion_1,advantage_audience_expansion,ordered_memoized_rank_lattice,7,0.15000000000000002
eval_advantage_audience_expansion_1,advantage_audience_expansion,ordered_memoized_rank_lattice,8,0.15000000000000002
eval_advantage_audience_expansion_1,advantage_audience_expansion,ordered_memoized_rank_lattice,9,0.15000000000000002
eval_advantage_audience_expansion_1,advantage_audience_expansion,ordered_memoized_rank_lattice,10,0.15000000000000002
eval_advantage_audience_expansion_1,advantage_audience_expansion,ordered_memoized_rank_lattice,11,0.25
eval_advantage_audience_expansion_1,advantage_audience_expansion,ordered_memoized_rank_lattice,12,0.25
eval_advantage_audience_expansion_1,advantage_audience_expansion,ordered_memoized_rank_lattice,13,0.25
eval_advantage_audience_expansion_1,advantage_audience_expansion,cohort_3_week_rank_lattice,1,0.15000000000000002
eval_advantage_audience_expansion_1,advantage_audience_expansion,cohort_3_week_rank_lattice,2,0.15000000000000002
eval_advantage_audience_expansion_1,advantage_audience_expansion,cohort_3_week_rank_lattice,3,0.15000000000000002
eval_advantage_audience_expansion_1,advantage_audience_expansion,cohort_3_week_rank_lattice,4,0.15000000000000002
eval_advantage_audience_expansion_1,advantage_audience_expansion,cohort_3_week_rank_lattice,5,0.15000000000000002
eval_advantage_audience_expansion_1,advantage_audience_expansion,cohort_3_week_rank_lattice,6,0.15000000000000002
eval_advantage_audience_expansion_1,advantage_audience_expansion,cohort_3_week_rank_lattice,7,0.15000000000000002
eval_advantage_audience_expansion_1,advantage_audience_expansion,cohort_3_week_rank_lattice,8,0.15000000000000002
eval_advantage_audience_expansion_1,advantage_audience_expansion,cohort_3_week_rank_lattice,9,0.15000000000000002
eval_advantage_audience_expansion_1,advantage_audience_expansion,cohort_3_week_rank_lattice,10,0.15000000000000002
eval_advantage_audience_expansion_1,advantage_audience_expansion,cohort_3_week_rank_lattice,11,0.25
eval_advantage_audience_expansion_1,advantage_audience_expansion,cohort_3_week_rank_lattice,12,0.25
eval_advantage_audience_expansion_1,advantage_audience_expansion,cohort_3_week_rank_lattice,13,0.25
eval_advantage_audience_expansion_1,advantage_audience_expansion,oracle_online_venn_recent,1,0.0
eval_advantage_audience_expansion_1,advantage_audience_expansion,oracle_online_venn_recent,2,0.0
eval_advantage_audience_expansion_1,advantage_audience_expansion,oracle_online_venn_recent,3,0.0
eval_advantage_audience_expansion_1,advantage_audience_expansion,oracle_online_venn_recent,4,0.0
eval_advantage_audience_expansion_1,advantage_audience_expansion,oracle_online_venn_recent,5,0.0
eval_advantage_audience_expansion_1,advantage_audience_expansion,oracle_online_venn_recent,6,0.0
eval_advantage_audience_expansion_1,advantage_audience_expansion,oracle_online_venn_recent,7,0.0
eval_advantage_audience_expansion_1,advantage_audience_expansion,oracle_online_venn_recent,8,0.0
eval_advantage_audience_expansion_1,advantage_audience_expansion,oracle_online_venn_recent,9,0.0
eval_advantage_audience_expansion_1,advantage_audience_expansion,oracle_online_venn_recent,10,0.0
eval_advantage_audience_expansion_1,advantage_audience_expansion,oracle_online_venn_recent,11,0.0
eval_advantage_audience_expansion_1,advantage_audience_expansion,oracle_online_venn_recent,12,0.0
eval_advantage_audience_expansion_1,advantage_audience_expansion,oracle_online_venn_recent,13,0.0
eval_advantage_audience_expansion_1,advantage_audience_expansion,oracle_online_venn_oldest,1,0.0
eval_advantage_audience_expansion_1,advantage_audience_expansion,oracle_online_venn_oldest,2,0.0
eval_advantage_audience_expansion_1,advantage_audience_expansion,oracle_online_venn_oldest,3,0.0
eval_advantage_audience_expansion_1,advantage_audience_expansion,oracle_online_venn_oldest,4,0.0
eval_advantage_audience_expansion_1,advantage_audience_expansion,oracle_online_venn_oldest,5,0.0
eval_advantage_audience_expansion_1,advantage_audience_expansion,oracle_online_venn_oldest,6,0.0
eval_advantage_audience_expansion_1,advantage_audience_expansion,oracle_online_venn_oldest,7,0.0
eval_advantage_audience_expansion_1,advantage_audience_expansion,oracle_online_venn_oldest,8,0.0
eval_advantage_audience_expansion_1,advantage_audience_expansion,oracle_online_venn_oldest,9,0.0
eval_advantage_audience_expansion_1,advantage_audience_expansion,oracle_online_venn_oldest,10,0.0
eval_advantage_audience_expansion_1,advantage_audience_expansion,oracle_online_venn_oldest,11,0.0
eval_advantage_audience_expansion_1,advantage_audience_expansion,oracle_online_venn_oldest,12,0.0
eval_advantage_audience_expansion_1,advantage_audience_expansion,oracle_online_venn_oldest,13,0.0
eval_advantage_audience_expansion_1,advantage_audience_expansion,oracle_online_union_recent,1,0.0
eval_advantage_audience_expansion_1,advantage_audience_expansion,oracle_online_union_recent,2,0.0
eval_advantage_audience_expansion_1,advantage_audience_expansion,oracle_online_union_recent,3,0.0
eval_advantage_audience_expansion_1,advantage_audience_expansion,oracle_online_union_recent,4,0.0
eval_advantage_audience_expansion_1,advantage_audience_expansion,oracle_online_union_recent,5,0.0
eval_advantage_audience_expansion_1,advantage_audience_expansion,oracle_online_union_recent,6,0.0
eval_advantage_audience_expansion_1,advantage_audience_expansion,oracle_online_union_recent,7,0.0
eval_advantage_audience_expansion_1,advantage_audience_expansion,oracle_online_union_recent,8,0.0
eval_advantage_audience_expansion_1,advantage_audience_expansion,oracle_online_union_recent,9,0.0
eval_advantage_audience_expansion_1,advantage_audience_expansion,oracle_online_union_recent,10,0.0
eval_advantage_audience_expansion_1,advantage_audience_expansion,oracle_online_union_recent,11,0.0
eval_advantage_audience_expansion_1,advantage_audience_expansion,oracle_online_union_recent,12,0.0
eval_advantage_audience_expansion_1,advantage_audience_expansion,oracle_online_union_recent,13,0.0
eval_advantage_audience_expansion_1,advantage_audience_expansion,oracle_online_union_oldest,1,0.0
eval_advantage_audience_expansion_1,advantage_audience_expansion,oracle_online_union_oldest,2,0.0
eval_advantage_audience_expansion_1,advantage_audience_expansion,oracle_online_union_oldest,3,0.0
eval_advantage_audience_expansion_1,advantage_audience_expansion,oracle_online_union_oldest,4,0.0
eval_advantage_audience_expansion_1,advantage_audience_expansion,oracle_online_union_oldest,5,0.0
eval_advantage_audience_expansion_1,advantage_audience_expansion,oracle_online_union_oldest,6,0.0
eval_advantage_audience_expansion_1,advantage_audience_expansion,oracle_online_union_oldest,7,0.0
eval_advantage_audience_expansion_1,advantage_audience_expansion,oracle_online_union_oldest,8,0.0
eval_advantage_audience_expansion_1,advantage_audience_expansion,oracle_online_union_oldest,9,0.0
eval_advantage_audience_expansion_1,advantage_audience_expansion,oracle_online_union_oldest,10,0.0
eval_advantage_audience_expansion_1,advantage_audience_expansion,oracle_online_union_oldest,11,0.0
eval_advantage_audience_expansion_1,advantage_audience_expansion,oracle_online_union_oldest,12,0.0
eval_advantage_audience_expansion_1,advantage_audience_expansion,oracle_online_union_oldest,13,0.0
eval_advantage_audience_expansion_1,advantage_audience_expansion,forbidden_person_identity_oracle,1,0.0
eval_advantage_audience_expansion_1,advantage_audience_expansion,forbidden_person_identity_oracle,2,0.0
eval_advantage_audience_expansion_1,advantage_audience_expansion,forbidden_person_identity_oracle,3,0.0
eval_advantage_audience_expansion_1,advantage_audience_expansion,forbidden_person_identity_oracle,4,0.0
eval_advantage_audience_expansion_1,advantage_audience_expansion,forbidden_person_identity_oracle,5,0.0
eval_advantage_audience_expansion_1,advantage_audience_expansion,forbidden_person_identity_oracle,6,0.0
eval_advantage_audience_expansion_1,advantage_audience_expansion,forbidden_person_identity_oracle,7,0.0
eval_advantage_audience_expansion_1,advantage_audience_expansion,forbidden_person_identity_oracle,8,0.0
eval_advantage_audience_expansion_1,advantage_audience_expansion,forbidden_person_identity_oracle,9,0.0
eval_advantage_audience_expansion_1,advantage_audience_expansion,forbidden_person_identity_oracle,10,0.0
eval_advantage_audience_expansion_1,advantage_audience_expansion,forbidden_person_identity_oracle,11,0.0
eval_advantage_audience_expansion_1,advantage_audience_expansion,forbidden_person_identity_oracle,12,0.0
eval_advantage_audience_expansion_1,advantage_audience_expansion,forbidden_person_identity_oracle,13,0.0
eval_advantage_audience_expansion_1,advantage_audience_expansion,three_day_buffer_then_freeze,1,0.13907519946682842
eval_advantage_audience_expansion_1,advantage_audience_expansion,three_day_buffer_then_freeze,2,0.13907519946682842
eval_advantage_audience_expansion_1,advantage_audience_expansion,three_day_buffer_then_freeze,3,0.13907519946682842
eval_advantage_audience_expansion_1,advantage_audience_expansion,three_day_buffer_then_freeze,4,0.13907519946682842
eval_advantage_audience_expansion_1,advantage_audience_expansion,three_day_buffer_then_freeze,5,0.13907519946682842
eval_advantage_audience_expansion_1,advantage_audience_expansion,three_day_buffer_then_freeze,6,0.13907519946682842
eval_advantage_audience_expansion_1,advantage_audience_expansion,three_day_buffer_then_freeze,7,0.13907519946682842
eval_advantage_audience_expansion_1,advantage_audience_expansion,three_day_buffer_then_freeze,8,0.13907519946682842
eval_advantage_audience_expansion_1,advantage_audience_expansion,three_day_buffer_then_freeze,9,0.13907519946682842
eval_advantage_audience_expansion_1,advantage_audience_expansion,three_day_buffer_then_freeze,10,0.13907519946682842
eval_advantage_audience_expansion_1,advantage_audience_expansion,three_day_buffer_then_freeze,11,0.13907519946682842
eval_advantage_audience_expansion_1,advantage_audience_expansion,three_day_buffer_then_freeze,12,0.13907519946682842
eval_advantage_audience_expansion_1,advantage_audience_expansion,three_day_buffer_then_freeze,13,0.13907519946682842
eval_advantage_audience_expansion_1,advantage_audience_expansion,full_flight_buffer_then_freeze,1,0.27894838178873116
eval_advantage_audience_expansion_1,advantage_audience_expansion,full_flight_buffer_then_freeze,2,0.27894838178873116
eval_advantage_audience_expansion_1,advantage_audience_expansion,full_flight_buffer_then_freeze,3,0.27894838178873116
eval_advantage_audience_expansion_1,advantage_audience_expansion,full_flight_buffer_then_freeze,4,0.27894838178873116
eval_advantage_audience_expansion_1,advantage_audience_expansion,full_flight_buffer_then_freeze,5,0.27894838178873116
eval_advantage_audience_expansion_1,advantage_audience_expansion,full_flight_buffer_then_freeze,6,0.27894838178873116
eval_advantage_audience_expansion_1,advantage_audience_expansion,full_flight_buffer_then_freeze,7,0.27894838178873116
eval_advantage_audience_expansion_1,advantage_audience_expansion,full_flight_buffer_then_freeze,8,0.27894838178873116
eval_advantage_audience_expansion_1,advantage_audience_expansion,full_flight_buffer_then_freeze,9,0.27894838178873116
eval_advantage_audience_expansion_1,advantage_audience_expansion,full_flight_buffer_then_freeze,10,0.27894838178873116
eval_advantage_audience_expansion_1,advantage_audience_expansion,full_flight_buffer_then_freeze,11,0.27894838178873116
eval_advantage_audience_expansion_1,advantage_audience_expansion,full_flight_buffer_then_freeze,12,0.27894838178873116
eval_advantage_audience_expansion_1,advantage_audience_expansion,full_flight_buffer_then_freeze,13,0.27894838178873116
eval_advantage_audience_expansion_1,advantage_audience_expansion,oracle_same_day_dial,1,0.11875
eval_advantage_audience_expansion_1,advantage_audience_expansion,oracle_same_day_dial,2,0.17812499999999998
eval_advantage_audience_expansion_1,advantage_audience_expansion,oracle_same_day_dial,3,0.17812499999999998
eval_advantage_audience_expansion_1,advantage_audience_expansion,oracle_same_day_dial,4,0.17812499999999998
eval_advantage_audience_expansion_1,advantage_audience_expansion,oracle_same_day_dial,5,0.17812499999999998
eval_advantage_audience_expansion_1,advantage_audience_expansion,oracle_same_day_dial,6,0.17812499999999998
eval_advantage_audience_expansion_1,advantage_audience_expansion,oracle_same_day_dial,7,0.17812499999999998
eval_advantage_audience_expansion_1,advantage_audience_expansion,oracle_same_day_dial,8,0.11875
eval_advantage_audience_expansion_1,advantage_audience_expansion,oracle_same_day_dial,9,0.2375
eval_advantage_audience_expansion_1,advantage_audience_expansion,oracle_same_day_dial,10,0.2375
eval_advantage_audience_expansion_1,advantage_audience_expansion,oracle_same_day_dial,11,0.17812499999999998
eval_advantage_audience_expansion_1,advantage_audience_expansion,oracle_same_day_dial,12,0.2375
eval_advantage_audience_expansion_1,advantage_audience_expansion,oracle_same_day_dial,13,0.17812499999999998
eval_app_activity_retargeting_0,app_activity_retargeting,fixed_model_line_pool,1,0.0
eval_app_activity_retargeting_0,app_activity_retargeting,fixed_model_line_pool,2,0.0
eval_app_activity_retargeting_0,app_activity_retargeting,fixed_model_line_pool,3,0.0
eval_app_activity_retargeting_0,app_activity_retargeting,fixed_model_line_pool,4,0.0
eval_app_activity_retargeting_0,app_activity_retargeting,fixed_model_line_pool,5,0.0
eval_app_activity_retargeting_0,app_activity_retargeting,fixed_model_line_pool,6,0.0
eval_app_activity_retargeting_0,app_activity_retargeting,fixed_model_line_pool,7,0.0
eval_app_activity_retargeting_0,app_activity_retargeting,fixed_model_line_pool,8,0.0
eval_app_activity_retargeting_0,app_activity_retargeting,fixed_model_line_pool,9,0.0
eval_app_activity_retargeting_0,app_activity_retargeting,fixed_model_line_pool,10,0.0
eval_app_activity_retargeting_0,app_activity_retargeting,fixed_model_line_pool,11,0.0
eval_app_activity_retargeting_0,app_activity_retargeting,fixed_model_line_pool,12,0.0
eval_app_activity_retargeting_0,app_activity_retargeting,fixed_model_line_pool,13,0.0
eval_app_activity_retargeting_0,app_activity_retargeting,context_and_scale_only_pool,1,0.6588110621694354
eval_app_activity_retargeting_0,app_activity_retargeting,context_and_scale_only_pool,2,0.7151739623976003
eval_app_activity_retargeting_0,app_activity_retargeting,context_and_scale_only_pool,3,0.7464985401583825
eval_app_activity_retargeting_0,app_activity_retargeting,context_and_scale_only_pool,4,0.7658453057298225
eval_app_activity_retargeting_0,app_activity_retargeting,context_and_scale_only_pool,5,0.7754385054667952
eval_app_activity_retargeting_0,app_activity_retargeting,context_and_scale_only_pool,6,0.7882744457467977
eval_app_activity_retargeting_0,app_activity_retargeting,context_and_scale_only_pool,7,0.8027443894635587
eval_app_activity_retargeting_0,app_activity_retargeting,context_and_scale_only_pool,8,0.8184209056290324
eval_app_activity_retargeting_0,app_activity_retargeting,context_and_scale_only_pool,9,0.8308253626151871
eval_app_activity_retargeting_0,app_activity_retargeting,context_and_scale_only_pool,10,0.8420798481767527
eval_app_activity_retargeting_0,app_activity_retargeting,context_and_scale_only_pool,11,0.8513814352980389
eval_app_activity_retargeting_0,app_activity_retargeting,context_and_scale_only_pool,12,0.8601459729452655
eval_app_activity_retargeting_0,app_activity_retargeting,context_and_scale_only_pool,13,0.8569380687531913
eval_app_activity_retargeting_0,app_activity_retargeting,provider_blended_ordered_pool,1,0.6409378220712515
eval_app_activity_retargeting_0,app_activity_retargeting,provider_blended_ordered_pool,2,0.7279237432577483
eval_app_activity_retargeting_0,app_activity_retargeting,provider_blended_ordered_pool,3,0.7532038568639077
eval_app_activity_retargeting_0,app_activity_retargeting,provider_blended_ordered_pool,4,0.7865629148602276
eval_app_activity_retargeting_0,app_activity_retargeting,provider_blended_ordered_pool,5,0.7942647661890468
eval_app_activity_retargeting_0,app_activity_retargeting,provider_blended_ordered_pool,6,0.800869617529369
eval_app_activity_retargeting_0,app_activity_retargeting,provider_blended_ordered_pool,7,0.8087893940989865
eval_app_activity_retargeting_0,app_activity_retargeting,provider_blended_ordered_pool,8,0.8238523334197978
eval_app_activity_retargeting_0,app_activity_retargeting,provider_blended_ordered_pool,9,0.8355891243309412
eval_app_activity_retargeting_0,app_activity_retargeting,provider_blended_ordered_pool,10,0.8439476093345601
eval_app_activity_retargeting_0,app_activity_retargeting,provider_blended_ordered_pool,11,0.853488678026616
eval_app_activity_retargeting_0,app_activity_retargeting,provider_blended_ordered_pool,12,0.8609265266731054
eval_app_activity_retargeting_0,app_activity_retargeting,provider_blended_ordered_pool,13,0.8682378429669014
eval_app_activity_retargeting_0,app_activity_retargeting,ordered_collision_resolved_overlap_pool,1,0.5542778336443169
eval_app_activity_retargeting_0,app_activity_retargeting,ordered_collision_resolved_overlap_pool,2,0.7544934322716375
eval_app_activity_retargeting_0,app_activity_retargeting,ordered_collision_resolved_overlap_pool,3,0.9178836812438862
eval_app_activity_retargeting_0,app_activity_retargeting,ordered_collision_resolved_overlap_pool,4,0.9375311711253729
eval_app_activity_retargeting_0,app_activity_retargeting,ordered_collision_resolved_overlap_pool,5,0.95
eval_app_activity_retargeting_0,app_activity_retargeting,ordered_collision_resolved_overlap_pool,6,0.95
eval_app_activity_retargeting_0,app_activity_retargeting,ordered_collision_resolved_overlap_pool,7,0.9453225902255668
eval_app_activity_retargeting_0,app_activity_retargeting,ordered_collision_resolved_overlap_pool,8,0.95
eval_app_activity_retargeting_0,app_activity_retargeting,ordered_collision_resolved_overlap_pool,9,0.9369472039663032
eval_app_activity_retargeting_0,app_activity_retargeting,ordered_collision_resolved_overlap_pool,10,0.9380617226683542
eval_app_activity_retargeting_0,app_activity_retargeting,ordered_collision_resolved_overlap_pool,11,0.95
eval_app_activity_retargeting_0,app_activity_retargeting,ordered_collision_resolved_overlap_pool,12,0.95
eval_app_activity_retargeting_0,app_activity_retargeting,ordered_collision_resolved_overlap_pool,13,0.95
eval_app_activity_retargeting_0,app_activity_retargeting,fixed_marginal_overlap_atlas,1,0.20647006055117673
eval_app_activity_retargeting_0,app_activity_retargeting,fixed_marginal_overlap_atlas,2,0.37446919319037847
eval_app_activity_retargeting_0,app_activity_retargeting,fixed_marginal_overlap_atlas,3,0.4480123668159331
eval_app_activity_retargeting_0,app_activity_retargeting,fixed_marginal_overlap_atlas,4,0.5177181686002381
eval_app_activity_retargeting_0,app_activity_retargeting,fixed_marginal_overlap_atlas,5,0.5332539040078573
eval_app_activity_retargeting_0,app_activity_retargeting,fixed_marginal_overlap_atlas,6,0.5596625129139239
eval_app_activity_retargeting_0,app_activity_retargeting,fixed_marginal_overlap_atlas,7,0.5877387565983092
eval_app_activity_retargeting_0,app_activity_retargeting,fixed_marginal_overlap_atlas,8,0.6074619760964107
eval_app_activity_retargeting_0,app_activity_retargeting,fixed_marginal_overlap_atlas,9,0.63354782815338
eval_app_activity_retargeting_0,app_activity_retargeting,fixed_marginal_overlap_atlas,10,0.6394190319689821
eval_app_activity_retargeting_0,app_activity_retargeting,fixed_marginal_overlap_atlas,11,0.6537002008532474
eval_app_activity_retargeting_0,app_activity_retargeting,fixed_marginal_overlap_atlas,12,0.66701984295117
eval_app_activity_retargeting_0,app_activity_retargeting,fixed_marginal_overlap_atlas,13,0.7240154217407333
eval_app_activity_retargeting_0,app_activity_retargeting,pair_targeted_fixed_marginal_atlas,1,0.20647006055117673
eval_app_activity_retargeting_0,app_activity_retargeting,pair_targeted_fixed_marginal_atlas,2,0.37446919319037847
eval_app_activity_retargeting_0,app_activity_retargeting,pair_targeted_fixed_marginal_atlas,3,0.4480123668159331
eval_app_activity_retargeting_0,app_activity_retargeting,pair_targeted_fixed_marginal_atlas,4,0.5177181686002381
eval_app_activity_retargeting_0,app_activity_retargeting,pair_targeted_fixed_marginal_atlas,5,0.5332539040078573
eval_app_activity_retargeting_0,app_activity_retargeting,pair_targeted_fixed_marginal_atlas,6,0.5596625129139239
eval_app_activity_retargeting_0,app_activity_retargeting,pair_targeted_fixed_marginal_atlas,7,0.5877387565983092
eval_app_activity_retargeting_0,app_activity_retargeting,pair_targeted_fixed_marginal_atlas,8,0.6074619760964107
eval_app_activity_retargeting_0,app_activity_retargeting,pair_targeted_fixed_marginal_atlas,9,0.63354782815338
eval_app_activity_retargeting_0,app_activity_retargeting,pair_targeted_fixed_marginal_atlas,10,0.6394190319689821
eval_app_activity_retargeting_0,app_activity_retargeting,pair_targeted_fixed_marginal_atlas,11,0.6537002008532474
eval_app_activity_retargeting_0,app_activity_retargeting,pair_targeted_fixed_marginal_atlas,12,0.66701984295117
eval_app_activity_retargeting_0,app_activity_retargeting,pair_targeted_fixed_marginal_atlas,13,0.7240154217407333
eval_app_activity_retargeting_0,app_activity_retargeting,same_day_adaptive_pool,1,0.6263142619909191
eval_app_activity_retargeting_0,app_activity_retargeting,same_day_adaptive_pool,2,0.6796350740859124
eval_app_activity_retargeting_0,app_activity_retargeting,same_day_adaptive_pool,3,0.718465659501429
eval_app_activity_retargeting_0,app_activity_retargeting,same_day_adaptive_pool,4,0.7038634902800771
eval_app_activity_retargeting_0,app_activity_retargeting,same_day_adaptive_pool,5,0.7094951212955016
eval_app_activity_retargeting_0,app_activity_retargeting,same_day_adaptive_pool,6,0.6764778779730196
eval_app_activity_retargeting_0,app_activity_retargeting,same_day_adaptive_pool,7,0.6914302180613876
eval_app_activity_retargeting_0,app_activity_retargeting,same_day_adaptive_pool,8,0.7380213728792674
eval_app_activity_retargeting_0,app_activity_retargeting,same_day_adaptive_pool,9,0.7098213200473741
eval_app_activity_retargeting_0,app_activity_retargeting,same_day_adaptive_pool,10,0.7181868915359677
eval_app_activity_retargeting_0,app_activity_retargeting,same_day_adaptive_pool,11,0.7219783823669504
eval_app_activity_retargeting_0,app_activity_retargeting,same_day_adaptive_pool,12,0.749135348968935
eval_app_activity_retargeting_0,app_activity_retargeting,same_day_adaptive_pool,13,0.7241136833973656
eval_app_activity_retargeting_0,app_activity_retargeting,cumulative_adaptive_pool,1,0.6263142619909191
eval_app_activity_retargeting_0,app_activity_retargeting,cumulative_adaptive_pool,2,0.7383553821433241
eval_app_activity_retargeting_0,app_activity_retargeting,cumulative_adaptive_pool,3,0.7586900250775191
eval_app_activity_retargeting_0,app_activity_retargeting,cumulative_adaptive_pool,4,0.8035136859669225
eval_app_activity_retargeting_0,app_activity_retargeting,cumulative_adaptive_pool,5,0.8096680704163436
eval_app_activity_retargeting_0,app_activity_retargeting,cumulative_adaptive_pool,6,0.8111747580787455
eval_app_activity_retargeting_0,app_activity_retargeting,cumulative_adaptive_pool,7,0.8137353069825182
eval_app_activity_retargeting_0,app_activity_retargeting,cumulative_adaptive_pool,8,0.8282962288849693
eval_app_activity_retargeting_0,app_activity_retargeting,cumulative_adaptive_pool,9,0.8394867475529219
eval_app_activity_retargeting_0,app_activity_retargeting,cumulative_adaptive_pool,10,0.8454757775545843
eval_app_activity_retargeting_0,app_activity_retargeting,cumulative_adaptive_pool,11,0.8552127857136336
eval_app_activity_retargeting_0,app_activity_retargeting,cumulative_adaptive_pool,12,0.8615651615413381
eval_app_activity_retargeting_0,app_activity_retargeting,cumulative_adaptive_pool,13,0.8774831127781187
eval_app_activity_retargeting_0,app_activity_retargeting,quantized_hysteresis_pool,1,0.65
eval_app_activity_retargeting_0,app_activity_retargeting,quantized_hysteresis_pool,2,0.65
eval_app_activity_retargeting_0,app_activity_retargeting,quantized_hysteresis_pool,3,0.65
eval_app_activity_retargeting_0,app_activity_retargeting,quantized_hysteresis_pool,4,0.75
eval_app_activity_retargeting_0,app_activity_retargeting,quantized_hysteresis_pool,5,0.75
eval_app_activity_retargeting_0,app_activity_retargeting,quantized_hysteresis_pool,6,0.75
eval_app_activity_retargeting_0,app_activity_retargeting,quantized_hysteresis_pool,7,0.75
eval_app_activity_retargeting_0,app_activity_retargeting,quantized_hysteresis_pool,8,0.75
eval_app_activity_retargeting_0,app_activity_retargeting,quantized_hysteresis_pool,9,0.75
eval_app_activity_retargeting_0,app_activity_retargeting,quantized_hysteresis_pool,10,0.8500000000000001
eval_app_activity_retargeting_0,app_activity_retargeting,quantized_hysteresis_pool,11,0.8500000000000001
eval_app_activity_retargeting_0,app_activity_retargeting,quantized_hysteresis_pool,12,0.8500000000000001
eval_app_activity_retargeting_0,app_activity_retargeting,quantized_hysteresis_pool,13,0.8500000000000001
eval_app_activity_retargeting_0,app_activity_retargeting,sticky_first_seen_pool,1,0.6263142619909191
eval_app_activity_retargeting_0,app_activity_retargeting,sticky_first_seen_pool,2,0.7383553821433241
eval_app_activity_retargeting_0,app_activity_retargeting,sticky_first_seen_pool,3,0.7586900250775191
eval_app_activity_retargeting_0,app_activity_retargeting,sticky_first_seen_pool,4,0.8035136859669225
eval_app_activity_retargeting_0,app_activity_retargeting,sticky_first_seen_pool,5,0.8096680704163436
eval_app_activity_retargeting_0,app_activity_retargeting,sticky_first_seen_pool,6,0.8111747580787455
eval_app_activity_retargeting_0,app_activity_retargeting,sticky_first_seen_pool,7,0.8137353069825182
eval_app_activity_retargeting_0,app_activity_retargeting,sticky_first_seen_pool,8,0.8282962288849693
eval_app_activity_retargeting_0,app_activity_retargeting,sticky_first_seen_pool,9,0.8394867475529219
eval_app_activity_retargeting_0,app_activity_retargeting,sticky_first_seen_pool,10,0.8454757775545843
eval_app_activity_retargeting_0,app_activity_retargeting,sticky_first_seen_pool,11,0.8552127857136336
eval_app_activity_retargeting_0,app_activity_retargeting,sticky_first_seen_pool,12,0.8615651615413381
eval_app_activity_retargeting_0,app_activity_retargeting,sticky_first_seen_pool,13,0.8774831127781187
eval_app_activity_retargeting_0,app_activity_retargeting,ordered_memoized_rank_lattice,1,0.65
eval_app_activity_retargeting_0,app_activity_retargeting,ordered_memoized_rank_lattice,2,0.65
eval_app_activity_retargeting_0,app_activity_retargeting,ordered_memoized_rank_lattice,3,0.65
eval_app_activity_retargeting_0,app_activity_retargeting,ordered_memoized_rank_lattice,4,0.75
eval_app_activity_retargeting_0,app_activity_retargeting,ordered_memoized_rank_lattice,5,0.75
eval_app_activity_retargeting_0,app_activity_retargeting,ordered_memoized_rank_lattice,6,0.75
eval_app_activity_retargeting_0,app_activity_retargeting,ordered_memoized_rank_lattice,7,0.75
eval_app_activity_retargeting_0,app_activity_retargeting,ordered_memoized_rank_lattice,8,0.75
eval_app_activity_retargeting_0,app_activity_retargeting,ordered_memoized_rank_lattice,9,0.75
eval_app_activity_retargeting_0,app_activity_retargeting,ordered_memoized_rank_lattice,10,0.8500000000000001
eval_app_activity_retargeting_0,app_activity_retargeting,ordered_memoized_rank_lattice,11,0.8500000000000001
eval_app_activity_retargeting_0,app_activity_retargeting,ordered_memoized_rank_lattice,12,0.8500000000000001
eval_app_activity_retargeting_0,app_activity_retargeting,ordered_memoized_rank_lattice,13,0.8500000000000001
eval_app_activity_retargeting_0,app_activity_retargeting,cohort_3_week_rank_lattice,1,0.65
eval_app_activity_retargeting_0,app_activity_retargeting,cohort_3_week_rank_lattice,2,0.65
eval_app_activity_retargeting_0,app_activity_retargeting,cohort_3_week_rank_lattice,3,0.65
eval_app_activity_retargeting_0,app_activity_retargeting,cohort_3_week_rank_lattice,4,0.75
eval_app_activity_retargeting_0,app_activity_retargeting,cohort_3_week_rank_lattice,5,0.75
eval_app_activity_retargeting_0,app_activity_retargeting,cohort_3_week_rank_lattice,6,0.75
eval_app_activity_retargeting_0,app_activity_retargeting,cohort_3_week_rank_lattice,7,0.75
eval_app_activity_retargeting_0,app_activity_retargeting,cohort_3_week_rank_lattice,8,0.75
eval_app_activity_retargeting_0,app_activity_retargeting,cohort_3_week_rank_lattice,9,0.75
eval_app_activity_retargeting_0,app_activity_retargeting,cohort_3_week_rank_lattice,10,0.8500000000000001
eval_app_activity_retargeting_0,app_activity_retargeting,cohort_3_week_rank_lattice,11,0.8500000000000001
eval_app_activity_retargeting_0,app_activity_retargeting,cohort_3_week_rank_lattice,12,0.8500000000000001
eval_app_activity_retargeting_0,app_activity_retargeting,cohort_3_week_rank_lattice,13,0.8500000000000001
eval_app_activity_retargeting_0,app_activity_retargeting,oracle_online_venn_recent,1,0.0
eval_app_activity_retargeting_0,app_activity_retargeting,oracle_online_venn_recent,2,0.0
eval_app_activity_retargeting_0,app_activity_retargeting,oracle_online_venn_recent,3,0.0
eval_app_activity_retargeting_0,app_activity_retargeting,oracle_online_venn_recent,4,0.0
eval_app_activity_retargeting_0,app_activity_retargeting,oracle_online_venn_recent,5,0.0
eval_app_activity_retargeting_0,app_activity_retargeting,oracle_online_venn_recent,6,0.0
eval_app_activity_retargeting_0,app_activity_retargeting,oracle_online_venn_recent,7,0.0
eval_app_activity_retargeting_0,app_activity_retargeting,oracle_online_venn_recent,8,0.0
eval_app_activity_retargeting_0,app_activity_retargeting,oracle_online_venn_recent,9,0.0
eval_app_activity_retargeting_0,app_activity_retargeting,oracle_online_venn_recent,10,0.0
eval_app_activity_retargeting_0,app_activity_retargeting,oracle_online_venn_recent,11,0.0
eval_app_activity_retargeting_0,app_activity_retargeting,oracle_online_venn_recent,12,0.0
eval_app_activity_retargeting_0,app_activity_retargeting,oracle_online_venn_recent,13,0.0
eval_app_activity_retargeting_0,app_activity_retargeting,oracle_online_venn_oldest,1,0.0
eval_app_activity_retargeting_0,app_activity_retargeting,oracle_online_venn_oldest,2,0.0
eval_app_activity_retargeting_0,app_activity_retargeting,oracle_online_venn_oldest,3,0.0
eval_app_activity_retargeting_0,app_activity_retargeting,oracle_online_venn_oldest,4,0.0
eval_app_activity_retargeting_0,app_activity_retargeting,oracle_online_venn_oldest,5,0.0
eval_app_activity_retargeting_0,app_activity_retargeting,oracle_online_venn_oldest,6,0.0
eval_app_activity_retargeting_0,app_activity_retargeting,oracle_online_venn_oldest,7,0.0
eval_app_activity_retargeting_0,app_activity_retargeting,oracle_online_venn_oldest,8,0.0
eval_app_activity_retargeting_0,app_activity_retargeting,oracle_online_venn_oldest,9,0.0
eval_app_activity_retargeting_0,app_activity_retargeting,oracle_online_venn_oldest,10,0.0
eval_app_activity_retargeting_0,app_activity_retargeting,oracle_online_venn_oldest,11,0.0
eval_app_activity_retargeting_0,app_activity_retargeting,oracle_online_venn_oldest,12,0.0
eval_app_activity_retargeting_0,app_activity_retargeting,oracle_online_venn_oldest,13,0.0
eval_app_activity_retargeting_0,app_activity_retargeting,oracle_online_union_recent,1,0.0
eval_app_activity_retargeting_0,app_activity_retargeting,oracle_online_union_recent,2,0.0
eval_app_activity_retargeting_0,app_activity_retargeting,oracle_online_union_recent,3,0.0
eval_app_activity_retargeting_0,app_activity_retargeting,oracle_online_union_recent,4,0.0
eval_app_activity_retargeting_0,app_activity_retargeting,oracle_online_union_recent,5,0.0
eval_app_activity_retargeting_0,app_activity_retargeting,oracle_online_union_recent,6,0.0
eval_app_activity_retargeting_0,app_activity_retargeting,oracle_online_union_recent,7,0.0
eval_app_activity_retargeting_0,app_activity_retargeting,oracle_online_union_recent,8,0.0
eval_app_activity_retargeting_0,app_activity_retargeting,oracle_online_union_recent,9,0.0
eval_app_activity_retargeting_0,app_activity_retargeting,oracle_online_union_recent,10,0.0
eval_app_activity_retargeting_0,app_activity_retargeting,oracle_online_union_recent,11,0.0
eval_app_activity_retargeting_0,app_activity_retargeting,oracle_online_union_recent,12,0.0
eval_app_activity_retargeting_0,app_activity_retargeting,oracle_online_union_recent,13,0.0
eval_app_activity_retargeting_0,app_activity_retargeting,oracle_online_union_oldest,1,0.0
eval_app_activity_retargeting_0,app_activity_retargeting,oracle_online_union_oldest,2,0.0
eval_app_activity_retargeting_0,app_activity_retargeting,oracle_online_union_oldest,3,0.0
eval_app_activity_retargeting_0,app_activity_retargeting,oracle_online_union_oldest,4,0.0
eval_app_activity_retargeting_0,app_activity_retargeting,oracle_online_union_oldest,5,0.0
eval_app_activity_retargeting_0,app_activity_retargeting,oracle_online_union_oldest,6,0.0
eval_app_activity_retargeting_0,app_activity_retargeting,oracle_online_union_oldest,7,0.0
eval_app_activity_retargeting_0,app_activity_retargeting,oracle_online_union_oldest,8,0.0
eval_app_activity_retargeting_0,app_activity_retargeting,oracle_online_union_oldest,9,0.0
eval_app_activity_retargeting_0,app_activity_retargeting,oracle_online_union_oldest,10,0.0
eval_app_activity_retargeting_0,app_activity_retargeting,oracle_online_union_oldest,11,0.0
eval_app_activity_retargeting_0,app_activity_retargeting,oracle_online_union_oldest,12,0.0
eval_app_activity_retargeting_0,app_activity_retargeting,oracle_online_union_oldest,13,0.0
eval_app_activity_retargeting_0,app_activity_retargeting,forbidden_person_identity_oracle,1,0.0
eval_app_activity_retargeting_0,app_activity_retargeting,forbidden_person_identity_oracle,2,0.0
eval_app_activity_retargeting_0,app_activity_retargeting,forbidden_person_identity_oracle,3,0.0
eval_app_activity_retargeting_0,app_activity_retargeting,forbidden_person_identity_oracle,4,0.0
eval_app_activity_retargeting_0,app_activity_retargeting,forbidden_person_identity_oracle,5,0.0
eval_app_activity_retargeting_0,app_activity_retargeting,forbidden_person_identity_oracle,6,0.0
eval_app_activity_retargeting_0,app_activity_retargeting,forbidden_person_identity_oracle,7,0.0
eval_app_activity_retargeting_0,app_activity_retargeting,forbidden_person_identity_oracle,8,0.0
eval_app_activity_retargeting_0,app_activity_retargeting,forbidden_person_identity_oracle,9,0.0
eval_app_activity_retargeting_0,app_activity_retargeting,forbidden_person_identity_oracle,10,0.0
eval_app_activity_retargeting_0,app_activity_retargeting,forbidden_person_identity_oracle,11,0.0
eval_app_activity_retargeting_0,app_activity_retargeting,forbidden_person_identity_oracle,12,0.0
eval_app_activity_retargeting_0,app_activity_retargeting,forbidden_person_identity_oracle,13,0.0
eval_app_activity_retargeting_0,app_activity_retargeting,three_day_buffer_then_freeze,1,0.7586900250775191
eval_app_activity_retargeting_0,app_activity_retargeting,three_day_buffer_then_freeze,2,0.7586900250775191
eval_app_activity_retargeting_0,app_activity_retargeting,three_day_buffer_then_freeze,3,0.7586900250775191
eval_app_activity_retargeting_0,app_activity_retargeting,three_day_buffer_then_freeze,4,0.7586900250775191
eval_app_activity_retargeting_0,app_activity_retargeting,three_day_buffer_then_freeze,5,0.7586900250775191
eval_app_activity_retargeting_0,app_activity_retargeting,three_day_buffer_then_freeze,6,0.7586900250775191
eval_app_activity_retargeting_0,app_activity_retargeting,three_day_buffer_then_freeze,7,0.7586900250775191
eval_app_activity_retargeting_0,app_activity_retargeting,three_day_buffer_then_freeze,8,0.7586900250775191
eval_app_activity_retargeting_0,app_activity_retargeting,three_day_buffer_then_freeze,9,0.7586900250775191
eval_app_activity_retargeting_0,app_activity_retargeting,three_day_buffer_then_freeze,10,0.7586900250775191
eval_app_activity_retargeting_0,app_activity_retargeting,three_day_buffer_then_freeze,11,0.7586900250775191
eval_app_activity_retargeting_0,app_activity_retargeting,three_day_buffer_then_freeze,12,0.7586900250775191
eval_app_activity_retargeting_0,app_activity_retargeting,three_day_buffer_then_freeze,13,0.7586900250775191
eval_app_activity_retargeting_0,app_activity_retargeting,full_flight_buffer_then_freeze,1,0.8774831127781187
eval_app_activity_retargeting_0,app_activity_retargeting,full_flight_buffer_then_freeze,2,0.8774831127781187
eval_app_activity_retargeting_0,app_activity_retargeting,full_flight_buffer_then_freeze,3,0.8774831127781187
eval_app_activity_retargeting_0,app_activity_retargeting,full_flight_buffer_then_freeze,4,0.8774831127781187
eval_app_activity_retargeting_0,app_activity_retargeting,full_flight_buffer_then_freeze,5,0.8774831127781187
eval_app_activity_retargeting_0,app_activity_retargeting,full_flight_buffer_then_freeze,6,0.8774831127781187
eval_app_activity_retargeting_0,app_activity_retargeting,full_flight_buffer_then_freeze,7,0.8774831127781187
eval_app_activity_retargeting_0,app_activity_retargeting,full_flight_buffer_then_freeze,8,0.8774831127781187
eval_app_activity_retargeting_0,app_activity_retargeting,full_flight_buffer_then_freeze,9,0.8774831127781187
eval_app_activity_retargeting_0,app_activity_retargeting,full_flight_buffer_then_freeze,10,0.8774831127781187
eval_app_activity_retargeting_0,app_activity_retargeting,full_flight_buffer_then_freeze,11,0.8774831127781187
eval_app_activity_retargeting_0,app_activity_retargeting,full_flight_buffer_then_freeze,12,0.8774831127781187
eval_app_activity_retargeting_0,app_activity_retargeting,full_flight_buffer_then_freeze,13,0.8774831127781187
eval_app_activity_retargeting_0,app_activity_retargeting,oracle_same_day_dial,1,0.653125
eval_app_activity_retargeting_0,app_activity_retargeting,oracle_same_day_dial,2,0.653125
eval_app_activity_retargeting_0,app_activity_retargeting,oracle_same_day_dial,3,0.653125
eval_app_activity_retargeting_0,app_activity_retargeting,oracle_same_day_dial,4,0.771875
eval_app_activity_retargeting_0,app_activity_retargeting,oracle_same_day_dial,5,0.59375
eval_app_activity_retargeting_0,app_activity_retargeting,oracle_same_day_dial,6,0.7124999999999999
eval_app_activity_retargeting_0,app_activity_retargeting,oracle_same_day_dial,7,0.653125
eval_app_activity_retargeting_0,app_activity_retargeting,oracle_same_day_dial,8,0.7124999999999999
eval_app_activity_retargeting_0,app_activity_retargeting,oracle_same_day_dial,9,0.771875
eval_app_activity_retargeting_0,app_activity_retargeting,oracle_same_day_dial,10,0.653125
eval_app_activity_retargeting_0,app_activity_retargeting,oracle_same_day_dial,11,0.8312499999999999
eval_app_activity_retargeting_0,app_activity_retargeting,oracle_same_day_dial,12,0.771875
eval_app_activity_retargeting_0,app_activity_retargeting,oracle_same_day_dial,13,0.7124999999999999
eval_app_activity_retargeting_1,app_activity_retargeting,fixed_model_line_pool,1,0.0
eval_app_activity_retargeting_1,app_activity_retargeting,fixed_model_line_pool,2,0.0
eval_app_activity_retargeting_1,app_activity_retargeting,fixed_model_line_pool,3,0.0
eval_app_activity_retargeting_1,app_activity_retargeting,fixed_model_line_pool,4,0.0
eval_app_activity_retargeting_1,app_activity_retargeting,fixed_model_line_pool,5,0.0
eval_app_activity_retargeting_1,app_activity_retargeting,fixed_model_line_pool,6,0.0
eval_app_activity_retargeting_1,app_activity_retargeting,fixed_model_line_pool,7,0.0
eval_app_activity_retargeting_1,app_activity_retargeting,fixed_model_line_pool,8,0.0
eval_app_activity_retargeting_1,app_activity_retargeting,fixed_model_line_pool,9,0.0
eval_app_activity_retargeting_1,app_activity_retargeting,fixed_model_line_pool,10,0.0
eval_app_activity_retargeting_1,app_activity_retargeting,fixed_model_line_pool,11,0.0
eval_app_activity_retargeting_1,app_activity_retargeting,fixed_model_line_pool,12,0.0
eval_app_activity_retargeting_1,app_activity_retargeting,fixed_model_line_pool,13,0.0
eval_app_activity_retargeting_1,app_activity_retargeting,context_and_scale_only_pool,1,0.6254753155104977
eval_app_activity_retargeting_1,app_activity_retargeting,context_and_scale_only_pool,2,0.6817567273008653
eval_app_activity_retargeting_1,app_activity_retargeting,context_and_scale_only_pool,3,0.7204651429878792
eval_app_activity_retargeting_1,app_activity_retargeting,context_and_scale_only_pool,4,0.7535677811341421
eval_app_activity_retargeting_1,app_activity_retargeting,context_and_scale_only_pool,5,0.7732506529368162
eval_app_activity_retargeting_1,app_activity_retargeting,context_and_scale_only_pool,6,0.7885567319153062
eval_app_activity_retargeting_1,app_activity_retargeting,context_and_scale_only_pool,7,0.8101867540893596
eval_app_activity_retargeting_1,app_activity_retargeting,context_and_scale_only_pool,8,0.8332522190435213
eval_app_activity_retargeting_1,app_activity_retargeting,context_and_scale_only_pool,9,0.8473142918575951
eval_app_activity_retargeting_1,app_activity_retargeting,context_and_scale_only_pool,10,0.8528135459517768
eval_app_activity_retargeting_1,app_activity_retargeting,context_and_scale_only_pool,11,0.8562247288251934
eval_app_activity_retargeting_1,app_activity_retargeting,context_and_scale_only_pool,12,0.8578795110222872
eval_app_activity_retargeting_1,app_activity_retargeting,context_and_scale_only_pool,13,0.8569380687531913
eval_app_activity_retargeting_1,app_activity_retargeting,provider_blended_ordered_pool,1,0.6304219769330425
eval_app_activity_retargeting_1,app_activity_retargeting,provider_blended_ordered_pool,2,0.6772875824996054
eval_app_activity_retargeting_1,app_activity_retargeting,provider_blended_ordered_pool,3,0.7197562503606627
eval_app_activity_retargeting_1,app_activity_retargeting,provider_blended_ordered_pool,4,0.7587562603040161
eval_app_activity_retargeting_1,app_activity_retargeting,provider_blended_ordered_pool,5,0.7780376198711071
eval_app_activity_retargeting_1,app_activity_retargeting,provider_blended_ordered_pool,6,0.7720558941510736
eval_app_activity_retargeting_1,app_activity_retargeting,provider_blended_ordered_pool,7,0.8020932231997524
eval_app_activity_retargeting_1,app_activity_retargeting,provider_blended_ordered_pool,8,0.8223412510668483
eval_app_activity_retargeting_1,app_activity_retargeting,provider_blended_ordered_pool,9,0.8373598403002015
eval_app_activity_retargeting_1,app_activity_retargeting,provider_blended_ordered_pool,10,0.850019818693723
eval_app_activity_retargeting_1,app_activity_retargeting,provider_blended_ordered_pool,11,0.8594672377380757
eval_app_activity_retargeting_1,app_activity_retargeting,provider_blended_ordered_pool,12,0.8628988211370321
eval_app_activity_retargeting_1,app_activity_retargeting,provider_blended_ordered_pool,13,0.8664020944678155
eval_app_activity_retargeting_1,app_activity_retargeting,ordered_collision_resolved_overlap_pool,1,0.5779980676535051
eval_app_activity_retargeting_1,app_activity_retargeting,ordered_collision_resolved_overlap_pool,2,0.7550781002254416
eval_app_activity_retargeting_1,app_activity_retargeting,ordered_collision_resolved_overlap_pool,3,0.9209019068042651
eval_app_activity_retargeting_1,app_activity_retargeting,ordered_collision_resolved_overlap_pool,4,0.9384660854989557
eval_app_activity_retargeting_1,app_activity_retargeting,ordered_collision_resolved_overlap_pool,5,0.8833726761669541
eval_app_activity_retargeting_1,app_activity_retargeting,ordered_collision_resolved_overlap_pool,6,0.9069047873129337
eval_app_activity_retargeting_1,app_activity_retargeting,ordered_collision_resolved_overlap_pool,7,0.9015155245310067
eval_app_activity_retargeting_1,app_activity_retargeting,ordered_collision_resolved_overlap_pool,8,0.8853314096174957
eval_app_activity_retargeting_1,app_activity_retargeting,ordered_collision_resolved_overlap_pool,9,0.9234127292072366
eval_app_activity_retargeting_1,app_activity_retargeting,ordered_collision_resolved_overlap_pool,10,0.941186922035494
eval_app_activity_retargeting_1,app_activity_retargeting,ordered_collision_resolved_overlap_pool,11,0.95
eval_app_activity_retargeting_1,app_activity_retargeting,ordered_collision_resolved_overlap_pool,12,0.95
eval_app_activity_retargeting_1,app_activity_retargeting,ordered_collision_resolved_overlap_pool,13,0.95
eval_app_activity_retargeting_1,app_activity_retargeting,fixed_marginal_overlap_atlas,1,0.19381606298836762
eval_app_activity_retargeting_1,app_activity_retargeting,fixed_marginal_overlap_atlas,2,0.29124734307132
eval_app_activity_retargeting_1,app_activity_retargeting,fixed_marginal_overlap_atlas,3,0.3682638944570442
eval_app_activity_retargeting_1,app_activity_retargeting,fixed_marginal_overlap_atlas,4,0.41576671046257296
eval_app_activity_retargeting_1,app_activity_retargeting,fixed_marginal_overlap_atlas,5,0.47051999051789367
eval_app_activity_retargeting_1,app_activity_retargeting,fixed_marginal_overlap_atlas,6,0.4613012759259684
eval_app_activity_retargeting_1,app_activity_retargeting,fixed_marginal_overlap_atlas,7,0.5027386555073334
eval_app_activity_retargeting_1,app_activity_retargeting,fixed_marginal_overlap_atlas,8,0.5443443479010549
eval_app_activity_retargeting_1,app_activity_retargeting,fixed_marginal_overlap_atlas,9,0.5874087394569142
eval_app_activity_retargeting_1,app_activity_retargeting,fixed_marginal_overlap_atlas,10,0.6374933865191225
eval_app_activity_retargeting_1,app_activity_retargeting,fixed_marginal_overlap_atlas,11,0.6747200638144415
eval_app_activity_retargeting_1,app_activity_retargeting,fixed_marginal_overlap_atlas,12,0.6956853112545236
eval_app_activity_retargeting_1,app_activity_retargeting,fixed_marginal_overlap_atlas,13,0.7150927131666598
eval_app_activity_retargeting_1,app_activity_retargeting,pair_targeted_fixed_marginal_atlas,1,0.19381606298836762
eval_app_activity_retargeting_1,app_activity_retargeting,pair_targeted_fixed_marginal_atlas,2,0.29124734307132
eval_app_activity_retargeting_1,app_activity_retargeting,pair_targeted_fixed_marginal_atlas,3,0.3682638944570442
eval_app_activity_retargeting_1,app_activity_retargeting,pair_targeted_fixed_marginal_atlas,4,0.41576671046257296
eval_app_activity_retargeting_1,app_activity_retargeting,pair_targeted_fixed_marginal_atlas,5,0.47051999051789367
eval_app_activity_retargeting_1,app_activity_retargeting,pair_targeted_fixed_marginal_atlas,6,0.4613012759259684
eval_app_activity_retargeting_1,app_activity_retargeting,pair_targeted_fixed_marginal_atlas,7,0.5027386555073334
eval_app_activity_retargeting_1,app_activity_retargeting,pair_targeted_fixed_marginal_atlas,8,0.5443443479010549
eval_app_activity_retargeting_1,app_activity_retargeting,pair_targeted_fixed_marginal_atlas,9,0.5874087394569142
eval_app_activity_retargeting_1,app_activity_retargeting,pair_targeted_fixed_marginal_atlas,10,0.6374933865191225
eval_app_activity_retargeting_1,app_activity_retargeting,pair_targeted_fixed_marginal_atlas,11,0.6747200638144415
eval_app_activity_retargeting_1,app_activity_retargeting,pair_targeted_fixed_marginal_atlas,12,0.6956853112545236
eval_app_activity_retargeting_1,app_activity_retargeting,pair_targeted_fixed_marginal_atlas,13,0.7150927131666598
eval_app_activity_retargeting_1,app_activity_retargeting,same_day_adaptive_pool,1,0.6344692453696699
eval_app_activity_retargeting_1,app_activity_retargeting,same_day_adaptive_pool,2,0.6609772234086149
eval_app_activity_retargeting_1,app_activity_retargeting,same_day_adaptive_pool,3,0.7209154637738334
eval_app_activity_retargeting_1,app_activity_retargeting,same_day_adaptive_pool,4,0.6883677947422328
eval_app_activity_retargeting_1,app_activity_retargeting,same_day_adaptive_pool,5,0.694983019777341
eval_app_activity_retargeting_1,app_activity_retargeting,same_day_adaptive_pool,6,0.6762910512992292
eval_app_activity_retargeting_1,app_activity_retargeting,same_day_adaptive_pool,7,0.6691001240339594
eval_app_activity_retargeting_1,app_activity_retargeting,same_day_adaptive_pool,8,0.7137461933001327
eval_app_activity_retargeting_1,app_activity_retargeting,same_day_adaptive_pool,9,0.7197749983915092
eval_app_activity_retargeting_1,app_activity_retargeting,same_day_adaptive_pool,10,0.7388266244863934
eval_app_activity_retargeting_1,app_activity_retargeting,same_day_adaptive_pool,11,0.7509152934884631
eval_app_activity_retargeting_1,app_activity_retargeting,same_day_adaptive_pool,12,0.7474081825360883
eval_app_activity_retargeting_1,app_activity_retargeting,same_day_adaptive_pool,13,0.7109763061867668
eval_app_activity_retargeting_1,app_activity_retargeting,cumulative_adaptive_pool,1,0.6344692453696699
eval_app_activity_retargeting_1,app_activity_retargeting,cumulative_adaptive_pool,2,0.6736310094803928
eval_app_activity_retargeting_1,app_activity_retargeting,cumulative_adaptive_pool,3,0.7191762473020311
eval_app_activity_retargeting_1,app_activity_retargeting,cumulative_adaptive_pool,4,0.7630013796248222
eval_app_activity_retargeting_1,app_activity_retargeting,cumulative_adaptive_pool,5,0.7819542291809813
eval_app_activity_retargeting_1,app_activity_retargeting,cumulative_adaptive_pool,6,0.7585552087076104
eval_app_activity_retargeting_1,app_activity_retargeting,cumulative_adaptive_pool,7,0.7954712433809829
eval_app_activity_retargeting_1,app_activity_retargeting,cumulative_adaptive_pool,8,0.8134140954495703
eval_app_activity_retargeting_1,app_activity_retargeting,cumulative_adaptive_pool,9,0.8292152890259703
eval_app_activity_retargeting_1,app_activity_retargeting,cumulative_adaptive_pool,10,0.8477340418462244
eval_app_activity_retargeting_1,app_activity_retargeting,cumulative_adaptive_pool,11,0.8621201995758884
eval_app_activity_retargeting_1,app_activity_retargeting,cumulative_adaptive_pool,12,0.8670055294127322
eval_app_activity_retargeting_1,app_activity_retargeting,cumulative_adaptive_pool,13,0.874145388234326
eval_app_activity_retargeting_1,app_activity_retargeting,quantized_hysteresis_pool,1,0.65
eval_app_activity_retargeting_1,app_activity_retargeting,quantized_hysteresis_pool,2,0.65
eval_app_activity_retargeting_1,app_activity_retargeting,quantized_hysteresis_pool,3,0.65
eval_app_activity_retargeting_1,app_activity_retargeting,quantized_hysteresis_pool,4,0.65
eval_app_activity_retargeting_1,app_activity_retargeting,quantized_hysteresis_pool,5,0.75
eval_app_activity_retargeting_1,app_activity_retargeting,quantized_hysteresis_pool,6,0.75
eval_app_activity_retargeting_1,app_activity_retargeting,quantized_hysteresis_pool,7,0.75
eval_app_activity_retargeting_1,app_activity_retargeting,quantized_hysteresis_pool,8,0.75
eval_app_activity_retargeting_1,app_activity_retargeting,quantized_hysteresis_pool,9,0.75
eval_app_activity_retargeting_1,app_activity_retargeting,quantized_hysteresis_pool,10,0.75
eval_app_activity_retargeting_1,app_activity_retargeting,quantized_hysteresis_pool,11,0.8500000000000001
eval_app_activity_retargeting_1,app_activity_retargeting,quantized_hysteresis_pool,12,0.8500000000000001
eval_app_activity_retargeting_1,app_activity_retargeting,quantized_hysteresis_pool,13,0.8500000000000001
eval_app_activity_retargeting_1,app_activity_retargeting,sticky_first_seen_pool,1,0.6344692453696699
eval_app_activity_retargeting_1,app_activity_retargeting,sticky_first_seen_pool,2,0.6736310094803928
eval_app_activity_retargeting_1,app_activity_retargeting,sticky_first_seen_pool,3,0.7191762473020311
eval_app_activity_retargeting_1,app_activity_retargeting,sticky_first_seen_pool,4,0.7630013796248222
eval_app_activity_retargeting_1,app_activity_retargeting,sticky_first_seen_pool,5,0.7819542291809813
eval_app_activity_retargeting_1,app_activity_retargeting,sticky_first_seen_pool,6,0.7585552087076104
eval_app_activity_retargeting_1,app_activity_retargeting,sticky_first_seen_pool,7,0.7954712433809829
eval_app_activity_retargeting_1,app_activity_retargeting,sticky_first_seen_pool,8,0.8134140954495703
eval_app_activity_retargeting_1,app_activity_retargeting,sticky_first_seen_pool,9,0.8292152890259703
eval_app_activity_retargeting_1,app_activity_retargeting,sticky_first_seen_pool,10,0.8477340418462244
eval_app_activity_retargeting_1,app_activity_retargeting,sticky_first_seen_pool,11,0.8621201995758884
eval_app_activity_retargeting_1,app_activity_retargeting,sticky_first_seen_pool,12,0.8670055294127322
eval_app_activity_retargeting_1,app_activity_retargeting,sticky_first_seen_pool,13,0.874145388234326
eval_app_activity_retargeting_1,app_activity_retargeting,ordered_memoized_rank_lattice,1,0.65
eval_app_activity_retargeting_1,app_activity_retargeting,ordered_memoized_rank_lattice,2,0.65
eval_app_activity_retargeting_1,app_activity_retargeting,ordered_memoized_rank_lattice,3,0.65
eval_app_activity_retargeting_1,app_activity_retargeting,ordered_memoized_rank_lattice,4,0.65
eval_app_activity_retargeting_1,app_activity_retargeting,ordered_memoized_rank_lattice,5,0.75
eval_app_activity_retargeting_1,app_activity_retargeting,ordered_memoized_rank_lattice,6,0.75
eval_app_activity_retargeting_1,app_activity_retargeting,ordered_memoized_rank_lattice,7,0.75
eval_app_activity_retargeting_1,app_activity_retargeting,ordered_memoized_rank_lattice,8,0.75
eval_app_activity_retargeting_1,app_activity_retargeting,ordered_memoized_rank_lattice,9,0.75
eval_app_activity_retargeting_1,app_activity_retargeting,ordered_memoized_rank_lattice,10,0.75
eval_app_activity_retargeting_1,app_activity_retargeting,ordered_memoized_rank_lattice,11,0.8500000000000001
eval_app_activity_retargeting_1,app_activity_retargeting,ordered_memoized_rank_lattice,12,0.8500000000000001
eval_app_activity_retargeting_1,app_activity_retargeting,ordered_memoized_rank_lattice,13,0.8500000000000001
eval_app_activity_retargeting_1,app_activity_retargeting,cohort_3_week_rank_lattice,1,0.65
eval_app_activity_retargeting_1,app_activity_retargeting,cohort_3_week_rank_lattice,2,0.65
eval_app_activity_retargeting_1,app_activity_retargeting,cohort_3_week_rank_lattice,3,0.65
eval_app_activity_retargeting_1,app_activity_retargeting,cohort_3_week_rank_lattice,4,0.65
eval_app_activity_retargeting_1,app_activity_retargeting,cohort_3_week_rank_lattice,5,0.75
eval_app_activity_retargeting_1,app_activity_retargeting,cohort_3_week_rank_lattice,6,0.75
eval_app_activity_retargeting_1,app_activity_retargeting,cohort_3_week_rank_lattice,7,0.75
eval_app_activity_retargeting_1,app_activity_retargeting,cohort_3_week_rank_lattice,8,0.75
eval_app_activity_retargeting_1,app_activity_retargeting,cohort_3_week_rank_lattice,9,0.75
eval_app_activity_retargeting_1,app_activity_retargeting,cohort_3_week_rank_lattice,10,0.75
eval_app_activity_retargeting_1,app_activity_retargeting,cohort_3_week_rank_lattice,11,0.8500000000000001
eval_app_activity_retargeting_1,app_activity_retargeting,cohort_3_week_rank_lattice,12,0.8500000000000001
eval_app_activity_retargeting_1,app_activity_retargeting,cohort_3_week_rank_lattice,13,0.8500000000000001
eval_app_activity_retargeting_1,app_activity_retargeting,oracle_online_venn_recent,1,0.0
eval_app_activity_retargeting_1,app_activity_retargeting,oracle_online_venn_recent,2,0.0
eval_app_activity_retargeting_1,app_activity_retargeting,oracle_online_venn_recent,3,0.0
eval_app_activity_retargeting_1,app_activity_retargeting,oracle_online_venn_recent,4,0.0
eval_app_activity_retargeting_1,app_activity_retargeting,oracle_online_venn_recent,5,0.0
eval_app_activity_retargeting_1,app_activity_retargeting,oracle_online_venn_recent,6,0.0
eval_app_activity_retargeting_1,app_activity_retargeting,oracle_online_venn_recent,7,0.0
eval_app_activity_retargeting_1,app_activity_retargeting,oracle_online_venn_recent,8,0.0
eval_app_activity_retargeting_1,app_activity_retargeting,oracle_online_venn_recent,9,0.0
eval_app_activity_retargeting_1,app_activity_retargeting,oracle_online_venn_recent,10,0.0
eval_app_activity_retargeting_1,app_activity_retargeting,oracle_online_venn_recent,11,0.0
eval_app_activity_retargeting_1,app_activity_retargeting,oracle_online_venn_recent,12,0.0
eval_app_activity_retargeting_1,app_activity_retargeting,oracle_online_venn_recent,13,0.0
eval_app_activity_retargeting_1,app_activity_retargeting,oracle_online_venn_oldest,1,0.0
eval_app_activity_retargeting_1,app_activity_retargeting,oracle_online_venn_oldest,2,0.0
eval_app_activity_retargeting_1,app_activity_retargeting,oracle_online_venn_oldest,3,0.0
eval_app_activity_retargeting_1,app_activity_retargeting,oracle_online_venn_oldest,4,0.0
eval_app_activity_retargeting_1,app_activity_retargeting,oracle_online_venn_oldest,5,0.0
eval_app_activity_retargeting_1,app_activity_retargeting,oracle_online_venn_oldest,6,0.0
eval_app_activity_retargeting_1,app_activity_retargeting,oracle_online_venn_oldest,7,0.0
eval_app_activity_retargeting_1,app_activity_retargeting,oracle_online_venn_oldest,8,0.0
eval_app_activity_retargeting_1,app_activity_retargeting,oracle_online_venn_oldest,9,0.0
eval_app_activity_retargeting_1,app_activity_retargeting,oracle_online_venn_oldest,10,0.0
eval_app_activity_retargeting_1,app_activity_retargeting,oracle_online_venn_oldest,11,0.0
eval_app_activity_retargeting_1,app_activity_retargeting,oracle_online_venn_oldest,12,0.0
eval_app_activity_retargeting_1,app_activity_retargeting,oracle_online_venn_oldest,13,0.0
eval_app_activity_retargeting_1,app_activity_retargeting,oracle_online_union_recent,1,0.0
eval_app_activity_retargeting_1,app_activity_retargeting,oracle_online_union_recent,2,0.0
eval_app_activity_retargeting_1,app_activity_retargeting,oracle_online_union_recent,3,0.0
eval_app_activity_retargeting_1,app_activity_retargeting,oracle_online_union_recent,4,0.0
eval_app_activity_retargeting_1,app_activity_retargeting,oracle_online_union_recent,5,0.0
eval_app_activity_retargeting_1,app_activity_retargeting,oracle_online_union_recent,6,0.0
eval_app_activity_retargeting_1,app_activity_retargeting,oracle_online_union_recent,7,0.0
eval_app_activity_retargeting_1,app_activity_retargeting,oracle_online_union_recent,8,0.0
eval_app_activity_retargeting_1,app_activity_retargeting,oracle_online_union_recent,9,0.0
eval_app_activity_retargeting_1,app_activity_retargeting,oracle_online_union_recent,10,0.0
eval_app_activity_retargeting_1,app_activity_retargeting,oracle_online_union_recent,11,0.0
eval_app_activity_retargeting_1,app_activity_retargeting,oracle_online_union_recent,12,0.0
eval_app_activity_retargeting_1,app_activity_retargeting,oracle_online_union_recent,13,0.0
eval_app_activity_retargeting_1,app_activity_retargeting,oracle_online_union_oldest,1,0.0
eval_app_activity_retargeting_1,app_activity_retargeting,oracle_online_union_oldest,2,0.0
eval_app_activity_retargeting_1,app_activity_retargeting,oracle_online_union_oldest,3,0.0
eval_app_activity_retargeting_1,app_activity_retargeting,oracle_online_union_oldest,4,0.0
eval_app_activity_retargeting_1,app_activity_retargeting,oracle_online_union_oldest,5,0.0
eval_app_activity_retargeting_1,app_activity_retargeting,oracle_online_union_oldest,6,0.0
eval_app_activity_retargeting_1,app_activity_retargeting,oracle_online_union_oldest,7,0.0
eval_app_activity_retargeting_1,app_activity_retargeting,oracle_online_union_oldest,8,0.0
eval_app_activity_retargeting_1,app_activity_retargeting,oracle_online_union_oldest,9,0.0
eval_app_activity_retargeting_1,app_activity_retargeting,oracle_online_union_oldest,10,0.0
eval_app_activity_retargeting_1,app_activity_retargeting,oracle_online_union_oldest,11,0.0
eval_app_activity_retargeting_1,app_activity_retargeting,oracle_online_union_oldest,12,0.0
eval_app_activity_retargeting_1,app_activity_retargeting,oracle_online_union_oldest,13,0.0
eval_app_activity_retargeting_1,app_activity_retargeting,forbidden_person_identity_oracle,1,0.0
eval_app_activity_retargeting_1,app_activity_retargeting,forbidden_person_identity_oracle,2,0.0
eval_app_activity_retargeting_1,app_activity_retargeting,forbidden_person_identity_oracle,3,0.0
eval_app_activity_retargeting_1,app_activity_retargeting,forbidden_person_identity_oracle,4,0.0
eval_app_activity_retargeting_1,app_activity_retargeting,forbidden_person_identity_oracle,5,0.0
eval_app_activity_retargeting_1,app_activity_retargeting,forbidden_person_identity_oracle,6,0.0
eval_app_activity_retargeting_1,app_activity_retargeting,forbidden_person_identity_oracle,7,0.0
eval_app_activity_retargeting_1,app_activity_retargeting,forbidden_person_identity_oracle,8,0.0
eval_app_activity_retargeting_1,app_activity_retargeting,forbidden_person_identity_oracle,9,0.0
eval_app_activity_retargeting_1,app_activity_retargeting,forbidden_person_identity_oracle,10,0.0
eval_app_activity_retargeting_1,app_activity_retargeting,forbidden_person_identity_oracle,11,0.0
eval_app_activity_retargeting_1,app_activity_retargeting,forbidden_person_identity_oracle,12,0.0
eval_app_activity_retargeting_1,app_activity_retargeting,forbidden_person_identity_oracle,13,0.0
eval_app_activity_retargeting_1,app_activity_retargeting,three_day_buffer_then_freeze,1,0.7191762473020311
eval_app_activity_retargeting_1,app_activity_retargeting,three_day_buffer_then_freeze,2,0.7191762473020311
eval_app_activity_retargeting_1,app_activity_retargeting,three_day_buffer_then_freeze,3,0.7191762473020311
eval_app_activity_retargeting_1,app_activity_retargeting,three_day_buffer_then_freeze,4,0.7191762473020311
eval_app_activity_retargeting_1,app_activity_retargeting,three_day_buffer_then_freeze,5,0.7191762473020311
eval_app_activity_retargeting_1,app_activity_retargeting,three_day_buffer_then_freeze,6,0.7191762473020311
eval_app_activity_retargeting_1,app_activity_retargeting,three_day_buffer_then_freeze,7,0.7191762473020311
eval_app_activity_retargeting_1,app_activity_retargeting,three_day_buffer_then_freeze,8,0.7191762473020311
eval_app_activity_retargeting_1,app_activity_retargeting,three_day_buffer_then_freeze,9,0.7191762473020311
eval_app_activity_retargeting_1,app_activity_retargeting,three_day_buffer_then_freeze,10,0.7191762473020311
eval_app_activity_retargeting_1,app_activity_retargeting,three_day_buffer_then_freeze,11,0.7191762473020311
eval_app_activity_retargeting_1,app_activity_retargeting,three_day_buffer_then_freeze,12,0.7191762473020311
eval_app_activity_retargeting_1,app_activity_retargeting,three_day_buffer_then_freeze,13,0.7191762473020311
eval_app_activity_retargeting_1,app_activity_retargeting,full_flight_buffer_then_freeze,1,0.874145388234326
eval_app_activity_retargeting_1,app_activity_retargeting,full_flight_buffer_then_freeze,2,0.874145388234326
eval_app_activity_retargeting_1,app_activity_retargeting,full_flight_buffer_then_freeze,3,0.874145388234326
eval_app_activity_retargeting_1,app_activity_retargeting,full_flight_buffer_then_freeze,4,0.874145388234326
eval_app_activity_retargeting_1,app_activity_retargeting,full_flight_buffer_then_freeze,5,0.874145388234326
eval_app_activity_retargeting_1,app_activity_retargeting,full_flight_buffer_then_freeze,6,0.874145388234326
eval_app_activity_retargeting_1,app_activity_retargeting,full_flight_buffer_then_freeze,7,0.874145388234326
eval_app_activity_retargeting_1,app_activity_retargeting,full_flight_buffer_then_freeze,8,0.874145388234326
eval_app_activity_retargeting_1,app_activity_retargeting,full_flight_buffer_then_freeze,9,0.874145388234326
eval_app_activity_retargeting_1,app_activity_retargeting,full_flight_buffer_then_freeze,10,0.874145388234326
eval_app_activity_retargeting_1,app_activity_retargeting,full_flight_buffer_then_freeze,11,0.874145388234326
eval_app_activity_retargeting_1,app_activity_retargeting,full_flight_buffer_then_freeze,12,0.874145388234326
eval_app_activity_retargeting_1,app_activity_retargeting,full_flight_buffer_then_freeze,13,0.874145388234326
eval_app_activity_retargeting_1,app_activity_retargeting,oracle_same_day_dial,1,0.653125
eval_app_activity_retargeting_1,app_activity_retargeting,oracle_same_day_dial,2,0.771875
eval_app_activity_retargeting_1,app_activity_retargeting,oracle_same_day_dial,3,0.5343749999999999
eval_app_activity_retargeting_1,app_activity_retargeting,oracle_same_day_dial,4,0.7124999999999999
eval_app_activity_retargeting_1,app_activity_retargeting,oracle_same_day_dial,5,0.8312499999999999
eval_app_activity_retargeting_1,app_activity_retargeting,oracle_same_day_dial,6,0.771875
eval_app_activity_retargeting_1,app_activity_retargeting,oracle_same_day_dial,7,0.8312499999999999
eval_app_activity_retargeting_1,app_activity_retargeting,oracle_same_day_dial,8,0.771875
eval_app_activity_retargeting_1,app_activity_retargeting,oracle_same_day_dial,9,0.771875
eval_app_activity_retargeting_1,app_activity_retargeting,oracle_same_day_dial,10,0.7124999999999999
eval_app_activity_retargeting_1,app_activity_retargeting,oracle_same_day_dial,11,0.7124999999999999
eval_app_activity_retargeting_1,app_activity_retargeting,oracle_same_day_dial,12,0.7124999999999999
eval_app_activity_retargeting_1,app_activity_retargeting,oracle_same_day_dial,13,0.771875
eval_unrelated_niche_control_0,unrelated_niche_control,fixed_model_line_pool,1,0.0
eval_unrelated_niche_control_0,unrelated_niche_control,fixed_model_line_pool,2,0.0
eval_unrelated_niche_control_0,unrelated_niche_control,fixed_model_line_pool,3,0.0
eval_unrelated_niche_control_0,unrelated_niche_control,fixed_model_line_pool,4,0.0
eval_unrelated_niche_control_0,unrelated_niche_control,fixed_model_line_pool,5,0.0
eval_unrelated_niche_control_0,unrelated_niche_control,fixed_model_line_pool,6,0.0
eval_unrelated_niche_control_0,unrelated_niche_control,fixed_model_line_pool,7,0.0
eval_unrelated_niche_control_0,unrelated_niche_control,fixed_model_line_pool,8,0.0
eval_unrelated_niche_control_0,unrelated_niche_control,fixed_model_line_pool,9,0.0
eval_unrelated_niche_control_0,unrelated_niche_control,fixed_model_line_pool,10,0.0
eval_unrelated_niche_control_0,unrelated_niche_control,fixed_model_line_pool,11,0.0
eval_unrelated_niche_control_0,unrelated_niche_control,fixed_model_line_pool,12,0.0
eval_unrelated_niche_control_0,unrelated_niche_control,fixed_model_line_pool,13,0.0
eval_unrelated_niche_control_0,unrelated_niche_control,context_and_scale_only_pool,1,0.18110966014871865
eval_unrelated_niche_control_0,unrelated_niche_control,context_and_scale_only_pool,2,0.2315060025912592
eval_unrelated_niche_control_0,unrelated_niche_control,context_and_scale_only_pool,3,0.2549541845935929
eval_unrelated_niche_control_0,unrelated_niche_control,context_and_scale_only_pool,4,0.27968895231112534
eval_unrelated_niche_control_0,unrelated_niche_control,context_and_scale_only_pool,5,0.29998094044041684
eval_unrelated_niche_control_0,unrelated_niche_control,context_and_scale_only_pool,6,0.31949014521372204
eval_unrelated_niche_control_0,unrelated_niche_control,context_and_scale_only_pool,7,0.3426435017385375
eval_unrelated_niche_control_0,unrelated_niche_control,context_and_scale_only_pool,8,0.3667096544144312
eval_unrelated_niche_control_0,unrelated_niche_control,context_and_scale_only_pool,9,0.38577901479781174
eval_unrelated_niche_control_0,unrelated_niche_control,context_and_scale_only_pool,10,0.4011893468968846
eval_unrelated_niche_control_0,unrelated_niche_control,context_and_scale_only_pool,11,0.41099706704835787
eval_unrelated_niche_control_0,unrelated_niche_control,context_and_scale_only_pool,12,0.41809485834202065
eval_unrelated_niche_control_0,unrelated_niche_control,context_and_scale_only_pool,13,0.424320236794547
eval_unrelated_niche_control_0,unrelated_niche_control,provider_blended_ordered_pool,1,0.16543124177270727
eval_unrelated_niche_control_0,unrelated_niche_control,provider_blended_ordered_pool,2,0.2229351184068537
eval_unrelated_niche_control_0,unrelated_niche_control,provider_blended_ordered_pool,3,0.2612653438624715
eval_unrelated_niche_control_0,unrelated_niche_control,provider_blended_ordered_pool,4,0.29497124234211214
eval_unrelated_niche_control_0,unrelated_niche_control,provider_blended_ordered_pool,5,0.3163937829483289
eval_unrelated_niche_control_0,unrelated_niche_control,provider_blended_ordered_pool,6,0.33183300143354144
eval_unrelated_niche_control_0,unrelated_niche_control,provider_blended_ordered_pool,7,0.35900746218136514
eval_unrelated_niche_control_0,unrelated_niche_control,provider_blended_ordered_pool,8,0.38468508390241685
eval_unrelated_niche_control_0,unrelated_niche_control,provider_blended_ordered_pool,9,0.40346664802499754
eval_unrelated_niche_control_0,unrelated_niche_control,provider_blended_ordered_pool,10,0.4194379365617309
eval_unrelated_niche_control_0,unrelated_niche_control,provider_blended_ordered_pool,11,0.42965157286292943
eval_unrelated_niche_control_0,unrelated_niche_control,provider_blended_ordered_pool,12,0.43722004250875063
eval_unrelated_niche_control_0,unrelated_niche_control,provider_blended_ordered_pool,13,0.4446274499523717
eval_unrelated_niche_control_0,unrelated_niche_control,ordered_collision_resolved_overlap_pool,1,0.227601936873207
eval_unrelated_niche_control_0,unrelated_niche_control,ordered_collision_resolved_overlap_pool,2,0.3529962194431804
eval_unrelated_niche_control_0,unrelated_niche_control,ordered_collision_resolved_overlap_pool,3,0.4917999929963402
eval_unrelated_niche_control_0,unrelated_niche_control,ordered_collision_resolved_overlap_pool,4,0.5215989428251869
eval_unrelated_niche_control_0,unrelated_niche_control,ordered_collision_resolved_overlap_pool,5,0.5552713253585086
eval_unrelated_niche_control_0,unrelated_niche_control,ordered_collision_resolved_overlap_pool,6,0.5314657334517987
eval_unrelated_niche_control_0,unrelated_niche_control,ordered_collision_resolved_overlap_pool,7,0.6108500937919414
eval_unrelated_niche_control_0,unrelated_niche_control,ordered_collision_resolved_overlap_pool,8,0.6262746750276773
eval_unrelated_niche_control_0,unrelated_niche_control,ordered_collision_resolved_overlap_pool,9,0.6419516724685189
eval_unrelated_niche_control_0,unrelated_niche_control,ordered_collision_resolved_overlap_pool,10,0.6551135233362312
eval_unrelated_niche_control_0,unrelated_niche_control,ordered_collision_resolved_overlap_pool,11,0.6596883933985008
eval_unrelated_niche_control_0,unrelated_niche_control,ordered_collision_resolved_overlap_pool,12,0.660656097952405
eval_unrelated_niche_control_0,unrelated_niche_control,ordered_collision_resolved_overlap_pool,13,0.6668171098149487
eval_unrelated_niche_control_0,unrelated_niche_control,fixed_marginal_overlap_atlas,1,0.0
eval_unrelated_niche_control_0,unrelated_niche_control,fixed_marginal_overlap_atlas,2,0.024281548856360247
eval_unrelated_niche_control_0,unrelated_niche_control,fixed_marginal_overlap_atlas,3,0.08669802025139833
eval_unrelated_niche_control_0,unrelated_niche_control,fixed_marginal_overlap_atlas,4,0.1757698983752033
eval_unrelated_niche_control_0,unrelated_niche_control,fixed_marginal_overlap_atlas,5,0.20442435516544102
eval_unrelated_niche_control_0,unrelated_niche_control,fixed_marginal_overlap_atlas,6,0.23138278148334618
eval_unrelated_niche_control_0,unrelated_niche_control,fixed_marginal_overlap_atlas,7,0.26134017685013006
eval_unrelated_niche_control_0,unrelated_niche_control,fixed_marginal_overlap_atlas,8,0.3079353158482604
eval_unrelated_niche_control_0,unrelated_niche_control,fixed_marginal_overlap_atlas,9,0.33117491201195015
eval_unrelated_niche_control_0,unrelated_niche_control,fixed_marginal_overlap_atlas,10,0.35285772849416197
eval_unrelated_niche_control_0,unrelated_niche_control,fixed_marginal_overlap_atlas,11,0.36720002161038834
eval_unrelated_niche_control_0,unrelated_niche_control,fixed_marginal_overlap_atlas,12,0.37928811117314154
eval_unrelated_niche_control_0,unrelated_niche_control,fixed_marginal_overlap_atlas,13,0.3907472298776349
eval_unrelated_niche_control_0,unrelated_niche_control,pair_targeted_fixed_marginal_atlas,1,0.0
eval_unrelated_niche_control_0,unrelated_niche_control,pair_targeted_fixed_marginal_atlas,2,0.024281548856360247
eval_unrelated_niche_control_0,unrelated_niche_control,pair_targeted_fixed_marginal_atlas,3,0.08669802025139833
eval_unrelated_niche_control_0,unrelated_niche_control,pair_targeted_fixed_marginal_atlas,4,0.1757698983752033
eval_unrelated_niche_control_0,unrelated_niche_control,pair_targeted_fixed_marginal_atlas,5,0.20442435516544102
eval_unrelated_niche_control_0,unrelated_niche_control,pair_targeted_fixed_marginal_atlas,6,0.23138278148334618
eval_unrelated_niche_control_0,unrelated_niche_control,pair_targeted_fixed_marginal_atlas,7,0.26134017685013006
eval_unrelated_niche_control_0,unrelated_niche_control,pair_targeted_fixed_marginal_atlas,8,0.3079353158482604
eval_unrelated_niche_control_0,unrelated_niche_control,pair_targeted_fixed_marginal_atlas,9,0.33117491201195015
eval_unrelated_niche_control_0,unrelated_niche_control,pair_targeted_fixed_marginal_atlas,10,0.35285772849416197
eval_unrelated_niche_control_0,unrelated_niche_control,pair_targeted_fixed_marginal_atlas,11,0.36720002161038834
eval_unrelated_niche_control_0,unrelated_niche_control,pair_targeted_fixed_marginal_atlas,12,0.37928811117314154
eval_unrelated_niche_control_0,unrelated_niche_control,pair_targeted_fixed_marginal_atlas,13,0.3907472298776349
eval_unrelated_niche_control_0,unrelated_niche_control,same_day_adaptive_pool,1,0.15260344491960703
eval_unrelated_niche_control_0,unrelated_niche_control,same_day_adaptive_pool,2,0.20106526092896518
eval_unrelated_niche_control_0,unrelated_niche_control,same_day_adaptive_pool,3,0.20287352575064135
eval_unrelated_niche_control_0,unrelated_niche_control,same_day_adaptive_pool,4,0.2318195022451786
eval_unrelated_niche_control_0,unrelated_niche_control,same_day_adaptive_pool,5,0.23640906254474592
eval_unrelated_niche_control_0,unrelated_niche_control,same_day_adaptive_pool,6,0.23820259224791102
eval_unrelated_niche_control_0,unrelated_niche_control,same_day_adaptive_pool,7,0.24013935364499647
eval_unrelated_niche_control_0,unrelated_niche_control,same_day_adaptive_pool,8,0.2706533785917713
eval_unrelated_niche_control_0,unrelated_niche_control,same_day_adaptive_pool,9,0.3125116606496383
eval_unrelated_niche_control_0,unrelated_niche_control,same_day_adaptive_pool,10,0.24671700872204744
eval_unrelated_niche_control_0,unrelated_niche_control,same_day_adaptive_pool,11,0.2757449387572426
eval_unrelated_niche_control_0,unrelated_niche_control,same_day_adaptive_pool,12,0.20470136117254695
eval_unrelated_niche_control_0,unrelated_niche_control,same_day_adaptive_pool,13,0.2165759544701818
eval_unrelated_niche_control_0,unrelated_niche_control,cumulative_adaptive_pool,1,0.15260344491960703
eval_unrelated_niche_control_0,unrelated_niche_control,cumulative_adaptive_pool,2,0.21592257680143098
eval_unrelated_niche_control_0,unrelated_niche_control,cumulative_adaptive_pool,3,0.26642901962791765
eval_unrelated_niche_control_0,unrelated_niche_control,cumulative_adaptive_pool,4,0.30747493418564675
eval_unrelated_niche_control_0,unrelated_niche_control,cumulative_adaptive_pool,5,0.3298224722729842
eval_unrelated_niche_control_0,unrelated_niche_control,cumulative_adaptive_pool,6,0.34193170197703
eval_unrelated_niche_control_0,unrelated_niche_control,cumulative_adaptive_pool,7,0.3723961570891332
eval_unrelated_niche_control_0,unrelated_niche_control,cumulative_adaptive_pool,8,0.3993922534834959
eval_unrelated_niche_control_0,unrelated_niche_control,cumulative_adaptive_pool,9,0.4179383479381495
eval_unrelated_niche_control_0,unrelated_niche_control,cumulative_adaptive_pool,10,0.4343686008329687
eval_unrelated_niche_control_0,unrelated_niche_control,cumulative_adaptive_pool,11,0.44491435034757876
eval_unrelated_niche_control_0,unrelated_niche_control,cumulative_adaptive_pool,12,0.45286792046334784
eval_unrelated_niche_control_0,unrelated_niche_control,cumulative_adaptive_pool,13,0.4612424425360464
eval_unrelated_niche_control_0,unrelated_niche_control,quantized_hysteresis_pool,1,0.15000000000000002
eval_unrelated_niche_control_0,unrelated_niche_control,quantized_hysteresis_pool,2,0.15000000000000002
eval_unrelated_niche_control_0,unrelated_niche_control,quantized_hysteresis_pool,3,0.15000000000000002
eval_unrelated_niche_control_0,unrelated_niche_control,quantized_hysteresis_pool,4,0.25
eval_unrelated_niche_control_0,unrelated_niche_control,quantized_hysteresis_pool,5,0.25
eval_unrelated_niche_control_0,unrelated_niche_control,quantized_hysteresis_pool,6,0.25
eval_unrelated_niche_control_0,unrelated_niche_control,quantized_hysteresis_pool,7,0.25
eval_unrelated_niche_control_0,unrelated_niche_control,quantized_hysteresis_pool,8,0.35000000000000003
eval_unrelated_niche_control_0,unrelated_niche_control,quantized_hysteresis_pool,9,0.35000000000000003
eval_unrelated_niche_control_0,unrelated_niche_control,quantized_hysteresis_pool,10,0.35000000000000003
eval_unrelated_niche_control_0,unrelated_niche_control,quantized_hysteresis_pool,11,0.35000000000000003
eval_unrelated_niche_control_0,unrelated_niche_control,quantized_hysteresis_pool,12,0.45
eval_unrelated_niche_control_0,unrelated_niche_control,quantized_hysteresis_pool,13,0.45
eval_unrelated_niche_control_0,unrelated_niche_control,sticky_first_seen_pool,1,0.15260344491960703
eval_unrelated_niche_control_0,unrelated_niche_control,sticky_first_seen_pool,2,0.21592257680143098
eval_unrelated_niche_control_0,unrelated_niche_control,sticky_first_seen_pool,3,0.26642901962791765
eval_unrelated_niche_control_0,unrelated_niche_control,sticky_first_seen_pool,4,0.30747493418564675
eval_unrelated_niche_control_0,unrelated_niche_control,sticky_first_seen_pool,5,0.3298224722729842
eval_unrelated_niche_control_0,unrelated_niche_control,sticky_first_seen_pool,6,0.34193170197703
eval_unrelated_niche_control_0,unrelated_niche_control,sticky_first_seen_pool,7,0.3723961570891332
eval_unrelated_niche_control_0,unrelated_niche_control,sticky_first_seen_pool,8,0.3993922534834959
eval_unrelated_niche_control_0,unrelated_niche_control,sticky_first_seen_pool,9,0.4179383479381495
eval_unrelated_niche_control_0,unrelated_niche_control,sticky_first_seen_pool,10,0.4343686008329687
eval_unrelated_niche_control_0,unrelated_niche_control,sticky_first_seen_pool,11,0.44491435034757876
eval_unrelated_niche_control_0,unrelated_niche_control,sticky_first_seen_pool,12,0.45286792046334784
eval_unrelated_niche_control_0,unrelated_niche_control,sticky_first_seen_pool,13,0.4612424425360464
eval_unrelated_niche_control_0,unrelated_niche_control,ordered_memoized_rank_lattice,1,0.15000000000000002
eval_unrelated_niche_control_0,unrelated_niche_control,ordered_memoized_rank_lattice,2,0.15000000000000002
eval_unrelated_niche_control_0,unrelated_niche_control,ordered_memoized_rank_lattice,3,0.15000000000000002
eval_unrelated_niche_control_0,unrelated_niche_control,ordered_memoized_rank_lattice,4,0.25
eval_unrelated_niche_control_0,unrelated_niche_control,ordered_memoized_rank_lattice,5,0.25
eval_unrelated_niche_control_0,unrelated_niche_control,ordered_memoized_rank_lattice,6,0.25
eval_unrelated_niche_control_0,unrelated_niche_control,ordered_memoized_rank_lattice,7,0.25
eval_unrelated_niche_control_0,unrelated_niche_control,ordered_memoized_rank_lattice,8,0.35000000000000003
eval_unrelated_niche_control_0,unrelated_niche_control,ordered_memoized_rank_lattice,9,0.35000000000000003
eval_unrelated_niche_control_0,unrelated_niche_control,ordered_memoized_rank_lattice,10,0.35000000000000003
eval_unrelated_niche_control_0,unrelated_niche_control,ordered_memoized_rank_lattice,11,0.35000000000000003
eval_unrelated_niche_control_0,unrelated_niche_control,ordered_memoized_rank_lattice,12,0.45
eval_unrelated_niche_control_0,unrelated_niche_control,ordered_memoized_rank_lattice,13,0.45
eval_unrelated_niche_control_0,unrelated_niche_control,cohort_3_week_rank_lattice,1,0.15000000000000002
eval_unrelated_niche_control_0,unrelated_niche_control,cohort_3_week_rank_lattice,2,0.15000000000000002
eval_unrelated_niche_control_0,unrelated_niche_control,cohort_3_week_rank_lattice,3,0.15000000000000002
eval_unrelated_niche_control_0,unrelated_niche_control,cohort_3_week_rank_lattice,4,0.25
eval_unrelated_niche_control_0,unrelated_niche_control,cohort_3_week_rank_lattice,5,0.25
eval_unrelated_niche_control_0,unrelated_niche_control,cohort_3_week_rank_lattice,6,0.25
eval_unrelated_niche_control_0,unrelated_niche_control,cohort_3_week_rank_lattice,7,0.25
eval_unrelated_niche_control_0,unrelated_niche_control,cohort_3_week_rank_lattice,8,0.35000000000000003
eval_unrelated_niche_control_0,unrelated_niche_control,cohort_3_week_rank_lattice,9,0.35000000000000003
eval_unrelated_niche_control_0,unrelated_niche_control,cohort_3_week_rank_lattice,10,0.35000000000000003
eval_unrelated_niche_control_0,unrelated_niche_control,cohort_3_week_rank_lattice,11,0.35000000000000003
eval_unrelated_niche_control_0,unrelated_niche_control,cohort_3_week_rank_lattice,12,0.45
eval_unrelated_niche_control_0,unrelated_niche_control,cohort_3_week_rank_lattice,13,0.45
eval_unrelated_niche_control_0,unrelated_niche_control,oracle_online_venn_recent,1,0.0
eval_unrelated_niche_control_0,unrelated_niche_control,oracle_online_venn_recent,2,0.0
eval_unrelated_niche_control_0,unrelated_niche_control,oracle_online_venn_recent,3,0.0
eval_unrelated_niche_control_0,unrelated_niche_control,oracle_online_venn_recent,4,0.0
eval_unrelated_niche_control_0,unrelated_niche_control,oracle_online_venn_recent,5,0.0
eval_unrelated_niche_control_0,unrelated_niche_control,oracle_online_venn_recent,6,0.0
eval_unrelated_niche_control_0,unrelated_niche_control,oracle_online_venn_recent,7,0.0
eval_unrelated_niche_control_0,unrelated_niche_control,oracle_online_venn_recent,8,0.0
eval_unrelated_niche_control_0,unrelated_niche_control,oracle_online_venn_recent,9,0.0
eval_unrelated_niche_control_0,unrelated_niche_control,oracle_online_venn_recent,10,0.0
eval_unrelated_niche_control_0,unrelated_niche_control,oracle_online_venn_recent,11,0.0
eval_unrelated_niche_control_0,unrelated_niche_control,oracle_online_venn_recent,12,0.0
eval_unrelated_niche_control_0,unrelated_niche_control,oracle_online_venn_recent,13,0.0
eval_unrelated_niche_control_0,unrelated_niche_control,oracle_online_venn_oldest,1,0.0
eval_unrelated_niche_control_0,unrelated_niche_control,oracle_online_venn_oldest,2,0.0
eval_unrelated_niche_control_0,unrelated_niche_control,oracle_online_venn_oldest,3,0.0
eval_unrelated_niche_control_0,unrelated_niche_control,oracle_online_venn_oldest,4,0.0
eval_unrelated_niche_control_0,unrelated_niche_control,oracle_online_venn_oldest,5,0.0
eval_unrelated_niche_control_0,unrelated_niche_control,oracle_online_venn_oldest,6,0.0
eval_unrelated_niche_control_0,unrelated_niche_control,oracle_online_venn_oldest,7,0.0
eval_unrelated_niche_control_0,unrelated_niche_control,oracle_online_venn_oldest,8,0.0
eval_unrelated_niche_control_0,unrelated_niche_control,oracle_online_venn_oldest,9,0.0
eval_unrelated_niche_control_0,unrelated_niche_control,oracle_online_venn_oldest,10,0.0
eval_unrelated_niche_control_0,unrelated_niche_control,oracle_online_venn_oldest,11,0.0
eval_unrelated_niche_control_0,unrelated_niche_control,oracle_online_venn_oldest,12,0.0
eval_unrelated_niche_control_0,unrelated_niche_control,oracle_online_venn_oldest,13,0.0
eval_unrelated_niche_control_0,unrelated_niche_control,oracle_online_union_recent,1,0.0
eval_unrelated_niche_control_0,unrelated_niche_control,oracle_online_union_recent,2,0.0
eval_unrelated_niche_control_0,unrelated_niche_control,oracle_online_union_recent,3,0.0
eval_unrelated_niche_control_0,unrelated_niche_control,oracle_online_union_recent,4,0.0
eval_unrelated_niche_control_0,unrelated_niche_control,oracle_online_union_recent,5,0.0
eval_unrelated_niche_control_0,unrelated_niche_control,oracle_online_union_recent,6,0.0
eval_unrelated_niche_control_0,unrelated_niche_control,oracle_online_union_recent,7,0.0
eval_unrelated_niche_control_0,unrelated_niche_control,oracle_online_union_recent,8,0.0
eval_unrelated_niche_control_0,unrelated_niche_control,oracle_online_union_recent,9,0.0
eval_unrelated_niche_control_0,unrelated_niche_control,oracle_online_union_recent,10,0.0
eval_unrelated_niche_control_0,unrelated_niche_control,oracle_online_union_recent,11,0.0
eval_unrelated_niche_control_0,unrelated_niche_control,oracle_online_union_recent,12,0.0
eval_unrelated_niche_control_0,unrelated_niche_control,oracle_online_union_recent,13,0.0
eval_unrelated_niche_control_0,unrelated_niche_control,oracle_online_union_oldest,1,0.0
eval_unrelated_niche_control_0,unrelated_niche_control,oracle_online_union_oldest,2,0.0
eval_unrelated_niche_control_0,unrelated_niche_control,oracle_online_union_oldest,3,0.0
eval_unrelated_niche_control_0,unrelated_niche_control,oracle_online_union_oldest,4,0.0
eval_unrelated_niche_control_0,unrelated_niche_control,oracle_online_union_oldest,5,0.0
eval_unrelated_niche_control_0,unrelated_niche_control,oracle_online_union_oldest,6,0.0
eval_unrelated_niche_control_0,unrelated_niche_control,oracle_online_union_oldest,7,0.0
eval_unrelated_niche_control_0,unrelated_niche_control,oracle_online_union_oldest,8,0.0
eval_unrelated_niche_control_0,unrelated_niche_control,oracle_online_union_oldest,9,0.0
eval_unrelated_niche_control_0,unrelated_niche_control,oracle_online_union_oldest,10,0.0
eval_unrelated_niche_control_0,unrelated_niche_control,oracle_online_union_oldest,11,0.0
eval_unrelated_niche_control_0,unrelated_niche_control,oracle_online_union_oldest,12,0.0
eval_unrelated_niche_control_0,unrelated_niche_control,oracle_online_union_oldest,13,0.0
eval_unrelated_niche_control_0,unrelated_niche_control,forbidden_person_identity_oracle,1,0.0
eval_unrelated_niche_control_0,unrelated_niche_control,forbidden_person_identity_oracle,2,0.0
eval_unrelated_niche_control_0,unrelated_niche_control,forbidden_person_identity_oracle,3,0.0
eval_unrelated_niche_control_0,unrelated_niche_control,forbidden_person_identity_oracle,4,0.0
eval_unrelated_niche_control_0,unrelated_niche_control,forbidden_person_identity_oracle,5,0.0
eval_unrelated_niche_control_0,unrelated_niche_control,forbidden_person_identity_oracle,6,0.0
eval_unrelated_niche_control_0,unrelated_niche_control,forbidden_person_identity_oracle,7,0.0
eval_unrelated_niche_control_0,unrelated_niche_control,forbidden_person_identity_oracle,8,0.0
eval_unrelated_niche_control_0,unrelated_niche_control,forbidden_person_identity_oracle,9,0.0
eval_unrelated_niche_control_0,unrelated_niche_control,forbidden_person_identity_oracle,10,0.0
eval_unrelated_niche_control_0,unrelated_niche_control,forbidden_person_identity_oracle,11,0.0
eval_unrelated_niche_control_0,unrelated_niche_control,forbidden_person_identity_oracle,12,0.0
eval_unrelated_niche_control_0,unrelated_niche_control,forbidden_person_identity_oracle,13,0.0
eval_unrelated_niche_control_0,unrelated_niche_control,three_day_buffer_then_freeze,1,0.26642901962791765
eval_unrelated_niche_control_0,unrelated_niche_control,three_day_buffer_then_freeze,2,0.26642901962791765
eval_unrelated_niche_control_0,unrelated_niche_control,three_day_buffer_then_freeze,3,0.26642901962791765
eval_unrelated_niche_control_0,unrelated_niche_control,three_day_buffer_then_freeze,4,0.26642901962791765
eval_unrelated_niche_control_0,unrelated_niche_control,three_day_buffer_then_freeze,5,0.26642901962791765
eval_unrelated_niche_control_0,unrelated_niche_control,three_day_buffer_then_freeze,6,0.26642901962791765
eval_unrelated_niche_control_0,unrelated_niche_control,three_day_buffer_then_freeze,7,0.26642901962791765
eval_unrelated_niche_control_0,unrelated_niche_control,three_day_buffer_then_freeze,8,0.26642901962791765
eval_unrelated_niche_control_0,unrelated_niche_control,three_day_buffer_then_freeze,9,0.26642901962791765
eval_unrelated_niche_control_0,unrelated_niche_control,three_day_buffer_then_freeze,10,0.26642901962791765
eval_unrelated_niche_control_0,unrelated_niche_control,three_day_buffer_then_freeze,11,0.26642901962791765
eval_unrelated_niche_control_0,unrelated_niche_control,three_day_buffer_then_freeze,12,0.26642901962791765
eval_unrelated_niche_control_0,unrelated_niche_control,three_day_buffer_then_freeze,13,0.26642901962791765
eval_unrelated_niche_control_0,unrelated_niche_control,full_flight_buffer_then_freeze,1,0.4612424425360464
eval_unrelated_niche_control_0,unrelated_niche_control,full_flight_buffer_then_freeze,2,0.4612424425360464
eval_unrelated_niche_control_0,unrelated_niche_control,full_flight_buffer_then_freeze,3,0.4612424425360464
eval_unrelated_niche_control_0,unrelated_niche_control,full_flight_buffer_then_freeze,4,0.4612424425360464
eval_unrelated_niche_control_0,unrelated_niche_control,full_flight_buffer_then_freeze,5,0.4612424425360464
eval_unrelated_niche_control_0,unrelated_niche_control,full_flight_buffer_then_freeze,6,0.4612424425360464
eval_unrelated_niche_control_0,unrelated_niche_control,full_flight_buffer_then_freeze,7,0.4612424425360464
eval_unrelated_niche_control_0,unrelated_niche_control,full_flight_buffer_then_freeze,8,0.4612424425360464
eval_unrelated_niche_control_0,unrelated_niche_control,full_flight_buffer_then_freeze,9,0.4612424425360464
eval_unrelated_niche_control_0,unrelated_niche_control,full_flight_buffer_then_freeze,10,0.4612424425360464
eval_unrelated_niche_control_0,unrelated_niche_control,full_flight_buffer_then_freeze,11,0.4612424425360464
eval_unrelated_niche_control_0,unrelated_niche_control,full_flight_buffer_then_freeze,12,0.4612424425360464
eval_unrelated_niche_control_0,unrelated_niche_control,full_flight_buffer_then_freeze,13,0.4612424425360464
eval_unrelated_niche_control_0,unrelated_niche_control,oracle_same_day_dial,1,0.41562499999999997
eval_unrelated_niche_control_0,unrelated_niche_control,oracle_same_day_dial,2,0.475
eval_unrelated_niche_control_0,unrelated_niche_control,oracle_same_day_dial,3,0.35624999999999996
eval_unrelated_niche_control_0,unrelated_niche_control,oracle_same_day_dial,4,0.2375
eval_unrelated_niche_control_0,unrelated_niche_control,oracle_same_day_dial,5,0.17812499999999998
eval_unrelated_niche_control_0,unrelated_niche_control,oracle_same_day_dial,6,0.059375
eval_unrelated_niche_control_0,unrelated_niche_control,oracle_same_day_dial,7,0.17812499999999998
eval_unrelated_niche_control_0,unrelated_niche_control,oracle_same_day_dial,8,0.41562499999999997
eval_unrelated_niche_control_0,unrelated_niche_control,oracle_same_day_dial,9,0.41562499999999997
eval_unrelated_niche_control_0,unrelated_niche_control,oracle_same_day_dial,10,0.35624999999999996
eval_unrelated_niche_control_0,unrelated_niche_control,oracle_same_day_dial,11,0.41562499999999997
eval_unrelated_niche_control_0,unrelated_niche_control,oracle_same_day_dial,12,0.2375
eval_unrelated_niche_control_0,unrelated_niche_control,oracle_same_day_dial,13,0.2375
eval_unrelated_niche_control_1,unrelated_niche_control,fixed_model_line_pool,1,0.0
eval_unrelated_niche_control_1,unrelated_niche_control,fixed_model_line_pool,2,0.0
eval_unrelated_niche_control_1,unrelated_niche_control,fixed_model_line_pool,3,0.0
eval_unrelated_niche_control_1,unrelated_niche_control,fixed_model_line_pool,4,0.0
eval_unrelated_niche_control_1,unrelated_niche_control,fixed_model_line_pool,5,0.0
eval_unrelated_niche_control_1,unrelated_niche_control,fixed_model_line_pool,6,0.0
eval_unrelated_niche_control_1,unrelated_niche_control,fixed_model_line_pool,7,0.0
eval_unrelated_niche_control_1,unrelated_niche_control,fixed_model_line_pool,8,0.0
eval_unrelated_niche_control_1,unrelated_niche_control,fixed_model_line_pool,9,0.0
eval_unrelated_niche_control_1,unrelated_niche_control,fixed_model_line_pool,10,0.0
eval_unrelated_niche_control_1,unrelated_niche_control,fixed_model_line_pool,11,0.0
eval_unrelated_niche_control_1,unrelated_niche_control,fixed_model_line_pool,12,0.0
eval_unrelated_niche_control_1,unrelated_niche_control,fixed_model_line_pool,13,0.0
eval_unrelated_niche_control_1,unrelated_niche_control,context_and_scale_only_pool,1,0.20881531888132687
eval_unrelated_niche_control_1,unrelated_niche_control,context_and_scale_only_pool,2,0.2612401620663935
eval_unrelated_niche_control_1,unrelated_niche_control,context_and_scale_only_pool,3,0.29247557111850453
eval_unrelated_niche_control_1,unrelated_niche_control,context_and_scale_only_pool,4,0.30884221224370767
eval_unrelated_niche_control_1,unrelated_niche_control,context_and_scale_only_pool,5,0.32704647859940983
eval_unrelated_niche_control_1,unrelated_niche_control,context_and_scale_only_pool,6,0.3427055733351964
eval_unrelated_niche_control_1,unrelated_niche_control,context_and_scale_only_pool,7,0.35845206817034136
eval_unrelated_niche_control_1,unrelated_niche_control,context_and_scale_only_pool,8,0.37968780542880515
eval_unrelated_niche_control_1,unrelated_niche_control,context_and_scale_only_pool,9,0.4007690356842112
eval_unrelated_niche_control_1,unrelated_niche_control,context_and_scale_only_pool,10,0.41032307578005456
eval_unrelated_niche_control_1,unrelated_niche_control,context_and_scale_only_pool,11,0.41621881530376587
eval_unrelated_niche_control_1,unrelated_niche_control,context_and_scale_only_pool,12,0.4220507252910563
eval_unrelated_niche_control_1,unrelated_niche_control,context_and_scale_only_pool,13,0.424320236794547
eval_unrelated_niche_control_1,unrelated_niche_control,provider_blended_ordered_pool,1,0.20352399234603524
eval_unrelated_niche_control_1,unrelated_niche_control,provider_blended_ordered_pool,2,0.24817867715895575
eval_unrelated_niche_control_1,unrelated_niche_control,provider_blended_ordered_pool,3,0.2896585551536013
eval_unrelated_niche_control_1,unrelated_niche_control,provider_blended_ordered_pool,4,0.3055436851599542
eval_unrelated_niche_control_1,unrelated_niche_control,provider_blended_ordered_pool,5,0.33330417580260574
eval_unrelated_niche_control_1,unrelated_niche_control,provider_blended_ordered_pool,6,0.3524926710373345
eval_unrelated_niche_control_1,unrelated_niche_control,provider_blended_ordered_pool,7,0.37130410244002043
eval_unrelated_niche_control_1,unrelated_niche_control,provider_blended_ordered_pool,8,0.3938624741365172
eval_unrelated_niche_control_1,unrelated_niche_control,provider_blended_ordered_pool,9,0.4173370651688799
eval_unrelated_niche_control_1,unrelated_niche_control,provider_blended_ordered_pool,10,0.4285791918527385
eval_unrelated_niche_control_1,unrelated_niche_control,provider_blended_ordered_pool,11,0.4363300497726129
eval_unrelated_niche_control_1,unrelated_niche_control,provider_blended_ordered_pool,12,0.4431435563358061
eval_unrelated_niche_control_1,unrelated_niche_control,provider_blended_ordered_pool,13,0.4463406961508517
eval_unrelated_niche_control_1,unrelated_niche_control,ordered_collision_resolved_overlap_pool,1,0.20213409677845073
eval_unrelated_niche_control_1,unrelated_niche_control,ordered_collision_resolved_overlap_pool,2,0.4465376584603947
eval_unrelated_niche_control_1,unrelated_niche_control,ordered_collision_resolved_overlap_pool,3,0.5595468391019098
eval_unrelated_niche_control_1,unrelated_niche_control,ordered_collision_resolved_overlap_pool,4,0.5587920873121498
eval_unrelated_niche_control_1,unrelated_niche_control,ordered_collision_resolved_overlap_pool,5,0.5672035824581458
eval_unrelated_niche_control_1,unrelated_niche_control,ordered_collision_resolved_overlap_pool,6,0.5783741519476432
eval_unrelated_niche_control_1,unrelated_niche_control,ordered_collision_resolved_overlap_pool,7,0.6025579198255573
eval_unrelated_niche_control_1,unrelated_niche_control,ordered_collision_resolved_overlap_pool,8,0.6305226867422725
eval_unrelated_niche_control_1,unrelated_niche_control,ordered_collision_resolved_overlap_pool,9,0.6392239373882274
eval_unrelated_niche_control_1,unrelated_niche_control,ordered_collision_resolved_overlap_pool,10,0.6502082532814315
eval_unrelated_niche_control_1,unrelated_niche_control,ordered_collision_resolved_overlap_pool,11,0.6644604209367566
eval_unrelated_niche_control_1,unrelated_niche_control,ordered_collision_resolved_overlap_pool,12,0.6685541404299481
eval_unrelated_niche_control_1,unrelated_niche_control,ordered_collision_resolved_overlap_pool,13,0.6724648329377564
eval_unrelated_niche_control_1,unrelated_niche_control,fixed_marginal_overlap_atlas,1,0.0
eval_unrelated_niche_control_1,unrelated_niche_control,fixed_marginal_overlap_atlas,2,0.01877760385067684
eval_unrelated_niche_control_1,unrelated_niche_control,fixed_marginal_overlap_atlas,3,0.09484380224592348
eval_unrelated_niche_control_1,unrelated_niche_control,fixed_marginal_overlap_atlas,4,0.14000192872894773
eval_unrelated_niche_control_1,unrelated_niche_control,fixed_marginal_overlap_atlas,5,0.18439272095343173
eval_unrelated_niche_control_1,unrelated_niche_control,fixed_marginal_overlap_atlas,6,0.23514329137708034
eval_unrelated_niche_control_1,unrelated_niche_control,fixed_marginal_overlap_atlas,7,0.27259822469100703
eval_unrelated_niche_control_1,unrelated_niche_control,fixed_marginal_overlap_atlas,8,0.30938951798586145
eval_unrelated_niche_control_1,unrelated_niche_control,fixed_marginal_overlap_atlas,9,0.345270141460418
eval_unrelated_niche_control_1,unrelated_niche_control,fixed_marginal_overlap_atlas,10,0.3652962683720307
eval_unrelated_niche_control_1,unrelated_niche_control,fixed_marginal_overlap_atlas,11,0.3766426341173997
eval_unrelated_niche_control_1,unrelated_niche_control,fixed_marginal_overlap_atlas,12,0.39086264608065835
eval_unrelated_niche_control_1,unrelated_niche_control,fixed_marginal_overlap_atlas,13,0.39877700299053065
eval_unrelated_niche_control_1,unrelated_niche_control,pair_targeted_fixed_marginal_atlas,1,0.0
eval_unrelated_niche_control_1,unrelated_niche_control,pair_targeted_fixed_marginal_atlas,2,0.01877760385067684
eval_unrelated_niche_control_1,unrelated_niche_control,pair_targeted_fixed_marginal_atlas,3,0.09484380224592348
eval_unrelated_niche_control_1,unrelated_niche_control,pair_targeted_fixed_marginal_atlas,4,0.14000192872894773
eval_unrelated_niche_control_1,unrelated_niche_control,pair_targeted_fixed_marginal_atlas,5,0.18439272095343173
eval_unrelated_niche_control_1,unrelated_niche_control,pair_targeted_fixed_marginal_atlas,6,0.23514329137708034
eval_unrelated_niche_control_1,unrelated_niche_control,pair_targeted_fixed_marginal_atlas,7,0.27259822469100703
eval_unrelated_niche_control_1,unrelated_niche_control,pair_targeted_fixed_marginal_atlas,8,0.30938951798586145
eval_unrelated_niche_control_1,unrelated_niche_control,pair_targeted_fixed_marginal_atlas,9,0.345270141460418
eval_unrelated_niche_control_1,unrelated_niche_control,pair_targeted_fixed_marginal_atlas,10,0.3652962683720307
eval_unrelated_niche_control_1,unrelated_niche_control,pair_targeted_fixed_marginal_atlas,11,0.3766426341173997
eval_unrelated_niche_control_1,unrelated_niche_control,pair_targeted_fixed_marginal_atlas,12,0.39086264608065835
eval_unrelated_niche_control_1,unrelated_niche_control,pair_targeted_fixed_marginal_atlas,13,0.39877700299053065
eval_unrelated_niche_control_1,unrelated_niche_control,same_day_adaptive_pool,1,0.19919472518079662
eval_unrelated_niche_control_1,unrelated_niche_control,same_day_adaptive_pool,2,0.260299733292545
eval_unrelated_niche_control_1,unrelated_niche_control,same_day_adaptive_pool,3,0.22491533427590266
eval_unrelated_niche_control_1,unrelated_niche_control,same_day_adaptive_pool,4,0.2535492547178566
eval_unrelated_niche_control_1,unrelated_niche_control,same_day_adaptive_pool,5,0.22758404800824122
eval_unrelated_niche_control_1,unrelated_niche_control,same_day_adaptive_pool,6,0.24223974771266907
eval_unrelated_niche_control_1,unrelated_niche_control,same_day_adaptive_pool,7,0.2609678116369722
eval_unrelated_niche_control_1,unrelated_niche_control,same_day_adaptive_pool,8,0.2497489412557307
eval_unrelated_niche_control_1,unrelated_niche_control,same_day_adaptive_pool,9,0.29398711459658866
eval_unrelated_niche_control_1,unrelated_niche_control,same_day_adaptive_pool,10,0.2300383275000366
eval_unrelated_niche_control_1,unrelated_niche_control,same_day_adaptive_pool,11,0.2264295519398481
eval_unrelated_niche_control_1,unrelated_niche_control,same_day_adaptive_pool,12,0.20837609384794709
eval_unrelated_niche_control_1,unrelated_niche_control,same_day_adaptive_pool,13,0.25223869259829995
eval_unrelated_niche_control_1,unrelated_niche_control,cumulative_adaptive_pool,1,0.19919472518079662
eval_unrelated_niche_control_1,unrelated_niche_control,cumulative_adaptive_pool,2,0.23749200768923392
eval_unrelated_niche_control_1,unrelated_niche_control,cumulative_adaptive_pool,3,0.2873537239095895
eval_unrelated_niche_control_1,unrelated_niche_control,cumulative_adaptive_pool,4,0.3028448902732468
eval_unrelated_niche_control_1,unrelated_niche_control,cumulative_adaptive_pool,5,0.3384241098779478
eval_unrelated_niche_control_1,unrelated_niche_control,cumulative_adaptive_pool,6,0.3605002964299929
eval_unrelated_niche_control_1,unrelated_niche_control,cumulative_adaptive_pool,7,0.3818194032061214
eval_unrelated_niche_control_1,unrelated_niche_control,cumulative_adaptive_pool,8,0.40545993035191796
eval_unrelated_niche_control_1,unrelated_niche_control,cumulative_adaptive_pool,9,0.4308927256563361
eval_unrelated_niche_control_1,unrelated_niche_control,cumulative_adaptive_pool,10,0.4435160140940254
eval_unrelated_niche_control_1,unrelated_niche_control,cumulative_adaptive_pool,11,0.4527846961562151
eval_unrelated_niche_control_1,unrelated_niche_control,cumulative_adaptive_pool,12,0.46040132719060134
eval_unrelated_niche_control_1,unrelated_niche_control,cumulative_adaptive_pool,13,0.46435743562419185
eval_unrelated_niche_control_1,unrelated_niche_control,quantized_hysteresis_pool,1,0.2
eval_unrelated_niche_control_1,unrelated_niche_control,quantized_hysteresis_pool,2,0.2
eval_unrelated_niche_control_1,unrelated_niche_control,quantized_hysteresis_pool,3,0.2
eval_unrelated_niche_control_1,unrelated_niche_control,quantized_hysteresis_pool,4,0.2
eval_unrelated_niche_control_1,unrelated_niche_control,quantized_hysteresis_pool,5,0.30000000000000004
eval_unrelated_niche_control_1,unrelated_niche_control,quantized_hysteresis_pool,6,0.30000000000000004
eval_unrelated_niche_control_1,unrelated_niche_control,quantized_hysteresis_pool,7,0.30000000000000004
eval_unrelated_niche_control_1,unrelated_niche_control,quantized_hysteresis_pool,8,0.30000000000000004
eval_unrelated_niche_control_1,unrelated_niche_control,quantized_hysteresis_pool,9,0.4
eval_unrelated_niche_control_1,unrelated_niche_control,quantized_hysteresis_pool,10,0.4
eval_unrelated_niche_control_1,unrelated_niche_control,quantized_hysteresis_pool,11,0.4
eval_unrelated_niche_control_1,unrelated_niche_control,quantized_hysteresis_pool,12,0.4
eval_unrelated_niche_control_1,unrelated_niche_control,quantized_hysteresis_pool,13,0.4
eval_unrelated_niche_control_1,unrelated_niche_control,sticky_first_seen_pool,1,0.19919472518079662
eval_unrelated_niche_control_1,unrelated_niche_control,sticky_first_seen_pool,2,0.23749200768923392
eval_unrelated_niche_control_1,unrelated_niche_control,sticky_first_seen_pool,3,0.2873537239095895
eval_unrelated_niche_control_1,unrelated_niche_control,sticky_first_seen_pool,4,0.3028448902732468
eval_unrelated_niche_control_1,unrelated_niche_control,sticky_first_seen_pool,5,0.3384241098779478
eval_unrelated_niche_control_1,unrelated_niche_control,sticky_first_seen_pool,6,0.3605002964299929
eval_unrelated_niche_control_1,unrelated_niche_control,sticky_first_seen_pool,7,0.3818194032061214
eval_unrelated_niche_control_1,unrelated_niche_control,sticky_first_seen_pool,8,0.40545993035191796
eval_unrelated_niche_control_1,unrelated_niche_control,sticky_first_seen_pool,9,0.4308927256563361
eval_unrelated_niche_control_1,unrelated_niche_control,sticky_first_seen_pool,10,0.4435160140940254
eval_unrelated_niche_control_1,unrelated_niche_control,sticky_first_seen_pool,11,0.4527846961562151
eval_unrelated_niche_control_1,unrelated_niche_control,sticky_first_seen_pool,12,0.46040132719060134
eval_unrelated_niche_control_1,unrelated_niche_control,sticky_first_seen_pool,13,0.46435743562419185
eval_unrelated_niche_control_1,unrelated_niche_control,ordered_memoized_rank_lattice,1,0.2
eval_unrelated_niche_control_1,unrelated_niche_control,ordered_memoized_rank_lattice,2,0.2
eval_unrelated_niche_control_1,unrelated_niche_control,ordered_memoized_rank_lattice,3,0.2
eval_unrelated_niche_control_1,unrelated_niche_control,ordered_memoized_rank_lattice,4,0.2
eval_unrelated_niche_control_1,unrelated_niche_control,ordered_memoized_rank_lattice,5,0.30000000000000004
eval_unrelated_niche_control_1,unrelated_niche_control,ordered_memoized_rank_lattice,6,0.30000000000000004
eval_unrelated_niche_control_1,unrelated_niche_control,ordered_memoized_rank_lattice,7,0.30000000000000004
eval_unrelated_niche_control_1,unrelated_niche_control,ordered_memoized_rank_lattice,8,0.30000000000000004
eval_unrelated_niche_control_1,unrelated_niche_control,ordered_memoized_rank_lattice,9,0.4
eval_unrelated_niche_control_1,unrelated_niche_control,ordered_memoized_rank_lattice,10,0.4
eval_unrelated_niche_control_1,unrelated_niche_control,ordered_memoized_rank_lattice,11,0.4
eval_unrelated_niche_control_1,unrelated_niche_control,ordered_memoized_rank_lattice,12,0.4
eval_unrelated_niche_control_1,unrelated_niche_control,ordered_memoized_rank_lattice,13,0.4
eval_unrelated_niche_control_1,unrelated_niche_control,cohort_3_week_rank_lattice,1,0.2
eval_unrelated_niche_control_1,unrelated_niche_control,cohort_3_week_rank_lattice,2,0.2
eval_unrelated_niche_control_1,unrelated_niche_control,cohort_3_week_rank_lattice,3,0.2
eval_unrelated_niche_control_1,unrelated_niche_control,cohort_3_week_rank_lattice,4,0.2
eval_unrelated_niche_control_1,unrelated_niche_control,cohort_3_week_rank_lattice,5,0.30000000000000004
eval_unrelated_niche_control_1,unrelated_niche_control,cohort_3_week_rank_lattice,6,0.30000000000000004
eval_unrelated_niche_control_1,unrelated_niche_control,cohort_3_week_rank_lattice,7,0.30000000000000004
eval_unrelated_niche_control_1,unrelated_niche_control,cohort_3_week_rank_lattice,8,0.30000000000000004
eval_unrelated_niche_control_1,unrelated_niche_control,cohort_3_week_rank_lattice,9,0.4
eval_unrelated_niche_control_1,unrelated_niche_control,cohort_3_week_rank_lattice,10,0.4
eval_unrelated_niche_control_1,unrelated_niche_control,cohort_3_week_rank_lattice,11,0.4
eval_unrelated_niche_control_1,unrelated_niche_control,cohort_3_week_rank_lattice,12,0.4
eval_unrelated_niche_control_1,unrelated_niche_control,cohort_3_week_rank_lattice,13,0.4
eval_unrelated_niche_control_1,unrelated_niche_control,oracle_online_venn_recent,1,0.0
eval_unrelated_niche_control_1,unrelated_niche_control,oracle_online_venn_recent,2,0.0
eval_unrelated_niche_control_1,unrelated_niche_control,oracle_online_venn_recent,3,0.0
eval_unrelated_niche_control_1,unrelated_niche_control,oracle_online_venn_recent,4,0.0
eval_unrelated_niche_control_1,unrelated_niche_control,oracle_online_venn_recent,5,0.0
eval_unrelated_niche_control_1,unrelated_niche_control,oracle_online_venn_recent,6,0.0
eval_unrelated_niche_control_1,unrelated_niche_control,oracle_online_venn_recent,7,0.0
eval_unrelated_niche_control_1,unrelated_niche_control,oracle_online_venn_recent,8,0.0
eval_unrelated_niche_control_1,unrelated_niche_control,oracle_online_venn_recent,9,0.0
eval_unrelated_niche_control_1,unrelated_niche_control,oracle_online_venn_recent,10,0.0
eval_unrelated_niche_control_1,unrelated_niche_control,oracle_online_venn_recent,11,0.0
eval_unrelated_niche_control_1,unrelated_niche_control,oracle_online_venn_recent,12,0.0
eval_unrelated_niche_control_1,unrelated_niche_control,oracle_online_venn_recent,13,0.0
eval_unrelated_niche_control_1,unrelated_niche_control,oracle_online_venn_oldest,1,0.0
eval_unrelated_niche_control_1,unrelated_niche_control,oracle_online_venn_oldest,2,0.0
eval_unrelated_niche_control_1,unrelated_niche_control,oracle_online_venn_oldest,3,0.0
eval_unrelated_niche_control_1,unrelated_niche_control,oracle_online_venn_oldest,4,0.0
eval_unrelated_niche_control_1,unrelated_niche_control,oracle_online_venn_oldest,5,0.0
eval_unrelated_niche_control_1,unrelated_niche_control,oracle_online_venn_oldest,6,0.0
eval_unrelated_niche_control_1,unrelated_niche_control,oracle_online_venn_oldest,7,0.0
eval_unrelated_niche_control_1,unrelated_niche_control,oracle_online_venn_oldest,8,0.0
eval_unrelated_niche_control_1,unrelated_niche_control,oracle_online_venn_oldest,9,0.0
eval_unrelated_niche_control_1,unrelated_niche_control,oracle_online_venn_oldest,10,0.0
eval_unrelated_niche_control_1,unrelated_niche_control,oracle_online_venn_oldest,11,0.0
eval_unrelated_niche_control_1,unrelated_niche_control,oracle_online_venn_oldest,12,0.0
eval_unrelated_niche_control_1,unrelated_niche_control,oracle_online_venn_oldest,13,0.0
eval_unrelated_niche_control_1,unrelated_niche_control,oracle_online_union_recent,1,0.0
eval_unrelated_niche_control_1,unrelated_niche_control,oracle_online_union_recent,2,0.0
eval_unrelated_niche_control_1,unrelated_niche_control,oracle_online_union_recent,3,0.0
eval_unrelated_niche_control_1,unrelated_niche_control,oracle_online_union_recent,4,0.0
eval_unrelated_niche_control_1,unrelated_niche_control,oracle_online_union_recent,5,0.0
eval_unrelated_niche_control_1,unrelated_niche_control,oracle_online_union_recent,6,0.0
eval_unrelated_niche_control_1,unrelated_niche_control,oracle_online_union_recent,7,0.0
eval_unrelated_niche_control_1,unrelated_niche_control,oracle_online_union_recent,8,0.0
eval_unrelated_niche_control_1,unrelated_niche_control,oracle_online_union_recent,9,0.0
eval_unrelated_niche_control_1,unrelated_niche_control,oracle_online_union_recent,10,0.0
eval_unrelated_niche_control_1,unrelated_niche_control,oracle_online_union_recent,11,0.0
eval_unrelated_niche_control_1,unrelated_niche_control,oracle_online_union_recent,12,0.0
eval_unrelated_niche_control_1,unrelated_niche_control,oracle_online_union_recent,13,0.0
eval_unrelated_niche_control_1,unrelated_niche_control,oracle_online_union_oldest,1,0.0
eval_unrelated_niche_control_1,unrelated_niche_control,oracle_online_union_oldest,2,0.0
eval_unrelated_niche_control_1,unrelated_niche_control,oracle_online_union_oldest,3,0.0
eval_unrelated_niche_control_1,unrelated_niche_control,oracle_online_union_oldest,4,0.0
eval_unrelated_niche_control_1,unrelated_niche_control,oracle_online_union_oldest,5,0.0
eval_unrelated_niche_control_1,unrelated_niche_control,oracle_online_union_oldest,6,0.0
eval_unrelated_niche_control_1,unrelated_niche_control,oracle_online_union_oldest,7,0.0
eval_unrelated_niche_control_1,unrelated_niche_control,oracle_online_union_oldest,8,0.0
eval_unrelated_niche_control_1,unrelated_niche_control,oracle_online_union_oldest,9,0.0
eval_unrelated_niche_control_1,unrelated_niche_control,oracle_online_union_oldest,10,0.0
eval_unrelated_niche_control_1,unrelated_niche_control,oracle_online_union_oldest,11,0.0
eval_unrelated_niche_control_1,unrelated_niche_control,oracle_online_union_oldest,12,0.0
eval_unrelated_niche_control_1,unrelated_niche_control,oracle_online_union_oldest,13,0.0
eval_unrelated_niche_control_1,unrelated_niche_control,forbidden_person_identity_oracle,1,0.0
eval_unrelated_niche_control_1,unrelated_niche_control,forbidden_person_identity_oracle,2,0.0
eval_unrelated_niche_control_1,unrelated_niche_control,forbidden_person_identity_oracle,3,0.0
eval_unrelated_niche_control_1,unrelated_niche_control,forbidden_person_identity_oracle,4,0.0
eval_unrelated_niche_control_1,unrelated_niche_control,forbidden_person_identity_oracle,5,0.0
eval_unrelated_niche_control_1,unrelated_niche_control,forbidden_person_identity_oracle,6,0.0
eval_unrelated_niche_control_1,unrelated_niche_control,forbidden_person_identity_oracle,7,0.0
eval_unrelated_niche_control_1,unrelated_niche_control,forbidden_person_identity_oracle,8,0.0
eval_unrelated_niche_control_1,unrelated_niche_control,forbidden_person_identity_oracle,9,0.0
eval_unrelated_niche_control_1,unrelated_niche_control,forbidden_person_identity_oracle,10,0.0
eval_unrelated_niche_control_1,unrelated_niche_control,forbidden_person_identity_oracle,11,0.0
eval_unrelated_niche_control_1,unrelated_niche_control,forbidden_person_identity_oracle,12,0.0
eval_unrelated_niche_control_1,unrelated_niche_control,forbidden_person_identity_oracle,13,0.0
eval_unrelated_niche_control_1,unrelated_niche_control,three_day_buffer_then_freeze,1,0.2873537239095895
eval_unrelated_niche_control_1,unrelated_niche_control,three_day_buffer_then_freeze,2,0.2873537239095895
eval_unrelated_niche_control_1,unrelated_niche_control,three_day_buffer_then_freeze,3,0.2873537239095895
eval_unrelated_niche_control_1,unrelated_niche_control,three_day_buffer_then_freeze,4,0.2873537239095895
eval_unrelated_niche_control_1,unrelated_niche_control,three_day_buffer_then_freeze,5,0.2873537239095895
eval_unrelated_niche_control_1,unrelated_niche_control,three_day_buffer_then_freeze,6,0.2873537239095895
eval_unrelated_niche_control_1,unrelated_niche_control,three_day_buffer_then_freeze,7,0.2873537239095895
eval_unrelated_niche_control_1,unrelated_niche_control,three_day_buffer_then_freeze,8,0.2873537239095895
eval_unrelated_niche_control_1,unrelated_niche_control,three_day_buffer_then_freeze,9,0.2873537239095895
eval_unrelated_niche_control_1,unrelated_niche_control,three_day_buffer_then_freeze,10,0.2873537239095895
eval_unrelated_niche_control_1,unrelated_niche_control,three_day_buffer_then_freeze,11,0.2873537239095895
eval_unrelated_niche_control_1,unrelated_niche_control,three_day_buffer_then_freeze,12,0.2873537239095895
eval_unrelated_niche_control_1,unrelated_niche_control,three_day_buffer_then_freeze,13,0.2873537239095895
eval_unrelated_niche_control_1,unrelated_niche_control,full_flight_buffer_then_freeze,1,0.46435743562419185
eval_unrelated_niche_control_1,unrelated_niche_control,full_flight_buffer_then_freeze,2,0.46435743562419185
eval_unrelated_niche_control_1,unrelated_niche_control,full_flight_buffer_then_freeze,3,0.46435743562419185
eval_unrelated_niche_control_1,unrelated_niche_control,full_flight_buffer_then_freeze,4,0.46435743562419185
eval_unrelated_niche_control_1,unrelated_niche_control,full_flight_buffer_then_freeze,5,0.46435743562419185
eval_unrelated_niche_control_1,unrelated_niche_control,full_flight_buffer_then_freeze,6,0.46435743562419185
eval_unrelated_niche_control_1,unrelated_niche_control,full_flight_buffer_then_freeze,7,0.46435743562419185
eval_unrelated_niche_control_1,unrelated_niche_control,full_flight_buffer_then_freeze,8,0.46435743562419185
eval_unrelated_niche_control_1,unrelated_niche_control,full_flight_buffer_then_freeze,9,0.46435743562419185
eval_unrelated_niche_control_1,unrelated_niche_control,full_flight_buffer_then_freeze,10,0.46435743562419185
eval_unrelated_niche_control_1,unrelated_niche_control,full_flight_buffer_then_freeze,11,0.46435743562419185
eval_unrelated_niche_control_1,unrelated_niche_control,full_flight_buffer_then_freeze,12,0.46435743562419185
eval_unrelated_niche_control_1,unrelated_niche_control,full_flight_buffer_then_freeze,13,0.46435743562419185
eval_unrelated_niche_control_1,unrelated_niche_control,oracle_same_day_dial,1,0.35624999999999996
eval_unrelated_niche_control_1,unrelated_niche_control,oracle_same_day_dial,2,0.296875
eval_unrelated_niche_control_1,unrelated_niche_control,oracle_same_day_dial,3,0.2375
eval_unrelated_niche_control_1,unrelated_niche_control,oracle_same_day_dial,4,0.41562499999999997
eval_unrelated_niche_control_1,unrelated_niche_control,oracle_same_day_dial,5,0.17812499999999998
eval_unrelated_niche_control_1,unrelated_niche_control,oracle_same_day_dial,6,0.296875
eval_unrelated_niche_control_1,unrelated_niche_control,oracle_same_day_dial,7,0.17812499999999998
eval_unrelated_niche_control_1,unrelated_niche_control,oracle_same_day_dial,8,0.41562499999999997
eval_unrelated_niche_control_1,unrelated_niche_control,oracle_same_day_dial,9,0.35624999999999996
eval_unrelated_niche_control_1,unrelated_niche_control,oracle_same_day_dial,10,0.35624999999999996
eval_unrelated_niche_control_1,unrelated_niche_control,oracle_same_day_dial,11,0.2375
eval_unrelated_niche_control_1,unrelated_niche_control,oracle_same_day_dial,12,0.2375
eval_unrelated_niche_control_1,unrelated_niche_control,oracle_same_day_dial,13,0.2375
eval_mixed_funnel_portfolio_0,mixed_funnel_portfolio,fixed_model_line_pool,1,0.0
eval_mixed_funnel_portfolio_0,mixed_funnel_portfolio,fixed_model_line_pool,2,0.0
eval_mixed_funnel_portfolio_0,mixed_funnel_portfolio,fixed_model_line_pool,3,0.0
eval_mixed_funnel_portfolio_0,mixed_funnel_portfolio,fixed_model_line_pool,4,0.0
eval_mixed_funnel_portfolio_0,mixed_funnel_portfolio,fixed_model_line_pool,5,0.0
eval_mixed_funnel_portfolio_0,mixed_funnel_portfolio,fixed_model_line_pool,6,0.0
eval_mixed_funnel_portfolio_0,mixed_funnel_portfolio,fixed_model_line_pool,7,0.0
eval_mixed_funnel_portfolio_0,mixed_funnel_portfolio,fixed_model_line_pool,8,0.0
eval_mixed_funnel_portfolio_0,mixed_funnel_portfolio,fixed_model_line_pool,9,0.0
eval_mixed_funnel_portfolio_0,mixed_funnel_portfolio,fixed_model_line_pool,10,0.0
eval_mixed_funnel_portfolio_0,mixed_funnel_portfolio,fixed_model_line_pool,11,0.0
eval_mixed_funnel_portfolio_0,mixed_funnel_portfolio,fixed_model_line_pool,12,0.0
eval_mixed_funnel_portfolio_0,mixed_funnel_portfolio,fixed_model_line_pool,13,0.0
eval_mixed_funnel_portfolio_0,mixed_funnel_portfolio,context_and_scale_only_pool,1,0.18506337050011334
eval_mixed_funnel_portfolio_0,mixed_funnel_portfolio,context_and_scale_only_pool,2,0.2010185500039956
eval_mixed_funnel_portfolio_0,mixed_funnel_portfolio,context_and_scale_only_pool,3,0.18068906913031385
eval_mixed_funnel_portfolio_0,mixed_funnel_portfolio,context_and_scale_only_pool,4,0.12853539836986946
eval_mixed_funnel_portfolio_0,mixed_funnel_portfolio,context_and_scale_only_pool,5,0.09169136975329509
eval_mixed_funnel_portfolio_0,mixed_funnel_portfolio,context_and_scale_only_pool,6,0.10445446918385914
eval_mixed_funnel_portfolio_0,mixed_funnel_portfolio,context_and_scale_only_pool,7,0.13240293948321763
eval_mixed_funnel_portfolio_0,mixed_funnel_portfolio,context_and_scale_only_pool,8,0.15240582390527657
eval_mixed_funnel_portfolio_0,mixed_funnel_portfolio,context_and_scale_only_pool,9,0.16406043806901766
eval_mixed_funnel_portfolio_0,mixed_funnel_portfolio,context_and_scale_only_pool,10,0.16805237685045504
eval_mixed_funnel_portfolio_0,mixed_funnel_portfolio,context_and_scale_only_pool,11,0.1690026556738657
eval_mixed_funnel_portfolio_0,mixed_funnel_portfolio,context_and_scale_only_pool,12,0.17219268543770005
eval_mixed_funnel_portfolio_0,mixed_funnel_portfolio,context_and_scale_only_pool,13,0.17915906805463305
eval_mixed_funnel_portfolio_0,mixed_funnel_portfolio,provider_blended_ordered_pool,1,0.1729607054329355
eval_mixed_funnel_portfolio_0,mixed_funnel_portfolio,provider_blended_ordered_pool,2,0.18119365722760494
eval_mixed_funnel_portfolio_0,mixed_funnel_portfolio,provider_blended_ordered_pool,3,0.13656998001349166
eval_mixed_funnel_portfolio_0,mixed_funnel_portfolio,provider_blended_ordered_pool,4,0.07509567967079084
eval_mixed_funnel_portfolio_0,mixed_funnel_portfolio,provider_blended_ordered_pool,5,0.04126111638898279
eval_mixed_funnel_portfolio_0,mixed_funnel_portfolio,provider_blended_ordered_pool,6,0.04700451113273662
eval_mixed_funnel_portfolio_0,mixed_funnel_portfolio,provider_blended_ordered_pool,7,0.07321258379582905
eval_mixed_funnel_portfolio_0,mixed_funnel_portfolio,provider_blended_ordered_pool,8,0.09514700196713816
eval_mixed_funnel_portfolio_0,mixed_funnel_portfolio,provider_blended_ordered_pool,9,0.11983588502408514
eval_mixed_funnel_portfolio_0,mixed_funnel_portfolio,provider_blended_ordered_pool,10,0.13407474141688597
eval_mixed_funnel_portfolio_0,mixed_funnel_portfolio,provider_blended_ordered_pool,11,0.13787573055264385
eval_mixed_funnel_portfolio_0,mixed_funnel_portfolio,provider_blended_ordered_pool,12,0.14322840687225907
eval_mixed_funnel_portfolio_0,mixed_funnel_portfolio,provider_blended_ordered_pool,13,0.1502441066075376
eval_mixed_funnel_portfolio_0,mixed_funnel_portfolio,ordered_collision_resolved_overlap_pool,1,0.08119763584930567
eval_mixed_funnel_portfolio_0,mixed_funnel_portfolio,ordered_collision_resolved_overlap_pool,2,0.3736959719444761
eval_mixed_funnel_portfolio_0,mixed_funnel_portfolio,ordered_collision_resolved_overlap_pool,3,0.5714323883200629
eval_mixed_funnel_portfolio_0,mixed_funnel_portfolio,ordered_collision_resolved_overlap_pool,4,0.6504110752921806
eval_mixed_funnel_portfolio_0,mixed_funnel_portfolio,ordered_collision_resolved_overlap_pool,5,0.7141334159526009
eval_mixed_funnel_portfolio_0,mixed_funnel_portfolio,ordered_collision_resolved_overlap_pool,6,0.7157211857435277
eval_mixed_funnel_portfolio_0,mixed_funnel_portfolio,ordered_collision_resolved_overlap_pool,7,0.728134262507048
eval_mixed_funnel_portfolio_0,mixed_funnel_portfolio,ordered_collision_resolved_overlap_pool,8,0.7615820733952687
eval_mixed_funnel_portfolio_0,mixed_funnel_portfolio,ordered_collision_resolved_overlap_pool,9,0.8359342661809642
eval_mixed_funnel_portfolio_0,mixed_funnel_portfolio,ordered_collision_resolved_overlap_pool,10,0.8872849545529959
eval_mixed_funnel_portfolio_0,mixed_funnel_portfolio,ordered_collision_resolved_overlap_pool,11,0.9486494776604502
eval_mixed_funnel_portfolio_0,mixed_funnel_portfolio,ordered_collision_resolved_overlap_pool,12,0.95
eval_mixed_funnel_portfolio_0,mixed_funnel_portfolio,ordered_collision_resolved_overlap_pool,13,0.95
eval_mixed_funnel_portfolio_0,mixed_funnel_portfolio,fixed_marginal_overlap_atlas,1,0.0
eval_mixed_funnel_portfolio_0,mixed_funnel_portfolio,fixed_marginal_overlap_atlas,2,0.017390613880918143
eval_mixed_funnel_portfolio_0,mixed_funnel_portfolio,fixed_marginal_overlap_atlas,3,0.014147867143148973
eval_mixed_funnel_portfolio_0,mixed_funnel_portfolio,fixed_marginal_overlap_atlas,4,0.004101474121436299
eval_mixed_funnel_portfolio_0,mixed_funnel_portfolio,fixed_marginal_overlap_atlas,5,0.0
eval_mixed_funnel_portfolio_0,mixed_funnel_portfolio,fixed_marginal_overlap_atlas,6,0.01158757476393743
eval_mixed_funnel_portfolio_0,mixed_funnel_portfolio,fixed_marginal_overlap_atlas,7,0.033714848927021646
eval_mixed_funnel_portfolio_0,mixed_funnel_portfolio,fixed_marginal_overlap_atlas,8,0.06094307149355632
eval_mixed_funnel_portfolio_0,mixed_funnel_portfolio,fixed_marginal_overlap_atlas,9,0.08709774074262816
eval_mixed_funnel_portfolio_0,mixed_funnel_portfolio,fixed_marginal_overlap_atlas,10,0.1043424064900553
eval_mixed_funnel_portfolio_0,mixed_funnel_portfolio,fixed_marginal_overlap_atlas,11,0.09147242445476013
eval_mixed_funnel_portfolio_0,mixed_funnel_portfolio,fixed_marginal_overlap_atlas,12,0.09182632101032787
eval_mixed_funnel_portfolio_0,mixed_funnel_portfolio,fixed_marginal_overlap_atlas,13,0.09087355120486455
eval_mixed_funnel_portfolio_0,mixed_funnel_portfolio,pair_targeted_fixed_marginal_atlas,1,0.0
eval_mixed_funnel_portfolio_0,mixed_funnel_portfolio,pair_targeted_fixed_marginal_atlas,2,0.017390613880918143
eval_mixed_funnel_portfolio_0,mixed_funnel_portfolio,pair_targeted_fixed_marginal_atlas,3,0.014147867143148973
eval_mixed_funnel_portfolio_0,mixed_funnel_portfolio,pair_targeted_fixed_marginal_atlas,4,0.004101474121436299
eval_mixed_funnel_portfolio_0,mixed_funnel_portfolio,pair_targeted_fixed_marginal_atlas,5,0.0
eval_mixed_funnel_portfolio_0,mixed_funnel_portfolio,pair_targeted_fixed_marginal_atlas,6,0.01158757476393743
eval_mixed_funnel_portfolio_0,mixed_funnel_portfolio,pair_targeted_fixed_marginal_atlas,7,0.033714848927021646
eval_mixed_funnel_portfolio_0,mixed_funnel_portfolio,pair_targeted_fixed_marginal_atlas,8,0.06094307149355632
eval_mixed_funnel_portfolio_0,mixed_funnel_portfolio,pair_targeted_fixed_marginal_atlas,9,0.08709774074262816
eval_mixed_funnel_portfolio_0,mixed_funnel_portfolio,pair_targeted_fixed_marginal_atlas,10,0.1043424064900553
eval_mixed_funnel_portfolio_0,mixed_funnel_portfolio,pair_targeted_fixed_marginal_atlas,11,0.09147242445476013
eval_mixed_funnel_portfolio_0,mixed_funnel_portfolio,pair_targeted_fixed_marginal_atlas,12,0.09182632101032787
eval_mixed_funnel_portfolio_0,mixed_funnel_portfolio,pair_targeted_fixed_marginal_atlas,13,0.09087355120486455
eval_mixed_funnel_portfolio_0,mixed_funnel_portfolio,same_day_adaptive_pool,1,0.1630585249234264
eval_mixed_funnel_portfolio_0,mixed_funnel_portfolio,same_day_adaptive_pool,2,0.2274201901926528
eval_mixed_funnel_portfolio_0,mixed_funnel_portfolio,same_day_adaptive_pool,3,0.18162561815519712
eval_mixed_funnel_portfolio_0,mixed_funnel_portfolio,same_day_adaptive_pool,4,0.0941862383976731
eval_mixed_funnel_portfolio_0,mixed_funnel_portfolio,same_day_adaptive_pool,5,0.20237389767105993
eval_mixed_funnel_portfolio_0,mixed_funnel_portfolio,same_day_adaptive_pool,6,0.2677290962910891
eval_mixed_funnel_portfolio_0,mixed_funnel_portfolio,same_day_adaptive_pool,7,0.241302498631417
eval_mixed_funnel_portfolio_0,mixed_funnel_portfolio,same_day_adaptive_pool,8,0.2289829506854832
eval_mixed_funnel_portfolio_0,mixed_funnel_portfolio,same_day_adaptive_pool,9,0.21660509471554706
eval_mixed_funnel_portfolio_0,mixed_funnel_portfolio,same_day_adaptive_pool,10,0.2467693234900109
eval_mixed_funnel_portfolio_0,mixed_funnel_portfolio,same_day_adaptive_pool,11,0.23079092274426466
eval_mixed_funnel_portfolio_0,mixed_funnel_portfolio,same_day_adaptive_pool,12,0.25652087857191785
eval_mixed_funnel_portfolio_0,mixed_funnel_portfolio,same_day_adaptive_pool,13,0.2472643928623665
eval_mixed_funnel_portfolio_0,mixed_funnel_portfolio,cumulative_adaptive_pool,1,0.1630585249234264
eval_mixed_funnel_portfolio_0,mixed_funnel_portfolio,cumulative_adaptive_pool,2,0.16497329041055803
eval_mixed_funnel_portfolio_0,mixed_funnel_portfolio,cumulative_adaptive_pool,3,0.10047254346336437
eval_mixed_funnel_portfolio_0,mixed_funnel_portfolio,cumulative_adaptive_pool,4,0.031372273462453776
eval_mixed_funnel_portfolio_0,mixed_funnel_portfolio,cumulative_adaptive_pool,5,0.0
eval_mixed_funnel_portfolio_0,mixed_funnel_portfolio,cumulative_adaptive_pool,6,0.0
eval_mixed_funnel_portfolio_0,mixed_funnel_portfolio,cumulative_adaptive_pool,7,0.02478411096069294
eval_mixed_funnel_portfolio_0,mixed_funnel_portfolio,cumulative_adaptive_pool,8,0.04829887492684308
eval_mixed_funnel_portfolio_0,mixed_funnel_portfolio,cumulative_adaptive_pool,9,0.08365215980550397
eval_mixed_funnel_portfolio_0,mixed_funnel_portfolio,cumulative_adaptive_pool,10,0.10627485788032945
eval_mixed_funnel_portfolio_0,mixed_funnel_portfolio,cumulative_adaptive_pool,11,0.1124082463625532
eval_mixed_funnel_portfolio_0,mixed_funnel_portfolio,cumulative_adaptive_pool,12,0.11953036077326187
eval_mixed_funnel_portfolio_0,mixed_funnel_portfolio,cumulative_adaptive_pool,13,0.12658641087809583
eval_mixed_funnel_portfolio_0,mixed_funnel_portfolio,quantized_hysteresis_pool,1,0.15000000000000002
eval_mixed_funnel_portfolio_0,mixed_funnel_portfolio,quantized_hysteresis_pool,2,0.15000000000000002
eval_mixed_funnel_portfolio_0,mixed_funnel_portfolio,quantized_hysteresis_pool,3,0.15000000000000002
eval_mixed_funnel_portfolio_0,mixed_funnel_portfolio,quantized_hysteresis_pool,4,0.15000000000000002
eval_mixed_funnel_portfolio_0,mixed_funnel_portfolio,quantized_hysteresis_pool,5,0.05
eval_mixed_funnel_portfolio_0,mixed_funnel_portfolio,quantized_hysteresis_pool,6,0.05
eval_mixed_funnel_portfolio_0,mixed_funnel_portfolio,quantized_hysteresis_pool,7,0.05
eval_mixed_funnel_portfolio_0,mixed_funnel_portfolio,quantized_hysteresis_pool,8,0.05
eval_mixed_funnel_portfolio_0,mixed_funnel_portfolio,quantized_hysteresis_pool,9,0.05
eval_mixed_funnel_portfolio_0,mixed_funnel_portfolio,quantized_hysteresis_pool,10,0.05
eval_mixed_funnel_portfolio_0,mixed_funnel_portfolio,quantized_hysteresis_pool,11,0.05
eval_mixed_funnel_portfolio_0,mixed_funnel_portfolio,quantized_hysteresis_pool,12,0.05
eval_mixed_funnel_portfolio_0,mixed_funnel_portfolio,quantized_hysteresis_pool,13,0.05
eval_mixed_funnel_portfolio_0,mixed_funnel_portfolio,sticky_first_seen_pool,1,0.1630585249234264
eval_mixed_funnel_portfolio_0,mixed_funnel_portfolio,sticky_first_seen_pool,2,0.16497329041055803
eval_mixed_funnel_portfolio_0,mixed_funnel_portfolio,sticky_first_seen_pool,3,0.10047254346336437
eval_mixed_funnel_portfolio_0,mixed_funnel_portfolio,sticky_first_seen_pool,4,0.031372273462453776
eval_mixed_funnel_portfolio_0,mixed_funnel_portfolio,sticky_first_seen_pool,5,0.0
eval_mixed_funnel_portfolio_0,mixed_funnel_portfolio,sticky_first_seen_pool,6,0.0
eval_mixed_funnel_portfolio_0,mixed_funnel_portfolio,sticky_first_seen_pool,7,0.02478411096069294
eval_mixed_funnel_portfolio_0,mixed_funnel_portfolio,sticky_first_seen_pool,8,0.04829887492684308
eval_mixed_funnel_portfolio_0,mixed_funnel_portfolio,sticky_first_seen_pool,9,0.08365215980550397
eval_mixed_funnel_portfolio_0,mixed_funnel_portfolio,sticky_first_seen_pool,10,0.10627485788032945
eval_mixed_funnel_portfolio_0,mixed_funnel_portfolio,sticky_first_seen_pool,11,0.1124082463625532
eval_mixed_funnel_portfolio_0,mixed_funnel_portfolio,sticky_first_seen_pool,12,0.11953036077326187
eval_mixed_funnel_portfolio_0,mixed_funnel_portfolio,sticky_first_seen_pool,13,0.12658641087809583
eval_mixed_funnel_portfolio_0,mixed_funnel_portfolio,ordered_memoized_rank_lattice,1,0.15000000000000002
eval_mixed_funnel_portfolio_0,mixed_funnel_portfolio,ordered_memoized_rank_lattice,2,0.15000000000000002
eval_mixed_funnel_portfolio_0,mixed_funnel_portfolio,ordered_memoized_rank_lattice,3,0.15000000000000002
eval_mixed_funnel_portfolio_0,mixed_funnel_portfolio,ordered_memoized_rank_lattice,4,0.15000000000000002
eval_mixed_funnel_portfolio_0,mixed_funnel_portfolio,ordered_memoized_rank_lattice,5,0.05
eval_mixed_funnel_portfolio_0,mixed_funnel_portfolio,ordered_memoized_rank_lattice,6,0.05
eval_mixed_funnel_portfolio_0,mixed_funnel_portfolio,ordered_memoized_rank_lattice,7,0.05
eval_mixed_funnel_portfolio_0,mixed_funnel_portfolio,ordered_memoized_rank_lattice,8,0.05
eval_mixed_funnel_portfolio_0,mixed_funnel_portfolio,ordered_memoized_rank_lattice,9,0.05
eval_mixed_funnel_portfolio_0,mixed_funnel_portfolio,ordered_memoized_rank_lattice,10,0.05
eval_mixed_funnel_portfolio_0,mixed_funnel_portfolio,ordered_memoized_rank_lattice,11,0.05
eval_mixed_funnel_portfolio_0,mixed_funnel_portfolio,ordered_memoized_rank_lattice,12,0.05
eval_mixed_funnel_portfolio_0,mixed_funnel_portfolio,ordered_memoized_rank_lattice,13,0.05
eval_mixed_funnel_portfolio_0,mixed_funnel_portfolio,cohort_3_week_rank_lattice,1,0.15000000000000002
eval_mixed_funnel_portfolio_0,mixed_funnel_portfolio,cohort_3_week_rank_lattice,2,0.15000000000000002
eval_mixed_funnel_portfolio_0,mixed_funnel_portfolio,cohort_3_week_rank_lattice,3,0.15000000000000002
eval_mixed_funnel_portfolio_0,mixed_funnel_portfolio,cohort_3_week_rank_lattice,4,0.15000000000000002
eval_mixed_funnel_portfolio_0,mixed_funnel_portfolio,cohort_3_week_rank_lattice,5,0.05
eval_mixed_funnel_portfolio_0,mixed_funnel_portfolio,cohort_3_week_rank_lattice,6,0.05
eval_mixed_funnel_portfolio_0,mixed_funnel_portfolio,cohort_3_week_rank_lattice,7,0.05
eval_mixed_funnel_portfolio_0,mixed_funnel_portfolio,cohort_3_week_rank_lattice,8,0.05
eval_mixed_funnel_portfolio_0,mixed_funnel_portfolio,cohort_3_week_rank_lattice,9,0.05
eval_mixed_funnel_portfolio_0,mixed_funnel_portfolio,cohort_3_week_rank_lattice,10,0.05
eval_mixed_funnel_portfolio_0,mixed_funnel_portfolio,cohort_3_week_rank_lattice,11,0.05
eval_mixed_funnel_portfolio_0,mixed_funnel_portfolio,cohort_3_week_rank_lattice,12,0.05
eval_mixed_funnel_portfolio_0,mixed_funnel_portfolio,cohort_3_week_rank_lattice,13,0.05
eval_mixed_funnel_portfolio_0,mixed_funnel_portfolio,oracle_online_venn_recent,1,0.0
eval_mixed_funnel_portfolio_0,mixed_funnel_portfolio,oracle_online_venn_recent,2,0.0
eval_mixed_funnel_portfolio_0,mixed_funnel_portfolio,oracle_online_venn_recent,3,0.0
eval_mixed_funnel_portfolio_0,mixed_funnel_portfolio,oracle_online_venn_recent,4,0.0
eval_mixed_funnel_portfolio_0,mixed_funnel_portfolio,oracle_online_venn_recent,5,0.0
eval_mixed_funnel_portfolio_0,mixed_funnel_portfolio,oracle_online_venn_recent,6,0.0
eval_mixed_funnel_portfolio_0,mixed_funnel_portfolio,oracle_online_venn_recent,7,0.0
eval_mixed_funnel_portfolio_0,mixed_funnel_portfolio,oracle_online_venn_recent,8,0.0
eval_mixed_funnel_portfolio_0,mixed_funnel_portfolio,oracle_online_venn_recent,9,0.0
eval_mixed_funnel_portfolio_0,mixed_funnel_portfolio,oracle_online_venn_recent,10,0.0
eval_mixed_funnel_portfolio_0,mixed_funnel_portfolio,oracle_online_venn_recent,11,0.0
eval_mixed_funnel_portfolio_0,mixed_funnel_portfolio,oracle_online_venn_recent,12,0.0
eval_mixed_funnel_portfolio_0,mixed_funnel_portfolio,oracle_online_venn_recent,13,0.0
eval_mixed_funnel_portfolio_0,mixed_funnel_portfolio,oracle_online_venn_oldest,1,0.0
eval_mixed_funnel_portfolio_0,mixed_funnel_portfolio,oracle_online_venn_oldest,2,0.0
eval_mixed_funnel_portfolio_0,mixed_funnel_portfolio,oracle_online_venn_oldest,3,0.0
eval_mixed_funnel_portfolio_0,mixed_funnel_portfolio,oracle_online_venn_oldest,4,0.0
eval_mixed_funnel_portfolio_0,mixed_funnel_portfolio,oracle_online_venn_oldest,5,0.0
eval_mixed_funnel_portfolio_0,mixed_funnel_portfolio,oracle_online_venn_oldest,6,0.0
eval_mixed_funnel_portfolio_0,mixed_funnel_portfolio,oracle_online_venn_oldest,7,0.0
eval_mixed_funnel_portfolio_0,mixed_funnel_portfolio,oracle_online_venn_oldest,8,0.0
eval_mixed_funnel_portfolio_0,mixed_funnel_portfolio,oracle_online_venn_oldest,9,0.0
eval_mixed_funnel_portfolio_0,mixed_funnel_portfolio,oracle_online_venn_oldest,10,0.0
eval_mixed_funnel_portfolio_0,mixed_funnel_portfolio,oracle_online_venn_oldest,11,0.0
eval_mixed_funnel_portfolio_0,mixed_funnel_portfolio,oracle_online_venn_oldest,12,0.0
eval_mixed_funnel_portfolio_0,mixed_funnel_portfolio,oracle_online_venn_oldest,13,0.0
eval_mixed_funnel_portfolio_0,mixed_funnel_portfolio,oracle_online_union_recent,1,0.0
eval_mixed_funnel_portfolio_0,mixed_funnel_portfolio,oracle_online_union_recent,2,0.0
eval_mixed_funnel_portfolio_0,mixed_funnel_portfolio,oracle_online_union_recent,3,0.0
eval_mixed_funnel_portfolio_0,mixed_funnel_portfolio,oracle_online_union_recent,4,0.0
eval_mixed_funnel_portfolio_0,mixed_funnel_portfolio,oracle_online_union_recent,5,0.0
eval_mixed_funnel_portfolio_0,mixed_funnel_portfolio,oracle_online_union_recent,6,0.0
eval_mixed_funnel_portfolio_0,mixed_funnel_portfolio,oracle_online_union_recent,7,0.0
eval_mixed_funnel_portfolio_0,mixed_funnel_portfolio,oracle_online_union_recent,8,0.0
eval_mixed_funnel_portfolio_0,mixed_funnel_portfolio,oracle_online_union_recent,9,0.0
eval_mixed_funnel_portfolio_0,mixed_funnel_portfolio,oracle_online_union_recent,10,0.0
eval_mixed_funnel_portfolio_0,mixed_funnel_portfolio,oracle_online_union_recent,11,0.0
eval_mixed_funnel_portfolio_0,mixed_funnel_portfolio,oracle_online_union_recent,12,0.0
eval_mixed_funnel_portfolio_0,mixed_funnel_portfolio,oracle_online_union_recent,13,0.0
eval_mixed_funnel_portfolio_0,mixed_funnel_portfolio,oracle_online_union_oldest,1,0.0
eval_mixed_funnel_portfolio_0,mixed_funnel_portfolio,oracle_online_union_oldest,2,0.0
eval_mixed_funnel_portfolio_0,mixed_funnel_portfolio,oracle_online_union_oldest,3,0.0
eval_mixed_funnel_portfolio_0,mixed_funnel_portfolio,oracle_online_union_oldest,4,0.0
eval_mixed_funnel_portfolio_0,mixed_funnel_portfolio,oracle_online_union_oldest,5,0.0
eval_mixed_funnel_portfolio_0,mixed_funnel_portfolio,oracle_online_union_oldest,6,0.0
eval_mixed_funnel_portfolio_0,mixed_funnel_portfolio,oracle_online_union_oldest,7,0.0
eval_mixed_funnel_portfolio_0,mixed_funnel_portfolio,oracle_online_union_oldest,8,0.0
eval_mixed_funnel_portfolio_0,mixed_funnel_portfolio,oracle_online_union_oldest,9,0.0
eval_mixed_funnel_portfolio_0,mixed_funnel_portfolio,oracle_online_union_oldest,10,0.0
eval_mixed_funnel_portfolio_0,mixed_funnel_portfolio,oracle_online_union_oldest,11,0.0
eval_mixed_funnel_portfolio_0,mixed_funnel_portfolio,oracle_online_union_oldest,12,0.0
eval_mixed_funnel_portfolio_0,mixed_funnel_portfolio,oracle_online_union_oldest,13,0.0
eval_mixed_funnel_portfolio_0,mixed_funnel_portfolio,forbidden_person_identity_oracle,1,0.0
eval_mixed_funnel_portfolio_0,mixed_funnel_portfolio,forbidden_person_identity_oracle,2,0.0
eval_mixed_funnel_portfolio_0,mixed_funnel_portfolio,forbidden_person_identity_oracle,3,0.0
eval_mixed_funnel_portfolio_0,mixed_funnel_portfolio,forbidden_person_identity_oracle,4,0.0
eval_mixed_funnel_portfolio_0,mixed_funnel_portfolio,forbidden_person_identity_oracle,5,0.0
eval_mixed_funnel_portfolio_0,mixed_funnel_portfolio,forbidden_person_identity_oracle,6,0.0
eval_mixed_funnel_portfolio_0,mixed_funnel_portfolio,forbidden_person_identity_oracle,7,0.0
eval_mixed_funnel_portfolio_0,mixed_funnel_portfolio,forbidden_person_identity_oracle,8,0.0
eval_mixed_funnel_portfolio_0,mixed_funnel_portfolio,forbidden_person_identity_oracle,9,0.0
eval_mixed_funnel_portfolio_0,mixed_funnel_portfolio,forbidden_person_identity_oracle,10,0.0
eval_mixed_funnel_portfolio_0,mixed_funnel_portfolio,forbidden_person_identity_oracle,11,0.0
eval_mixed_funnel_portfolio_0,mixed_funnel_portfolio,forbidden_person_identity_oracle,12,0.0
eval_mixed_funnel_portfolio_0,mixed_funnel_portfolio,forbidden_person_identity_oracle,13,0.0
eval_mixed_funnel_portfolio_0,mixed_funnel_portfolio,three_day_buffer_then_freeze,1,0.10047254346336437
eval_mixed_funnel_portfolio_0,mixed_funnel_portfolio,three_day_buffer_then_freeze,2,0.10047254346336437
eval_mixed_funnel_portfolio_0,mixed_funnel_portfolio,three_day_buffer_then_freeze,3,0.10047254346336437
eval_mixed_funnel_portfolio_0,mixed_funnel_portfolio,three_day_buffer_then_freeze,4,0.10047254346336437
eval_mixed_funnel_portfolio_0,mixed_funnel_portfolio,three_day_buffer_then_freeze,5,0.10047254346336437
eval_mixed_funnel_portfolio_0,mixed_funnel_portfolio,three_day_buffer_then_freeze,6,0.10047254346336437
eval_mixed_funnel_portfolio_0,mixed_funnel_portfolio,three_day_buffer_then_freeze,7,0.10047254346336437
eval_mixed_funnel_portfolio_0,mixed_funnel_portfolio,three_day_buffer_then_freeze,8,0.10047254346336437
eval_mixed_funnel_portfolio_0,mixed_funnel_portfolio,three_day_buffer_then_freeze,9,0.10047254346336437
eval_mixed_funnel_portfolio_0,mixed_funnel_portfolio,three_day_buffer_then_freeze,10,0.10047254346336437
eval_mixed_funnel_portfolio_0,mixed_funnel_portfolio,three_day_buffer_then_freeze,11,0.10047254346336437
eval_mixed_funnel_portfolio_0,mixed_funnel_portfolio,three_day_buffer_then_freeze,12,0.10047254346336437
eval_mixed_funnel_portfolio_0,mixed_funnel_portfolio,three_day_buffer_then_freeze,13,0.10047254346336437
eval_mixed_funnel_portfolio_0,mixed_funnel_portfolio,full_flight_buffer_then_freeze,1,0.12658641087809583
eval_mixed_funnel_portfolio_0,mixed_funnel_portfolio,full_flight_buffer_then_freeze,2,0.12658641087809583
eval_mixed_funnel_portfolio_0,mixed_funnel_portfolio,full_flight_buffer_then_freeze,3,0.12658641087809583
eval_mixed_funnel_portfolio_0,mixed_funnel_portfolio,full_flight_buffer_then_freeze,4,0.12658641087809583
eval_mixed_funnel_portfolio_0,mixed_funnel_portfolio,full_flight_buffer_then_freeze,5,0.12658641087809583
eval_mixed_funnel_portfolio_0,mixed_funnel_portfolio,full_flight_buffer_then_freeze,6,0.12658641087809583
eval_mixed_funnel_portfolio_0,mixed_funnel_portfolio,full_flight_buffer_then_freeze,7,0.12658641087809583
eval_mixed_funnel_portfolio_0,mixed_funnel_portfolio,full_flight_buffer_then_freeze,8,0.12658641087809583
eval_mixed_funnel_portfolio_0,mixed_funnel_portfolio,full_flight_buffer_then_freeze,9,0.12658641087809583
eval_mixed_funnel_portfolio_0,mixed_funnel_portfolio,full_flight_buffer_then_freeze,10,0.12658641087809583
eval_mixed_funnel_portfolio_0,mixed_funnel_portfolio,full_flight_buffer_then_freeze,11,0.12658641087809583
eval_mixed_funnel_portfolio_0,mixed_funnel_portfolio,full_flight_buffer_then_freeze,12,0.12658641087809583
eval_mixed_funnel_portfolio_0,mixed_funnel_portfolio,full_flight_buffer_then_freeze,13,0.12658641087809583
eval_mixed_funnel_portfolio_0,mixed_funnel_portfolio,oracle_same_day_dial,1,0.0
eval_mixed_funnel_portfolio_0,mixed_funnel_portfolio,oracle_same_day_dial,2,0.0
eval_mixed_funnel_portfolio_0,mixed_funnel_portfolio,oracle_same_day_dial,3,0.0
eval_mixed_funnel_portfolio_0,mixed_funnel_portfolio,oracle_same_day_dial,4,0.0
eval_mixed_funnel_portfolio_0,mixed_funnel_portfolio,oracle_same_day_dial,5,0.0
eval_mixed_funnel_portfolio_0,mixed_funnel_portfolio,oracle_same_day_dial,6,0.11875
eval_mixed_funnel_portfolio_0,mixed_funnel_portfolio,oracle_same_day_dial,7,0.0
eval_mixed_funnel_portfolio_0,mixed_funnel_portfolio,oracle_same_day_dial,8,0.0
eval_mixed_funnel_portfolio_0,mixed_funnel_portfolio,oracle_same_day_dial,9,0.0
eval_mixed_funnel_portfolio_0,mixed_funnel_portfolio,oracle_same_day_dial,10,0.0
eval_mixed_funnel_portfolio_0,mixed_funnel_portfolio,oracle_same_day_dial,11,0.0
eval_mixed_funnel_portfolio_0,mixed_funnel_portfolio,oracle_same_day_dial,12,0.059375
eval_mixed_funnel_portfolio_0,mixed_funnel_portfolio,oracle_same_day_dial,13,0.0
eval_mixed_funnel_portfolio_1,mixed_funnel_portfolio,fixed_model_line_pool,1,0.0
eval_mixed_funnel_portfolio_1,mixed_funnel_portfolio,fixed_model_line_pool,2,0.0
eval_mixed_funnel_portfolio_1,mixed_funnel_portfolio,fixed_model_line_pool,3,0.0
eval_mixed_funnel_portfolio_1,mixed_funnel_portfolio,fixed_model_line_pool,4,0.0
eval_mixed_funnel_portfolio_1,mixed_funnel_portfolio,fixed_model_line_pool,5,0.0
eval_mixed_funnel_portfolio_1,mixed_funnel_portfolio,fixed_model_line_pool,6,0.0
eval_mixed_funnel_portfolio_1,mixed_funnel_portfolio,fixed_model_line_pool,7,0.0
eval_mixed_funnel_portfolio_1,mixed_funnel_portfolio,fixed_model_line_pool,8,0.0
eval_mixed_funnel_portfolio_1,mixed_funnel_portfolio,fixed_model_line_pool,9,0.0
eval_mixed_funnel_portfolio_1,mixed_funnel_portfolio,fixed_model_line_pool,10,0.0
eval_mixed_funnel_portfolio_1,mixed_funnel_portfolio,fixed_model_line_pool,11,0.0
eval_mixed_funnel_portfolio_1,mixed_funnel_portfolio,fixed_model_line_pool,12,0.0
eval_mixed_funnel_portfolio_1,mixed_funnel_portfolio,fixed_model_line_pool,13,0.0
eval_mixed_funnel_portfolio_1,mixed_funnel_portfolio,context_and_scale_only_pool,1,0.19015977327183314
eval_mixed_funnel_portfolio_1,mixed_funnel_portfolio,context_and_scale_only_pool,2,0.20589921073724896
eval_mixed_funnel_portfolio_1,mixed_funnel_portfolio,context_and_scale_only_pool,3,0.198980932287118
eval_mixed_funnel_portfolio_1,mixed_funnel_portfolio,context_and_scale_only_pool,4,0.1958193158642271
eval_mixed_funnel_portfolio_1,mixed_funnel_portfolio,context_and_scale_only_pool,5,0.16253298540271602
eval_mixed_funnel_portfolio_1,mixed_funnel_portfolio,context_and_scale_only_pool,6,0.15256203655124606
eval_mixed_funnel_portfolio_1,mixed_funnel_portfolio,context_and_scale_only_pool,7,0.15291989776631879
eval_mixed_funnel_portfolio_1,mixed_funnel_portfolio,context_and_scale_only_pool,8,0.16330965554601082
eval_mixed_funnel_portfolio_1,mixed_funnel_portfolio,context_and_scale_only_pool,9,0.17312777396518134
eval_mixed_funnel_portfolio_1,mixed_funnel_portfolio,context_and_scale_only_pool,10,0.18033554971187638
eval_mixed_funnel_portfolio_1,mixed_funnel_portfolio,context_and_scale_only_pool,11,0.1859131826066026
eval_mixed_funnel_portfolio_1,mixed_funnel_portfolio,context_and_scale_only_pool,12,0.187172568226168
eval_mixed_funnel_portfolio_1,mixed_funnel_portfolio,context_and_scale_only_pool,13,0.17915906805463305
eval_mixed_funnel_portfolio_1,mixed_funnel_portfolio,provider_blended_ordered_pool,1,0.19429775336466576
eval_mixed_funnel_portfolio_1,mixed_funnel_portfolio,provider_blended_ordered_pool,2,0.22101962931272962
eval_mixed_funnel_portfolio_1,mixed_funnel_portfolio,provider_blended_ordered_pool,3,0.163787132345039
eval_mixed_funnel_portfolio_1,mixed_funnel_portfolio,provider_blended_ordered_pool,4,0.16305174471017264
eval_mixed_funnel_portfolio_1,mixed_funnel_portfolio,provider_blended_ordered_pool,5,0.12420164125514777
eval_mixed_funnel_portfolio_1,mixed_funnel_portfolio,provider_blended_ordered_pool,6,0.1127514343065886
eval_mixed_funnel_portfolio_1,mixed_funnel_portfolio,provider_blended_ordered_pool,7,0.11315329147309523
eval_mixed_funnel_portfolio_1,mixed_funnel_portfolio,provider_blended_ordered_pool,8,0.1292052161186833
eval_mixed_funnel_portfolio_1,mixed_funnel_portfolio,provider_blended_ordered_pool,9,0.14082119321295344
eval_mixed_funnel_portfolio_1,mixed_funnel_portfolio,provider_blended_ordered_pool,10,0.14566894781038858
eval_mixed_funnel_portfolio_1,mixed_funnel_portfolio,provider_blended_ordered_pool,11,0.15221434708110002
eval_mixed_funnel_portfolio_1,mixed_funnel_portfolio,provider_blended_ordered_pool,12,0.15633385190121576
eval_mixed_funnel_portfolio_1,mixed_funnel_portfolio,provider_blended_ordered_pool,13,0.15077982276992968
eval_mixed_funnel_portfolio_1,mixed_funnel_portfolio,ordered_collision_resolved_overlap_pool,1,0.0346020542078721
eval_mixed_funnel_portfolio_1,mixed_funnel_portfolio,ordered_collision_resolved_overlap_pool,2,0.24364433915714714
eval_mixed_funnel_portfolio_1,mixed_funnel_portfolio,ordered_collision_resolved_overlap_pool,3,0.43755926727113137
eval_mixed_funnel_portfolio_1,mixed_funnel_portfolio,ordered_collision_resolved_overlap_pool,4,0.5267720591817003
eval_mixed_funnel_portfolio_1,mixed_funnel_portfolio,ordered_collision_resolved_overlap_pool,5,0.6530164615330569
eval_mixed_funnel_portfolio_1,mixed_funnel_portfolio,ordered_collision_resolved_overlap_pool,6,0.7509750431236485
eval_mixed_funnel_portfolio_1,mixed_funnel_portfolio,ordered_collision_resolved_overlap_pool,7,0.7928343302235716
eval_mixed_funnel_portfolio_1,mixed_funnel_portfolio,ordered_collision_resolved_overlap_pool,8,0.8437957206803998
eval_mixed_funnel_portfolio_1,mixed_funnel_portfolio,ordered_collision_resolved_overlap_pool,9,0.8780912943543859
eval_mixed_funnel_portfolio_1,mixed_funnel_portfolio,ordered_collision_resolved_overlap_pool,10,0.9064529433443262
eval_mixed_funnel_portfolio_1,mixed_funnel_portfolio,ordered_collision_resolved_overlap_pool,11,0.9225682337824677
eval_mixed_funnel_portfolio_1,mixed_funnel_portfolio,ordered_collision_resolved_overlap_pool,12,0.949268026081332
eval_mixed_funnel_portfolio_1,mixed_funnel_portfolio,ordered_collision_resolved_overlap_pool,13,0.95
eval_mixed_funnel_portfolio_1,mixed_funnel_portfolio,fixed_marginal_overlap_atlas,1,0.030603284762711513
eval_mixed_funnel_portfolio_1,mixed_funnel_portfolio,fixed_marginal_overlap_atlas,2,0.10233388322948647
eval_mixed_funnel_portfolio_1,mixed_funnel_portfolio,fixed_marginal_overlap_atlas,3,0.05959881917971707
eval_mixed_funnel_portfolio_1,mixed_funnel_portfolio,fixed_marginal_overlap_atlas,4,0.0743556053328033
eval_mixed_funnel_portfolio_1,mixed_funnel_portfolio,fixed_marginal_overlap_atlas,5,0.0703546269914004
eval_mixed_funnel_portfolio_1,mixed_funnel_portfolio,fixed_marginal_overlap_atlas,6,0.08803992318750327
eval_mixed_funnel_portfolio_1,mixed_funnel_portfolio,fixed_marginal_overlap_atlas,7,0.09626587139832032
eval_mixed_funnel_portfolio_1,mixed_funnel_portfolio,fixed_marginal_overlap_atlas,8,0.1165260315845055
eval_mixed_funnel_portfolio_1,mixed_funnel_portfolio,fixed_marginal_overlap_atlas,9,0.11936987868228022
eval_mixed_funnel_portfolio_1,mixed_funnel_portfolio,fixed_marginal_overlap_atlas,10,0.11459644186055899
eval_mixed_funnel_portfolio_1,mixed_funnel_portfolio,fixed_marginal_overlap_atlas,11,0.10762276708835633
eval_mixed_funnel_portfolio_1,mixed_funnel_portfolio,fixed_marginal_overlap_atlas,12,0.10185533017570486
eval_mixed_funnel_portfolio_1,mixed_funnel_portfolio,fixed_marginal_overlap_atlas,13,0.0874263890962002
eval_mixed_funnel_portfolio_1,mixed_funnel_portfolio,pair_targeted_fixed_marginal_atlas,1,0.030603284762711513
eval_mixed_funnel_portfolio_1,mixed_funnel_portfolio,pair_targeted_fixed_marginal_atlas,2,0.10233388322948647
eval_mixed_funnel_portfolio_1,mixed_funnel_portfolio,pair_targeted_fixed_marginal_atlas,3,0.05959881917971707
eval_mixed_funnel_portfolio_1,mixed_funnel_portfolio,pair_targeted_fixed_marginal_atlas,4,0.0743556053328033
eval_mixed_funnel_portfolio_1,mixed_funnel_portfolio,pair_targeted_fixed_marginal_atlas,5,0.0703546269914004
eval_mixed_funnel_portfolio_1,mixed_funnel_portfolio,pair_targeted_fixed_marginal_atlas,6,0.08803992318750327
eval_mixed_funnel_portfolio_1,mixed_funnel_portfolio,pair_targeted_fixed_marginal_atlas,7,0.09626587139832032
eval_mixed_funnel_portfolio_1,mixed_funnel_portfolio,pair_targeted_fixed_marginal_atlas,8,0.1165260315845055
eval_mixed_funnel_portfolio_1,mixed_funnel_portfolio,pair_targeted_fixed_marginal_atlas,9,0.11936987868228022
eval_mixed_funnel_portfolio_1,mixed_funnel_portfolio,pair_targeted_fixed_marginal_atlas,10,0.11459644186055899
eval_mixed_funnel_portfolio_1,mixed_funnel_portfolio,pair_targeted_fixed_marginal_atlas,11,0.10762276708835633
eval_mixed_funnel_portfolio_1,mixed_funnel_portfolio,pair_targeted_fixed_marginal_atlas,12,0.10185533017570486
eval_mixed_funnel_portfolio_1,mixed_funnel_portfolio,pair_targeted_fixed_marginal_atlas,13,0.0874263890962002
eval_mixed_funnel_portfolio_1,mixed_funnel_portfolio,same_day_adaptive_pool,1,0.1976833734406197
eval_mixed_funnel_portfolio_1,mixed_funnel_portfolio,same_day_adaptive_pool,2,0.23780863510037645
eval_mixed_funnel_portfolio_1,mixed_funnel_portfolio,same_day_adaptive_pool,3,0.14667230250550645
eval_mixed_funnel_portfolio_1,mixed_funnel_portfolio,same_day_adaptive_pool,4,0.1913082910832556
eval_mixed_funnel_portfolio_1,mixed_funnel_portfolio,same_day_adaptive_pool,5,0.21174168708575067
eval_mixed_funnel_portfolio_1,mixed_funnel_portfolio,same_day_adaptive_pool,6,0.2492236180426569
eval_mixed_funnel_portfolio_1,mixed_funnel_portfolio,same_day_adaptive_pool,7,0.23879877493102503
eval_mixed_funnel_portfolio_1,mixed_funnel_portfolio,same_day_adaptive_pool,8,0.21233269811641334
eval_mixed_funnel_portfolio_1,mixed_funnel_portfolio,same_day_adaptive_pool,9,0.25032359485193817
eval_mixed_funnel_portfolio_1,mixed_funnel_portfolio,same_day_adaptive_pool,10,0.2629695125335605
eval_mixed_funnel_portfolio_1,mixed_funnel_portfolio,same_day_adaptive_pool,11,0.2571165552364221
eval_mixed_funnel_portfolio_1,mixed_funnel_portfolio,same_day_adaptive_pool,12,0.23404551144437527
eval_mixed_funnel_portfolio_1,mixed_funnel_portfolio,same_day_adaptive_pool,13,0.15343690409494204
eval_mixed_funnel_portfolio_1,mixed_funnel_portfolio,cumulative_adaptive_pool,1,0.1976833734406197
eval_mixed_funnel_portfolio_1,mixed_funnel_portfolio,cumulative_adaptive_pool,2,0.23339088087448648
eval_mixed_funnel_portfolio_1,mixed_funnel_portfolio,cumulative_adaptive_pool,3,0.1349922051197016
eval_mixed_funnel_portfolio_1,mixed_funnel_portfolio,cumulative_adaptive_pool,4,0.13624191376594624
eval_mixed_funnel_portfolio_1,mixed_funnel_portfolio,cumulative_adaptive_pool,5,0.09283963240713738
eval_mixed_funnel_portfolio_1,mixed_funnel_portfolio,cumulative_adaptive_pool,6,0.08017912337914156
eval_mixed_funnel_portfolio_1,mixed_funnel_portfolio,cumulative_adaptive_pool,7,0.08061697723318505
eval_mixed_funnel_portfolio_1,mixed_funnel_portfolio,cumulative_adaptive_pool,8,0.10130158385996077
eval_mixed_funnel_portfolio_1,mixed_funnel_portfolio,cumulative_adaptive_pool,9,0.11438853623385789
eval_mixed_funnel_portfolio_1,mixed_funnel_portfolio,cumulative_adaptive_pool,10,0.11730536443644402
eval_mixed_funnel_portfolio_1,mixed_funnel_portfolio,cumulative_adaptive_pool,11,0.12464257256023425
eval_mixed_funnel_portfolio_1,mixed_funnel_portfolio,cumulative_adaptive_pool,12,0.131102174908073
eval_mixed_funnel_portfolio_1,mixed_funnel_portfolio,cumulative_adaptive_pool,13,0.12756044026426328
eval_mixed_funnel_portfolio_1,mixed_funnel_portfolio,quantized_hysteresis_pool,1,0.2
eval_mixed_funnel_portfolio_1,mixed_funnel_portfolio,quantized_hysteresis_pool,2,0.2
eval_mixed_funnel_portfolio_1,mixed_funnel_portfolio,quantized_hysteresis_pool,3,0.2
eval_mixed_funnel_portfolio_1,mixed_funnel_portfolio,quantized_hysteresis_pool,4,0.2
eval_mixed_funnel_portfolio_1,mixed_funnel_portfolio,quantized_hysteresis_pool,5,0.2
eval_mixed_funnel_portfolio_1,mixed_funnel_portfolio,quantized_hysteresis_pool,6,0.1
eval_mixed_funnel_portfolio_1,mixed_funnel_portfolio,quantized_hysteresis_pool,7,0.1
eval_mixed_funnel_portfolio_1,mixed_funnel_portfolio,quantized_hysteresis_pool,8,0.1
eval_mixed_funnel_portfolio_1,mixed_funnel_portfolio,quantized_hysteresis_pool,9,0.1
eval_mixed_funnel_portfolio_1,mixed_funnel_portfolio,quantized_hysteresis_pool,10,0.1
eval_mixed_funnel_portfolio_1,mixed_funnel_portfolio,quantized_hysteresis_pool,11,0.1
eval_mixed_funnel_portfolio_1,mixed_funnel_portfolio,quantized_hysteresis_pool,12,0.1
eval_mixed_funnel_portfolio_1,mixed_funnel_portfolio,quantized_hysteresis_pool,13,0.1
eval_mixed_funnel_portfolio_1,mixed_funnel_portfolio,sticky_first_seen_pool,1,0.1976833734406197
eval_mixed_funnel_portfolio_1,mixed_funnel_portfolio,sticky_first_seen_pool,2,0.23339088087448648
eval_mixed_funnel_portfolio_1,mixed_funnel_portfolio,sticky_first_seen_pool,3,0.1349922051197016
eval_mixed_funnel_portfolio_1,mixed_funnel_portfolio,sticky_first_seen_pool,4,0.13624191376594624
eval_mixed_funnel_portfolio_1,mixed_funnel_portfolio,sticky_first_seen_pool,5,0.09283963240713738
eval_mixed_funnel_portfolio_1,mixed_funnel_portfolio,sticky_first_seen_pool,6,0.08017912337914156
eval_mixed_funnel_portfolio_1,mixed_funnel_portfolio,sticky_first_seen_pool,7,0.08061697723318505
eval_mixed_funnel_portfolio_1,mixed_funnel_portfolio,sticky_first_seen_pool,8,0.10130158385996077
eval_mixed_funnel_portfolio_1,mixed_funnel_portfolio,sticky_first_seen_pool,9,0.11438853623385789
eval_mixed_funnel_portfolio_1,mixed_funnel_portfolio,sticky_first_seen_pool,10,0.11730536443644402
eval_mixed_funnel_portfolio_1,mixed_funnel_portfolio,sticky_first_seen_pool,11,0.12464257256023425
eval_mixed_funnel_portfolio_1,mixed_funnel_portfolio,sticky_first_seen_pool,12,0.131102174908073
eval_mixed_funnel_portfolio_1,mixed_funnel_portfolio,sticky_first_seen_pool,13,0.12756044026426328
eval_mixed_funnel_portfolio_1,mixed_funnel_portfolio,ordered_memoized_rank_lattice,1,0.2
eval_mixed_funnel_portfolio_1,mixed_funnel_portfolio,ordered_memoized_rank_lattice,2,0.2
eval_mixed_funnel_portfolio_1,mixed_funnel_portfolio,ordered_memoized_rank_lattice,3,0.2
eval_mixed_funnel_portfolio_1,mixed_funnel_portfolio,ordered_memoized_rank_lattice,4,0.2
eval_mixed_funnel_portfolio_1,mixed_funnel_portfolio,ordered_memoized_rank_lattice,5,0.2
eval_mixed_funnel_portfolio_1,mixed_funnel_portfolio,ordered_memoized_rank_lattice,6,0.1
eval_mixed_funnel_portfolio_1,mixed_funnel_portfolio,ordered_memoized_rank_lattice,7,0.1
eval_mixed_funnel_portfolio_1,mixed_funnel_portfolio,ordered_memoized_rank_lattice,8,0.1
eval_mixed_funnel_portfolio_1,mixed_funnel_portfolio,ordered_memoized_rank_lattice,9,0.1
eval_mixed_funnel_portfolio_1,mixed_funnel_portfolio,ordered_memoized_rank_lattice,10,0.1
eval_mixed_funnel_portfolio_1,mixed_funnel_portfolio,ordered_memoized_rank_lattice,11,0.1
eval_mixed_funnel_portfolio_1,mixed_funnel_portfolio,ordered_memoized_rank_lattice,12,0.1
eval_mixed_funnel_portfolio_1,mixed_funnel_portfolio,ordered_memoized_rank_lattice,13,0.1
eval_mixed_funnel_portfolio_1,mixed_funnel_portfolio,cohort_3_week_rank_lattice,1,0.2
eval_mixed_funnel_portfolio_1,mixed_funnel_portfolio,cohort_3_week_rank_lattice,2,0.2
eval_mixed_funnel_portfolio_1,mixed_funnel_portfolio,cohort_3_week_rank_lattice,3,0.2
eval_mixed_funnel_portfolio_1,mixed_funnel_portfolio,cohort_3_week_rank_lattice,4,0.2
eval_mixed_funnel_portfolio_1,mixed_funnel_portfolio,cohort_3_week_rank_lattice,5,0.2
eval_mixed_funnel_portfolio_1,mixed_funnel_portfolio,cohort_3_week_rank_lattice,6,0.1
eval_mixed_funnel_portfolio_1,mixed_funnel_portfolio,cohort_3_week_rank_lattice,7,0.1
eval_mixed_funnel_portfolio_1,mixed_funnel_portfolio,cohort_3_week_rank_lattice,8,0.1
eval_mixed_funnel_portfolio_1,mixed_funnel_portfolio,cohort_3_week_rank_lattice,9,0.1
eval_mixed_funnel_portfolio_1,mixed_funnel_portfolio,cohort_3_week_rank_lattice,10,0.1
eval_mixed_funnel_portfolio_1,mixed_funnel_portfolio,cohort_3_week_rank_lattice,11,0.1
eval_mixed_funnel_portfolio_1,mixed_funnel_portfolio,cohort_3_week_rank_lattice,12,0.1
eval_mixed_funnel_portfolio_1,mixed_funnel_portfolio,cohort_3_week_rank_lattice,13,0.1
eval_mixed_funnel_portfolio_1,mixed_funnel_portfolio,oracle_online_venn_recent,1,0.0
eval_mixed_funnel_portfolio_1,mixed_funnel_portfolio,oracle_online_venn_recent,2,0.0
eval_mixed_funnel_portfolio_1,mixed_funnel_portfolio,oracle_online_venn_recent,3,0.0
eval_mixed_funnel_portfolio_1,mixed_funnel_portfolio,oracle_online_venn_recent,4,0.0
eval_mixed_funnel_portfolio_1,mixed_funnel_portfolio,oracle_online_venn_recent,5,0.0
eval_mixed_funnel_portfolio_1,mixed_funnel_portfolio,oracle_online_venn_recent,6,0.0
eval_mixed_funnel_portfolio_1,mixed_funnel_portfolio,oracle_online_venn_recent,7,0.0
eval_mixed_funnel_portfolio_1,mixed_funnel_portfolio,oracle_online_venn_recent,8,0.0
eval_mixed_funnel_portfolio_1,mixed_funnel_portfolio,oracle_online_venn_recent,9,0.0
eval_mixed_funnel_portfolio_1,mixed_funnel_portfolio,oracle_online_venn_recent,10,0.0
eval_mixed_funnel_portfolio_1,mixed_funnel_portfolio,oracle_online_venn_recent,11,0.0
eval_mixed_funnel_portfolio_1,mixed_funnel_portfolio,oracle_online_venn_recent,12,0.0
eval_mixed_funnel_portfolio_1,mixed_funnel_portfolio,oracle_online_venn_recent,13,0.0
eval_mixed_funnel_portfolio_1,mixed_funnel_portfolio,oracle_online_venn_oldest,1,0.0
eval_mixed_funnel_portfolio_1,mixed_funnel_portfolio,oracle_online_venn_oldest,2,0.0
eval_mixed_funnel_portfolio_1,mixed_funnel_portfolio,oracle_online_venn_oldest,3,0.0
eval_mixed_funnel_portfolio_1,mixed_funnel_portfolio,oracle_online_venn_oldest,4,0.0
eval_mixed_funnel_portfolio_1,mixed_funnel_portfolio,oracle_online_venn_oldest,5,0.0
eval_mixed_funnel_portfolio_1,mixed_funnel_portfolio,oracle_online_venn_oldest,6,0.0
eval_mixed_funnel_portfolio_1,mixed_funnel_portfolio,oracle_online_venn_oldest,7,0.0
eval_mixed_funnel_portfolio_1,mixed_funnel_portfolio,oracle_online_venn_oldest,8,0.0
eval_mixed_funnel_portfolio_1,mixed_funnel_portfolio,oracle_online_venn_oldest,9,0.0
eval_mixed_funnel_portfolio_1,mixed_funnel_portfolio,oracle_online_venn_oldest,10,0.0
eval_mixed_funnel_portfolio_1,mixed_funnel_portfolio,oracle_online_venn_oldest,11,0.0
eval_mixed_funnel_portfolio_1,mixed_funnel_portfolio,oracle_online_venn_oldest,12,0.0
eval_mixed_funnel_portfolio_1,mixed_funnel_portfolio,oracle_online_venn_oldest,13,0.0
eval_mixed_funnel_portfolio_1,mixed_funnel_portfolio,oracle_online_union_recent,1,0.0
eval_mixed_funnel_portfolio_1,mixed_funnel_portfolio,oracle_online_union_recent,2,0.0
eval_mixed_funnel_portfolio_1,mixed_funnel_portfolio,oracle_online_union_recent,3,0.0
eval_mixed_funnel_portfolio_1,mixed_funnel_portfolio,oracle_online_union_recent,4,0.0
eval_mixed_funnel_portfolio_1,mixed_funnel_portfolio,oracle_online_union_recent,5,0.0
eval_mixed_funnel_portfolio_1,mixed_funnel_portfolio,oracle_online_union_recent,6,0.0
eval_mixed_funnel_portfolio_1,mixed_funnel_portfolio,oracle_online_union_recent,7,0.0
eval_mixed_funnel_portfolio_1,mixed_funnel_portfolio,oracle_online_union_recent,8,0.0
eval_mixed_funnel_portfolio_1,mixed_funnel_portfolio,oracle_online_union_recent,9,0.0
eval_mixed_funnel_portfolio_1,mixed_funnel_portfolio,oracle_online_union_recent,10,0.0
eval_mixed_funnel_portfolio_1,mixed_funnel_portfolio,oracle_online_union_recent,11,0.0
eval_mixed_funnel_portfolio_1,mixed_funnel_portfolio,oracle_online_union_recent,12,0.0
eval_mixed_funnel_portfolio_1,mixed_funnel_portfolio,oracle_online_union_recent,13,0.0
eval_mixed_funnel_portfolio_1,mixed_funnel_portfolio,oracle_online_union_oldest,1,0.0
eval_mixed_funnel_portfolio_1,mixed_funnel_portfolio,oracle_online_union_oldest,2,0.0
eval_mixed_funnel_portfolio_1,mixed_funnel_portfolio,oracle_online_union_oldest,3,0.0
eval_mixed_funnel_portfolio_1,mixed_funnel_portfolio,oracle_online_union_oldest,4,0.0
eval_mixed_funnel_portfolio_1,mixed_funnel_portfolio,oracle_online_union_oldest,5,0.0
eval_mixed_funnel_portfolio_1,mixed_funnel_portfolio,oracle_online_union_oldest,6,0.0
eval_mixed_funnel_portfolio_1,mixed_funnel_portfolio,oracle_online_union_oldest,7,0.0
eval_mixed_funnel_portfolio_1,mixed_funnel_portfolio,oracle_online_union_oldest,8,0.0
eval_mixed_funnel_portfolio_1,mixed_funnel_portfolio,oracle_online_union_oldest,9,0.0
eval_mixed_funnel_portfolio_1,mixed_funnel_portfolio,oracle_online_union_oldest,10,0.0
eval_mixed_funnel_portfolio_1,mixed_funnel_portfolio,oracle_online_union_oldest,11,0.0
eval_mixed_funnel_portfolio_1,mixed_funnel_portfolio,oracle_online_union_oldest,12,0.0
eval_mixed_funnel_portfolio_1,mixed_funnel_portfolio,oracle_online_union_oldest,13,0.0
eval_mixed_funnel_portfolio_1,mixed_funnel_portfolio,forbidden_person_identity_oracle,1,0.0
eval_mixed_funnel_portfolio_1,mixed_funnel_portfolio,forbidden_person_identity_oracle,2,0.0
eval_mixed_funnel_portfolio_1,mixed_funnel_portfolio,forbidden_person_identity_oracle,3,0.0
eval_mixed_funnel_portfolio_1,mixed_funnel_portfolio,forbidden_person_identity_oracle,4,0.0
eval_mixed_funnel_portfolio_1,mixed_funnel_portfolio,forbidden_person_identity_oracle,5,0.0
eval_mixed_funnel_portfolio_1,mixed_funnel_portfolio,forbidden_person_identity_oracle,6,0.0
eval_mixed_funnel_portfolio_1,mixed_funnel_portfolio,forbidden_person_identity_oracle,7,0.0
eval_mixed_funnel_portfolio_1,mixed_funnel_portfolio,forbidden_person_identity_oracle,8,0.0
eval_mixed_funnel_portfolio_1,mixed_funnel_portfolio,forbidden_person_identity_oracle,9,0.0
eval_mixed_funnel_portfolio_1,mixed_funnel_portfolio,forbidden_person_identity_oracle,10,0.0
eval_mixed_funnel_portfolio_1,mixed_funnel_portfolio,forbidden_person_identity_oracle,11,0.0
eval_mixed_funnel_portfolio_1,mixed_funnel_portfolio,forbidden_person_identity_oracle,12,0.0
eval_mixed_funnel_portfolio_1,mixed_funnel_portfolio,forbidden_person_identity_oracle,13,0.0
eval_mixed_funnel_portfolio_1,mixed_funnel_portfolio,three_day_buffer_then_freeze,1,0.1349922051197016
eval_mixed_funnel_portfolio_1,mixed_funnel_portfolio,three_day_buffer_then_freeze,2,0.1349922051197016
eval_mixed_funnel_portfolio_1,mixed_funnel_portfolio,three_day_buffer_then_freeze,3,0.1349922051197016
eval_mixed_funnel_portfolio_1,mixed_funnel_portfolio,three_day_buffer_then_freeze,4,0.1349922051197016
eval_mixed_funnel_portfolio_1,mixed_funnel_portfolio,three_day_buffer_then_freeze,5,0.1349922051197016
eval_mixed_funnel_portfolio_1,mixed_funnel_portfolio,three_day_buffer_then_freeze,6,0.1349922051197016
eval_mixed_funnel_portfolio_1,mixed_funnel_portfolio,three_day_buffer_then_freeze,7,0.1349922051197016
eval_mixed_funnel_portfolio_1,mixed_funnel_portfolio,three_day_buffer_then_freeze,8,0.1349922051197016
eval_mixed_funnel_portfolio_1,mixed_funnel_portfolio,three_day_buffer_then_freeze,9,0.1349922051197016
eval_mixed_funnel_portfolio_1,mixed_funnel_portfolio,three_day_buffer_then_freeze,10,0.1349922051197016
eval_mixed_funnel_portfolio_1,mixed_funnel_portfolio,three_day_buffer_then_freeze,11,0.1349922051197016
eval_mixed_funnel_portfolio_1,mixed_funnel_portfolio,three_day_buffer_then_freeze,12,0.1349922051197016
eval_mixed_funnel_portfolio_1,mixed_funnel_portfolio,three_day_buffer_then_freeze,13,0.1349922051197016
eval_mixed_funnel_portfolio_1,mixed_funnel_portfolio,full_flight_buffer_then_freeze,1,0.12756044026426328
eval_mixed_funnel_portfolio_1,mixed_funnel_portfolio,full_flight_buffer_then_freeze,2,0.12756044026426328
eval_mixed_funnel_portfolio_1,mixed_funnel_portfolio,full_flight_buffer_then_freeze,3,0.12756044026426328
eval_mixed_funnel_portfolio_1,mixed_funnel_portfolio,full_flight_buffer_then_freeze,4,0.12756044026426328
eval_mixed_funnel_portfolio_1,mixed_funnel_portfolio,full_flight_buffer_then_freeze,5,0.12756044026426328
eval_mixed_funnel_portfolio_1,mixed_funnel_portfolio,full_flight_buffer_then_freeze,6,0.12756044026426328
eval_mixed_funnel_portfolio_1,mixed_funnel_portfolio,full_flight_buffer_then_freeze,7,0.12756044026426328
eval_mixed_funnel_portfolio_1,mixed_funnel_portfolio,full_flight_buffer_then_freeze,8,0.12756044026426328
eval_mixed_funnel_portfolio_1,mixed_funnel_portfolio,full_flight_buffer_then_freeze,9,0.12756044026426328
eval_mixed_funnel_portfolio_1,mixed_funnel_portfolio,full_flight_buffer_then_freeze,10,0.12756044026426328
eval_mixed_funnel_portfolio_1,mixed_funnel_portfolio,full_flight_buffer_then_freeze,11,0.12756044026426328
eval_mixed_funnel_portfolio_1,mixed_funnel_portfolio,full_flight_buffer_then_freeze,12,0.12756044026426328
eval_mixed_funnel_portfolio_1,mixed_funnel_portfolio,full_flight_buffer_then_freeze,13,0.12756044026426328
eval_mixed_funnel_portfolio_1,mixed_funnel_portfolio,oracle_same_day_dial,1,0.0
eval_mixed_funnel_portfolio_1,mixed_funnel_portfolio,oracle_same_day_dial,2,0.0
eval_mixed_funnel_portfolio_1,mixed_funnel_portfolio,oracle_same_day_dial,3,0.0
eval_mixed_funnel_portfolio_1,mixed_funnel_portfolio,oracle_same_day_dial,4,0.0
eval_mixed_funnel_portfolio_1,mixed_funnel_portfolio,oracle_same_day_dial,5,0.0
eval_mixed_funnel_portfolio_1,mixed_funnel_portfolio,oracle_same_day_dial,6,0.0
eval_mixed_funnel_portfolio_1,mixed_funnel_portfolio,oracle_same_day_dial,7,0.0
eval_mixed_funnel_portfolio_1,mixed_funnel_portfolio,oracle_same_day_dial,8,0.0
eval_mixed_funnel_portfolio_1,mixed_funnel_portfolio,oracle_same_day_dial,9,0.11875
eval_mixed_funnel_portfolio_1,mixed_funnel_portfolio,oracle_same_day_dial,10,0.0
eval_mixed_funnel_portfolio_1,mixed_funnel_portfolio,oracle_same_day_dial,11,0.0
eval_mixed_funnel_portfolio_1,mixed_funnel_portfolio,oracle_same_day_dial,12,0.0
eval_mixed_funnel_portfolio_1,mixed_funnel_portfolio,oracle_same_day_dial,13,0.0
eval_linkage_shift_-1.0_0,linkage_shift_-1.0,fixed_model_line_pool,1,0.0
eval_linkage_shift_-1.0_0,linkage_shift_-1.0,fixed_model_line_pool,2,0.0
eval_linkage_shift_-1.0_0,linkage_shift_-1.0,fixed_model_line_pool,3,0.0
eval_linkage_shift_-1.0_0,linkage_shift_-1.0,fixed_model_line_pool,4,0.0
eval_linkage_shift_-1.0_0,linkage_shift_-1.0,fixed_model_line_pool,5,0.0
eval_linkage_shift_-1.0_0,linkage_shift_-1.0,fixed_model_line_pool,6,0.0
eval_linkage_shift_-1.0_0,linkage_shift_-1.0,fixed_model_line_pool,7,0.0
eval_linkage_shift_-1.0_0,linkage_shift_-1.0,fixed_model_line_pool,8,0.0
eval_linkage_shift_-1.0_0,linkage_shift_-1.0,fixed_model_line_pool,9,0.0
eval_linkage_shift_-1.0_0,linkage_shift_-1.0,fixed_model_line_pool,10,0.0
eval_linkage_shift_-1.0_0,linkage_shift_-1.0,fixed_model_line_pool,11,0.0
eval_linkage_shift_-1.0_0,linkage_shift_-1.0,fixed_model_line_pool,12,0.0
eval_linkage_shift_-1.0_0,linkage_shift_-1.0,fixed_model_line_pool,13,0.0
eval_linkage_shift_-1.0_0,linkage_shift_-1.0,context_and_scale_only_pool,1,0.37506965498320594
eval_linkage_shift_-1.0_0,linkage_shift_-1.0,context_and_scale_only_pool,2,0.4300975194447642
eval_linkage_shift_-1.0_0,linkage_shift_-1.0,context_and_scale_only_pool,3,0.46320683159104625
eval_linkage_shift_-1.0_0,linkage_shift_-1.0,context_and_scale_only_pool,4,0.47412070282126273
eval_linkage_shift_-1.0_0,linkage_shift_-1.0,context_and_scale_only_pool,5,0.4795687079618012
eval_linkage_shift_-1.0_0,linkage_shift_-1.0,context_and_scale_only_pool,6,0.4893642171401485
eval_linkage_shift_-1.0_0,linkage_shift_-1.0,context_and_scale_only_pool,7,0.4985114834429182
eval_linkage_shift_-1.0_0,linkage_shift_-1.0,context_and_scale_only_pool,8,0.5135611010104694
eval_linkage_shift_-1.0_0,linkage_shift_-1.0,context_and_scale_only_pool,9,0.5296448015227647
eval_linkage_shift_-1.0_0,linkage_shift_-1.0,context_and_scale_only_pool,10,0.5407195108237534
eval_linkage_shift_-1.0_0,linkage_shift_-1.0,context_and_scale_only_pool,11,0.5505074295278237
eval_linkage_shift_-1.0_0,linkage_shift_-1.0,context_and_scale_only_pool,12,0.5570316263634061
eval_linkage_shift_-1.0_0,linkage_shift_-1.0,context_and_scale_only_pool,13,0.5610794006066743
eval_linkage_shift_-1.0_0,linkage_shift_-1.0,provider_blended_ordered_pool,1,0.3270670673082044
eval_linkage_shift_-1.0_0,linkage_shift_-1.0,provider_blended_ordered_pool,2,0.4163815183170346
eval_linkage_shift_-1.0_0,linkage_shift_-1.0,provider_blended_ordered_pool,3,0.44908278669447427
eval_linkage_shift_-1.0_0,linkage_shift_-1.0,provider_blended_ordered_pool,4,0.4620103734418022
eval_linkage_shift_-1.0_0,linkage_shift_-1.0,provider_blended_ordered_pool,5,0.46516191023114184
eval_linkage_shift_-1.0_0,linkage_shift_-1.0,provider_blended_ordered_pool,6,0.4744472458249722
eval_linkage_shift_-1.0_0,linkage_shift_-1.0,provider_blended_ordered_pool,7,0.4845608420227936
eval_linkage_shift_-1.0_0,linkage_shift_-1.0,provider_blended_ordered_pool,8,0.4986338724965458
eval_linkage_shift_-1.0_0,linkage_shift_-1.0,provider_blended_ordered_pool,9,0.5142671999041816
eval_linkage_shift_-1.0_0,linkage_shift_-1.0,provider_blended_ordered_pool,10,0.524111571767781
eval_linkage_shift_-1.0_0,linkage_shift_-1.0,provider_blended_ordered_pool,11,0.5336998611980648
eval_linkage_shift_-1.0_0,linkage_shift_-1.0,provider_blended_ordered_pool,12,0.5404679248591703
eval_linkage_shift_-1.0_0,linkage_shift_-1.0,provider_blended_ordered_pool,13,0.5444168722114999
eval_linkage_shift_-1.0_0,linkage_shift_-1.0,ordered_collision_resolved_overlap_pool,1,0.5661182442148689
eval_linkage_shift_-1.0_0,linkage_shift_-1.0,ordered_collision_resolved_overlap_pool,2,0.6792923072777408
eval_linkage_shift_-1.0_0,linkage_shift_-1.0,ordered_collision_resolved_overlap_pool,3,0.7298664815635704
eval_linkage_shift_-1.0_0,linkage_shift_-1.0,ordered_collision_resolved_overlap_pool,4,0.8193450220626722
eval_linkage_shift_-1.0_0,linkage_shift_-1.0,ordered_collision_resolved_overlap_pool,5,0.8487507005863606
eval_linkage_shift_-1.0_0,linkage_shift_-1.0,ordered_collision_resolved_overlap_pool,6,0.8771417776656187
eval_linkage_shift_-1.0_0,linkage_shift_-1.0,ordered_collision_resolved_overlap_pool,7,0.913736725936392
eval_linkage_shift_-1.0_0,linkage_shift_-1.0,ordered_collision_resolved_overlap_pool,8,0.942507707312898
eval_linkage_shift_-1.0_0,linkage_shift_-1.0,ordered_collision_resolved_overlap_pool,9,0.95
eval_linkage_shift_-1.0_0,linkage_shift_-1.0,ordered_collision_resolved_overlap_pool,10,0.95
eval_linkage_shift_-1.0_0,linkage_shift_-1.0,ordered_collision_resolved_overlap_pool,11,0.95
eval_linkage_shift_-1.0_0,linkage_shift_-1.0,ordered_collision_resolved_overlap_pool,12,0.95
eval_linkage_shift_-1.0_0,linkage_shift_-1.0,ordered_collision_resolved_overlap_pool,13,0.95
eval_linkage_shift_-1.0_0,linkage_shift_-1.0,fixed_marginal_overlap_atlas,1,0.0
eval_linkage_shift_-1.0_0,linkage_shift_-1.0,fixed_marginal_overlap_atlas,2,0.03511492772879335
eval_linkage_shift_-1.0_0,linkage_shift_-1.0,fixed_marginal_overlap_atlas,3,0.10528851083753513
eval_linkage_shift_-1.0_0,linkage_shift_-1.0,fixed_marginal_overlap_atlas,4,0.15473353445782467
eval_linkage_shift_-1.0_0,linkage_shift_-1.0,fixed_marginal_overlap_atlas,5,0.17008966099433367
eval_linkage_shift_-1.0_0,linkage_shift_-1.0,fixed_marginal_overlap_atlas,6,0.19972147278712332
eval_linkage_shift_-1.0_0,linkage_shift_-1.0,fixed_marginal_overlap_atlas,7,0.2165477370483682
eval_linkage_shift_-1.0_0,linkage_shift_-1.0,fixed_marginal_overlap_atlas,8,0.21952664344318218
eval_linkage_shift_-1.0_0,linkage_shift_-1.0,fixed_marginal_overlap_atlas,9,0.23124725923694844
eval_linkage_shift_-1.0_0,linkage_shift_-1.0,fixed_marginal_overlap_atlas,10,0.23171682777660585
eval_linkage_shift_-1.0_0,linkage_shift_-1.0,fixed_marginal_overlap_atlas,11,0.2394976870258766
eval_linkage_shift_-1.0_0,linkage_shift_-1.0,fixed_marginal_overlap_atlas,12,0.24690255920403165
eval_linkage_shift_-1.0_0,linkage_shift_-1.0,fixed_marginal_overlap_atlas,13,0.2502139979738977
eval_linkage_shift_-1.0_0,linkage_shift_-1.0,pair_targeted_fixed_marginal_atlas,1,0.0
eval_linkage_shift_-1.0_0,linkage_shift_-1.0,pair_targeted_fixed_marginal_atlas,2,0.03511492772879335
eval_linkage_shift_-1.0_0,linkage_shift_-1.0,pair_targeted_fixed_marginal_atlas,3,0.10528851083753513
eval_linkage_shift_-1.0_0,linkage_shift_-1.0,pair_targeted_fixed_marginal_atlas,4,0.15473353445782467
eval_linkage_shift_-1.0_0,linkage_shift_-1.0,pair_targeted_fixed_marginal_atlas,5,0.17008966099433367
eval_linkage_shift_-1.0_0,linkage_shift_-1.0,pair_targeted_fixed_marginal_atlas,6,0.19972147278712332
eval_linkage_shift_-1.0_0,linkage_shift_-1.0,pair_targeted_fixed_marginal_atlas,7,0.2165477370483682
eval_linkage_shift_-1.0_0,linkage_shift_-1.0,pair_targeted_fixed_marginal_atlas,8,0.21952664344318218
eval_linkage_shift_-1.0_0,linkage_shift_-1.0,pair_targeted_fixed_marginal_atlas,9,0.23124725923694844
eval_linkage_shift_-1.0_0,linkage_shift_-1.0,pair_targeted_fixed_marginal_atlas,10,0.23171682777660585
eval_linkage_shift_-1.0_0,linkage_shift_-1.0,pair_targeted_fixed_marginal_atlas,11,0.2394976870258766
eval_linkage_shift_-1.0_0,linkage_shift_-1.0,pair_targeted_fixed_marginal_atlas,12,0.24690255920403165
eval_linkage_shift_-1.0_0,linkage_shift_-1.0,pair_targeted_fixed_marginal_atlas,13,0.2502139979738977
eval_linkage_shift_-1.0_0,linkage_shift_-1.0,same_day_adaptive_pool,1,0.2877922228468395
eval_linkage_shift_-1.0_0,linkage_shift_-1.0,same_day_adaptive_pool,2,0.35331860224052336
eval_linkage_shift_-1.0_0,linkage_shift_-1.0,same_day_adaptive_pool,3,0.41559570667764495
eval_linkage_shift_-1.0_0,linkage_shift_-1.0,same_day_adaptive_pool,4,0.4072734325717617
eval_linkage_shift_-1.0_0,linkage_shift_-1.0,same_day_adaptive_pool,5,0.4095951150999304
eval_linkage_shift_-1.0_0,linkage_shift_-1.0,same_day_adaptive_pool,6,0.4167626923061938
eval_linkage_shift_-1.0_0,linkage_shift_-1.0,same_day_adaptive_pool,7,0.4155400953200197
eval_linkage_shift_-1.0_0,linkage_shift_-1.0,same_day_adaptive_pool,8,0.42314540278891977
eval_linkage_shift_-1.0_0,linkage_shift_-1.0,same_day_adaptive_pool,9,0.43799576677138163
eval_linkage_shift_-1.0_0,linkage_shift_-1.0,same_day_adaptive_pool,10,0.4303958414414395
eval_linkage_shift_-1.0_0,linkage_shift_-1.0,same_day_adaptive_pool,11,0.42210455238375405
eval_linkage_shift_-1.0_0,linkage_shift_-1.0,same_day_adaptive_pool,12,0.41195932537263835
eval_linkage_shift_-1.0_0,linkage_shift_-1.0,same_day_adaptive_pool,13,0.363369625303568
eval_linkage_shift_-1.0_0,linkage_shift_-1.0,cumulative_adaptive_pool,1,0.2877922228468395
eval_linkage_shift_-1.0_0,linkage_shift_-1.0,cumulative_adaptive_pool,2,0.405159335576165
eval_linkage_shift_-1.0_0,linkage_shift_-1.0,cumulative_adaptive_pool,3,0.4375267499609153
eval_linkage_shift_-1.0_0,linkage_shift_-1.0,cumulative_adaptive_pool,4,0.45210192213133443
eval_linkage_shift_-1.0_0,linkage_shift_-1.0,cumulative_adaptive_pool,5,0.4533745302696932
eval_linkage_shift_-1.0_0,linkage_shift_-1.0,cumulative_adaptive_pool,6,0.46224245111255524
eval_linkage_shift_-1.0_0,linkage_shift_-1.0,cumulative_adaptive_pool,7,0.4731466808608734
eval_linkage_shift_-1.0_0,linkage_shift_-1.0,cumulative_adaptive_pool,8,0.48642068553060824
eval_linkage_shift_-1.0_0,linkage_shift_-1.0,cumulative_adaptive_pool,9,0.5016855258526135
eval_linkage_shift_-1.0_0,linkage_shift_-1.0,cumulative_adaptive_pool,10,0.5105232579947128
eval_linkage_shift_-1.0_0,linkage_shift_-1.0,cumulative_adaptive_pool,11,0.5199482143828074
eval_linkage_shift_-1.0_0,linkage_shift_-1.0,cumulative_adaptive_pool,12,0.5269158054466136
eval_linkage_shift_-1.0_0,linkage_shift_-1.0,cumulative_adaptive_pool,13,0.53078389443363
eval_linkage_shift_-1.0_0,linkage_shift_-1.0,quantized_hysteresis_pool,1,0.30000000000000004
eval_linkage_shift_-1.0_0,linkage_shift_-1.0,quantized_hysteresis_pool,2,0.30000000000000004
eval_linkage_shift_-1.0_0,linkage_shift_-1.0,quantized_hysteresis_pool,3,0.30000000000000004
eval_linkage_shift_-1.0_0,linkage_shift_-1.0,quantized_hysteresis_pool,4,0.4
eval_linkage_shift_-1.0_0,linkage_shift_-1.0,quantized_hysteresis_pool,5,0.4
eval_linkage_shift_-1.0_0,linkage_shift_-1.0,quantized_hysteresis_pool,6,0.4
eval_linkage_shift_-1.0_0,linkage_shift_-1.0,quantized_hysteresis_pool,7,0.4
eval_linkage_shift_-1.0_0,linkage_shift_-1.0,quantized_hysteresis_pool,8,0.4
eval_linkage_shift_-1.0_0,linkage_shift_-1.0,quantized_hysteresis_pool,9,0.5
eval_linkage_shift_-1.0_0,linkage_shift_-1.0,quantized_hysteresis_pool,10,0.5
eval_linkage_shift_-1.0_0,linkage_shift_-1.0,quantized_hysteresis_pool,11,0.5
eval_linkage_shift_-1.0_0,linkage_shift_-1.0,quantized_hysteresis_pool,12,0.5
eval_linkage_shift_-1.0_0,linkage_shift_-1.0,quantized_hysteresis_pool,13,0.5
eval_linkage_shift_-1.0_0,linkage_shift_-1.0,sticky_first_seen_pool,1,0.2877922228468395
eval_linkage_shift_-1.0_0,linkage_shift_-1.0,sticky_first_seen_pool,2,0.405159335576165
eval_linkage_shift_-1.0_0,linkage_shift_-1.0,sticky_first_seen_pool,3,0.4375267499609153
eval_linkage_shift_-1.0_0,linkage_shift_-1.0,sticky_first_seen_pool,4,0.45210192213133443
eval_linkage_shift_-1.0_0,linkage_shift_-1.0,sticky_first_seen_pool,5,0.4533745302696932
eval_linkage_shift_-1.0_0,linkage_shift_-1.0,sticky_first_seen_pool,6,0.46224245111255524
eval_linkage_shift_-1.0_0,linkage_shift_-1.0,sticky_first_seen_pool,7,0.4731466808608734
eval_linkage_shift_-1.0_0,linkage_shift_-1.0,sticky_first_seen_pool,8,0.48642068553060824
eval_linkage_shift_-1.0_0,linkage_shift_-1.0,sticky_first_seen_pool,9,0.5016855258526135
eval_linkage_shift_-1.0_0,linkage_shift_-1.0,sticky_first_seen_pool,10,0.5105232579947128
eval_linkage_shift_-1.0_0,linkage_shift_-1.0,sticky_first_seen_pool,11,0.5199482143828074
eval_linkage_shift_-1.0_0,linkage_shift_-1.0,sticky_first_seen_pool,12,0.5269158054466136
eval_linkage_shift_-1.0_0,linkage_shift_-1.0,sticky_first_seen_pool,13,0.53078389443363
eval_linkage_shift_-1.0_0,linkage_shift_-1.0,ordered_memoized_rank_lattice,1,0.30000000000000004
eval_linkage_shift_-1.0_0,linkage_shift_-1.0,ordered_memoized_rank_lattice,2,0.30000000000000004
eval_linkage_shift_-1.0_0,linkage_shift_-1.0,ordered_memoized_rank_lattice,3,0.30000000000000004
eval_linkage_shift_-1.0_0,linkage_shift_-1.0,ordered_memoized_rank_lattice,4,0.4
eval_linkage_shift_-1.0_0,linkage_shift_-1.0,ordered_memoized_rank_lattice,5,0.4
eval_linkage_shift_-1.0_0,linkage_shift_-1.0,ordered_memoized_rank_lattice,6,0.4
eval_linkage_shift_-1.0_0,linkage_shift_-1.0,ordered_memoized_rank_lattice,7,0.4
eval_linkage_shift_-1.0_0,linkage_shift_-1.0,ordered_memoized_rank_lattice,8,0.4
eval_linkage_shift_-1.0_0,linkage_shift_-1.0,ordered_memoized_rank_lattice,9,0.5
eval_linkage_shift_-1.0_0,linkage_shift_-1.0,ordered_memoized_rank_lattice,10,0.5
eval_linkage_shift_-1.0_0,linkage_shift_-1.0,ordered_memoized_rank_lattice,11,0.5
eval_linkage_shift_-1.0_0,linkage_shift_-1.0,ordered_memoized_rank_lattice,12,0.5
eval_linkage_shift_-1.0_0,linkage_shift_-1.0,ordered_memoized_rank_lattice,13,0.5
eval_linkage_shift_-1.0_0,linkage_shift_-1.0,cohort_3_week_rank_lattice,1,0.30000000000000004
eval_linkage_shift_-1.0_0,linkage_shift_-1.0,cohort_3_week_rank_lattice,2,0.30000000000000004
eval_linkage_shift_-1.0_0,linkage_shift_-1.0,cohort_3_week_rank_lattice,3,0.30000000000000004
eval_linkage_shift_-1.0_0,linkage_shift_-1.0,cohort_3_week_rank_lattice,4,0.4
eval_linkage_shift_-1.0_0,linkage_shift_-1.0,cohort_3_week_rank_lattice,5,0.4
eval_linkage_shift_-1.0_0,linkage_shift_-1.0,cohort_3_week_rank_lattice,6,0.4
eval_linkage_shift_-1.0_0,linkage_shift_-1.0,cohort_3_week_rank_lattice,7,0.4
eval_linkage_shift_-1.0_0,linkage_shift_-1.0,cohort_3_week_rank_lattice,8,0.4
eval_linkage_shift_-1.0_0,linkage_shift_-1.0,cohort_3_week_rank_lattice,9,0.5
eval_linkage_shift_-1.0_0,linkage_shift_-1.0,cohort_3_week_rank_lattice,10,0.5
eval_linkage_shift_-1.0_0,linkage_shift_-1.0,cohort_3_week_rank_lattice,11,0.5
eval_linkage_shift_-1.0_0,linkage_shift_-1.0,cohort_3_week_rank_lattice,12,0.5
eval_linkage_shift_-1.0_0,linkage_shift_-1.0,cohort_3_week_rank_lattice,13,0.5
eval_linkage_shift_-1.0_0,linkage_shift_-1.0,oracle_online_venn_recent,1,0.0
eval_linkage_shift_-1.0_0,linkage_shift_-1.0,oracle_online_venn_recent,2,0.0
eval_linkage_shift_-1.0_0,linkage_shift_-1.0,oracle_online_venn_recent,3,0.0
eval_linkage_shift_-1.0_0,linkage_shift_-1.0,oracle_online_venn_recent,4,0.0
eval_linkage_shift_-1.0_0,linkage_shift_-1.0,oracle_online_venn_recent,5,0.0
eval_linkage_shift_-1.0_0,linkage_shift_-1.0,oracle_online_venn_recent,6,0.0
eval_linkage_shift_-1.0_0,linkage_shift_-1.0,oracle_online_venn_recent,7,0.0
eval_linkage_shift_-1.0_0,linkage_shift_-1.0,oracle_online_venn_recent,8,0.0
eval_linkage_shift_-1.0_0,linkage_shift_-1.0,oracle_online_venn_recent,9,0.0
eval_linkage_shift_-1.0_0,linkage_shift_-1.0,oracle_online_venn_recent,10,0.0
eval_linkage_shift_-1.0_0,linkage_shift_-1.0,oracle_online_venn_recent,11,0.0
eval_linkage_shift_-1.0_0,linkage_shift_-1.0,oracle_online_venn_recent,12,0.0
eval_linkage_shift_-1.0_0,linkage_shift_-1.0,oracle_online_venn_recent,13,0.0
eval_linkage_shift_-1.0_0,linkage_shift_-1.0,oracle_online_venn_oldest,1,0.0
eval_linkage_shift_-1.0_0,linkage_shift_-1.0,oracle_online_venn_oldest,2,0.0
eval_linkage_shift_-1.0_0,linkage_shift_-1.0,oracle_online_venn_oldest,3,0.0
eval_linkage_shift_-1.0_0,linkage_shift_-1.0,oracle_online_venn_oldest,4,0.0
eval_linkage_shift_-1.0_0,linkage_shift_-1.0,oracle_online_venn_oldest,5,0.0
eval_linkage_shift_-1.0_0,linkage_shift_-1.0,oracle_online_venn_oldest,6,0.0
eval_linkage_shift_-1.0_0,linkage_shift_-1.0,oracle_online_venn_oldest,7,0.0
eval_linkage_shift_-1.0_0,linkage_shift_-1.0,oracle_online_venn_oldest,8,0.0
eval_linkage_shift_-1.0_0,linkage_shift_-1.0,oracle_online_venn_oldest,9,0.0
eval_linkage_shift_-1.0_0,linkage_shift_-1.0,oracle_online_venn_oldest,10,0.0
eval_linkage_shift_-1.0_0,linkage_shift_-1.0,oracle_online_venn_oldest,11,0.0
eval_linkage_shift_-1.0_0,linkage_shift_-1.0,oracle_online_venn_oldest,12,0.0
eval_linkage_shift_-1.0_0,linkage_shift_-1.0,oracle_online_venn_oldest,13,0.0
eval_linkage_shift_-1.0_0,linkage_shift_-1.0,oracle_online_union_recent,1,0.0
eval_linkage_shift_-1.0_0,linkage_shift_-1.0,oracle_online_union_recent,2,0.0
eval_linkage_shift_-1.0_0,linkage_shift_-1.0,oracle_online_union_recent,3,0.0
eval_linkage_shift_-1.0_0,linkage_shift_-1.0,oracle_online_union_recent,4,0.0
eval_linkage_shift_-1.0_0,linkage_shift_-1.0,oracle_online_union_recent,5,0.0
eval_linkage_shift_-1.0_0,linkage_shift_-1.0,oracle_online_union_recent,6,0.0
eval_linkage_shift_-1.0_0,linkage_shift_-1.0,oracle_online_union_recent,7,0.0
eval_linkage_shift_-1.0_0,linkage_shift_-1.0,oracle_online_union_recent,8,0.0
eval_linkage_shift_-1.0_0,linkage_shift_-1.0,oracle_online_union_recent,9,0.0
eval_linkage_shift_-1.0_0,linkage_shift_-1.0,oracle_online_union_recent,10,0.0
eval_linkage_shift_-1.0_0,linkage_shift_-1.0,oracle_online_union_recent,11,0.0
eval_linkage_shift_-1.0_0,linkage_shift_-1.0,oracle_online_union_recent,12,0.0
eval_linkage_shift_-1.0_0,linkage_shift_-1.0,oracle_online_union_recent,13,0.0
eval_linkage_shift_-1.0_0,linkage_shift_-1.0,oracle_online_union_oldest,1,0.0
eval_linkage_shift_-1.0_0,linkage_shift_-1.0,oracle_online_union_oldest,2,0.0
eval_linkage_shift_-1.0_0,linkage_shift_-1.0,oracle_online_union_oldest,3,0.0
eval_linkage_shift_-1.0_0,linkage_shift_-1.0,oracle_online_union_oldest,4,0.0
eval_linkage_shift_-1.0_0,linkage_shift_-1.0,oracle_online_union_oldest,5,0.0
eval_linkage_shift_-1.0_0,linkage_shift_-1.0,oracle_online_union_oldest,6,0.0
eval_linkage_shift_-1.0_0,linkage_shift_-1.0,oracle_online_union_oldest,7,0.0
eval_linkage_shift_-1.0_0,linkage_shift_-1.0,oracle_online_union_oldest,8,0.0
eval_linkage_shift_-1.0_0,linkage_shift_-1.0,oracle_online_union_oldest,9,0.0
eval_linkage_shift_-1.0_0,linkage_shift_-1.0,oracle_online_union_oldest,10,0.0
eval_linkage_shift_-1.0_0,linkage_shift_-1.0,oracle_online_union_oldest,11,0.0
eval_linkage_shift_-1.0_0,linkage_shift_-1.0,oracle_online_union_oldest,12,0.0
eval_linkage_shift_-1.0_0,linkage_shift_-1.0,oracle_online_union_oldest,13,0.0
eval_linkage_shift_-1.0_0,linkage_shift_-1.0,forbidden_person_identity_oracle,1,0.0
eval_linkage_shift_-1.0_0,linkage_shift_-1.0,forbidden_person_identity_oracle,2,0.0
eval_linkage_shift_-1.0_0,linkage_shift_-1.0,forbidden_person_identity_oracle,3,0.0
eval_linkage_shift_-1.0_0,linkage_shift_-1.0,forbidden_person_identity_oracle,4,0.0
eval_linkage_shift_-1.0_0,linkage_shift_-1.0,forbidden_person_identity_oracle,5,0.0
eval_linkage_shift_-1.0_0,linkage_shift_-1.0,forbidden_person_identity_oracle,6,0.0
eval_linkage_shift_-1.0_0,linkage_shift_-1.0,forbidden_person_identity_oracle,7,0.0
eval_linkage_shift_-1.0_0,linkage_shift_-1.0,forbidden_person_identity_oracle,8,0.0
eval_linkage_shift_-1.0_0,linkage_shift_-1.0,forbidden_person_identity_oracle,9,0.0
eval_linkage_shift_-1.0_0,linkage_shift_-1.0,forbidden_person_identity_oracle,10,0.0
eval_linkage_shift_-1.0_0,linkage_shift_-1.0,forbidden_person_identity_oracle,11,0.0
eval_linkage_shift_-1.0_0,linkage_shift_-1.0,forbidden_person_identity_oracle,12,0.0
eval_linkage_shift_-1.0_0,linkage_shift_-1.0,forbidden_person_identity_oracle,13,0.0
eval_linkage_shift_-1.0_0,linkage_shift_-1.0,three_day_buffer_then_freeze,1,0.4375267499609153
eval_linkage_shift_-1.0_0,linkage_shift_-1.0,three_day_buffer_then_freeze,2,0.4375267499609153
eval_linkage_shift_-1.0_0,linkage_shift_-1.0,three_day_buffer_then_freeze,3,0.4375267499609153
eval_linkage_shift_-1.0_0,linkage_shift_-1.0,three_day_buffer_then_freeze,4,0.4375267499609153
eval_linkage_shift_-1.0_0,linkage_shift_-1.0,three_day_buffer_then_freeze,5,0.4375267499609153
eval_linkage_shift_-1.0_0,linkage_shift_-1.0,three_day_buffer_then_freeze,6,0.4375267499609153
eval_linkage_shift_-1.0_0,linkage_shift_-1.0,three_day_buffer_then_freeze,7,0.4375267499609153
eval_linkage_shift_-1.0_0,linkage_shift_-1.0,three_day_buffer_then_freeze,8,0.4375267499609153
eval_linkage_shift_-1.0_0,linkage_shift_-1.0,three_day_buffer_then_freeze,9,0.4375267499609153
eval_linkage_shift_-1.0_0,linkage_shift_-1.0,three_day_buffer_then_freeze,10,0.4375267499609153
eval_linkage_shift_-1.0_0,linkage_shift_-1.0,three_day_buffer_then_freeze,11,0.4375267499609153
eval_linkage_shift_-1.0_0,linkage_shift_-1.0,three_day_buffer_then_freeze,12,0.4375267499609153
eval_linkage_shift_-1.0_0,linkage_shift_-1.0,three_day_buffer_then_freeze,13,0.4375267499609153
eval_linkage_shift_-1.0_0,linkage_shift_-1.0,full_flight_buffer_then_freeze,1,0.53078389443363
eval_linkage_shift_-1.0_0,linkage_shift_-1.0,full_flight_buffer_then_freeze,2,0.53078389443363
eval_linkage_shift_-1.0_0,linkage_shift_-1.0,full_flight_buffer_then_freeze,3,0.53078389443363
eval_linkage_shift_-1.0_0,linkage_shift_-1.0,full_flight_buffer_then_freeze,4,0.53078389443363
eval_linkage_shift_-1.0_0,linkage_shift_-1.0,full_flight_buffer_then_freeze,5,0.53078389443363
eval_linkage_shift_-1.0_0,linkage_shift_-1.0,full_flight_buffer_then_freeze,6,0.53078389443363
eval_linkage_shift_-1.0_0,linkage_shift_-1.0,full_flight_buffer_then_freeze,7,0.53078389443363
eval_linkage_shift_-1.0_0,linkage_shift_-1.0,full_flight_buffer_then_freeze,8,0.53078389443363
eval_linkage_shift_-1.0_0,linkage_shift_-1.0,full_flight_buffer_then_freeze,9,0.53078389443363
eval_linkage_shift_-1.0_0,linkage_shift_-1.0,full_flight_buffer_then_freeze,10,0.53078389443363
eval_linkage_shift_-1.0_0,linkage_shift_-1.0,full_flight_buffer_then_freeze,11,0.53078389443363
eval_linkage_shift_-1.0_0,linkage_shift_-1.0,full_flight_buffer_then_freeze,12,0.53078389443363
eval_linkage_shift_-1.0_0,linkage_shift_-1.0,full_flight_buffer_then_freeze,13,0.53078389443363
eval_linkage_shift_-1.0_0,linkage_shift_-1.0,oracle_same_day_dial,1,0.35624999999999996
eval_linkage_shift_-1.0_0,linkage_shift_-1.0,oracle_same_day_dial,2,0.475
eval_linkage_shift_-1.0_0,linkage_shift_-1.0,oracle_same_day_dial,3,0.475
eval_linkage_shift_-1.0_0,linkage_shift_-1.0,oracle_same_day_dial,4,0.5343749999999999
eval_linkage_shift_-1.0_0,linkage_shift_-1.0,oracle_same_day_dial,5,0.475
eval_linkage_shift_-1.0_0,linkage_shift_-1.0,oracle_same_day_dial,6,0.475
eval_linkage_shift_-1.0_0,linkage_shift_-1.0,oracle_same_day_dial,7,0.475
eval_linkage_shift_-1.0_0,linkage_shift_-1.0,oracle_same_day_dial,8,0.475
eval_linkage_shift_-1.0_0,linkage_shift_-1.0,oracle_same_day_dial,9,0.41562499999999997
eval_linkage_shift_-1.0_0,linkage_shift_-1.0,oracle_same_day_dial,10,0.475
eval_linkage_shift_-1.0_0,linkage_shift_-1.0,oracle_same_day_dial,11,0.475
eval_linkage_shift_-1.0_0,linkage_shift_-1.0,oracle_same_day_dial,12,0.475
eval_linkage_shift_-1.0_0,linkage_shift_-1.0,oracle_same_day_dial,13,0.5343749999999999
eval_linkage_shift_-1.0_1,linkage_shift_-1.0,fixed_model_line_pool,1,0.0
eval_linkage_shift_-1.0_1,linkage_shift_-1.0,fixed_model_line_pool,2,0.0
eval_linkage_shift_-1.0_1,linkage_shift_-1.0,fixed_model_line_pool,3,0.0
eval_linkage_shift_-1.0_1,linkage_shift_-1.0,fixed_model_line_pool,4,0.0
eval_linkage_shift_-1.0_1,linkage_shift_-1.0,fixed_model_line_pool,5,0.0
eval_linkage_shift_-1.0_1,linkage_shift_-1.0,fixed_model_line_pool,6,0.0
eval_linkage_shift_-1.0_1,linkage_shift_-1.0,fixed_model_line_pool,7,0.0
eval_linkage_shift_-1.0_1,linkage_shift_-1.0,fixed_model_line_pool,8,0.0
eval_linkage_shift_-1.0_1,linkage_shift_-1.0,fixed_model_line_pool,9,0.0
eval_linkage_shift_-1.0_1,linkage_shift_-1.0,fixed_model_line_pool,10,0.0
eval_linkage_shift_-1.0_1,linkage_shift_-1.0,fixed_model_line_pool,11,0.0
eval_linkage_shift_-1.0_1,linkage_shift_-1.0,fixed_model_line_pool,12,0.0
eval_linkage_shift_-1.0_1,linkage_shift_-1.0,fixed_model_line_pool,13,0.0
eval_linkage_shift_-1.0_1,linkage_shift_-1.0,context_and_scale_only_pool,1,0.38032173934614194
eval_linkage_shift_-1.0_1,linkage_shift_-1.0,context_and_scale_only_pool,2,0.424275709373987
eval_linkage_shift_-1.0_1,linkage_shift_-1.0,context_and_scale_only_pool,3,0.45048204327056524
eval_linkage_shift_-1.0_1,linkage_shift_-1.0,context_and_scale_only_pool,4,0.46661117277857467
eval_linkage_shift_-1.0_1,linkage_shift_-1.0,context_and_scale_only_pool,5,0.4840171921260373
eval_linkage_shift_-1.0_1,linkage_shift_-1.0,context_and_scale_only_pool,6,0.49958991116934104
eval_linkage_shift_-1.0_1,linkage_shift_-1.0,context_and_scale_only_pool,7,0.5196414174617465
eval_linkage_shift_-1.0_1,linkage_shift_-1.0,context_and_scale_only_pool,8,0.5395819577324532
eval_linkage_shift_-1.0_1,linkage_shift_-1.0,context_and_scale_only_pool,9,0.5592750777700769
eval_linkage_shift_-1.0_1,linkage_shift_-1.0,context_and_scale_only_pool,10,0.5746983419754198
eval_linkage_shift_-1.0_1,linkage_shift_-1.0,context_and_scale_only_pool,11,0.5809878830154234
eval_linkage_shift_-1.0_1,linkage_shift_-1.0,context_and_scale_only_pool,12,0.5750025976882993
eval_linkage_shift_-1.0_1,linkage_shift_-1.0,context_and_scale_only_pool,13,0.5610794006066743
eval_linkage_shift_-1.0_1,linkage_shift_-1.0,provider_blended_ordered_pool,1,0.3687434723264549
eval_linkage_shift_-1.0_1,linkage_shift_-1.0,provider_blended_ordered_pool,2,0.4112835698041929
eval_linkage_shift_-1.0_1,linkage_shift_-1.0,provider_blended_ordered_pool,3,0.43733105348516427
eval_linkage_shift_-1.0_1,linkage_shift_-1.0,provider_blended_ordered_pool,4,0.45388017630702493
eval_linkage_shift_-1.0_1,linkage_shift_-1.0,provider_blended_ordered_pool,5,0.46746907917401737
eval_linkage_shift_-1.0_1,linkage_shift_-1.0,provider_blended_ordered_pool,6,0.4843405109589113
eval_linkage_shift_-1.0_1,linkage_shift_-1.0,provider_blended_ordered_pool,7,0.5025096479299795
eval_linkage_shift_-1.0_1,linkage_shift_-1.0,provider_blended_ordered_pool,8,0.5212383758800953
eval_linkage_shift_-1.0_1,linkage_shift_-1.0,provider_blended_ordered_pool,9,0.5379946017193928
eval_linkage_shift_-1.0_1,linkage_shift_-1.0,provider_blended_ordered_pool,10,0.5517070532539086
eval_linkage_shift_-1.0_1,linkage_shift_-1.0,provider_blended_ordered_pool,11,0.5581723572577184
eval_linkage_shift_-1.0_1,linkage_shift_-1.0,provider_blended_ordered_pool,12,0.5545652197641221
eval_linkage_shift_-1.0_1,linkage_shift_-1.0,provider_blended_ordered_pool,13,0.5440727812290714
eval_linkage_shift_-1.0_1,linkage_shift_-1.0,ordered_collision_resolved_overlap_pool,1,0.638442037815107
eval_linkage_shift_-1.0_1,linkage_shift_-1.0,ordered_collision_resolved_overlap_pool,2,0.7045884231711197
eval_linkage_shift_-1.0_1,linkage_shift_-1.0,ordered_collision_resolved_overlap_pool,3,0.7164765566231768
eval_linkage_shift_-1.0_1,linkage_shift_-1.0,ordered_collision_resolved_overlap_pool,4,0.7333819082653761
eval_linkage_shift_-1.0_1,linkage_shift_-1.0,ordered_collision_resolved_overlap_pool,5,0.782305742327318
eval_linkage_shift_-1.0_1,linkage_shift_-1.0,ordered_collision_resolved_overlap_pool,6,0.7880366653608097
eval_linkage_shift_-1.0_1,linkage_shift_-1.0,ordered_collision_resolved_overlap_pool,7,0.8168238695183431
eval_linkage_shift_-1.0_1,linkage_shift_-1.0,ordered_collision_resolved_overlap_pool,8,0.845019346024254
eval_linkage_shift_-1.0_1,linkage_shift_-1.0,ordered_collision_resolved_overlap_pool,9,0.864007496276652
eval_linkage_shift_-1.0_1,linkage_shift_-1.0,ordered_collision_resolved_overlap_pool,10,0.8904974841232023
eval_linkage_shift_-1.0_1,linkage_shift_-1.0,ordered_collision_resolved_overlap_pool,11,0.9212108304932443
eval_linkage_shift_-1.0_1,linkage_shift_-1.0,ordered_collision_resolved_overlap_pool,12,0.95
eval_linkage_shift_-1.0_1,linkage_shift_-1.0,ordered_collision_resolved_overlap_pool,13,0.95
eval_linkage_shift_-1.0_1,linkage_shift_-1.0,fixed_marginal_overlap_atlas,1,0.0
eval_linkage_shift_-1.0_1,linkage_shift_-1.0,fixed_marginal_overlap_atlas,2,0.02198150504684976
eval_linkage_shift_-1.0_1,linkage_shift_-1.0,fixed_marginal_overlap_atlas,3,0.056620824115305196
eval_linkage_shift_-1.0_1,linkage_shift_-1.0,fixed_marginal_overlap_atlas,4,0.08312419548898825
eval_linkage_shift_-1.0_1,linkage_shift_-1.0,fixed_marginal_overlap_atlas,5,0.11785288239018299
eval_linkage_shift_-1.0_1,linkage_shift_-1.0,fixed_marginal_overlap_atlas,6,0.1508775515380219
eval_linkage_shift_-1.0_1,linkage_shift_-1.0,fixed_marginal_overlap_atlas,7,0.1752483713071729
eval_linkage_shift_-1.0_1,linkage_shift_-1.0,fixed_marginal_overlap_atlas,8,0.19408856469899038
eval_linkage_shift_-1.0_1,linkage_shift_-1.0,fixed_marginal_overlap_atlas,9,0.2101523399861901
eval_linkage_shift_-1.0_1,linkage_shift_-1.0,fixed_marginal_overlap_atlas,10,0.2235500818490041
eval_linkage_shift_-1.0_1,linkage_shift_-1.0,fixed_marginal_overlap_atlas,11,0.22736862574826866
eval_linkage_shift_-1.0_1,linkage_shift_-1.0,fixed_marginal_overlap_atlas,12,0.23867714636327614
eval_linkage_shift_-1.0_1,linkage_shift_-1.0,fixed_marginal_overlap_atlas,13,0.24879177556264706
eval_linkage_shift_-1.0_1,linkage_shift_-1.0,pair_targeted_fixed_marginal_atlas,1,0.0
eval_linkage_shift_-1.0_1,linkage_shift_-1.0,pair_targeted_fixed_marginal_atlas,2,0.02198150504684976
eval_linkage_shift_-1.0_1,linkage_shift_-1.0,pair_targeted_fixed_marginal_atlas,3,0.056620824115305196
eval_linkage_shift_-1.0_1,linkage_shift_-1.0,pair_targeted_fixed_marginal_atlas,4,0.08312419548898825
eval_linkage_shift_-1.0_1,linkage_shift_-1.0,pair_targeted_fixed_marginal_atlas,5,0.11785288239018299
eval_linkage_shift_-1.0_1,linkage_shift_-1.0,pair_targeted_fixed_marginal_atlas,6,0.1508775515380219
eval_linkage_shift_-1.0_1,linkage_shift_-1.0,pair_targeted_fixed_marginal_atlas,7,0.1752483713071729
eval_linkage_shift_-1.0_1,linkage_shift_-1.0,pair_targeted_fixed_marginal_atlas,8,0.19408856469899038
eval_linkage_shift_-1.0_1,linkage_shift_-1.0,pair_targeted_fixed_marginal_atlas,9,0.2101523399861901
eval_linkage_shift_-1.0_1,linkage_shift_-1.0,pair_targeted_fixed_marginal_atlas,10,0.2235500818490041
eval_linkage_shift_-1.0_1,linkage_shift_-1.0,pair_targeted_fixed_marginal_atlas,11,0.22736862574826866
eval_linkage_shift_-1.0_1,linkage_shift_-1.0,pair_targeted_fixed_marginal_atlas,12,0.23867714636327614
eval_linkage_shift_-1.0_1,linkage_shift_-1.0,pair_targeted_fixed_marginal_atlas,13,0.24879177556264706
eval_linkage_shift_-1.0_1,linkage_shift_-1.0,same_day_adaptive_pool,1,0.3592703447648927
eval_linkage_shift_-1.0_1,linkage_shift_-1.0,same_day_adaptive_pool,2,0.3592156530585536
eval_linkage_shift_-1.0_1,linkage_shift_-1.0,same_day_adaptive_pool,3,0.33137731610298093
eval_linkage_shift_-1.0_1,linkage_shift_-1.0,same_day_adaptive_pool,4,0.3422387707143991
eval_linkage_shift_-1.0_1,linkage_shift_-1.0,same_day_adaptive_pool,5,0.39161904375537365
eval_linkage_shift_-1.0_1,linkage_shift_-1.0,same_day_adaptive_pool,6,0.38368766917653563
eval_linkage_shift_-1.0_1,linkage_shift_-1.0,same_day_adaptive_pool,7,0.4062895941434741
eval_linkage_shift_-1.0_1,linkage_shift_-1.0,same_day_adaptive_pool,8,0.4426328266063125
eval_linkage_shift_-1.0_1,linkage_shift_-1.0,same_day_adaptive_pool,9,0.4393473896152843
eval_linkage_shift_-1.0_1,linkage_shift_-1.0,same_day_adaptive_pool,10,0.44185622878583564
eval_linkage_shift_-1.0_1,linkage_shift_-1.0,same_day_adaptive_pool,11,0.42550190154671785
eval_linkage_shift_-1.0_1,linkage_shift_-1.0,same_day_adaptive_pool,12,0.4373407758914489
eval_linkage_shift_-1.0_1,linkage_shift_-1.0,same_day_adaptive_pool,13,0.4160376010624289
eval_linkage_shift_-1.0_1,linkage_shift_-1.0,cumulative_adaptive_pool,1,0.3592703447648927
eval_linkage_shift_-1.0_1,linkage_shift_-1.0,cumulative_adaptive_pool,2,0.40065363742890675
eval_linkage_shift_-1.0_1,linkage_shift_-1.0,cumulative_adaptive_pool,3,0.42657115275165436
eval_linkage_shift_-1.0_1,linkage_shift_-1.0,cumulative_adaptive_pool,4,0.44346390646666606
eval_linkage_shift_-1.0_1,linkage_shift_-1.0,cumulative_adaptive_pool,5,0.4539297140314556
eval_linkage_shift_-1.0_1,linkage_shift_-1.0,cumulative_adaptive_pool,6,0.4718637289685596
eval_linkage_shift_-1.0_1,linkage_shift_-1.0,cumulative_adaptive_pool,7,0.4884927455858065
eval_linkage_shift_-1.0_1,linkage_shift_-1.0,cumulative_adaptive_pool,8,0.5062299907281659
eval_linkage_shift_-1.0_1,linkage_shift_-1.0,cumulative_adaptive_pool,9,0.5205833031324696
eval_linkage_shift_-1.0_1,linkage_shift_-1.0,cumulative_adaptive_pool,10,0.5328959988453994
eval_linkage_shift_-1.0_1,linkage_shift_-1.0,cumulative_adaptive_pool,11,0.5395051089105052
eval_linkage_shift_-1.0_1,linkage_shift_-1.0,cumulative_adaptive_pool,12,0.5378437287352498
eval_linkage_shift_-1.0_1,linkage_shift_-1.0,cumulative_adaptive_pool,13,0.5301582744655782
eval_linkage_shift_-1.0_1,linkage_shift_-1.0,quantized_hysteresis_pool,1,0.35000000000000003
eval_linkage_shift_-1.0_1,linkage_shift_-1.0,quantized_hysteresis_pool,2,0.35000000000000003
eval_linkage_shift_-1.0_1,linkage_shift_-1.0,quantized_hysteresis_pool,3,0.35000000000000003
eval_linkage_shift_-1.0_1,linkage_shift_-1.0,quantized_hysteresis_pool,4,0.35000000000000003
eval_linkage_shift_-1.0_1,linkage_shift_-1.0,quantized_hysteresis_pool,5,0.45
eval_linkage_shift_-1.0_1,linkage_shift_-1.0,quantized_hysteresis_pool,6,0.45
eval_linkage_shift_-1.0_1,linkage_shift_-1.0,quantized_hysteresis_pool,7,0.45
eval_linkage_shift_-1.0_1,linkage_shift_-1.0,quantized_hysteresis_pool,8,0.45
eval_linkage_shift_-1.0_1,linkage_shift_-1.0,quantized_hysteresis_pool,9,0.45
eval_linkage_shift_-1.0_1,linkage_shift_-1.0,quantized_hysteresis_pool,10,0.45
eval_linkage_shift_-1.0_1,linkage_shift_-1.0,quantized_hysteresis_pool,11,0.45
eval_linkage_shift_-1.0_1,linkage_shift_-1.0,quantized_hysteresis_pool,12,0.45
eval_linkage_shift_-1.0_1,linkage_shift_-1.0,quantized_hysteresis_pool,13,0.55
eval_linkage_shift_-1.0_1,linkage_shift_-1.0,sticky_first_seen_pool,1,0.3592703447648927
eval_linkage_shift_-1.0_1,linkage_shift_-1.0,sticky_first_seen_pool,2,0.40065363742890675
eval_linkage_shift_-1.0_1,linkage_shift_-1.0,sticky_first_seen_pool,3,0.42657115275165436
eval_linkage_shift_-1.0_1,linkage_shift_-1.0,sticky_first_seen_pool,4,0.44346390646666606
eval_linkage_shift_-1.0_1,linkage_shift_-1.0,sticky_first_seen_pool,5,0.4539297140314556
eval_linkage_shift_-1.0_1,linkage_shift_-1.0,sticky_first_seen_pool,6,0.4718637289685596
eval_linkage_shift_-1.0_1,linkage_shift_-1.0,sticky_first_seen_pool,7,0.4884927455858065
eval_linkage_shift_-1.0_1,linkage_shift_-1.0,sticky_first_seen_pool,8,0.5062299907281659
eval_linkage_shift_-1.0_1,linkage_shift_-1.0,sticky_first_seen_pool,9,0.5205833031324696
eval_linkage_shift_-1.0_1,linkage_shift_-1.0,sticky_first_seen_pool,10,0.5328959988453994
eval_linkage_shift_-1.0_1,linkage_shift_-1.0,sticky_first_seen_pool,11,0.5395051089105052
eval_linkage_shift_-1.0_1,linkage_shift_-1.0,sticky_first_seen_pool,12,0.5378437287352498
eval_linkage_shift_-1.0_1,linkage_shift_-1.0,sticky_first_seen_pool,13,0.5301582744655782
eval_linkage_shift_-1.0_1,linkage_shift_-1.0,ordered_memoized_rank_lattice,1,0.35000000000000003
eval_linkage_shift_-1.0_1,linkage_shift_-1.0,ordered_memoized_rank_lattice,2,0.35000000000000003
eval_linkage_shift_-1.0_1,linkage_shift_-1.0,ordered_memoized_rank_lattice,3,0.35000000000000003
eval_linkage_shift_-1.0_1,linkage_shift_-1.0,ordered_memoized_rank_lattice,4,0.35000000000000003
eval_linkage_shift_-1.0_1,linkage_shift_-1.0,ordered_memoized_rank_lattice,5,0.45
eval_linkage_shift_-1.0_1,linkage_shift_-1.0,ordered_memoized_rank_lattice,6,0.45
eval_linkage_shift_-1.0_1,linkage_shift_-1.0,ordered_memoized_rank_lattice,7,0.45
eval_linkage_shift_-1.0_1,linkage_shift_-1.0,ordered_memoized_rank_lattice,8,0.45
eval_linkage_shift_-1.0_1,linkage_shift_-1.0,ordered_memoized_rank_lattice,9,0.45
eval_linkage_shift_-1.0_1,linkage_shift_-1.0,ordered_memoized_rank_lattice,10,0.45
eval_linkage_shift_-1.0_1,linkage_shift_-1.0,ordered_memoized_rank_lattice,11,0.45
eval_linkage_shift_-1.0_1,linkage_shift_-1.0,ordered_memoized_rank_lattice,12,0.45
eval_linkage_shift_-1.0_1,linkage_shift_-1.0,ordered_memoized_rank_lattice,13,0.55
eval_linkage_shift_-1.0_1,linkage_shift_-1.0,cohort_3_week_rank_lattice,1,0.35000000000000003
eval_linkage_shift_-1.0_1,linkage_shift_-1.0,cohort_3_week_rank_lattice,2,0.35000000000000003
eval_linkage_shift_-1.0_1,linkage_shift_-1.0,cohort_3_week_rank_lattice,3,0.35000000000000003
eval_linkage_shift_-1.0_1,linkage_shift_-1.0,cohort_3_week_rank_lattice,4,0.35000000000000003
eval_linkage_shift_-1.0_1,linkage_shift_-1.0,cohort_3_week_rank_lattice,5,0.45
eval_linkage_shift_-1.0_1,linkage_shift_-1.0,cohort_3_week_rank_lattice,6,0.45
eval_linkage_shift_-1.0_1,linkage_shift_-1.0,cohort_3_week_rank_lattice,7,0.45
eval_linkage_shift_-1.0_1,linkage_shift_-1.0,cohort_3_week_rank_lattice,8,0.45
eval_linkage_shift_-1.0_1,linkage_shift_-1.0,cohort_3_week_rank_lattice,9,0.45
eval_linkage_shift_-1.0_1,linkage_shift_-1.0,cohort_3_week_rank_lattice,10,0.45
eval_linkage_shift_-1.0_1,linkage_shift_-1.0,cohort_3_week_rank_lattice,11,0.45
eval_linkage_shift_-1.0_1,linkage_shift_-1.0,cohort_3_week_rank_lattice,12,0.45
eval_linkage_shift_-1.0_1,linkage_shift_-1.0,cohort_3_week_rank_lattice,13,0.55
eval_linkage_shift_-1.0_1,linkage_shift_-1.0,oracle_online_venn_recent,1,0.0
eval_linkage_shift_-1.0_1,linkage_shift_-1.0,oracle_online_venn_recent,2,0.0
eval_linkage_shift_-1.0_1,linkage_shift_-1.0,oracle_online_venn_recent,3,0.0
eval_linkage_shift_-1.0_1,linkage_shift_-1.0,oracle_online_venn_recent,4,0.0
eval_linkage_shift_-1.0_1,linkage_shift_-1.0,oracle_online_venn_recent,5,0.0
eval_linkage_shift_-1.0_1,linkage_shift_-1.0,oracle_online_venn_recent,6,0.0
eval_linkage_shift_-1.0_1,linkage_shift_-1.0,oracle_online_venn_recent,7,0.0
eval_linkage_shift_-1.0_1,linkage_shift_-1.0,oracle_online_venn_recent,8,0.0
eval_linkage_shift_-1.0_1,linkage_shift_-1.0,oracle_online_venn_recent,9,0.0
eval_linkage_shift_-1.0_1,linkage_shift_-1.0,oracle_online_venn_recent,10,0.0
eval_linkage_shift_-1.0_1,linkage_shift_-1.0,oracle_online_venn_recent,11,0.0
eval_linkage_shift_-1.0_1,linkage_shift_-1.0,oracle_online_venn_recent,12,0.0
eval_linkage_shift_-1.0_1,linkage_shift_-1.0,oracle_online_venn_recent,13,0.0
eval_linkage_shift_-1.0_1,linkage_shift_-1.0,oracle_online_venn_oldest,1,0.0
eval_linkage_shift_-1.0_1,linkage_shift_-1.0,oracle_online_venn_oldest,2,0.0
eval_linkage_shift_-1.0_1,linkage_shift_-1.0,oracle_online_venn_oldest,3,0.0
eval_linkage_shift_-1.0_1,linkage_shift_-1.0,oracle_online_venn_oldest,4,0.0
eval_linkage_shift_-1.0_1,linkage_shift_-1.0,oracle_online_venn_oldest,5,0.0
eval_linkage_shift_-1.0_1,linkage_shift_-1.0,oracle_online_venn_oldest,6,0.0
eval_linkage_shift_-1.0_1,linkage_shift_-1.0,oracle_online_venn_oldest,7,0.0
eval_linkage_shift_-1.0_1,linkage_shift_-1.0,oracle_online_venn_oldest,8,0.0
eval_linkage_shift_-1.0_1,linkage_shift_-1.0,oracle_online_venn_oldest,9,0.0
eval_linkage_shift_-1.0_1,linkage_shift_-1.0,oracle_online_venn_oldest,10,0.0
eval_linkage_shift_-1.0_1,linkage_shift_-1.0,oracle_online_venn_oldest,11,0.0
eval_linkage_shift_-1.0_1,linkage_shift_-1.0,oracle_online_venn_oldest,12,0.0
eval_linkage_shift_-1.0_1,linkage_shift_-1.0,oracle_online_venn_oldest,13,0.0
eval_linkage_shift_-1.0_1,linkage_shift_-1.0,oracle_online_union_recent,1,0.0
eval_linkage_shift_-1.0_1,linkage_shift_-1.0,oracle_online_union_recent,2,0.0
eval_linkage_shift_-1.0_1,linkage_shift_-1.0,oracle_online_union_recent,3,0.0
eval_linkage_shift_-1.0_1,linkage_shift_-1.0,oracle_online_union_recent,4,0.0
eval_linkage_shift_-1.0_1,linkage_shift_-1.0,oracle_online_union_recent,5,0.0
eval_linkage_shift_-1.0_1,linkage_shift_-1.0,oracle_online_union_recent,6,0.0
eval_linkage_shift_-1.0_1,linkage_shift_-1.0,oracle_online_union_recent,7,0.0
eval_linkage_shift_-1.0_1,linkage_shift_-1.0,oracle_online_union_recent,8,0.0
eval_linkage_shift_-1.0_1,linkage_shift_-1.0,oracle_online_union_recent,9,0.0
eval_linkage_shift_-1.0_1,linkage_shift_-1.0,oracle_online_union_recent,10,0.0
eval_linkage_shift_-1.0_1,linkage_shift_-1.0,oracle_online_union_recent,11,0.0
eval_linkage_shift_-1.0_1,linkage_shift_-1.0,oracle_online_union_recent,12,0.0
eval_linkage_shift_-1.0_1,linkage_shift_-1.0,oracle_online_union_recent,13,0.0
eval_linkage_shift_-1.0_1,linkage_shift_-1.0,oracle_online_union_oldest,1,0.0
eval_linkage_shift_-1.0_1,linkage_shift_-1.0,oracle_online_union_oldest,2,0.0
eval_linkage_shift_-1.0_1,linkage_shift_-1.0,oracle_online_union_oldest,3,0.0
eval_linkage_shift_-1.0_1,linkage_shift_-1.0,oracle_online_union_oldest,4,0.0
eval_linkage_shift_-1.0_1,linkage_shift_-1.0,oracle_online_union_oldest,5,0.0
eval_linkage_shift_-1.0_1,linkage_shift_-1.0,oracle_online_union_oldest,6,0.0
eval_linkage_shift_-1.0_1,linkage_shift_-1.0,oracle_online_union_oldest,7,0.0
eval_linkage_shift_-1.0_1,linkage_shift_-1.0,oracle_online_union_oldest,8,0.0
eval_linkage_shift_-1.0_1,linkage_shift_-1.0,oracle_online_union_oldest,9,0.0
eval_linkage_shift_-1.0_1,linkage_shift_-1.0,oracle_online_union_oldest,10,0.0
eval_linkage_shift_-1.0_1,linkage_shift_-1.0,oracle_online_union_oldest,11,0.0
eval_linkage_shift_-1.0_1,linkage_shift_-1.0,oracle_online_union_oldest,12,0.0
eval_linkage_shift_-1.0_1,linkage_shift_-1.0,oracle_online_union_oldest,13,0.0
eval_linkage_shift_-1.0_1,linkage_shift_-1.0,forbidden_person_identity_oracle,1,0.0
eval_linkage_shift_-1.0_1,linkage_shift_-1.0,forbidden_person_identity_oracle,2,0.0
eval_linkage_shift_-1.0_1,linkage_shift_-1.0,forbidden_person_identity_oracle,3,0.0
eval_linkage_shift_-1.0_1,linkage_shift_-1.0,forbidden_person_identity_oracle,4,0.0
eval_linkage_shift_-1.0_1,linkage_shift_-1.0,forbidden_person_identity_oracle,5,0.0
eval_linkage_shift_-1.0_1,linkage_shift_-1.0,forbidden_person_identity_oracle,6,0.0
eval_linkage_shift_-1.0_1,linkage_shift_-1.0,forbidden_person_identity_oracle,7,0.0
eval_linkage_shift_-1.0_1,linkage_shift_-1.0,forbidden_person_identity_oracle,8,0.0
eval_linkage_shift_-1.0_1,linkage_shift_-1.0,forbidden_person_identity_oracle,9,0.0
eval_linkage_shift_-1.0_1,linkage_shift_-1.0,forbidden_person_identity_oracle,10,0.0
eval_linkage_shift_-1.0_1,linkage_shift_-1.0,forbidden_person_identity_oracle,11,0.0
eval_linkage_shift_-1.0_1,linkage_shift_-1.0,forbidden_person_identity_oracle,12,0.0
eval_linkage_shift_-1.0_1,linkage_shift_-1.0,forbidden_person_identity_oracle,13,0.0
eval_linkage_shift_-1.0_1,linkage_shift_-1.0,three_day_buffer_then_freeze,1,0.42657115275165436
eval_linkage_shift_-1.0_1,linkage_shift_-1.0,three_day_buffer_then_freeze,2,0.42657115275165436
eval_linkage_shift_-1.0_1,linkage_shift_-1.0,three_day_buffer_then_freeze,3,0.42657115275165436
eval_linkage_shift_-1.0_1,linkage_shift_-1.0,three_day_buffer_then_freeze,4,0.42657115275165436
eval_linkage_shift_-1.0_1,linkage_shift_-1.0,three_day_buffer_then_freeze,5,0.42657115275165436
eval_linkage_shift_-1.0_1,linkage_shift_-1.0,three_day_buffer_then_freeze,6,0.42657115275165436
eval_linkage_shift_-1.0_1,linkage_shift_-1.0,three_day_buffer_then_freeze,7,0.42657115275165436
eval_linkage_shift_-1.0_1,linkage_shift_-1.0,three_day_buffer_then_freeze,8,0.42657115275165436
eval_linkage_shift_-1.0_1,linkage_shift_-1.0,three_day_buffer_then_freeze,9,0.42657115275165436
eval_linkage_shift_-1.0_1,linkage_shift_-1.0,three_day_buffer_then_freeze,10,0.42657115275165436
eval_linkage_shift_-1.0_1,linkage_shift_-1.0,three_day_buffer_then_freeze,11,0.42657115275165436
eval_linkage_shift_-1.0_1,linkage_shift_-1.0,three_day_buffer_then_freeze,12,0.42657115275165436
eval_linkage_shift_-1.0_1,linkage_shift_-1.0,three_day_buffer_then_freeze,13,0.42657115275165436
eval_linkage_shift_-1.0_1,linkage_shift_-1.0,full_flight_buffer_then_freeze,1,0.5301582744655782
eval_linkage_shift_-1.0_1,linkage_shift_-1.0,full_flight_buffer_then_freeze,2,0.5301582744655782
eval_linkage_shift_-1.0_1,linkage_shift_-1.0,full_flight_buffer_then_freeze,3,0.5301582744655782
eval_linkage_shift_-1.0_1,linkage_shift_-1.0,full_flight_buffer_then_freeze,4,0.5301582744655782
eval_linkage_shift_-1.0_1,linkage_shift_-1.0,full_flight_buffer_then_freeze,5,0.5301582744655782
eval_linkage_shift_-1.0_1,linkage_shift_-1.0,full_flight_buffer_then_freeze,6,0.5301582744655782
eval_linkage_shift_-1.0_1,linkage_shift_-1.0,full_flight_buffer_then_freeze,7,0.5301582744655782
eval_linkage_shift_-1.0_1,linkage_shift_-1.0,full_flight_buffer_then_freeze,8,0.5301582744655782
eval_linkage_shift_-1.0_1,linkage_shift_-1.0,full_flight_buffer_then_freeze,9,0.5301582744655782
eval_linkage_shift_-1.0_1,linkage_shift_-1.0,full_flight_buffer_then_freeze,10,0.5301582744655782
eval_linkage_shift_-1.0_1,linkage_shift_-1.0,full_flight_buffer_then_freeze,11,0.5301582744655782
eval_linkage_shift_-1.0_1,linkage_shift_-1.0,full_flight_buffer_then_freeze,12,0.5301582744655782
eval_linkage_shift_-1.0_1,linkage_shift_-1.0,full_flight_buffer_then_freeze,13,0.5301582744655782
eval_linkage_shift_-1.0_1,linkage_shift_-1.0,oracle_same_day_dial,1,0.41562499999999997
eval_linkage_shift_-1.0_1,linkage_shift_-1.0,oracle_same_day_dial,2,0.41562499999999997
eval_linkage_shift_-1.0_1,linkage_shift_-1.0,oracle_same_day_dial,3,0.475
eval_linkage_shift_-1.0_1,linkage_shift_-1.0,oracle_same_day_dial,4,0.35624999999999996
eval_linkage_shift_-1.0_1,linkage_shift_-1.0,oracle_same_day_dial,5,0.475
eval_linkage_shift_-1.0_1,linkage_shift_-1.0,oracle_same_day_dial,6,0.475
eval_linkage_shift_-1.0_1,linkage_shift_-1.0,oracle_same_day_dial,7,0.475
eval_linkage_shift_-1.0_1,linkage_shift_-1.0,oracle_same_day_dial,8,0.5343749999999999
eval_linkage_shift_-1.0_1,linkage_shift_-1.0,oracle_same_day_dial,9,0.475
eval_linkage_shift_-1.0_1,linkage_shift_-1.0,oracle_same_day_dial,10,0.5343749999999999
eval_linkage_shift_-1.0_1,linkage_shift_-1.0,oracle_same_day_dial,11,0.475
eval_linkage_shift_-1.0_1,linkage_shift_-1.0,oracle_same_day_dial,12,0.5343749999999999
eval_linkage_shift_-1.0_1,linkage_shift_-1.0,oracle_same_day_dial,13,0.475
eval_linkage_shift_0.0_0,linkage_shift_0.0,fixed_model_line_pool,1,0.0
eval_linkage_shift_0.0_0,linkage_shift_0.0,fixed_model_line_pool,2,0.0
eval_linkage_shift_0.0_0,linkage_shift_0.0,fixed_model_line_pool,3,0.0
eval_linkage_shift_0.0_0,linkage_shift_0.0,fixed_model_line_pool,4,0.0
eval_linkage_shift_0.0_0,linkage_shift_0.0,fixed_model_line_pool,5,0.0
eval_linkage_shift_0.0_0,linkage_shift_0.0,fixed_model_line_pool,6,0.0
eval_linkage_shift_0.0_0,linkage_shift_0.0,fixed_model_line_pool,7,0.0
eval_linkage_shift_0.0_0,linkage_shift_0.0,fixed_model_line_pool,8,0.0
eval_linkage_shift_0.0_0,linkage_shift_0.0,fixed_model_line_pool,9,0.0
eval_linkage_shift_0.0_0,linkage_shift_0.0,fixed_model_line_pool,10,0.0
eval_linkage_shift_0.0_0,linkage_shift_0.0,fixed_model_line_pool,11,0.0
eval_linkage_shift_0.0_0,linkage_shift_0.0,fixed_model_line_pool,12,0.0
eval_linkage_shift_0.0_0,linkage_shift_0.0,fixed_model_line_pool,13,0.0
eval_linkage_shift_0.0_0,linkage_shift_0.0,context_and_scale_only_pool,1,0.35776489695547536
eval_linkage_shift_0.0_0,linkage_shift_0.0,context_and_scale_only_pool,2,0.4065448539543183
eval_linkage_shift_0.0_0,linkage_shift_0.0,context_and_scale_only_pool,3,0.4409472518377339
eval_linkage_shift_0.0_0,linkage_shift_0.0,context_and_scale_only_pool,4,0.47510869318169413
eval_linkage_shift_0.0_0,linkage_shift_0.0,context_and_scale_only_pool,5,0.5004994232064369
eval_linkage_shift_0.0_0,linkage_shift_0.0,context_and_scale_only_pool,6,0.5183865185761896
eval_linkage_shift_0.0_0,linkage_shift_0.0,context_and_scale_only_pool,7,0.528297234131132
eval_linkage_shift_0.0_0,linkage_shift_0.0,context_and_scale_only_pool,8,0.541839330637166
eval_linkage_shift_0.0_0,linkage_shift_0.0,context_and_scale_only_pool,9,0.5554159505324728
eval_linkage_shift_0.0_0,linkage_shift_0.0,context_and_scale_only_pool,10,0.5619931068153783
eval_linkage_shift_0.0_0,linkage_shift_0.0,context_and_scale_only_pool,11,0.5657407602329569
eval_linkage_shift_0.0_0,linkage_shift_0.0,context_and_scale_only_pool,12,0.5637670056225413
eval_linkage_shift_0.0_0,linkage_shift_0.0,context_and_scale_only_pool,13,0.5610794006066743
eval_linkage_shift_0.0_0,linkage_shift_0.0,provider_blended_ordered_pool,1,0.3514347457926152
eval_linkage_shift_0.0_0,linkage_shift_0.0,provider_blended_ordered_pool,2,0.3875610931337363
eval_linkage_shift_0.0_0,linkage_shift_0.0,provider_blended_ordered_pool,3,0.4203328316955034
eval_linkage_shift_0.0_0,linkage_shift_0.0,provider_blended_ordered_pool,4,0.4632090560640453
eval_linkage_shift_0.0_0,linkage_shift_0.0,provider_blended_ordered_pool,5,0.4933988618837114
eval_linkage_shift_0.0_0,linkage_shift_0.0,provider_blended_ordered_pool,6,0.5102306616599368
eval_linkage_shift_0.0_0,linkage_shift_0.0,provider_blended_ordered_pool,7,0.5181919303052531
eval_linkage_shift_0.0_0,linkage_shift_0.0,provider_blended_ordered_pool,8,0.5287268261605762
eval_linkage_shift_0.0_0,linkage_shift_0.0,provider_blended_ordered_pool,9,0.5432234034080571
eval_linkage_shift_0.0_0,linkage_shift_0.0,provider_blended_ordered_pool,10,0.5498061108697397
eval_linkage_shift_0.0_0,linkage_shift_0.0,provider_blended_ordered_pool,11,0.5535262865392344
eval_linkage_shift_0.0_0,linkage_shift_0.0,provider_blended_ordered_pool,12,0.5514507779392126
eval_linkage_shift_0.0_0,linkage_shift_0.0,provider_blended_ordered_pool,13,0.548954551096041
eval_linkage_shift_0.0_0,linkage_shift_0.0,ordered_collision_resolved_overlap_pool,1,0.32952472549801415
eval_linkage_shift_0.0_0,linkage_shift_0.0,ordered_collision_resolved_overlap_pool,2,0.37925915536911214
eval_linkage_shift_0.0_0,linkage_shift_0.0,ordered_collision_resolved_overlap_pool,3,0.5236831479955637
eval_linkage_shift_0.0_0,linkage_shift_0.0,ordered_collision_resolved_overlap_pool,4,0.4935292832740926
eval_linkage_shift_0.0_0,linkage_shift_0.0,ordered_collision_resolved_overlap_pool,5,0.5015226106520716
eval_linkage_shift_0.0_0,linkage_shift_0.0,ordered_collision_resolved_overlap_pool,6,0.5419194725418108
eval_linkage_shift_0.0_0,linkage_shift_0.0,ordered_collision_resolved_overlap_pool,7,0.6064726245118482
eval_linkage_shift_0.0_0,linkage_shift_0.0,ordered_collision_resolved_overlap_pool,8,0.6167845421721898
eval_linkage_shift_0.0_0,linkage_shift_0.0,ordered_collision_resolved_overlap_pool,9,0.648649858081164
eval_linkage_shift_0.0_0,linkage_shift_0.0,ordered_collision_resolved_overlap_pool,10,0.6773109143799397
eval_linkage_shift_0.0_0,linkage_shift_0.0,ordered_collision_resolved_overlap_pool,11,0.698859654491927
eval_linkage_shift_0.0_0,linkage_shift_0.0,ordered_collision_resolved_overlap_pool,12,0.7246305874472103
eval_linkage_shift_0.0_0,linkage_shift_0.0,ordered_collision_resolved_overlap_pool,13,0.743322579155483
eval_linkage_shift_0.0_0,linkage_shift_0.0,fixed_marginal_overlap_atlas,1,0.0
eval_linkage_shift_0.0_0,linkage_shift_0.0,fixed_marginal_overlap_atlas,2,0.024979446422515872
eval_linkage_shift_0.0_0,linkage_shift_0.0,fixed_marginal_overlap_atlas,3,0.058064586024681286
eval_linkage_shift_0.0_0,linkage_shift_0.0,fixed_marginal_overlap_atlas,4,0.13870911179183265
eval_linkage_shift_0.0_0,linkage_shift_0.0,fixed_marginal_overlap_atlas,5,0.18779876802387274
eval_linkage_shift_0.0_0,linkage_shift_0.0,fixed_marginal_overlap_atlas,6,0.2161574587828954
eval_linkage_shift_0.0_0,linkage_shift_0.0,fixed_marginal_overlap_atlas,7,0.23047132695587486
eval_linkage_shift_0.0_0,linkage_shift_0.0,fixed_marginal_overlap_atlas,8,0.25529055005812135
eval_linkage_shift_0.0_0,linkage_shift_0.0,fixed_marginal_overlap_atlas,9,0.27561392951067976
eval_linkage_shift_0.0_0,linkage_shift_0.0,fixed_marginal_overlap_atlas,10,0.2866674770674163
eval_linkage_shift_0.0_0,linkage_shift_0.0,fixed_marginal_overlap_atlas,11,0.2974699374637632
eval_linkage_shift_0.0_0,linkage_shift_0.0,fixed_marginal_overlap_atlas,12,0.3038354834188042
eval_linkage_shift_0.0_0,linkage_shift_0.0,fixed_marginal_overlap_atlas,13,0.3093964928240469
eval_linkage_shift_0.0_0,linkage_shift_0.0,pair_targeted_fixed_marginal_atlas,1,0.0
eval_linkage_shift_0.0_0,linkage_shift_0.0,pair_targeted_fixed_marginal_atlas,2,0.024979446422515872
eval_linkage_shift_0.0_0,linkage_shift_0.0,pair_targeted_fixed_marginal_atlas,3,0.058064586024681286
eval_linkage_shift_0.0_0,linkage_shift_0.0,pair_targeted_fixed_marginal_atlas,4,0.13870911179183265
eval_linkage_shift_0.0_0,linkage_shift_0.0,pair_targeted_fixed_marginal_atlas,5,0.18779876802387274
eval_linkage_shift_0.0_0,linkage_shift_0.0,pair_targeted_fixed_marginal_atlas,6,0.2161574587828954
eval_linkage_shift_0.0_0,linkage_shift_0.0,pair_targeted_fixed_marginal_atlas,7,0.23047132695587486
eval_linkage_shift_0.0_0,linkage_shift_0.0,pair_targeted_fixed_marginal_atlas,8,0.25529055005812135
eval_linkage_shift_0.0_0,linkage_shift_0.0,pair_targeted_fixed_marginal_atlas,9,0.27561392951067976
eval_linkage_shift_0.0_0,linkage_shift_0.0,pair_targeted_fixed_marginal_atlas,10,0.2866674770674163
eval_linkage_shift_0.0_0,linkage_shift_0.0,pair_targeted_fixed_marginal_atlas,11,0.2974699374637632
eval_linkage_shift_0.0_0,linkage_shift_0.0,pair_targeted_fixed_marginal_atlas,12,0.3038354834188042
eval_linkage_shift_0.0_0,linkage_shift_0.0,pair_targeted_fixed_marginal_atlas,13,0.3093964928240469
eval_linkage_shift_0.0_0,linkage_shift_0.0,same_day_adaptive_pool,1,0.34625553120482044
eval_linkage_shift_0.0_0,linkage_shift_0.0,same_day_adaptive_pool,2,0.35563096137699873
eval_linkage_shift_0.0_0,linkage_shift_0.0,same_day_adaptive_pool,3,0.426523782818821
eval_linkage_shift_0.0_0,linkage_shift_0.0,same_day_adaptive_pool,4,0.37418175397606435
eval_linkage_shift_0.0_0,linkage_shift_0.0,same_day_adaptive_pool,5,0.42751274349290763
eval_linkage_shift_0.0_0,linkage_shift_0.0,same_day_adaptive_pool,6,0.4362579126744748
eval_linkage_shift_0.0_0,linkage_shift_0.0,same_day_adaptive_pool,7,0.44218024944296763
eval_linkage_shift_0.0_0,linkage_shift_0.0,same_day_adaptive_pool,8,0.4461103096333809
eval_linkage_shift_0.0_0,linkage_shift_0.0,same_day_adaptive_pool,9,0.4792190313228899
eval_linkage_shift_0.0_0,linkage_shift_0.0,same_day_adaptive_pool,10,0.44827757394861467
eval_linkage_shift_0.0_0,linkage_shift_0.0,same_day_adaptive_pool,11,0.4661841493784057
eval_linkage_shift_0.0_0,linkage_shift_0.0,same_day_adaptive_pool,12,0.4606772683829826
eval_linkage_shift_0.0_0,linkage_shift_0.0,same_day_adaptive_pool,13,0.44495161608520195
eval_linkage_shift_0.0_0,linkage_shift_0.0,cumulative_adaptive_pool,1,0.34625553120482044
eval_linkage_shift_0.0_0,linkage_shift_0.0,cumulative_adaptive_pool,2,0.3720289251896237
eval_linkage_shift_0.0_0,linkage_shift_0.0,cumulative_adaptive_pool,3,0.4034664879427693
eval_linkage_shift_0.0_0,linkage_shift_0.0,cumulative_adaptive_pool,4,0.45347298933142344
eval_linkage_shift_0.0_0,linkage_shift_0.0,cumulative_adaptive_pool,5,0.4875893117105723
eval_linkage_shift_0.0_0,linkage_shift_0.0,cumulative_adaptive_pool,6,0.5035576878193662
eval_linkage_shift_0.0_0,linkage_shift_0.0,cumulative_adaptive_pool,7,0.5099239544477157
eval_linkage_shift_0.0_0,linkage_shift_0.0,cumulative_adaptive_pool,8,0.5179984134070026
eval_linkage_shift_0.0_0,linkage_shift_0.0,cumulative_adaptive_pool,9,0.5332476830335351
eval_linkage_shift_0.0_0,linkage_shift_0.0,cumulative_adaptive_pool,10,0.5398349323687627
eval_linkage_shift_0.0_0,linkage_shift_0.0,cumulative_adaptive_pool,11,0.5435326262443705
eval_linkage_shift_0.0_0,linkage_shift_0.0,cumulative_adaptive_pool,12,0.5413738643801255
eval_linkage_shift_0.0_0,linkage_shift_0.0,cumulative_adaptive_pool,13,0.5390342196782502
eval_linkage_shift_0.0_0,linkage_shift_0.0,quantized_hysteresis_pool,1,0.35000000000000003
eval_linkage_shift_0.0_0,linkage_shift_0.0,quantized_hysteresis_pool,2,0.35000000000000003
eval_linkage_shift_0.0_0,linkage_shift_0.0,quantized_hysteresis_pool,3,0.35000000000000003
eval_linkage_shift_0.0_0,linkage_shift_0.0,quantized_hysteresis_pool,4,0.35000000000000003
eval_linkage_shift_0.0_0,linkage_shift_0.0,quantized_hysteresis_pool,5,0.45
eval_linkage_shift_0.0_0,linkage_shift_0.0,quantized_hysteresis_pool,6,0.45
eval_linkage_shift_0.0_0,linkage_shift_0.0,quantized_hysteresis_pool,7,0.45
eval_linkage_shift_0.0_0,linkage_shift_0.0,quantized_hysteresis_pool,8,0.45
eval_linkage_shift_0.0_0,linkage_shift_0.0,quantized_hysteresis_pool,9,0.45
eval_linkage_shift_0.0_0,linkage_shift_0.0,quantized_hysteresis_pool,10,0.45
eval_linkage_shift_0.0_0,linkage_shift_0.0,quantized_hysteresis_pool,11,0.55
eval_linkage_shift_0.0_0,linkage_shift_0.0,quantized_hysteresis_pool,12,0.55
eval_linkage_shift_0.0_0,linkage_shift_0.0,quantized_hysteresis_pool,13,0.55
eval_linkage_shift_0.0_0,linkage_shift_0.0,sticky_first_seen_pool,1,0.34625553120482044
eval_linkage_shift_0.0_0,linkage_shift_0.0,sticky_first_seen_pool,2,0.3720289251896237
eval_linkage_shift_0.0_0,linkage_shift_0.0,sticky_first_seen_pool,3,0.4034664879427693
eval_linkage_shift_0.0_0,linkage_shift_0.0,sticky_first_seen_pool,4,0.45347298933142344
eval_linkage_shift_0.0_0,linkage_shift_0.0,sticky_first_seen_pool,5,0.4875893117105723
eval_linkage_shift_0.0_0,linkage_shift_0.0,sticky_first_seen_pool,6,0.5035576878193662
eval_linkage_shift_0.0_0,linkage_shift_0.0,sticky_first_seen_pool,7,0.5099239544477157
eval_linkage_shift_0.0_0,linkage_shift_0.0,sticky_first_seen_pool,8,0.5179984134070026
eval_linkage_shift_0.0_0,linkage_shift_0.0,sticky_first_seen_pool,9,0.5332476830335351
eval_linkage_shift_0.0_0,linkage_shift_0.0,sticky_first_seen_pool,10,0.5398349323687627
eval_linkage_shift_0.0_0,linkage_shift_0.0,sticky_first_seen_pool,11,0.5435326262443705
eval_linkage_shift_0.0_0,linkage_shift_0.0,sticky_first_seen_pool,12,0.5413738643801255
eval_linkage_shift_0.0_0,linkage_shift_0.0,sticky_first_seen_pool,13,0.5390342196782502
eval_linkage_shift_0.0_0,linkage_shift_0.0,ordered_memoized_rank_lattice,1,0.35000000000000003
eval_linkage_shift_0.0_0,linkage_shift_0.0,ordered_memoized_rank_lattice,2,0.35000000000000003
eval_linkage_shift_0.0_0,linkage_shift_0.0,ordered_memoized_rank_lattice,3,0.35000000000000003
eval_linkage_shift_0.0_0,linkage_shift_0.0,ordered_memoized_rank_lattice,4,0.35000000000000003
eval_linkage_shift_0.0_0,linkage_shift_0.0,ordered_memoized_rank_lattice,5,0.45
eval_linkage_shift_0.0_0,linkage_shift_0.0,ordered_memoized_rank_lattice,6,0.45
eval_linkage_shift_0.0_0,linkage_shift_0.0,ordered_memoized_rank_lattice,7,0.45
eval_linkage_shift_0.0_0,linkage_shift_0.0,ordered_memoized_rank_lattice,8,0.45
eval_linkage_shift_0.0_0,linkage_shift_0.0,ordered_memoized_rank_lattice,9,0.45
eval_linkage_shift_0.0_0,linkage_shift_0.0,ordered_memoized_rank_lattice,10,0.45
eval_linkage_shift_0.0_0,linkage_shift_0.0,ordered_memoized_rank_lattice,11,0.55
eval_linkage_shift_0.0_0,linkage_shift_0.0,ordered_memoized_rank_lattice,12,0.55
eval_linkage_shift_0.0_0,linkage_shift_0.0,ordered_memoized_rank_lattice,13,0.55
eval_linkage_shift_0.0_0,linkage_shift_0.0,cohort_3_week_rank_lattice,1,0.35000000000000003
eval_linkage_shift_0.0_0,linkage_shift_0.0,cohort_3_week_rank_lattice,2,0.35000000000000003
eval_linkage_shift_0.0_0,linkage_shift_0.0,cohort_3_week_rank_lattice,3,0.35000000000000003
eval_linkage_shift_0.0_0,linkage_shift_0.0,cohort_3_week_rank_lattice,4,0.35000000000000003
eval_linkage_shift_0.0_0,linkage_shift_0.0,cohort_3_week_rank_lattice,5,0.45
eval_linkage_shift_0.0_0,linkage_shift_0.0,cohort_3_week_rank_lattice,6,0.45
eval_linkage_shift_0.0_0,linkage_shift_0.0,cohort_3_week_rank_lattice,7,0.45
eval_linkage_shift_0.0_0,linkage_shift_0.0,cohort_3_week_rank_lattice,8,0.45
eval_linkage_shift_0.0_0,linkage_shift_0.0,cohort_3_week_rank_lattice,9,0.45
eval_linkage_shift_0.0_0,linkage_shift_0.0,cohort_3_week_rank_lattice,10,0.45
eval_linkage_shift_0.0_0,linkage_shift_0.0,cohort_3_week_rank_lattice,11,0.55
eval_linkage_shift_0.0_0,linkage_shift_0.0,cohort_3_week_rank_lattice,12,0.55
eval_linkage_shift_0.0_0,linkage_shift_0.0,cohort_3_week_rank_lattice,13,0.55
eval_linkage_shift_0.0_0,linkage_shift_0.0,oracle_online_venn_recent,1,0.0
eval_linkage_shift_0.0_0,linkage_shift_0.0,oracle_online_venn_recent,2,0.0
eval_linkage_shift_0.0_0,linkage_shift_0.0,oracle_online_venn_recent,3,0.0
eval_linkage_shift_0.0_0,linkage_shift_0.0,oracle_online_venn_recent,4,0.0
eval_linkage_shift_0.0_0,linkage_shift_0.0,oracle_online_venn_recent,5,0.0
eval_linkage_shift_0.0_0,linkage_shift_0.0,oracle_online_venn_recent,6,0.0
eval_linkage_shift_0.0_0,linkage_shift_0.0,oracle_online_venn_recent,7,0.0
eval_linkage_shift_0.0_0,linkage_shift_0.0,oracle_online_venn_recent,8,0.0
eval_linkage_shift_0.0_0,linkage_shift_0.0,oracle_online_venn_recent,9,0.0
eval_linkage_shift_0.0_0,linkage_shift_0.0,oracle_online_venn_recent,10,0.0
eval_linkage_shift_0.0_0,linkage_shift_0.0,oracle_online_venn_recent,11,0.0
eval_linkage_shift_0.0_0,linkage_shift_0.0,oracle_online_venn_recent,12,0.0
eval_linkage_shift_0.0_0,linkage_shift_0.0,oracle_online_venn_recent,13,0.0
eval_linkage_shift_0.0_0,linkage_shift_0.0,oracle_online_venn_oldest,1,0.0
eval_linkage_shift_0.0_0,linkage_shift_0.0,oracle_online_venn_oldest,2,0.0
eval_linkage_shift_0.0_0,linkage_shift_0.0,oracle_online_venn_oldest,3,0.0
eval_linkage_shift_0.0_0,linkage_shift_0.0,oracle_online_venn_oldest,4,0.0
eval_linkage_shift_0.0_0,linkage_shift_0.0,oracle_online_venn_oldest,5,0.0
eval_linkage_shift_0.0_0,linkage_shift_0.0,oracle_online_venn_oldest,6,0.0
eval_linkage_shift_0.0_0,linkage_shift_0.0,oracle_online_venn_oldest,7,0.0
eval_linkage_shift_0.0_0,linkage_shift_0.0,oracle_online_venn_oldest,8,0.0
eval_linkage_shift_0.0_0,linkage_shift_0.0,oracle_online_venn_oldest,9,0.0
eval_linkage_shift_0.0_0,linkage_shift_0.0,oracle_online_venn_oldest,10,0.0
eval_linkage_shift_0.0_0,linkage_shift_0.0,oracle_online_venn_oldest,11,0.0
eval_linkage_shift_0.0_0,linkage_shift_0.0,oracle_online_venn_oldest,12,0.0
eval_linkage_shift_0.0_0,linkage_shift_0.0,oracle_online_venn_oldest,13,0.0
eval_linkage_shift_0.0_0,linkage_shift_0.0,oracle_online_union_recent,1,0.0
eval_linkage_shift_0.0_0,linkage_shift_0.0,oracle_online_union_recent,2,0.0
eval_linkage_shift_0.0_0,linkage_shift_0.0,oracle_online_union_recent,3,0.0
eval_linkage_shift_0.0_0,linkage_shift_0.0,oracle_online_union_recent,4,0.0
eval_linkage_shift_0.0_0,linkage_shift_0.0,oracle_online_union_recent,5,0.0
eval_linkage_shift_0.0_0,linkage_shift_0.0,oracle_online_union_recent,6,0.0
eval_linkage_shift_0.0_0,linkage_shift_0.0,oracle_online_union_recent,7,0.0
eval_linkage_shift_0.0_0,linkage_shift_0.0,oracle_online_union_recent,8,0.0
eval_linkage_shift_0.0_0,linkage_shift_0.0,oracle_online_union_recent,9,0.0
eval_linkage_shift_0.0_0,linkage_shift_0.0,oracle_online_union_recent,10,0.0
eval_linkage_shift_0.0_0,linkage_shift_0.0,oracle_online_union_recent,11,0.0
eval_linkage_shift_0.0_0,linkage_shift_0.0,oracle_online_union_recent,12,0.0
eval_linkage_shift_0.0_0,linkage_shift_0.0,oracle_online_union_recent,13,0.0
eval_linkage_shift_0.0_0,linkage_shift_0.0,oracle_online_union_oldest,1,0.0
eval_linkage_shift_0.0_0,linkage_shift_0.0,oracle_online_union_oldest,2,0.0
eval_linkage_shift_0.0_0,linkage_shift_0.0,oracle_online_union_oldest,3,0.0
eval_linkage_shift_0.0_0,linkage_shift_0.0,oracle_online_union_oldest,4,0.0
eval_linkage_shift_0.0_0,linkage_shift_0.0,oracle_online_union_oldest,5,0.0
eval_linkage_shift_0.0_0,linkage_shift_0.0,oracle_online_union_oldest,6,0.0
eval_linkage_shift_0.0_0,linkage_shift_0.0,oracle_online_union_oldest,7,0.0
eval_linkage_shift_0.0_0,linkage_shift_0.0,oracle_online_union_oldest,8,0.0
eval_linkage_shift_0.0_0,linkage_shift_0.0,oracle_online_union_oldest,9,0.0
eval_linkage_shift_0.0_0,linkage_shift_0.0,oracle_online_union_oldest,10,0.0
eval_linkage_shift_0.0_0,linkage_shift_0.0,oracle_online_union_oldest,11,0.0
eval_linkage_shift_0.0_0,linkage_shift_0.0,oracle_online_union_oldest,12,0.0
eval_linkage_shift_0.0_0,linkage_shift_0.0,oracle_online_union_oldest,13,0.0
eval_linkage_shift_0.0_0,linkage_shift_0.0,forbidden_person_identity_oracle,1,0.0
eval_linkage_shift_0.0_0,linkage_shift_0.0,forbidden_person_identity_oracle,2,0.0
eval_linkage_shift_0.0_0,linkage_shift_0.0,forbidden_person_identity_oracle,3,0.0
eval_linkage_shift_0.0_0,linkage_shift_0.0,forbidden_person_identity_oracle,4,0.0
eval_linkage_shift_0.0_0,linkage_shift_0.0,forbidden_person_identity_oracle,5,0.0
eval_linkage_shift_0.0_0,linkage_shift_0.0,forbidden_person_identity_oracle,6,0.0
eval_linkage_shift_0.0_0,linkage_shift_0.0,forbidden_person_identity_oracle,7,0.0
eval_linkage_shift_0.0_0,linkage_shift_0.0,forbidden_person_identity_oracle,8,0.0
eval_linkage_shift_0.0_0,linkage_shift_0.0,forbidden_person_identity_oracle,9,0.0
eval_linkage_shift_0.0_0,linkage_shift_0.0,forbidden_person_identity_oracle,10,0.0
eval_linkage_shift_0.0_0,linkage_shift_0.0,forbidden_person_identity_oracle,11,0.0
eval_linkage_shift_0.0_0,linkage_shift_0.0,forbidden_person_identity_oracle,12,0.0
eval_linkage_shift_0.0_0,linkage_shift_0.0,forbidden_person_identity_oracle,13,0.0
eval_linkage_shift_0.0_0,linkage_shift_0.0,three_day_buffer_then_freeze,1,0.4034664879427693
eval_linkage_shift_0.0_0,linkage_shift_0.0,three_day_buffer_then_freeze,2,0.4034664879427693
eval_linkage_shift_0.0_0,linkage_shift_0.0,three_day_buffer_then_freeze,3,0.4034664879427693
eval_linkage_shift_0.0_0,linkage_shift_0.0,three_day_buffer_then_freeze,4,0.4034664879427693
eval_linkage_shift_0.0_0,linkage_shift_0.0,three_day_buffer_then_freeze,5,0.4034664879427693
eval_linkage_shift_0.0_0,linkage_shift_0.0,three_day_buffer_then_freeze,6,0.4034664879427693
eval_linkage_shift_0.0_0,linkage_shift_0.0,three_day_buffer_then_freeze,7,0.4034664879427693
eval_linkage_shift_0.0_0,linkage_shift_0.0,three_day_buffer_then_freeze,8,0.4034664879427693
eval_linkage_shift_0.0_0,linkage_shift_0.0,three_day_buffer_then_freeze,9,0.4034664879427693
eval_linkage_shift_0.0_0,linkage_shift_0.0,three_day_buffer_then_freeze,10,0.4034664879427693
eval_linkage_shift_0.0_0,linkage_shift_0.0,three_day_buffer_then_freeze,11,0.4034664879427693
eval_linkage_shift_0.0_0,linkage_shift_0.0,three_day_buffer_then_freeze,12,0.4034664879427693
eval_linkage_shift_0.0_0,linkage_shift_0.0,three_day_buffer_then_freeze,13,0.4034664879427693
eval_linkage_shift_0.0_0,linkage_shift_0.0,full_flight_buffer_then_freeze,1,0.5390342196782502
eval_linkage_shift_0.0_0,linkage_shift_0.0,full_flight_buffer_then_freeze,2,0.5390342196782502
eval_linkage_shift_0.0_0,linkage_shift_0.0,full_flight_buffer_then_freeze,3,0.5390342196782502
eval_linkage_shift_0.0_0,linkage_shift_0.0,full_flight_buffer_then_freeze,4,0.5390342196782502
eval_linkage_shift_0.0_0,linkage_shift_0.0,full_flight_buffer_then_freeze,5,0.5390342196782502
eval_linkage_shift_0.0_0,linkage_shift_0.0,full_flight_buffer_then_freeze,6,0.5390342196782502
eval_linkage_shift_0.0_0,linkage_shift_0.0,full_flight_buffer_then_freeze,7,0.5390342196782502
eval_linkage_shift_0.0_0,linkage_shift_0.0,full_flight_buffer_then_freeze,8,0.5390342196782502
eval_linkage_shift_0.0_0,linkage_shift_0.0,full_flight_buffer_then_freeze,9,0.5390342196782502
eval_linkage_shift_0.0_0,linkage_shift_0.0,full_flight_buffer_then_freeze,10,0.5390342196782502
eval_linkage_shift_0.0_0,linkage_shift_0.0,full_flight_buffer_then_freeze,11,0.5390342196782502
eval_linkage_shift_0.0_0,linkage_shift_0.0,full_flight_buffer_then_freeze,12,0.5390342196782502
eval_linkage_shift_0.0_0,linkage_shift_0.0,full_flight_buffer_then_freeze,13,0.5390342196782502
eval_linkage_shift_0.0_0,linkage_shift_0.0,oracle_same_day_dial,1,0.0
eval_linkage_shift_0.0_0,linkage_shift_0.0,oracle_same_day_dial,2,0.059375
eval_linkage_shift_0.0_0,linkage_shift_0.0,oracle_same_day_dial,3,0.0
eval_linkage_shift_0.0_0,linkage_shift_0.0,oracle_same_day_dial,4,0.17812499999999998
eval_linkage_shift_0.0_0,linkage_shift_0.0,oracle_same_day_dial,5,0.2375
eval_linkage_shift_0.0_0,linkage_shift_0.0,oracle_same_day_dial,6,0.059375
eval_linkage_shift_0.0_0,linkage_shift_0.0,oracle_same_day_dial,7,0.11875
eval_linkage_shift_0.0_0,linkage_shift_0.0,oracle_same_day_dial,8,0.2375
eval_linkage_shift_0.0_0,linkage_shift_0.0,oracle_same_day_dial,9,0.2375
eval_linkage_shift_0.0_0,linkage_shift_0.0,oracle_same_day_dial,10,0.17812499999999998
eval_linkage_shift_0.0_0,linkage_shift_0.0,oracle_same_day_dial,11,0.17812499999999998
eval_linkage_shift_0.0_0,linkage_shift_0.0,oracle_same_day_dial,12,0.17812499999999998
eval_linkage_shift_0.0_0,linkage_shift_0.0,oracle_same_day_dial,13,0.11875
eval_linkage_shift_0.0_1,linkage_shift_0.0,fixed_model_line_pool,1,0.0
eval_linkage_shift_0.0_1,linkage_shift_0.0,fixed_model_line_pool,2,0.0
eval_linkage_shift_0.0_1,linkage_shift_0.0,fixed_model_line_pool,3,0.0
eval_linkage_shift_0.0_1,linkage_shift_0.0,fixed_model_line_pool,4,0.0
eval_linkage_shift_0.0_1,linkage_shift_0.0,fixed_model_line_pool,5,0.0
eval_linkage_shift_0.0_1,linkage_shift_0.0,fixed_model_line_pool,6,0.0
eval_linkage_shift_0.0_1,linkage_shift_0.0,fixed_model_line_pool,7,0.0
eval_linkage_shift_0.0_1,linkage_shift_0.0,fixed_model_line_pool,8,0.0
eval_linkage_shift_0.0_1,linkage_shift_0.0,fixed_model_line_pool,9,0.0
eval_linkage_shift_0.0_1,linkage_shift_0.0,fixed_model_line_pool,10,0.0
eval_linkage_shift_0.0_1,linkage_shift_0.0,fixed_model_line_pool,11,0.0
eval_linkage_shift_0.0_1,linkage_shift_0.0,fixed_model_line_pool,12,0.0
eval_linkage_shift_0.0_1,linkage_shift_0.0,fixed_model_line_pool,13,0.0
eval_linkage_shift_0.0_1,linkage_shift_0.0,context_and_scale_only_pool,1,0.413528890237054
eval_linkage_shift_0.0_1,linkage_shift_0.0,context_and_scale_only_pool,2,0.463206583580357
eval_linkage_shift_0.0_1,linkage_shift_0.0,context_and_scale_only_pool,3,0.489704413606022
eval_linkage_shift_0.0_1,linkage_shift_0.0,context_and_scale_only_pool,4,0.5111767063418096
eval_linkage_shift_0.0_1,linkage_shift_0.0,context_and_scale_only_pool,5,0.5254996661266685
eval_linkage_shift_0.0_1,linkage_shift_0.0,context_and_scale_only_pool,6,0.5384648612037207
eval_linkage_shift_0.0_1,linkage_shift_0.0,context_and_scale_only_pool,7,0.544939940750945
eval_linkage_shift_0.0_1,linkage_shift_0.0,context_and_scale_only_pool,8,0.5455265491506257
eval_linkage_shift_0.0_1,linkage_shift_0.0,context_and_scale_only_pool,9,0.5466477134300887
eval_linkage_shift_0.0_1,linkage_shift_0.0,context_and_scale_only_pool,10,0.5493076440143771
eval_linkage_shift_0.0_1,linkage_shift_0.0,context_and_scale_only_pool,11,0.5544157500890664
eval_linkage_shift_0.0_1,linkage_shift_0.0,context_and_scale_only_pool,12,0.5591773201951011
eval_linkage_shift_0.0_1,linkage_shift_0.0,context_and_scale_only_pool,13,0.5610794006066743
eval_linkage_shift_0.0_1,linkage_shift_0.0,provider_blended_ordered_pool,1,0.4150724803465534
eval_linkage_shift_0.0_1,linkage_shift_0.0,provider_blended_ordered_pool,2,0.4596479580657892
eval_linkage_shift_0.0_1,linkage_shift_0.0,provider_blended_ordered_pool,3,0.47822958978673036
eval_linkage_shift_0.0_1,linkage_shift_0.0,provider_blended_ordered_pool,4,0.49143736204951655
eval_linkage_shift_0.0_1,linkage_shift_0.0,provider_blended_ordered_pool,5,0.5110317590055491
eval_linkage_shift_0.0_1,linkage_shift_0.0,provider_blended_ordered_pool,6,0.5245948718935144
eval_linkage_shift_0.0_1,linkage_shift_0.0,provider_blended_ordered_pool,7,0.5304477822493057
eval_linkage_shift_0.0_1,linkage_shift_0.0,provider_blended_ordered_pool,8,0.5309546307765742
eval_linkage_shift_0.0_1,linkage_shift_0.0,provider_blended_ordered_pool,9,0.5343515296617625
eval_linkage_shift_0.0_1,linkage_shift_0.0,provider_blended_ordered_pool,10,0.5369595719633067
eval_linkage_shift_0.0_1,linkage_shift_0.0,provider_blended_ordered_pool,11,0.5414760238852794
eval_linkage_shift_0.0_1,linkage_shift_0.0,provider_blended_ordered_pool,12,0.5457560316910229
eval_linkage_shift_0.0_1,linkage_shift_0.0,provider_blended_ordered_pool,13,0.5471739898416039
eval_linkage_shift_0.0_1,linkage_shift_0.0,ordered_collision_resolved_overlap_pool,1,0.4200767886557095
eval_linkage_shift_0.0_1,linkage_shift_0.0,ordered_collision_resolved_overlap_pool,2,0.5143826340954885
eval_linkage_shift_0.0_1,linkage_shift_0.0,ordered_collision_resolved_overlap_pool,3,0.5423544584295358
eval_linkage_shift_0.0_1,linkage_shift_0.0,ordered_collision_resolved_overlap_pool,4,0.537522414137701
eval_linkage_shift_0.0_1,linkage_shift_0.0,ordered_collision_resolved_overlap_pool,5,0.5675841563535842
eval_linkage_shift_0.0_1,linkage_shift_0.0,ordered_collision_resolved_overlap_pool,6,0.5939119909480729
eval_linkage_shift_0.0_1,linkage_shift_0.0,ordered_collision_resolved_overlap_pool,7,0.6325406592877284
eval_linkage_shift_0.0_1,linkage_shift_0.0,ordered_collision_resolved_overlap_pool,8,0.6785351176507903
eval_linkage_shift_0.0_1,linkage_shift_0.0,ordered_collision_resolved_overlap_pool,9,0.7108053875586797
eval_linkage_shift_0.0_1,linkage_shift_0.0,ordered_collision_resolved_overlap_pool,10,0.7263695764081142
eval_linkage_shift_0.0_1,linkage_shift_0.0,ordered_collision_resolved_overlap_pool,11,0.7373246048874567
eval_linkage_shift_0.0_1,linkage_shift_0.0,ordered_collision_resolved_overlap_pool,12,0.7391808714310811
eval_linkage_shift_0.0_1,linkage_shift_0.0,ordered_collision_resolved_overlap_pool,13,0.7437652796628044
eval_linkage_shift_0.0_1,linkage_shift_0.0,fixed_marginal_overlap_atlas,1,0.08423422379718754
eval_linkage_shift_0.0_1,linkage_shift_0.0,fixed_marginal_overlap_atlas,2,0.16024621026148986
eval_linkage_shift_0.0_1,linkage_shift_0.0,fixed_marginal_overlap_atlas,3,0.18056092954379263
eval_linkage_shift_0.0_1,linkage_shift_0.0,fixed_marginal_overlap_atlas,4,0.20276575774567185
eval_linkage_shift_0.0_1,linkage_shift_0.0,fixed_marginal_overlap_atlas,5,0.22769229647456807
eval_linkage_shift_0.0_1,linkage_shift_0.0,fixed_marginal_overlap_atlas,6,0.24296325698328858
eval_linkage_shift_0.0_1,linkage_shift_0.0,fixed_marginal_overlap_atlas,7,0.2645305972245482
eval_linkage_shift_0.0_1,linkage_shift_0.0,fixed_marginal_overlap_atlas,8,0.2751400643459081
eval_linkage_shift_0.0_1,linkage_shift_0.0,fixed_marginal_overlap_atlas,9,0.28951322132025437
eval_linkage_shift_0.0_1,linkage_shift_0.0,fixed_marginal_overlap_atlas,10,0.29538047812799106
eval_linkage_shift_0.0_1,linkage_shift_0.0,fixed_marginal_overlap_atlas,11,0.29678222267310117
eval_linkage_shift_0.0_1,linkage_shift_0.0,fixed_marginal_overlap_atlas,12,0.2994722964723236
eval_linkage_shift_0.0_1,linkage_shift_0.0,fixed_marginal_overlap_atlas,13,0.3021680819338344
eval_linkage_shift_0.0_1,linkage_shift_0.0,pair_targeted_fixed_marginal_atlas,1,0.08423422379718754
eval_linkage_shift_0.0_1,linkage_shift_0.0,pair_targeted_fixed_marginal_atlas,2,0.16024621026148986
eval_linkage_shift_0.0_1,linkage_shift_0.0,pair_targeted_fixed_marginal_atlas,3,0.18056092954379263
eval_linkage_shift_0.0_1,linkage_shift_0.0,pair_targeted_fixed_marginal_atlas,4,0.20276575774567185
eval_linkage_shift_0.0_1,linkage_shift_0.0,pair_targeted_fixed_marginal_atlas,5,0.22769229647456807
eval_linkage_shift_0.0_1,linkage_shift_0.0,pair_targeted_fixed_marginal_atlas,6,0.24296325698328858
eval_linkage_shift_0.0_1,linkage_shift_0.0,pair_targeted_fixed_marginal_atlas,7,0.2645305972245482
eval_linkage_shift_0.0_1,linkage_shift_0.0,pair_targeted_fixed_marginal_atlas,8,0.2751400643459081
eval_linkage_shift_0.0_1,linkage_shift_0.0,pair_targeted_fixed_marginal_atlas,9,0.28951322132025437
eval_linkage_shift_0.0_1,linkage_shift_0.0,pair_targeted_fixed_marginal_atlas,10,0.29538047812799106
eval_linkage_shift_0.0_1,linkage_shift_0.0,pair_targeted_fixed_marginal_atlas,11,0.29678222267310117
eval_linkage_shift_0.0_1,linkage_shift_0.0,pair_targeted_fixed_marginal_atlas,12,0.2994722964723236
eval_linkage_shift_0.0_1,linkage_shift_0.0,pair_targeted_fixed_marginal_atlas,13,0.3021680819338344
eval_linkage_shift_0.0_1,linkage_shift_0.0,same_day_adaptive_pool,1,0.41633541770887106
eval_linkage_shift_0.0_1,linkage_shift_0.0,same_day_adaptive_pool,2,0.4434757883336947
eval_linkage_shift_0.0_1,linkage_shift_0.0,same_day_adaptive_pool,3,0.42012323821395664
eval_linkage_shift_0.0_1,linkage_shift_0.0,same_day_adaptive_pool,4,0.4091482418842474
eval_linkage_shift_0.0_1,linkage_shift_0.0,same_day_adaptive_pool,5,0.4330448344924643
eval_linkage_shift_0.0_1,linkage_shift_0.0,same_day_adaptive_pool,6,0.43000371659228903
eval_linkage_shift_0.0_1,linkage_shift_0.0,same_day_adaptive_pool,7,0.4581800514854216
eval_linkage_shift_0.0_1,linkage_shift_0.0,same_day_adaptive_pool,8,0.46497243881650757
eval_linkage_shift_0.0_1,linkage_shift_0.0,same_day_adaptive_pool,9,0.44909829164923026
eval_linkage_shift_0.0_1,linkage_shift_0.0,same_day_adaptive_pool,10,0.43925663755037003
eval_linkage_shift_0.0_1,linkage_shift_0.0,same_day_adaptive_pool,11,0.41674612504526687
eval_linkage_shift_0.0_1,linkage_shift_0.0,same_day_adaptive_pool,12,0.39617972435799376
eval_linkage_shift_0.0_1,linkage_shift_0.0,same_day_adaptive_pool,13,0.3801213901141225
eval_linkage_shift_0.0_1,linkage_shift_0.0,cumulative_adaptive_pool,1,0.41633541770887106
eval_linkage_shift_0.0_1,linkage_shift_0.0,cumulative_adaptive_pool,2,0.4567363553720518
eval_linkage_shift_0.0_1,linkage_shift_0.0,cumulative_adaptive_pool,3,0.46884109757094616
eval_linkage_shift_0.0_1,linkage_shift_0.0,cumulative_adaptive_pool,4,0.4752869894467313
eval_linkage_shift_0.0_1,linkage_shift_0.0,cumulative_adaptive_pool,5,0.49919438045190584
eval_linkage_shift_0.0_1,linkage_shift_0.0,cumulative_adaptive_pool,6,0.5132466988215274
eval_linkage_shift_0.0_1,linkage_shift_0.0,cumulative_adaptive_pool,7,0.5185905616570552
eval_linkage_shift_0.0_1,linkage_shift_0.0,cumulative_adaptive_pool,8,0.5190321521068957
eval_linkage_shift_0.0_1,linkage_shift_0.0,cumulative_adaptive_pool,9,0.5242910156694954
eval_linkage_shift_0.0_1,linkage_shift_0.0,cumulative_adaptive_pool,10,0.5268566039215217
eval_linkage_shift_0.0_1,linkage_shift_0.0,cumulative_adaptive_pool,11,0.5308889751730899
eval_linkage_shift_0.0_1,linkage_shift_0.0,cumulative_adaptive_pool,12,0.5347749774604135
eval_linkage_shift_0.0_1,linkage_shift_0.0,cumulative_adaptive_pool,13,0.5357968355792735
eval_linkage_shift_0.0_1,linkage_shift_0.0,quantized_hysteresis_pool,1,0.4
eval_linkage_shift_0.0_1,linkage_shift_0.0,quantized_hysteresis_pool,2,0.4
eval_linkage_shift_0.0_1,linkage_shift_0.0,quantized_hysteresis_pool,3,0.4
eval_linkage_shift_0.0_1,linkage_shift_0.0,quantized_hysteresis_pool,4,0.4
eval_linkage_shift_0.0_1,linkage_shift_0.0,quantized_hysteresis_pool,5,0.4
eval_linkage_shift_0.0_1,linkage_shift_0.0,quantized_hysteresis_pool,6,0.5
eval_linkage_shift_0.0_1,linkage_shift_0.0,quantized_hysteresis_pool,7,0.5
eval_linkage_shift_0.0_1,linkage_shift_0.0,quantized_hysteresis_pool,8,0.5
eval_linkage_shift_0.0_1,linkage_shift_0.0,quantized_hysteresis_pool,9,0.5
eval_linkage_shift_0.0_1,linkage_shift_0.0,quantized_hysteresis_pool,10,0.5
eval_linkage_shift_0.0_1,linkage_shift_0.0,quantized_hysteresis_pool,11,0.5
eval_linkage_shift_0.0_1,linkage_shift_0.0,quantized_hysteresis_pool,12,0.5
eval_linkage_shift_0.0_1,linkage_shift_0.0,quantized_hysteresis_pool,13,0.5
eval_linkage_shift_0.0_1,linkage_shift_0.0,sticky_first_seen_pool,1,0.41633541770887106
eval_linkage_shift_0.0_1,linkage_shift_0.0,sticky_first_seen_pool,2,0.4567363553720518
eval_linkage_shift_0.0_1,linkage_shift_0.0,sticky_first_seen_pool,3,0.46884109757094616
eval_linkage_shift_0.0_1,linkage_shift_0.0,sticky_first_seen_pool,4,0.4752869894467313
eval_linkage_shift_0.0_1,linkage_shift_0.0,sticky_first_seen_pool,5,0.49919438045190584
eval_linkage_shift_0.0_1,linkage_shift_0.0,sticky_first_seen_pool,6,0.5132466988215274
eval_linkage_shift_0.0_1,linkage_shift_0.0,sticky_first_seen_pool,7,0.5185905616570552
eval_linkage_shift_0.0_1,linkage_shift_0.0,sticky_first_seen_pool,8,0.5190321521068957
eval_linkage_shift_0.0_1,linkage_shift_0.0,sticky_first_seen_pool,9,0.5242910156694954
eval_linkage_shift_0.0_1,linkage_shift_0.0,sticky_first_seen_pool,10,0.5268566039215217
eval_linkage_shift_0.0_1,linkage_shift_0.0,sticky_first_seen_pool,11,0.5308889751730899
eval_linkage_shift_0.0_1,linkage_shift_0.0,sticky_first_seen_pool,12,0.5347749774604135
eval_linkage_shift_0.0_1,linkage_shift_0.0,sticky_first_seen_pool,13,0.5357968355792735
eval_linkage_shift_0.0_1,linkage_shift_0.0,ordered_memoized_rank_lattice,1,0.4
eval_linkage_shift_0.0_1,linkage_shift_0.0,ordered_memoized_rank_lattice,2,0.4
eval_linkage_shift_0.0_1,linkage_shift_0.0,ordered_memoized_rank_lattice,3,0.4
eval_linkage_shift_0.0_1,linkage_shift_0.0,ordered_memoized_rank_lattice,4,0.4
eval_linkage_shift_0.0_1,linkage_shift_0.0,ordered_memoized_rank_lattice,5,0.4
eval_linkage_shift_0.0_1,linkage_shift_0.0,ordered_memoized_rank_lattice,6,0.5
eval_linkage_shift_0.0_1,linkage_shift_0.0,ordered_memoized_rank_lattice,7,0.5
eval_linkage_shift_0.0_1,linkage_shift_0.0,ordered_memoized_rank_lattice,8,0.5
eval_linkage_shift_0.0_1,linkage_shift_0.0,ordered_memoized_rank_lattice,9,0.5
eval_linkage_shift_0.0_1,linkage_shift_0.0,ordered_memoized_rank_lattice,10,0.5
eval_linkage_shift_0.0_1,linkage_shift_0.0,ordered_memoized_rank_lattice,11,0.5
eval_linkage_shift_0.0_1,linkage_shift_0.0,ordered_memoized_rank_lattice,12,0.5
eval_linkage_shift_0.0_1,linkage_shift_0.0,ordered_memoized_rank_lattice,13,0.5
eval_linkage_shift_0.0_1,linkage_shift_0.0,cohort_3_week_rank_lattice,1,0.4
eval_linkage_shift_0.0_1,linkage_shift_0.0,cohort_3_week_rank_lattice,2,0.4
eval_linkage_shift_0.0_1,linkage_shift_0.0,cohort_3_week_rank_lattice,3,0.4
eval_linkage_shift_0.0_1,linkage_shift_0.0,cohort_3_week_rank_lattice,4,0.4
eval_linkage_shift_0.0_1,linkage_shift_0.0,cohort_3_week_rank_lattice,5,0.4
eval_linkage_shift_0.0_1,linkage_shift_0.0,cohort_3_week_rank_lattice,6,0.5
eval_linkage_shift_0.0_1,linkage_shift_0.0,cohort_3_week_rank_lattice,7,0.5
eval_linkage_shift_0.0_1,linkage_shift_0.0,cohort_3_week_rank_lattice,8,0.5
eval_linkage_shift_0.0_1,linkage_shift_0.0,cohort_3_week_rank_lattice,9,0.5
eval_linkage_shift_0.0_1,linkage_shift_0.0,cohort_3_week_rank_lattice,10,0.5
eval_linkage_shift_0.0_1,linkage_shift_0.0,cohort_3_week_rank_lattice,11,0.5
eval_linkage_shift_0.0_1,linkage_shift_0.0,cohort_3_week_rank_lattice,12,0.5
eval_linkage_shift_0.0_1,linkage_shift_0.0,cohort_3_week_rank_lattice,13,0.5
eval_linkage_shift_0.0_1,linkage_shift_0.0,oracle_online_venn_recent,1,0.0
eval_linkage_shift_0.0_1,linkage_shift_0.0,oracle_online_venn_recent,2,0.0
eval_linkage_shift_0.0_1,linkage_shift_0.0,oracle_online_venn_recent,3,0.0
eval_linkage_shift_0.0_1,linkage_shift_0.0,oracle_online_venn_recent,4,0.0
eval_linkage_shift_0.0_1,linkage_shift_0.0,oracle_online_venn_recent,5,0.0
eval_linkage_shift_0.0_1,linkage_shift_0.0,oracle_online_venn_recent,6,0.0
eval_linkage_shift_0.0_1,linkage_shift_0.0,oracle_online_venn_recent,7,0.0
eval_linkage_shift_0.0_1,linkage_shift_0.0,oracle_online_venn_recent,8,0.0
eval_linkage_shift_0.0_1,linkage_shift_0.0,oracle_online_venn_recent,9,0.0
eval_linkage_shift_0.0_1,linkage_shift_0.0,oracle_online_venn_recent,10,0.0
eval_linkage_shift_0.0_1,linkage_shift_0.0,oracle_online_venn_recent,11,0.0
eval_linkage_shift_0.0_1,linkage_shift_0.0,oracle_online_venn_recent,12,0.0
eval_linkage_shift_0.0_1,linkage_shift_0.0,oracle_online_venn_recent,13,0.0
eval_linkage_shift_0.0_1,linkage_shift_0.0,oracle_online_venn_oldest,1,0.0
eval_linkage_shift_0.0_1,linkage_shift_0.0,oracle_online_venn_oldest,2,0.0
eval_linkage_shift_0.0_1,linkage_shift_0.0,oracle_online_venn_oldest,3,0.0
eval_linkage_shift_0.0_1,linkage_shift_0.0,oracle_online_venn_oldest,4,0.0
eval_linkage_shift_0.0_1,linkage_shift_0.0,oracle_online_venn_oldest,5,0.0
eval_linkage_shift_0.0_1,linkage_shift_0.0,oracle_online_venn_oldest,6,0.0
eval_linkage_shift_0.0_1,linkage_shift_0.0,oracle_online_venn_oldest,7,0.0
eval_linkage_shift_0.0_1,linkage_shift_0.0,oracle_online_venn_oldest,8,0.0
eval_linkage_shift_0.0_1,linkage_shift_0.0,oracle_online_venn_oldest,9,0.0
eval_linkage_shift_0.0_1,linkage_shift_0.0,oracle_online_venn_oldest,10,0.0
eval_linkage_shift_0.0_1,linkage_shift_0.0,oracle_online_venn_oldest,11,0.0
eval_linkage_shift_0.0_1,linkage_shift_0.0,oracle_online_venn_oldest,12,0.0
eval_linkage_shift_0.0_1,linkage_shift_0.0,oracle_online_venn_oldest,13,0.0
eval_linkage_shift_0.0_1,linkage_shift_0.0,oracle_online_union_recent,1,0.0
eval_linkage_shift_0.0_1,linkage_shift_0.0,oracle_online_union_recent,2,0.0
eval_linkage_shift_0.0_1,linkage_shift_0.0,oracle_online_union_recent,3,0.0
eval_linkage_shift_0.0_1,linkage_shift_0.0,oracle_online_union_recent,4,0.0
eval_linkage_shift_0.0_1,linkage_shift_0.0,oracle_online_union_recent,5,0.0
eval_linkage_shift_0.0_1,linkage_shift_0.0,oracle_online_union_recent,6,0.0
eval_linkage_shift_0.0_1,linkage_shift_0.0,oracle_online_union_recent,7,0.0
eval_linkage_shift_0.0_1,linkage_shift_0.0,oracle_online_union_recent,8,0.0
eval_linkage_shift_0.0_1,linkage_shift_0.0,oracle_online_union_recent,9,0.0
eval_linkage_shift_0.0_1,linkage_shift_0.0,oracle_online_union_recent,10,0.0
eval_linkage_shift_0.0_1,linkage_shift_0.0,oracle_online_union_recent,11,0.0
eval_linkage_shift_0.0_1,linkage_shift_0.0,oracle_online_union_recent,12,0.0
eval_linkage_shift_0.0_1,linkage_shift_0.0,oracle_online_union_recent,13,0.0
eval_linkage_shift_0.0_1,linkage_shift_0.0,oracle_online_union_oldest,1,0.0
eval_linkage_shift_0.0_1,linkage_shift_0.0,oracle_online_union_oldest,2,0.0
eval_linkage_shift_0.0_1,linkage_shift_0.0,oracle_online_union_oldest,3,0.0
eval_linkage_shift_0.0_1,linkage_shift_0.0,oracle_online_union_oldest,4,0.0
eval_linkage_shift_0.0_1,linkage_shift_0.0,oracle_online_union_oldest,5,0.0
eval_linkage_shift_0.0_1,linkage_shift_0.0,oracle_online_union_oldest,6,0.0
eval_linkage_shift_0.0_1,linkage_shift_0.0,oracle_online_union_oldest,7,0.0
eval_linkage_shift_0.0_1,linkage_shift_0.0,oracle_online_union_oldest,8,0.0
eval_linkage_shift_0.0_1,linkage_shift_0.0,oracle_online_union_oldest,9,0.0
eval_linkage_shift_0.0_1,linkage_shift_0.0,oracle_online_union_oldest,10,0.0
eval_linkage_shift_0.0_1,linkage_shift_0.0,oracle_online_union_oldest,11,0.0
eval_linkage_shift_0.0_1,linkage_shift_0.0,oracle_online_union_oldest,12,0.0
eval_linkage_shift_0.0_1,linkage_shift_0.0,oracle_online_union_oldest,13,0.0
eval_linkage_shift_0.0_1,linkage_shift_0.0,forbidden_person_identity_oracle,1,0.0
eval_linkage_shift_0.0_1,linkage_shift_0.0,forbidden_person_identity_oracle,2,0.0
eval_linkage_shift_0.0_1,linkage_shift_0.0,forbidden_person_identity_oracle,3,0.0
eval_linkage_shift_0.0_1,linkage_shift_0.0,forbidden_person_identity_oracle,4,0.0
eval_linkage_shift_0.0_1,linkage_shift_0.0,forbidden_person_identity_oracle,5,0.0
eval_linkage_shift_0.0_1,linkage_shift_0.0,forbidden_person_identity_oracle,6,0.0
eval_linkage_shift_0.0_1,linkage_shift_0.0,forbidden_person_identity_oracle,7,0.0
eval_linkage_shift_0.0_1,linkage_shift_0.0,forbidden_person_identity_oracle,8,0.0
eval_linkage_shift_0.0_1,linkage_shift_0.0,forbidden_person_identity_oracle,9,0.0
eval_linkage_shift_0.0_1,linkage_shift_0.0,forbidden_person_identity_oracle,10,0.0
eval_linkage_shift_0.0_1,linkage_shift_0.0,forbidden_person_identity_oracle,11,0.0
eval_linkage_shift_0.0_1,linkage_shift_0.0,forbidden_person_identity_oracle,12,0.0
eval_linkage_shift_0.0_1,linkage_shift_0.0,forbidden_person_identity_oracle,13,0.0
eval_linkage_shift_0.0_1,linkage_shift_0.0,three_day_buffer_then_freeze,1,0.46884109757094616
eval_linkage_shift_0.0_1,linkage_shift_0.0,three_day_buffer_then_freeze,2,0.46884109757094616
eval_linkage_shift_0.0_1,linkage_shift_0.0,three_day_buffer_then_freeze,3,0.46884109757094616
eval_linkage_shift_0.0_1,linkage_shift_0.0,three_day_buffer_then_freeze,4,0.46884109757094616
eval_linkage_shift_0.0_1,linkage_shift_0.0,three_day_buffer_then_freeze,5,0.46884109757094616
eval_linkage_shift_0.0_1,linkage_shift_0.0,three_day_buffer_then_freeze,6,0.46884109757094616
eval_linkage_shift_0.0_1,linkage_shift_0.0,three_day_buffer_then_freeze,7,0.46884109757094616
eval_linkage_shift_0.0_1,linkage_shift_0.0,three_day_buffer_then_freeze,8,0.46884109757094616
eval_linkage_shift_0.0_1,linkage_shift_0.0,three_day_buffer_then_freeze,9,0.46884109757094616
eval_linkage_shift_0.0_1,linkage_shift_0.0,three_day_buffer_then_freeze,10,0.46884109757094616
eval_linkage_shift_0.0_1,linkage_shift_0.0,three_day_buffer_then_freeze,11,0.46884109757094616
eval_linkage_shift_0.0_1,linkage_shift_0.0,three_day_buffer_then_freeze,12,0.46884109757094616
eval_linkage_shift_0.0_1,linkage_shift_0.0,three_day_buffer_then_freeze,13,0.46884109757094616
eval_linkage_shift_0.0_1,linkage_shift_0.0,full_flight_buffer_then_freeze,1,0.5357968355792735
eval_linkage_shift_0.0_1,linkage_shift_0.0,full_flight_buffer_then_freeze,2,0.5357968355792735
eval_linkage_shift_0.0_1,linkage_shift_0.0,full_flight_buffer_then_freeze,3,0.5357968355792735
eval_linkage_shift_0.0_1,linkage_shift_0.0,full_flight_buffer_then_freeze,4,0.5357968355792735
eval_linkage_shift_0.0_1,linkage_shift_0.0,full_flight_buffer_then_freeze,5,0.5357968355792735
eval_linkage_shift_0.0_1,linkage_shift_0.0,full_flight_buffer_then_freeze,6,0.5357968355792735
eval_linkage_shift_0.0_1,linkage_shift_0.0,full_flight_buffer_then_freeze,7,0.5357968355792735
eval_linkage_shift_0.0_1,linkage_shift_0.0,full_flight_buffer_then_freeze,8,0.5357968355792735
eval_linkage_shift_0.0_1,linkage_shift_0.0,full_flight_buffer_then_freeze,9,0.5357968355792735
eval_linkage_shift_0.0_1,linkage_shift_0.0,full_flight_buffer_then_freeze,10,0.5357968355792735
eval_linkage_shift_0.0_1,linkage_shift_0.0,full_flight_buffer_then_freeze,11,0.5357968355792735
eval_linkage_shift_0.0_1,linkage_shift_0.0,full_flight_buffer_then_freeze,12,0.5357968355792735
eval_linkage_shift_0.0_1,linkage_shift_0.0,full_flight_buffer_then_freeze,13,0.5357968355792735
eval_linkage_shift_0.0_1,linkage_shift_0.0,oracle_same_day_dial,1,0.11875
eval_linkage_shift_0.0_1,linkage_shift_0.0,oracle_same_day_dial,2,0.17812499999999998
eval_linkage_shift_0.0_1,linkage_shift_0.0,oracle_same_day_dial,3,0.2375
eval_linkage_shift_0.0_1,linkage_shift_0.0,oracle_same_day_dial,4,0.059375
eval_linkage_shift_0.0_1,linkage_shift_0.0,oracle_same_day_dial,5,0.17812499999999998
eval_linkage_shift_0.0_1,linkage_shift_0.0,oracle_same_day_dial,6,0.17812499999999998
eval_linkage_shift_0.0_1,linkage_shift_0.0,oracle_same_day_dial,7,0.17812499999999998
eval_linkage_shift_0.0_1,linkage_shift_0.0,oracle_same_day_dial,8,0.17812499999999998
eval_linkage_shift_0.0_1,linkage_shift_0.0,oracle_same_day_dial,9,0.17812499999999998
eval_linkage_shift_0.0_1,linkage_shift_0.0,oracle_same_day_dial,10,0.11875
eval_linkage_shift_0.0_1,linkage_shift_0.0,oracle_same_day_dial,11,0.17812499999999998
eval_linkage_shift_0.0_1,linkage_shift_0.0,oracle_same_day_dial,12,0.0
eval_linkage_shift_0.0_1,linkage_shift_0.0,oracle_same_day_dial,13,0.17812499999999998
eval_linkage_shift_1.0_0,linkage_shift_1.0,fixed_model_line_pool,1,0.0
eval_linkage_shift_1.0_0,linkage_shift_1.0,fixed_model_line_pool,2,0.0
eval_linkage_shift_1.0_0,linkage_shift_1.0,fixed_model_line_pool,3,0.0
eval_linkage_shift_1.0_0,linkage_shift_1.0,fixed_model_line_pool,4,0.0
eval_linkage_shift_1.0_0,linkage_shift_1.0,fixed_model_line_pool,5,0.0
eval_linkage_shift_1.0_0,linkage_shift_1.0,fixed_model_line_pool,6,0.0
eval_linkage_shift_1.0_0,linkage_shift_1.0,fixed_model_line_pool,7,0.0
eval_linkage_shift_1.0_0,linkage_shift_1.0,fixed_model_line_pool,8,0.0
eval_linkage_shift_1.0_0,linkage_shift_1.0,fixed_model_line_pool,9,0.0
eval_linkage_shift_1.0_0,linkage_shift_1.0,fixed_model_line_pool,10,0.0
eval_linkage_shift_1.0_0,linkage_shift_1.0,fixed_model_line_pool,11,0.0
eval_linkage_shift_1.0_0,linkage_shift_1.0,fixed_model_line_pool,12,0.0
eval_linkage_shift_1.0_0,linkage_shift_1.0,fixed_model_line_pool,13,0.0
eval_linkage_shift_1.0_0,linkage_shift_1.0,context_and_scale_only_pool,1,0.3923317069761643
eval_linkage_shift_1.0_0,linkage_shift_1.0,context_and_scale_only_pool,2,0.4309743508014453
eval_linkage_shift_1.0_0,linkage_shift_1.0,context_and_scale_only_pool,3,0.4606349677538797
eval_linkage_shift_1.0_0,linkage_shift_1.0,context_and_scale_only_pool,4,0.48692839522725984
eval_linkage_shift_1.0_0,linkage_shift_1.0,context_and_scale_only_pool,5,0.5049062208569762
eval_linkage_shift_1.0_0,linkage_shift_1.0,context_and_scale_only_pool,6,0.5284887419307336
eval_linkage_shift_1.0_0,linkage_shift_1.0,context_and_scale_only_pool,7,0.5471554712216844
eval_linkage_shift_1.0_0,linkage_shift_1.0,context_and_scale_only_pool,8,0.5544961199269782
eval_linkage_shift_1.0_0,linkage_shift_1.0,context_and_scale_only_pool,9,0.5552001194843408
eval_linkage_shift_1.0_0,linkage_shift_1.0,context_and_scale_only_pool,10,0.5555770223243145
eval_linkage_shift_1.0_0,linkage_shift_1.0,context_and_scale_only_pool,11,0.5605523497723236
eval_linkage_shift_1.0_0,linkage_shift_1.0,context_and_scale_only_pool,12,0.561542426134384
eval_linkage_shift_1.0_0,linkage_shift_1.0,context_and_scale_only_pool,13,0.5610794006066743
eval_linkage_shift_1.0_0,linkage_shift_1.0,provider_blended_ordered_pool,1,0.44749465664997834
eval_linkage_shift_1.0_0,linkage_shift_1.0,provider_blended_ordered_pool,2,0.48173074186045667
eval_linkage_shift_1.0_0,linkage_shift_1.0,provider_blended_ordered_pool,3,0.5081137964906406
eval_linkage_shift_1.0_0,linkage_shift_1.0,provider_blended_ordered_pool,4,0.5008322121067665
eval_linkage_shift_1.0_0,linkage_shift_1.0,provider_blended_ordered_pool,5,0.5170090649873432
eval_linkage_shift_1.0_0,linkage_shift_1.0,provider_blended_ordered_pool,6,0.53127243496733
eval_linkage_shift_1.0_0,linkage_shift_1.0,provider_blended_ordered_pool,7,0.5453447254672033
eval_linkage_shift_1.0_0,linkage_shift_1.0,provider_blended_ordered_pool,8,0.5469713448930563
eval_linkage_shift_1.0_0,linkage_shift_1.0,provider_blended_ordered_pool,9,0.5468798772885534
eval_linkage_shift_1.0_0,linkage_shift_1.0,provider_blended_ordered_pool,10,0.5547178406291087
eval_linkage_shift_1.0_0,linkage_shift_1.0,provider_blended_ordered_pool,11,0.5604350955384441
eval_linkage_shift_1.0_0,linkage_shift_1.0,provider_blended_ordered_pool,12,0.5618978185525517
eval_linkage_shift_1.0_0,linkage_shift_1.0,provider_blended_ordered_pool,13,0.5627662481329825
eval_linkage_shift_1.0_0,linkage_shift_1.0,ordered_collision_resolved_overlap_pool,1,0.6923878565832283
eval_linkage_shift_1.0_0,linkage_shift_1.0,ordered_collision_resolved_overlap_pool,2,0.868150070976593
eval_linkage_shift_1.0_0,linkage_shift_1.0,ordered_collision_resolved_overlap_pool,3,0.8366885662662054
eval_linkage_shift_1.0_0,linkage_shift_1.0,ordered_collision_resolved_overlap_pool,4,0.7750034431927494
eval_linkage_shift_1.0_0,linkage_shift_1.0,ordered_collision_resolved_overlap_pool,5,0.7378793758885215
eval_linkage_shift_1.0_0,linkage_shift_1.0,ordered_collision_resolved_overlap_pool,6,0.750640318387269
eval_linkage_shift_1.0_0,linkage_shift_1.0,ordered_collision_resolved_overlap_pool,7,0.7630531702820667
eval_linkage_shift_1.0_0,linkage_shift_1.0,ordered_collision_resolved_overlap_pool,8,0.795945188555587
eval_linkage_shift_1.0_0,linkage_shift_1.0,ordered_collision_resolved_overlap_pool,9,0.8294290520755443
eval_linkage_shift_1.0_0,linkage_shift_1.0,ordered_collision_resolved_overlap_pool,10,0.8505800913877364
eval_linkage_shift_1.0_0,linkage_shift_1.0,ordered_collision_resolved_overlap_pool,11,0.8711957388826114
eval_linkage_shift_1.0_0,linkage_shift_1.0,ordered_collision_resolved_overlap_pool,12,0.8920734008053108
eval_linkage_shift_1.0_0,linkage_shift_1.0,ordered_collision_resolved_overlap_pool,13,0.9026109257645751
eval_linkage_shift_1.0_0,linkage_shift_1.0,fixed_marginal_overlap_atlas,1,0.16149859196712782
eval_linkage_shift_1.0_0,linkage_shift_1.0,fixed_marginal_overlap_atlas,2,0.39896575881171464
eval_linkage_shift_1.0_0,linkage_shift_1.0,fixed_marginal_overlap_atlas,3,0.5629950220764609
eval_linkage_shift_1.0_0,linkage_shift_1.0,fixed_marginal_overlap_atlas,4,0.5925188557969228
eval_linkage_shift_1.0_0,linkage_shift_1.0,fixed_marginal_overlap_atlas,5,0.6227742975350421
eval_linkage_shift_1.0_0,linkage_shift_1.0,fixed_marginal_overlap_atlas,6,0.6139840108057274
eval_linkage_shift_1.0_0,linkage_shift_1.0,fixed_marginal_overlap_atlas,7,0.625029584218594
eval_linkage_shift_1.0_0,linkage_shift_1.0,fixed_marginal_overlap_atlas,8,0.6245621735961786
eval_linkage_shift_1.0_0,linkage_shift_1.0,fixed_marginal_overlap_atlas,9,0.6393070455449672
eval_linkage_shift_1.0_0,linkage_shift_1.0,fixed_marginal_overlap_atlas,10,0.6854426946837638
eval_linkage_shift_1.0_0,linkage_shift_1.0,fixed_marginal_overlap_atlas,11,0.7026352209031447
eval_linkage_shift_1.0_0,linkage_shift_1.0,fixed_marginal_overlap_atlas,12,0.7071948105269888
eval_linkage_shift_1.0_0,linkage_shift_1.0,fixed_marginal_overlap_atlas,13,0.7160913262241626
eval_linkage_shift_1.0_0,linkage_shift_1.0,pair_targeted_fixed_marginal_atlas,1,0.16149859196712782
eval_linkage_shift_1.0_0,linkage_shift_1.0,pair_targeted_fixed_marginal_atlas,2,0.39896575881171464
eval_linkage_shift_1.0_0,linkage_shift_1.0,pair_targeted_fixed_marginal_atlas,3,0.5629950220764609
eval_linkage_shift_1.0_0,linkage_shift_1.0,pair_targeted_fixed_marginal_atlas,4,0.5925188557969228
eval_linkage_shift_1.0_0,linkage_shift_1.0,pair_targeted_fixed_marginal_atlas,5,0.6227742975350421
eval_linkage_shift_1.0_0,linkage_shift_1.0,pair_targeted_fixed_marginal_atlas,6,0.6139840108057274
eval_linkage_shift_1.0_0,linkage_shift_1.0,pair_targeted_fixed_marginal_atlas,7,0.625029584218594
eval_linkage_shift_1.0_0,linkage_shift_1.0,pair_targeted_fixed_marginal_atlas,8,0.6245621735961786
eval_linkage_shift_1.0_0,linkage_shift_1.0,pair_targeted_fixed_marginal_atlas,9,0.6393070455449672
eval_linkage_shift_1.0_0,linkage_shift_1.0,pair_targeted_fixed_marginal_atlas,10,0.6854426946837638
eval_linkage_shift_1.0_0,linkage_shift_1.0,pair_targeted_fixed_marginal_atlas,11,0.7026352209031447
eval_linkage_shift_1.0_0,linkage_shift_1.0,pair_targeted_fixed_marginal_atlas,12,0.7071948105269888
eval_linkage_shift_1.0_0,linkage_shift_1.0,pair_targeted_fixed_marginal_atlas,13,0.7160913262241626
eval_linkage_shift_1.0_0,linkage_shift_1.0,same_day_adaptive_pool,1,0.49262797911037154
eval_linkage_shift_1.0_0,linkage_shift_1.0,same_day_adaptive_pool,2,0.500887435916514
eval_linkage_shift_1.0_0,linkage_shift_1.0,same_day_adaptive_pool,3,0.4986480242888965
eval_linkage_shift_1.0_0,linkage_shift_1.0,same_day_adaptive_pool,4,0.5024037897376378
eval_linkage_shift_1.0_0,linkage_shift_1.0,same_day_adaptive_pool,5,0.4737880453702747
eval_linkage_shift_1.0_0,linkage_shift_1.0,same_day_adaptive_pool,6,0.4843510911975969
eval_linkage_shift_1.0_0,linkage_shift_1.0,same_day_adaptive_pool,7,0.4797433330719157
eval_linkage_shift_1.0_0,linkage_shift_1.0,same_day_adaptive_pool,8,0.49580148390031986
eval_linkage_shift_1.0_0,linkage_shift_1.0,same_day_adaptive_pool,9,0.49666523494736725
eval_linkage_shift_1.0_0,linkage_shift_1.0,same_day_adaptive_pool,10,0.4559882301456721
eval_linkage_shift_1.0_0,linkage_shift_1.0,same_day_adaptive_pool,11,0.4851601881381548
eval_linkage_shift_1.0_0,linkage_shift_1.0,same_day_adaptive_pool,12,0.4753532033571432
eval_linkage_shift_1.0_0,linkage_shift_1.0,same_day_adaptive_pool,13,0.47846035231262607
eval_linkage_shift_1.0_0,linkage_shift_1.0,cumulative_adaptive_pool,1,0.49262797911037154
eval_linkage_shift_1.0_0,linkage_shift_1.0,cumulative_adaptive_pool,2,0.5232586981814659
eval_linkage_shift_1.0_0,linkage_shift_1.0,cumulative_adaptive_pool,3,0.5469601109116267
eval_linkage_shift_1.0_0,linkage_shift_1.0,cumulative_adaptive_pool,4,0.5122080622809082
eval_linkage_shift_1.0_0,linkage_shift_1.0,cumulative_adaptive_pool,5,0.5269113920030979
eval_linkage_shift_1.0_0,linkage_shift_1.0,cumulative_adaptive_pool,6,0.5335500019972725
eval_linkage_shift_1.0_0,linkage_shift_1.0,cumulative_adaptive_pool,7,0.5438632062135368
eval_linkage_shift_1.0_0,linkage_shift_1.0,cumulative_adaptive_pool,8,0.5408147107743929
eval_linkage_shift_1.0_0,linkage_shift_1.0,cumulative_adaptive_pool,9,0.5400724064010909
eval_linkage_shift_1.0_0,linkage_shift_1.0,cumulative_adaptive_pool,10,0.5540148737875765
eval_linkage_shift_1.0_0,linkage_shift_1.0,cumulative_adaptive_pool,11,0.5603391602561789
eval_linkage_shift_1.0_0,linkage_shift_1.0,cumulative_adaptive_pool,12,0.5621885941674162
eval_linkage_shift_1.0_0,linkage_shift_1.0,cumulative_adaptive_pool,13,0.5641463961090529
eval_linkage_shift_1.0_0,linkage_shift_1.0,quantized_hysteresis_pool,1,0.5
eval_linkage_shift_1.0_0,linkage_shift_1.0,quantized_hysteresis_pool,2,0.5
eval_linkage_shift_1.0_0,linkage_shift_1.0,quantized_hysteresis_pool,3,0.5
eval_linkage_shift_1.0_0,linkage_shift_1.0,quantized_hysteresis_pool,4,0.5
eval_linkage_shift_1.0_0,linkage_shift_1.0,quantized_hysteresis_pool,5,0.5
eval_linkage_shift_1.0_0,linkage_shift_1.0,quantized_hysteresis_pool,6,0.5
eval_linkage_shift_1.0_0,linkage_shift_1.0,quantized_hysteresis_pool,7,0.5
eval_linkage_shift_1.0_0,linkage_shift_1.0,quantized_hysteresis_pool,8,0.5
eval_linkage_shift_1.0_0,linkage_shift_1.0,quantized_hysteresis_pool,9,0.5
eval_linkage_shift_1.0_0,linkage_shift_1.0,quantized_hysteresis_pool,10,0.5
eval_linkage_shift_1.0_0,linkage_shift_1.0,quantized_hysteresis_pool,11,0.5
eval_linkage_shift_1.0_0,linkage_shift_1.0,quantized_hysteresis_pool,12,0.5
eval_linkage_shift_1.0_0,linkage_shift_1.0,quantized_hysteresis_pool,13,0.5
eval_linkage_shift_1.0_0,linkage_shift_1.0,sticky_first_seen_pool,1,0.49262797911037154
eval_linkage_shift_1.0_0,linkage_shift_1.0,sticky_first_seen_pool,2,0.5232586981814659
eval_linkage_shift_1.0_0,linkage_shift_1.0,sticky_first_seen_pool,3,0.5469601109116267
eval_linkage_shift_1.0_0,linkage_shift_1.0,sticky_first_seen_pool,4,0.5122080622809082
eval_linkage_shift_1.0_0,linkage_shift_1.0,sticky_first_seen_pool,5,0.5269113920030979
eval_linkage_shift_1.0_0,linkage_shift_1.0,sticky_first_seen_pool,6,0.5335500019972725
eval_linkage_shift_1.0_0,linkage_shift_1.0,sticky_first_seen_pool,7,0.5438632062135368
eval_linkage_shift_1.0_0,linkage_shift_1.0,sticky_first_seen_pool,8,0.5408147107743929
eval_linkage_shift_1.0_0,linkage_shift_1.0,sticky_first_seen_pool,9,0.5400724064010909
eval_linkage_shift_1.0_0,linkage_shift_1.0,sticky_first_seen_pool,10,0.5540148737875765
eval_linkage_shift_1.0_0,linkage_shift_1.0,sticky_first_seen_pool,11,0.5603391602561789
eval_linkage_shift_1.0_0,linkage_shift_1.0,sticky_first_seen_pool,12,0.5621885941674162
eval_linkage_shift_1.0_0,linkage_shift_1.0,sticky_first_seen_pool,13,0.5641463961090529
eval_linkage_shift_1.0_0,linkage_shift_1.0,ordered_memoized_rank_lattice,1,0.5
eval_linkage_shift_1.0_0,linkage_shift_1.0,ordered_memoized_rank_lattice,2,0.5
eval_linkage_shift_1.0_0,linkage_shift_1.0,ordered_memoized_rank_lattice,3,0.5
eval_linkage_shift_1.0_0,linkage_shift_1.0,ordered_memoized_rank_lattice,4,0.5
eval_linkage_shift_1.0_0,linkage_shift_1.0,ordered_memoized_rank_lattice,5,0.5
eval_linkage_shift_1.0_0,linkage_shift_1.0,ordered_memoized_rank_lattice,6,0.5
eval_linkage_shift_1.0_0,linkage_shift_1.0,ordered_memoized_rank_lattice,7,0.5
eval_linkage_shift_1.0_0,linkage_shift_1.0,ordered_memoized_rank_lattice,8,0.5
eval_linkage_shift_1.0_0,linkage_shift_1.0,ordered_memoized_rank_lattice,9,0.5
eval_linkage_shift_1.0_0,linkage_shift_1.0,ordered_memoized_rank_lattice,10,0.5
eval_linkage_shift_1.0_0,linkage_shift_1.0,ordered_memoized_rank_lattice,11,0.5
eval_linkage_shift_1.0_0,linkage_shift_1.0,ordered_memoized_rank_lattice,12,0.5
eval_linkage_shift_1.0_0,linkage_shift_1.0,ordered_memoized_rank_lattice,13,0.5
eval_linkage_shift_1.0_0,linkage_shift_1.0,cohort_3_week_rank_lattice,1,0.5
eval_linkage_shift_1.0_0,linkage_shift_1.0,cohort_3_week_rank_lattice,2,0.5
eval_linkage_shift_1.0_0,linkage_shift_1.0,cohort_3_week_rank_lattice,3,0.5
eval_linkage_shift_1.0_0,linkage_shift_1.0,cohort_3_week_rank_lattice,4,0.5
eval_linkage_shift_1.0_0,linkage_shift_1.0,cohort_3_week_rank_lattice,5,0.5
eval_linkage_shift_1.0_0,linkage_shift_1.0,cohort_3_week_rank_lattice,6,0.5
eval_linkage_shift_1.0_0,linkage_shift_1.0,cohort_3_week_rank_lattice,7,0.5
eval_linkage_shift_1.0_0,linkage_shift_1.0,cohort_3_week_rank_lattice,8,0.5
eval_linkage_shift_1.0_0,linkage_shift_1.0,cohort_3_week_rank_lattice,9,0.5
eval_linkage_shift_1.0_0,linkage_shift_1.0,cohort_3_week_rank_lattice,10,0.5
eval_linkage_shift_1.0_0,linkage_shift_1.0,cohort_3_week_rank_lattice,11,0.5
eval_linkage_shift_1.0_0,linkage_shift_1.0,cohort_3_week_rank_lattice,12,0.5
eval_linkage_shift_1.0_0,linkage_shift_1.0,cohort_3_week_rank_lattice,13,0.5
eval_linkage_shift_1.0_0,linkage_shift_1.0,oracle_online_venn_recent,1,0.0
eval_linkage_shift_1.0_0,linkage_shift_1.0,oracle_online_venn_recent,2,0.0
eval_linkage_shift_1.0_0,linkage_shift_1.0,oracle_online_venn_recent,3,0.0
eval_linkage_shift_1.0_0,linkage_shift_1.0,oracle_online_venn_recent,4,0.0
eval_linkage_shift_1.0_0,linkage_shift_1.0,oracle_online_venn_recent,5,0.0
eval_linkage_shift_1.0_0,linkage_shift_1.0,oracle_online_venn_recent,6,0.0
eval_linkage_shift_1.0_0,linkage_shift_1.0,oracle_online_venn_recent,7,0.0
eval_linkage_shift_1.0_0,linkage_shift_1.0,oracle_online_venn_recent,8,0.0
eval_linkage_shift_1.0_0,linkage_shift_1.0,oracle_online_venn_recent,9,0.0
eval_linkage_shift_1.0_0,linkage_shift_1.0,oracle_online_venn_recent,10,0.0
eval_linkage_shift_1.0_0,linkage_shift_1.0,oracle_online_venn_recent,11,0.0
eval_linkage_shift_1.0_0,linkage_shift_1.0,oracle_online_venn_recent,12,0.0
eval_linkage_shift_1.0_0,linkage_shift_1.0,oracle_online_venn_recent,13,0.0
eval_linkage_shift_1.0_0,linkage_shift_1.0,oracle_online_venn_oldest,1,0.0
eval_linkage_shift_1.0_0,linkage_shift_1.0,oracle_online_venn_oldest,2,0.0
eval_linkage_shift_1.0_0,linkage_shift_1.0,oracle_online_venn_oldest,3,0.0
eval_linkage_shift_1.0_0,linkage_shift_1.0,oracle_online_venn_oldest,4,0.0
eval_linkage_shift_1.0_0,linkage_shift_1.0,oracle_online_venn_oldest,5,0.0
eval_linkage_shift_1.0_0,linkage_shift_1.0,oracle_online_venn_oldest,6,0.0
eval_linkage_shift_1.0_0,linkage_shift_1.0,oracle_online_venn_oldest,7,0.0
eval_linkage_shift_1.0_0,linkage_shift_1.0,oracle_online_venn_oldest,8,0.0
eval_linkage_shift_1.0_0,linkage_shift_1.0,oracle_online_venn_oldest,9,0.0
eval_linkage_shift_1.0_0,linkage_shift_1.0,oracle_online_venn_oldest,10,0.0
eval_linkage_shift_1.0_0,linkage_shift_1.0,oracle_online_venn_oldest,11,0.0
eval_linkage_shift_1.0_0,linkage_shift_1.0,oracle_online_venn_oldest,12,0.0
eval_linkage_shift_1.0_0,linkage_shift_1.0,oracle_online_venn_oldest,13,0.0
eval_linkage_shift_1.0_0,linkage_shift_1.0,oracle_online_union_recent,1,0.0
eval_linkage_shift_1.0_0,linkage_shift_1.0,oracle_online_union_recent,2,0.0
eval_linkage_shift_1.0_0,linkage_shift_1.0,oracle_online_union_recent,3,0.0
eval_linkage_shift_1.0_0,linkage_shift_1.0,oracle_online_union_recent,4,0.0
eval_linkage_shift_1.0_0,linkage_shift_1.0,oracle_online_union_recent,5,0.0
eval_linkage_shift_1.0_0,linkage_shift_1.0,oracle_online_union_recent,6,0.0
eval_linkage_shift_1.0_0,linkage_shift_1.0,oracle_online_union_recent,7,0.0
eval_linkage_shift_1.0_0,linkage_shift_1.0,oracle_online_union_recent,8,0.0
eval_linkage_shift_1.0_0,linkage_shift_1.0,oracle_online_union_recent,9,0.0
eval_linkage_shift_1.0_0,linkage_shift_1.0,oracle_online_union_recent,10,0.0
eval_linkage_shift_1.0_0,linkage_shift_1.0,oracle_online_union_recent,11,0.0
eval_linkage_shift_1.0_0,linkage_shift_1.0,oracle_online_union_recent,12,0.0
eval_linkage_shift_1.0_0,linkage_shift_1.0,oracle_online_union_recent,13,0.0
eval_linkage_shift_1.0_0,linkage_shift_1.0,oracle_online_union_oldest,1,0.0
eval_linkage_shift_1.0_0,linkage_shift_1.0,oracle_online_union_oldest,2,0.0
eval_linkage_shift_1.0_0,linkage_shift_1.0,oracle_online_union_oldest,3,0.0
eval_linkage_shift_1.0_0,linkage_shift_1.0,oracle_online_union_oldest,4,0.0
eval_linkage_shift_1.0_0,linkage_shift_1.0,oracle_online_union_oldest,5,0.0
eval_linkage_shift_1.0_0,linkage_shift_1.0,oracle_online_union_oldest,6,0.0
eval_linkage_shift_1.0_0,linkage_shift_1.0,oracle_online_union_oldest,7,0.0
eval_linkage_shift_1.0_0,linkage_shift_1.0,oracle_online_union_oldest,8,0.0
eval_linkage_shift_1.0_0,linkage_shift_1.0,oracle_online_union_oldest,9,0.0
eval_linkage_shift_1.0_0,linkage_shift_1.0,oracle_online_union_oldest,10,0.0
eval_linkage_shift_1.0_0,linkage_shift_1.0,oracle_online_union_oldest,11,0.0
eval_linkage_shift_1.0_0,linkage_shift_1.0,oracle_online_union_oldest,12,0.0
eval_linkage_shift_1.0_0,linkage_shift_1.0,oracle_online_union_oldest,13,0.0
eval_linkage_shift_1.0_0,linkage_shift_1.0,forbidden_person_identity_oracle,1,0.0
eval_linkage_shift_1.0_0,linkage_shift_1.0,forbidden_person_identity_oracle,2,0.0
eval_linkage_shift_1.0_0,linkage_shift_1.0,forbidden_person_identity_oracle,3,0.0
eval_linkage_shift_1.0_0,linkage_shift_1.0,forbidden_person_identity_oracle,4,0.0
eval_linkage_shift_1.0_0,linkage_shift_1.0,forbidden_person_identity_oracle,5,0.0
eval_linkage_shift_1.0_0,linkage_shift_1.0,forbidden_person_identity_oracle,6,0.0
eval_linkage_shift_1.0_0,linkage_shift_1.0,forbidden_person_identity_oracle,7,0.0
eval_linkage_shift_1.0_0,linkage_shift_1.0,forbidden_person_identity_oracle,8,0.0
eval_linkage_shift_1.0_0,linkage_shift_1.0,forbidden_person_identity_oracle,9,0.0
eval_linkage_shift_1.0_0,linkage_shift_1.0,forbidden_person_identity_oracle,10,0.0
eval_linkage_shift_1.0_0,linkage_shift_1.0,forbidden_person_identity_oracle,11,0.0
eval_linkage_shift_1.0_0,linkage_shift_1.0,forbidden_person_identity_oracle,12,0.0
eval_linkage_shift_1.0_0,linkage_shift_1.0,forbidden_person_identity_oracle,13,0.0
eval_linkage_shift_1.0_0,linkage_shift_1.0,three_day_buffer_then_freeze,1,0.5469601109116267
eval_linkage_shift_1.0_0,linkage_shift_1.0,three_day_buffer_then_freeze,2,0.5469601109116267
eval_linkage_shift_1.0_0,linkage_shift_1.0,three_day_buffer_then_freeze,3,0.5469601109116267
eval_linkage_shift_1.0_0,linkage_shift_1.0,three_day_buffer_then_freeze,4,0.5469601109116267
eval_linkage_shift_1.0_0,linkage_shift_1.0,three_day_buffer_then_freeze,5,0.5469601109116267
eval_linkage_shift_1.0_0,linkage_shift_1.0,three_day_buffer_then_freeze,6,0.5469601109116267
eval_linkage_shift_1.0_0,linkage_shift_1.0,three_day_buffer_then_freeze,7,0.5469601109116267
eval_linkage_shift_1.0_0,linkage_shift_1.0,three_day_buffer_then_freeze,8,0.5469601109116267
eval_linkage_shift_1.0_0,linkage_shift_1.0,three_day_buffer_then_freeze,9,0.5469601109116267
eval_linkage_shift_1.0_0,linkage_shift_1.0,three_day_buffer_then_freeze,10,0.5469601109116267
eval_linkage_shift_1.0_0,linkage_shift_1.0,three_day_buffer_then_freeze,11,0.5469601109116267
eval_linkage_shift_1.0_0,linkage_shift_1.0,three_day_buffer_then_freeze,12,0.5469601109116267
eval_linkage_shift_1.0_0,linkage_shift_1.0,three_day_buffer_then_freeze,13,0.5469601109116267
eval_linkage_shift_1.0_0,linkage_shift_1.0,full_flight_buffer_then_freeze,1,0.5641463961090529
eval_linkage_shift_1.0_0,linkage_shift_1.0,full_flight_buffer_then_freeze,2,0.5641463961090529
eval_linkage_shift_1.0_0,linkage_shift_1.0,full_flight_buffer_then_freeze,3,0.5641463961090529
eval_linkage_shift_1.0_0,linkage_shift_1.0,full_flight_buffer_then_freeze,4,0.5641463961090529
eval_linkage_shift_1.0_0,linkage_shift_1.0,full_flight_buffer_then_freeze,5,0.5641463961090529
eval_linkage_shift_1.0_0,linkage_shift_1.0,full_flight_buffer_then_freeze,6,0.5641463961090529
eval_linkage_shift_1.0_0,linkage_shift_1.0,full_flight_buffer_then_freeze,7,0.5641463961090529
eval_linkage_shift_1.0_0,linkage_shift_1.0,full_flight_buffer_then_freeze,8,0.5641463961090529
eval_linkage_shift_1.0_0,linkage_shift_1.0,full_flight_buffer_then_freeze,9,0.5641463961090529
eval_linkage_shift_1.0_0,linkage_shift_1.0,full_flight_buffer_then_freeze,10,0.5641463961090529
eval_linkage_shift_1.0_0,linkage_shift_1.0,full_flight_buffer_then_freeze,11,0.5641463961090529
eval_linkage_shift_1.0_0,linkage_shift_1.0,full_flight_buffer_then_freeze,12,0.5641463961090529
eval_linkage_shift_1.0_0,linkage_shift_1.0,full_flight_buffer_then_freeze,13,0.5641463961090529
eval_linkage_shift_1.0_0,linkage_shift_1.0,oracle_same_day_dial,1,0.59375
eval_linkage_shift_1.0_0,linkage_shift_1.0,oracle_same_day_dial,2,0.771875
eval_linkage_shift_1.0_0,linkage_shift_1.0,oracle_same_day_dial,3,0.8312499999999999
eval_linkage_shift_1.0_0,linkage_shift_1.0,oracle_same_day_dial,4,0.8312499999999999
eval_linkage_shift_1.0_0,linkage_shift_1.0,oracle_same_day_dial,5,0.8312499999999999
eval_linkage_shift_1.0_0,linkage_shift_1.0,oracle_same_day_dial,6,0.771875
eval_linkage_shift_1.0_0,linkage_shift_1.0,oracle_same_day_dial,7,0.8312499999999999
eval_linkage_shift_1.0_0,linkage_shift_1.0,oracle_same_day_dial,8,0.771875
eval_linkage_shift_1.0_0,linkage_shift_1.0,oracle_same_day_dial,9,0.8312499999999999
eval_linkage_shift_1.0_0,linkage_shift_1.0,oracle_same_day_dial,10,0.59375
eval_linkage_shift_1.0_0,linkage_shift_1.0,oracle_same_day_dial,11,0.771875
eval_linkage_shift_1.0_0,linkage_shift_1.0,oracle_same_day_dial,12,0.7124999999999999
eval_linkage_shift_1.0_0,linkage_shift_1.0,oracle_same_day_dial,13,0.7124999999999999
eval_linkage_shift_1.0_1,linkage_shift_1.0,fixed_model_line_pool,1,0.0
eval_linkage_shift_1.0_1,linkage_shift_1.0,fixed_model_line_pool,2,0.0
eval_linkage_shift_1.0_1,linkage_shift_1.0,fixed_model_line_pool,3,0.0
eval_linkage_shift_1.0_1,linkage_shift_1.0,fixed_model_line_pool,4,0.0
eval_linkage_shift_1.0_1,linkage_shift_1.0,fixed_model_line_pool,5,0.0
eval_linkage_shift_1.0_1,linkage_shift_1.0,fixed_model_line_pool,6,0.0
eval_linkage_shift_1.0_1,linkage_shift_1.0,fixed_model_line_pool,7,0.0
eval_linkage_shift_1.0_1,linkage_shift_1.0,fixed_model_line_pool,8,0.0
eval_linkage_shift_1.0_1,linkage_shift_1.0,fixed_model_line_pool,9,0.0
eval_linkage_shift_1.0_1,linkage_shift_1.0,fixed_model_line_pool,10,0.0
eval_linkage_shift_1.0_1,linkage_shift_1.0,fixed_model_line_pool,11,0.0
eval_linkage_shift_1.0_1,linkage_shift_1.0,fixed_model_line_pool,12,0.0
eval_linkage_shift_1.0_1,linkage_shift_1.0,fixed_model_line_pool,13,0.0
eval_linkage_shift_1.0_1,linkage_shift_1.0,context_and_scale_only_pool,1,0.4263903771170473
eval_linkage_shift_1.0_1,linkage_shift_1.0,context_and_scale_only_pool,2,0.47285029396968975
eval_linkage_shift_1.0_1,linkage_shift_1.0,context_and_scale_only_pool,3,0.5067794099924314
eval_linkage_shift_1.0_1,linkage_shift_1.0,context_and_scale_only_pool,4,0.5325011450106187
eval_linkage_shift_1.0_1,linkage_shift_1.0,context_and_scale_only_pool,5,0.5382949466871026
eval_linkage_shift_1.0_1,linkage_shift_1.0,context_and_scale_only_pool,6,0.5424260036210342
eval_linkage_shift_1.0_1,linkage_shift_1.0,context_and_scale_only_pool,7,0.5489753184096804
eval_linkage_shift_1.0_1,linkage_shift_1.0,context_and_scale_only_pool,8,0.5496212915699557
eval_linkage_shift_1.0_1,linkage_shift_1.0,context_and_scale_only_pool,9,0.5513756979408453
eval_linkage_shift_1.0_1,linkage_shift_1.0,context_and_scale_only_pool,10,0.5588927963056396
eval_linkage_shift_1.0_1,linkage_shift_1.0,context_and_scale_only_pool,11,0.5649855918932181
eval_linkage_shift_1.0_1,linkage_shift_1.0,context_and_scale_only_pool,12,0.568799959278633
eval_linkage_shift_1.0_1,linkage_shift_1.0,context_and_scale_only_pool,13,0.5610794006066743
eval_linkage_shift_1.0_1,linkage_shift_1.0,provider_blended_ordered_pool,1,0.4424710855172474
eval_linkage_shift_1.0_1,linkage_shift_1.0,provider_blended_ordered_pool,2,0.472913743278505
eval_linkage_shift_1.0_1,linkage_shift_1.0,provider_blended_ordered_pool,3,0.467194555202354
eval_linkage_shift_1.0_1,linkage_shift_1.0,provider_blended_ordered_pool,4,0.499180109499303
eval_linkage_shift_1.0_1,linkage_shift_1.0,provider_blended_ordered_pool,5,0.5061910119671827
eval_linkage_shift_1.0_1,linkage_shift_1.0,provider_blended_ordered_pool,6,0.5252497666289068
eval_linkage_shift_1.0_1,linkage_shift_1.0,provider_blended_ordered_pool,7,0.5385522754200681
eval_linkage_shift_1.0_1,linkage_shift_1.0,provider_blended_ordered_pool,8,0.5417883670801348
eval_linkage_shift_1.0_1,linkage_shift_1.0,provider_blended_ordered_pool,9,0.5518091531822363
eval_linkage_shift_1.0_1,linkage_shift_1.0,provider_blended_ordered_pool,10,0.5533818805283844
eval_linkage_shift_1.0_1,linkage_shift_1.0,provider_blended_ordered_pool,11,0.5580056832734059
eval_linkage_shift_1.0_1,linkage_shift_1.0,provider_blended_ordered_pool,12,0.5573293424107518
eval_linkage_shift_1.0_1,linkage_shift_1.0,provider_blended_ordered_pool,13,0.557738234254542
eval_linkage_shift_1.0_1,linkage_shift_1.0,ordered_collision_resolved_overlap_pool,1,0.5811283375298426
eval_linkage_shift_1.0_1,linkage_shift_1.0,ordered_collision_resolved_overlap_pool,2,0.7631334456697575
eval_linkage_shift_1.0_1,linkage_shift_1.0,ordered_collision_resolved_overlap_pool,3,0.6830674472675058
eval_linkage_shift_1.0_1,linkage_shift_1.0,ordered_collision_resolved_overlap_pool,4,0.7039458809786222
eval_linkage_shift_1.0_1,linkage_shift_1.0,ordered_collision_resolved_overlap_pool,5,0.7632541739318789
eval_linkage_shift_1.0_1,linkage_shift_1.0,ordered_collision_resolved_overlap_pool,6,0.7885077073307166
eval_linkage_shift_1.0_1,linkage_shift_1.0,ordered_collision_resolved_overlap_pool,7,0.8116527122076966
eval_linkage_shift_1.0_1,linkage_shift_1.0,ordered_collision_resolved_overlap_pool,8,0.8337475928700975
eval_linkage_shift_1.0_1,linkage_shift_1.0,ordered_collision_resolved_overlap_pool,9,0.8461978691397445
eval_linkage_shift_1.0_1,linkage_shift_1.0,ordered_collision_resolved_overlap_pool,10,0.8553209327930189
eval_linkage_shift_1.0_1,linkage_shift_1.0,ordered_collision_resolved_overlap_pool,11,0.8625694826185248
eval_linkage_shift_1.0_1,linkage_shift_1.0,ordered_collision_resolved_overlap_pool,12,0.8760177789872681
eval_linkage_shift_1.0_1,linkage_shift_1.0,ordered_collision_resolved_overlap_pool,13,0.9012016745218481
eval_linkage_shift_1.0_1,linkage_shift_1.0,fixed_marginal_overlap_atlas,1,0.2250028255965511
eval_linkage_shift_1.0_1,linkage_shift_1.0,fixed_marginal_overlap_atlas,2,0.3604477573597066
eval_linkage_shift_1.0_1,linkage_shift_1.0,fixed_marginal_overlap_atlas,3,0.39904489754049544
eval_linkage_shift_1.0_1,linkage_shift_1.0,fixed_marginal_overlap_atlas,4,0.4522990359680459
eval_linkage_shift_1.0_1,linkage_shift_1.0,fixed_marginal_overlap_atlas,5,0.506352999238506
eval_linkage_shift_1.0_1,linkage_shift_1.0,fixed_marginal_overlap_atlas,6,0.5695744140651405
eval_linkage_shift_1.0_1,linkage_shift_1.0,fixed_marginal_overlap_atlas,7,0.6187585833690087
eval_linkage_shift_1.0_1,linkage_shift_1.0,fixed_marginal_overlap_atlas,8,0.6426627982500568
eval_linkage_shift_1.0_1,linkage_shift_1.0,fixed_marginal_overlap_atlas,9,0.6755793823837096
eval_linkage_shift_1.0_1,linkage_shift_1.0,fixed_marginal_overlap_atlas,10,0.6599596314778119
eval_linkage_shift_1.0_1,linkage_shift_1.0,fixed_marginal_overlap_atlas,11,0.663359538202497
eval_linkage_shift_1.0_1,linkage_shift_1.0,fixed_marginal_overlap_atlas,12,0.6549548505520698
eval_linkage_shift_1.0_1,linkage_shift_1.0,fixed_marginal_overlap_atlas,13,0.697868385918534
eval_linkage_shift_1.0_1,linkage_shift_1.0,pair_targeted_fixed_marginal_atlas,1,0.2250028255965511
eval_linkage_shift_1.0_1,linkage_shift_1.0,pair_targeted_fixed_marginal_atlas,2,0.3604477573597066
eval_linkage_shift_1.0_1,linkage_shift_1.0,pair_targeted_fixed_marginal_atlas,3,0.39904489754049544
eval_linkage_shift_1.0_1,linkage_shift_1.0,pair_targeted_fixed_marginal_atlas,4,0.4522990359680459
eval_linkage_shift_1.0_1,linkage_shift_1.0,pair_targeted_fixed_marginal_atlas,5,0.506352999238506
eval_linkage_shift_1.0_1,linkage_shift_1.0,pair_targeted_fixed_marginal_atlas,6,0.5695744140651405
eval_linkage_shift_1.0_1,linkage_shift_1.0,pair_targeted_fixed_marginal_atlas,7,0.6187585833690087
eval_linkage_shift_1.0_1,linkage_shift_1.0,pair_targeted_fixed_marginal_atlas,8,0.6426627982500568
eval_linkage_shift_1.0_1,linkage_shift_1.0,pair_targeted_fixed_marginal_atlas,9,0.6755793823837096
eval_linkage_shift_1.0_1,linkage_shift_1.0,pair_targeted_fixed_marginal_atlas,10,0.6599596314778119
eval_linkage_shift_1.0_1,linkage_shift_1.0,pair_targeted_fixed_marginal_atlas,11,0.663359538202497
eval_linkage_shift_1.0_1,linkage_shift_1.0,pair_targeted_fixed_marginal_atlas,12,0.6549548505520698
eval_linkage_shift_1.0_1,linkage_shift_1.0,pair_targeted_fixed_marginal_atlas,13,0.697868385918534
eval_linkage_shift_1.0_1,linkage_shift_1.0,same_day_adaptive_pool,1,0.4556280287537747
eval_linkage_shift_1.0_1,linkage_shift_1.0,same_day_adaptive_pool,2,0.49857276066150774
eval_linkage_shift_1.0_1,linkage_shift_1.0,same_day_adaptive_pool,3,0.4648245926018407
eval_linkage_shift_1.0_1,linkage_shift_1.0,same_day_adaptive_pool,4,0.5086623444398296
eval_linkage_shift_1.0_1,linkage_shift_1.0,same_day_adaptive_pool,5,0.47001053963583134
eval_linkage_shift_1.0_1,linkage_shift_1.0,same_day_adaptive_pool,6,0.5111881091645781
eval_linkage_shift_1.0_1,linkage_shift_1.0,same_day_adaptive_pool,7,0.4843198352550713
eval_linkage_shift_1.0_1,linkage_shift_1.0,same_day_adaptive_pool,8,0.4673941150403996
eval_linkage_shift_1.0_1,linkage_shift_1.0,same_day_adaptive_pool,9,0.5204089801606443
eval_linkage_shift_1.0_1,linkage_shift_1.0,same_day_adaptive_pool,10,0.43262903625490284
eval_linkage_shift_1.0_1,linkage_shift_1.0,same_day_adaptive_pool,11,0.4952791257735112
eval_linkage_shift_1.0_1,linkage_shift_1.0,same_day_adaptive_pool,12,0.5069640904682662
eval_linkage_shift_1.0_1,linkage_shift_1.0,same_day_adaptive_pool,13,0.5119307464178515
eval_linkage_shift_1.0_1,linkage_shift_1.0,cumulative_adaptive_pool,1,0.4556280287537747
eval_linkage_shift_1.0_1,linkage_shift_1.0,cumulative_adaptive_pool,2,0.4729656563493537
eval_linkage_shift_1.0_1,linkage_shift_1.0,cumulative_adaptive_pool,3,0.4348069467377451
eval_linkage_shift_1.0_1,linkage_shift_1.0,cumulative_adaptive_pool,4,0.4719174440809538
eval_linkage_shift_1.0_1,linkage_shift_1.0,cumulative_adaptive_pool,5,0.4799241562872482
eval_linkage_shift_1.0_1,linkage_shift_1.0,cumulative_adaptive_pool,6,0.5111964818171661
eval_linkage_shift_1.0_1,linkage_shift_1.0,cumulative_adaptive_pool,7,0.5300243311558398
eval_linkage_shift_1.0_1,linkage_shift_1.0,cumulative_adaptive_pool,8,0.5353796106793722
eval_linkage_shift_1.0_1,linkage_shift_1.0,cumulative_adaptive_pool,9,0.552163798379738
eval_linkage_shift_1.0_1,linkage_shift_1.0,cumulative_adaptive_pool,10,0.5488729494379029
eval_linkage_shift_1.0_1,linkage_shift_1.0,cumulative_adaptive_pool,11,0.552294848948105
eval_linkage_shift_1.0_1,linkage_shift_1.0,cumulative_adaptive_pool,12,0.5479442922461217
eval_linkage_shift_1.0_1,linkage_shift_1.0,cumulative_adaptive_pool,13,0.5550045526937066
eval_linkage_shift_1.0_1,linkage_shift_1.0,quantized_hysteresis_pool,1,0.45
eval_linkage_shift_1.0_1,linkage_shift_1.0,quantized_hysteresis_pool,2,0.45
eval_linkage_shift_1.0_1,linkage_shift_1.0,quantized_hysteresis_pool,3,0.45
eval_linkage_shift_1.0_1,linkage_shift_1.0,quantized_hysteresis_pool,4,0.45
eval_linkage_shift_1.0_1,linkage_shift_1.0,quantized_hysteresis_pool,5,0.45
eval_linkage_shift_1.0_1,linkage_shift_1.0,quantized_hysteresis_pool,6,0.45
eval_linkage_shift_1.0_1,linkage_shift_1.0,quantized_hysteresis_pool,7,0.45
eval_linkage_shift_1.0_1,linkage_shift_1.0,quantized_hysteresis_pool,8,0.45
eval_linkage_shift_1.0_1,linkage_shift_1.0,quantized_hysteresis_pool,9,0.55
eval_linkage_shift_1.0_1,linkage_shift_1.0,quantized_hysteresis_pool,10,0.55
eval_linkage_shift_1.0_1,linkage_shift_1.0,quantized_hysteresis_pool,11,0.55
eval_linkage_shift_1.0_1,linkage_shift_1.0,quantized_hysteresis_pool,12,0.55
eval_linkage_shift_1.0_1,linkage_shift_1.0,quantized_hysteresis_pool,13,0.55
eval_linkage_shift_1.0_1,linkage_shift_1.0,sticky_first_seen_pool,1,0.4556280287537747
eval_linkage_shift_1.0_1,linkage_shift_1.0,sticky_first_seen_pool,2,0.4729656563493537
eval_linkage_shift_1.0_1,linkage_shift_1.0,sticky_first_seen_pool,3,0.4348069467377451
eval_linkage_shift_1.0_1,linkage_shift_1.0,sticky_first_seen_pool,4,0.4719174440809538
eval_linkage_shift_1.0_1,linkage_shift_1.0,sticky_first_seen_pool,5,0.4799241562872482
eval_linkage_shift_1.0_1,linkage_shift_1.0,sticky_first_seen_pool,6,0.5111964818171661
eval_linkage_shift_1.0_1,linkage_shift_1.0,sticky_first_seen_pool,7,0.5300243311558398
eval_linkage_shift_1.0_1,linkage_shift_1.0,sticky_first_seen_pool,8,0.5353796106793722
eval_linkage_shift_1.0_1,linkage_shift_1.0,sticky_first_seen_pool,9,0.552163798379738
eval_linkage_shift_1.0_1,linkage_shift_1.0,sticky_first_seen_pool,10,0.5488729494379029
eval_linkage_shift_1.0_1,linkage_shift_1.0,sticky_first_seen_pool,11,0.552294848948105
eval_linkage_shift_1.0_1,linkage_shift_1.0,sticky_first_seen_pool,12,0.5479442922461217
eval_linkage_shift_1.0_1,linkage_shift_1.0,sticky_first_seen_pool,13,0.5550045526937066
eval_linkage_shift_1.0_1,linkage_shift_1.0,ordered_memoized_rank_lattice,1,0.45
eval_linkage_shift_1.0_1,linkage_shift_1.0,ordered_memoized_rank_lattice,2,0.45
eval_linkage_shift_1.0_1,linkage_shift_1.0,ordered_memoized_rank_lattice,3,0.45
eval_linkage_shift_1.0_1,linkage_shift_1.0,ordered_memoized_rank_lattice,4,0.45
eval_linkage_shift_1.0_1,linkage_shift_1.0,ordered_memoized_rank_lattice,5,0.45
eval_linkage_shift_1.0_1,linkage_shift_1.0,ordered_memoized_rank_lattice,6,0.45
eval_linkage_shift_1.0_1,linkage_shift_1.0,ordered_memoized_rank_lattice,7,0.45
eval_linkage_shift_1.0_1,linkage_shift_1.0,ordered_memoized_rank_lattice,8,0.45
eval_linkage_shift_1.0_1,linkage_shift_1.0,ordered_memoized_rank_lattice,9,0.55
eval_linkage_shift_1.0_1,linkage_shift_1.0,ordered_memoized_rank_lattice,10,0.55
eval_linkage_shift_1.0_1,linkage_shift_1.0,ordered_memoized_rank_lattice,11,0.55
eval_linkage_shift_1.0_1,linkage_shift_1.0,ordered_memoized_rank_lattice,12,0.55
eval_linkage_shift_1.0_1,linkage_shift_1.0,ordered_memoized_rank_lattice,13,0.55
eval_linkage_shift_1.0_1,linkage_shift_1.0,cohort_3_week_rank_lattice,1,0.45
eval_linkage_shift_1.0_1,linkage_shift_1.0,cohort_3_week_rank_lattice,2,0.45
eval_linkage_shift_1.0_1,linkage_shift_1.0,cohort_3_week_rank_lattice,3,0.45
eval_linkage_shift_1.0_1,linkage_shift_1.0,cohort_3_week_rank_lattice,4,0.45
eval_linkage_shift_1.0_1,linkage_shift_1.0,cohort_3_week_rank_lattice,5,0.45
eval_linkage_shift_1.0_1,linkage_shift_1.0,cohort_3_week_rank_lattice,6,0.45
eval_linkage_shift_1.0_1,linkage_shift_1.0,cohort_3_week_rank_lattice,7,0.45
eval_linkage_shift_1.0_1,linkage_shift_1.0,cohort_3_week_rank_lattice,8,0.45
eval_linkage_shift_1.0_1,linkage_shift_1.0,cohort_3_week_rank_lattice,9,0.55
eval_linkage_shift_1.0_1,linkage_shift_1.0,cohort_3_week_rank_lattice,10,0.55
eval_linkage_shift_1.0_1,linkage_shift_1.0,cohort_3_week_rank_lattice,11,0.55
eval_linkage_shift_1.0_1,linkage_shift_1.0,cohort_3_week_rank_lattice,12,0.55
eval_linkage_shift_1.0_1,linkage_shift_1.0,cohort_3_week_rank_lattice,13,0.55
eval_linkage_shift_1.0_1,linkage_shift_1.0,oracle_online_venn_recent,1,0.0
eval_linkage_shift_1.0_1,linkage_shift_1.0,oracle_online_venn_recent,2,0.0
eval_linkage_shift_1.0_1,linkage_shift_1.0,oracle_online_venn_recent,3,0.0
eval_linkage_shift_1.0_1,linkage_shift_1.0,oracle_online_venn_recent,4,0.0
eval_linkage_shift_1.0_1,linkage_shift_1.0,oracle_online_venn_recent,5,0.0
eval_linkage_shift_1.0_1,linkage_shift_1.0,oracle_online_venn_recent,6,0.0
eval_linkage_shift_1.0_1,linkage_shift_1.0,oracle_online_venn_recent,7,0.0
eval_linkage_shift_1.0_1,linkage_shift_1.0,oracle_online_venn_recent,8,0.0
eval_linkage_shift_1.0_1,linkage_shift_1.0,oracle_online_venn_recent,9,0.0
eval_linkage_shift_1.0_1,linkage_shift_1.0,oracle_online_venn_recent,10,0.0
eval_linkage_shift_1.0_1,linkage_shift_1.0,oracle_online_venn_recent,11,0.0
eval_linkage_shift_1.0_1,linkage_shift_1.0,oracle_online_venn_recent,12,0.0
eval_linkage_shift_1.0_1,linkage_shift_1.0,oracle_online_venn_recent,13,0.0
eval_linkage_shift_1.0_1,linkage_shift_1.0,oracle_online_venn_oldest,1,0.0
eval_linkage_shift_1.0_1,linkage_shift_1.0,oracle_online_venn_oldest,2,0.0
eval_linkage_shift_1.0_1,linkage_shift_1.0,oracle_online_venn_oldest,3,0.0
eval_linkage_shift_1.0_1,linkage_shift_1.0,oracle_online_venn_oldest,4,0.0
eval_linkage_shift_1.0_1,linkage_shift_1.0,oracle_online_venn_oldest,5,0.0
eval_linkage_shift_1.0_1,linkage_shift_1.0,oracle_online_venn_oldest,6,0.0
eval_linkage_shift_1.0_1,linkage_shift_1.0,oracle_online_venn_oldest,7,0.0
eval_linkage_shift_1.0_1,linkage_shift_1.0,oracle_online_venn_oldest,8,0.0
eval_linkage_shift_1.0_1,linkage_shift_1.0,oracle_online_venn_oldest,9,0.0
eval_linkage_shift_1.0_1,linkage_shift_1.0,oracle_online_venn_oldest,10,0.0
eval_linkage_shift_1.0_1,linkage_shift_1.0,oracle_online_venn_oldest,11,0.0
eval_linkage_shift_1.0_1,linkage_shift_1.0,oracle_online_venn_oldest,12,0.0
eval_linkage_shift_1.0_1,linkage_shift_1.0,oracle_online_venn_oldest,13,0.0
eval_linkage_shift_1.0_1,linkage_shift_1.0,oracle_online_union_recent,1,0.0
eval_linkage_shift_1.0_1,linkage_shift_1.0,oracle_online_union_recent,2,0.0
eval_linkage_shift_1.0_1,linkage_shift_1.0,oracle_online_union_recent,3,0.0
eval_linkage_shift_1.0_1,linkage_shift_1.0,oracle_online_union_recent,4,0.0
eval_linkage_shift_1.0_1,linkage_shift_1.0,oracle_online_union_recent,5,0.0
eval_linkage_shift_1.0_1,linkage_shift_1.0,oracle_online_union_recent,6,0.0
eval_linkage_shift_1.0_1,linkage_shift_1.0,oracle_online_union_recent,7,0.0
eval_linkage_shift_1.0_1,linkage_shift_1.0,oracle_online_union_recent,8,0.0
eval_linkage_shift_1.0_1,linkage_shift_1.0,oracle_online_union_recent,9,0.0
eval_linkage_shift_1.0_1,linkage_shift_1.0,oracle_online_union_recent,10,0.0
eval_linkage_shift_1.0_1,linkage_shift_1.0,oracle_online_union_recent,11,0.0
eval_linkage_shift_1.0_1,linkage_shift_1.0,oracle_online_union_recent,12,0.0
eval_linkage_shift_1.0_1,linkage_shift_1.0,oracle_online_union_recent,13,0.0
eval_linkage_shift_1.0_1,linkage_shift_1.0,oracle_online_union_oldest,1,0.0
eval_linkage_shift_1.0_1,linkage_shift_1.0,oracle_online_union_oldest,2,0.0
eval_linkage_shift_1.0_1,linkage_shift_1.0,oracle_online_union_oldest,3,0.0
eval_linkage_shift_1.0_1,linkage_shift_1.0,oracle_online_union_oldest,4,0.0
eval_linkage_shift_1.0_1,linkage_shift_1.0,oracle_online_union_oldest,5,0.0
eval_linkage_shift_1.0_1,linkage_shift_1.0,oracle_online_union_oldest,6,0.0
eval_linkage_shift_1.0_1,linkage_shift_1.0,oracle_online_union_oldest,7,0.0
eval_linkage_shift_1.0_1,linkage_shift_1.0,oracle_online_union_oldest,8,0.0
eval_linkage_shift_1.0_1,linkage_shift_1.0,oracle_online_union_oldest,9,0.0
eval_linkage_shift_1.0_1,linkage_shift_1.0,oracle_online_union_oldest,10,0.0
eval_linkage_shift_1.0_1,linkage_shift_1.0,oracle_online_union_oldest,11,0.0
eval_linkage_shift_1.0_1,linkage_shift_1.0,oracle_online_union_oldest,12,0.0
eval_linkage_shift_1.0_1,linkage_shift_1.0,oracle_online_union_oldest,13,0.0
eval_linkage_shift_1.0_1,linkage_shift_1.0,forbidden_person_identity_oracle,1,0.0
eval_linkage_shift_1.0_1,linkage_shift_1.0,forbidden_person_identity_oracle,2,0.0
eval_linkage_shift_1.0_1,linkage_shift_1.0,forbidden_person_identity_oracle,3,0.0
eval_linkage_shift_1.0_1,linkage_shift_1.0,forbidden_person_identity_oracle,4,0.0
eval_linkage_shift_1.0_1,linkage_shift_1.0,forbidden_person_identity_oracle,5,0.0
eval_linkage_shift_1.0_1,linkage_shift_1.0,forbidden_person_identity_oracle,6,0.0
eval_linkage_shift_1.0_1,linkage_shift_1.0,forbidden_person_identity_oracle,7,0.0
eval_linkage_shift_1.0_1,linkage_shift_1.0,forbidden_person_identity_oracle,8,0.0
eval_linkage_shift_1.0_1,linkage_shift_1.0,forbidden_person_identity_oracle,9,0.0
eval_linkage_shift_1.0_1,linkage_shift_1.0,forbidden_person_identity_oracle,10,0.0
eval_linkage_shift_1.0_1,linkage_shift_1.0,forbidden_person_identity_oracle,11,0.0
eval_linkage_shift_1.0_1,linkage_shift_1.0,forbidden_person_identity_oracle,12,0.0
eval_linkage_shift_1.0_1,linkage_shift_1.0,forbidden_person_identity_oracle,13,0.0
eval_linkage_shift_1.0_1,linkage_shift_1.0,three_day_buffer_then_freeze,1,0.4348069467377451
eval_linkage_shift_1.0_1,linkage_shift_1.0,three_day_buffer_then_freeze,2,0.4348069467377451
eval_linkage_shift_1.0_1,linkage_shift_1.0,three_day_buffer_then_freeze,3,0.4348069467377451
eval_linkage_shift_1.0_1,linkage_shift_1.0,three_day_buffer_then_freeze,4,0.4348069467377451
eval_linkage_shift_1.0_1,linkage_shift_1.0,three_day_buffer_then_freeze,5,0.4348069467377451
eval_linkage_shift_1.0_1,linkage_shift_1.0,three_day_buffer_then_freeze,6,0.4348069467377451
eval_linkage_shift_1.0_1,linkage_shift_1.0,three_day_buffer_then_freeze,7,0.4348069467377451
eval_linkage_shift_1.0_1,linkage_shift_1.0,three_day_buffer_then_freeze,8,0.4348069467377451
eval_linkage_shift_1.0_1,linkage_shift_1.0,three_day_buffer_then_freeze,9,0.4348069467377451
eval_linkage_shift_1.0_1,linkage_shift_1.0,three_day_buffer_then_freeze,10,0.4348069467377451
eval_linkage_shift_1.0_1,linkage_shift_1.0,three_day_buffer_then_freeze,11,0.4348069467377451
eval_linkage_shift_1.0_1,linkage_shift_1.0,three_day_buffer_then_freeze,12,0.4348069467377451
eval_linkage_shift_1.0_1,linkage_shift_1.0,three_day_buffer_then_freeze,13,0.4348069467377451
eval_linkage_shift_1.0_1,linkage_shift_1.0,full_flight_buffer_then_freeze,1,0.5550045526937066
eval_linkage_shift_1.0_1,linkage_shift_1.0,full_flight_buffer_then_freeze,2,0.5550045526937066
eval_linkage_shift_1.0_1,linkage_shift_1.0,full_flight_buffer_then_freeze,3,0.5550045526937066
eval_linkage_shift_1.0_1,linkage_shift_1.0,full_flight_buffer_then_freeze,4,0.5550045526937066
eval_linkage_shift_1.0_1,linkage_shift_1.0,full_flight_buffer_then_freeze,5,0.5550045526937066
eval_linkage_shift_1.0_1,linkage_shift_1.0,full_flight_buffer_then_freeze,6,0.5550045526937066
eval_linkage_shift_1.0_1,linkage_shift_1.0,full_flight_buffer_then_freeze,7,0.5550045526937066
eval_linkage_shift_1.0_1,linkage_shift_1.0,full_flight_buffer_then_freeze,8,0.5550045526937066
eval_linkage_shift_1.0_1,linkage_shift_1.0,full_flight_buffer_then_freeze,9,0.5550045526937066
eval_linkage_shift_1.0_1,linkage_shift_1.0,full_flight_buffer_then_freeze,10,0.5550045526937066
eval_linkage_shift_1.0_1,linkage_shift_1.0,full_flight_buffer_then_freeze,11,0.5550045526937066
eval_linkage_shift_1.0_1,linkage_shift_1.0,full_flight_buffer_then_freeze,12,0.5550045526937066
eval_linkage_shift_1.0_1,linkage_shift_1.0,full_flight_buffer_then_freeze,13,0.5550045526937066
eval_linkage_shift_1.0_1,linkage_shift_1.0,oracle_same_day_dial,1,0.653125
eval_linkage_shift_1.0_1,linkage_shift_1.0,oracle_same_day_dial,2,0.7124999999999999
eval_linkage_shift_1.0_1,linkage_shift_1.0,oracle_same_day_dial,3,0.8312499999999999
eval_linkage_shift_1.0_1,linkage_shift_1.0,oracle_same_day_dial,4,0.8312499999999999
eval_linkage_shift_1.0_1,linkage_shift_1.0,oracle_same_day_dial,5,0.771875
eval_linkage_shift_1.0_1,linkage_shift_1.0,oracle_same_day_dial,6,0.771875
eval_linkage_shift_1.0_1,linkage_shift_1.0,oracle_same_day_dial,7,0.771875
eval_linkage_shift_1.0_1,linkage_shift_1.0,oracle_same_day_dial,8,0.8312499999999999
eval_linkage_shift_1.0_1,linkage_shift_1.0,oracle_same_day_dial,9,0.771875
eval_linkage_shift_1.0_1,linkage_shift_1.0,oracle_same_day_dial,10,0.59375
eval_linkage_shift_1.0_1,linkage_shift_1.0,oracle_same_day_dial,11,0.771875
eval_linkage_shift_1.0_1,linkage_shift_1.0,oracle_same_day_dial,12,0.8312499999999999
eval_linkage_shift_1.0_1,linkage_shift_1.0,oracle_same_day_dial,13,0.8312499999999999
eval_staggered_retargeting,staggered_retargeting,fixed_model_line_pool,1,0.0
eval_staggered_retargeting,staggered_retargeting,fixed_model_line_pool,2,0.0
eval_staggered_retargeting,staggered_retargeting,fixed_model_line_pool,3,0.0
eval_staggered_retargeting,staggered_retargeting,fixed_model_line_pool,4,0.0
eval_staggered_retargeting,staggered_retargeting,fixed_model_line_pool,5,0.0
eval_staggered_retargeting,staggered_retargeting,fixed_model_line_pool,6,0.0
eval_staggered_retargeting,staggered_retargeting,fixed_model_line_pool,7,0.0
eval_staggered_retargeting,staggered_retargeting,fixed_model_line_pool,8,0.0
eval_staggered_retargeting,staggered_retargeting,fixed_model_line_pool,9,0.0
eval_staggered_retargeting,staggered_retargeting,fixed_model_line_pool,10,0.0
eval_staggered_retargeting,staggered_retargeting,fixed_model_line_pool,11,0.0
eval_staggered_retargeting,staggered_retargeting,fixed_model_line_pool,12,0.0
eval_staggered_retargeting,staggered_retargeting,fixed_model_line_pool,13,0.0
eval_staggered_retargeting,staggered_retargeting,context_and_scale_only_pool,1,0.0
eval_staggered_retargeting,staggered_retargeting,context_and_scale_only_pool,2,0.0
eval_staggered_retargeting,staggered_retargeting,context_and_scale_only_pool,3,0.10244234348678449
eval_staggered_retargeting,staggered_retargeting,context_and_scale_only_pool,4,0.23126387978112012
eval_staggered_retargeting,staggered_retargeting,context_and_scale_only_pool,5,0.3629896495564465
eval_staggered_retargeting,staggered_retargeting,context_and_scale_only_pool,6,0.3695953026922612
eval_staggered_retargeting,staggered_retargeting,context_and_scale_only_pool,7,0.49770041553428584
eval_staggered_retargeting,staggered_retargeting,context_and_scale_only_pool,8,0.6330340464303581
eval_staggered_retargeting,staggered_retargeting,context_and_scale_only_pool,9,0.95
eval_staggered_retargeting,staggered_retargeting,context_and_scale_only_pool,10,0.95
eval_staggered_retargeting,staggered_retargeting,context_and_scale_only_pool,11,0.95
eval_staggered_retargeting,staggered_retargeting,context_and_scale_only_pool,12,0.95
eval_staggered_retargeting,staggered_retargeting,context_and_scale_only_pool,13,0.95
eval_staggered_retargeting,staggered_retargeting,provider_blended_ordered_pool,1,0.00837825017801206
eval_staggered_retargeting,staggered_retargeting,provider_blended_ordered_pool,2,0.029581850801421273
eval_staggered_retargeting,staggered_retargeting,provider_blended_ordered_pool,3,0.1853019624271164
eval_staggered_retargeting,staggered_retargeting,provider_blended_ordered_pool,4,0.34480377635077186
eval_staggered_retargeting,staggered_retargeting,provider_blended_ordered_pool,5,0.4917217536045251
eval_staggered_retargeting,staggered_retargeting,provider_blended_ordered_pool,6,0.500750104925367
eval_staggered_retargeting,staggered_retargeting,provider_blended_ordered_pool,7,0.6298732104857214
eval_staggered_retargeting,staggered_retargeting,provider_blended_ordered_pool,8,0.7502633376497665
eval_staggered_retargeting,staggered_retargeting,provider_blended_ordered_pool,9,0.95
eval_staggered_retargeting,staggered_retargeting,provider_blended_ordered_pool,10,0.95
eval_staggered_retargeting,staggered_retargeting,provider_blended_ordered_pool,11,0.95
eval_staggered_retargeting,staggered_retargeting,provider_blended_ordered_pool,12,0.95
eval_staggered_retargeting,staggered_retargeting,provider_blended_ordered_pool,13,0.95
eval_staggered_retargeting,staggered_retargeting,ordered_collision_resolved_overlap_pool,1,0.0
eval_staggered_retargeting,staggered_retargeting,ordered_collision_resolved_overlap_pool,2,0.006429465537584722
eval_staggered_retargeting,staggered_retargeting,ordered_collision_resolved_overlap_pool,3,0.07548676511952068
eval_staggered_retargeting,staggered_retargeting,ordered_collision_resolved_overlap_pool,4,0.19814229220254354
eval_staggered_retargeting,staggered_retargeting,ordered_collision_resolved_overlap_pool,5,0.3827252968425972
eval_staggered_retargeting,staggered_retargeting,ordered_collision_resolved_overlap_pool,6,0.39692645746210325
eval_staggered_retargeting,staggered_retargeting,ordered_collision_resolved_overlap_pool,7,0.579439109347766
eval_staggered_retargeting,staggered_retargeting,ordered_collision_resolved_overlap_pool,8,0.753985248696325
eval_staggered_retargeting,staggered_retargeting,ordered_collision_resolved_overlap_pool,9,0.95
eval_staggered_retargeting,staggered_retargeting,ordered_collision_resolved_overlap_pool,10,0.95
eval_staggered_retargeting,staggered_retargeting,ordered_collision_resolved_overlap_pool,11,0.95
eval_staggered_retargeting,staggered_retargeting,ordered_collision_resolved_overlap_pool,12,0.95
eval_staggered_retargeting,staggered_retargeting,ordered_collision_resolved_overlap_pool,13,0.95
eval_staggered_retargeting,staggered_retargeting,fixed_marginal_overlap_atlas,1,0.0
eval_staggered_retargeting,staggered_retargeting,fixed_marginal_overlap_atlas,2,0.0
eval_staggered_retargeting,staggered_retargeting,fixed_marginal_overlap_atlas,3,0.0
eval_staggered_retargeting,staggered_retargeting,fixed_marginal_overlap_atlas,4,0.0
eval_staggered_retargeting,staggered_retargeting,fixed_marginal_overlap_atlas,5,0.16391917828231412
eval_staggered_retargeting,staggered_retargeting,fixed_marginal_overlap_atlas,6,0.18107284782779165
eval_staggered_retargeting,staggered_retargeting,fixed_marginal_overlap_atlas,7,0.3671894310988921
eval_staggered_retargeting,staggered_retargeting,fixed_marginal_overlap_atlas,8,0.5102335350547277
eval_staggered_retargeting,staggered_retargeting,fixed_marginal_overlap_atlas,9,0.8733432829226585
eval_staggered_retargeting,staggered_retargeting,fixed_marginal_overlap_atlas,10,0.8625931176065613
eval_staggered_retargeting,staggered_retargeting,fixed_marginal_overlap_atlas,11,0.8322185214741024
eval_staggered_retargeting,staggered_retargeting,fixed_marginal_overlap_atlas,12,0.8171028202070713
eval_staggered_retargeting,staggered_retargeting,fixed_marginal_overlap_atlas,13,0.8177990466937443
eval_staggered_retargeting,staggered_retargeting,pair_targeted_fixed_marginal_atlas,1,0.0
eval_staggered_retargeting,staggered_retargeting,pair_targeted_fixed_marginal_atlas,2,0.0
eval_staggered_retargeting,staggered_retargeting,pair_targeted_fixed_marginal_atlas,3,0.0
eval_staggered_retargeting,staggered_retargeting,pair_targeted_fixed_marginal_atlas,4,0.0
eval_staggered_retargeting,staggered_retargeting,pair_targeted_fixed_marginal_atlas,5,0.16391917828231412
eval_staggered_retargeting,staggered_retargeting,pair_targeted_fixed_marginal_atlas,6,0.18107284782779165
eval_staggered_retargeting,staggered_retargeting,pair_targeted_fixed_marginal_atlas,7,0.3671894310988921
eval_staggered_retargeting,staggered_retargeting,pair_targeted_fixed_marginal_atlas,8,0.5102335350547277
eval_staggered_retargeting,staggered_retargeting,pair_targeted_fixed_marginal_atlas,9,0.8733432829226585
eval_staggered_retargeting,staggered_retargeting,pair_targeted_fixed_marginal_atlas,10,0.8625931176065613
eval_staggered_retargeting,staggered_retargeting,pair_targeted_fixed_marginal_atlas,11,0.8322185214741024
eval_staggered_retargeting,staggered_retargeting,pair_targeted_fixed_marginal_atlas,12,0.8171028202070713
eval_staggered_retargeting,staggered_retargeting,pair_targeted_fixed_marginal_atlas,13,0.8177990466937443
eval_staggered_retargeting,staggered_retargeting,same_day_adaptive_pool,1,0.015233182141840107
eval_staggered_retargeting,staggered_retargeting,same_day_adaptive_pool,2,0.0
eval_staggered_retargeting,staggered_retargeting,same_day_adaptive_pool,3,0.0
eval_staggered_retargeting,staggered_retargeting,same_day_adaptive_pool,4,0.0
eval_staggered_retargeting,staggered_retargeting,same_day_adaptive_pool,5,0.15632724716558366
eval_staggered_retargeting,staggered_retargeting,same_day_adaptive_pool,6,0.024735396477494787
eval_staggered_retargeting,staggered_retargeting,same_day_adaptive_pool,7,0.0319321448902955
eval_staggered_retargeting,staggered_retargeting,same_day_adaptive_pool,8,0.06287836541653241
eval_staggered_retargeting,staggered_retargeting,same_day_adaptive_pool,9,0.8784770385072391
eval_staggered_retargeting,staggered_retargeting,same_day_adaptive_pool,10,0.842265842849854
eval_staggered_retargeting,staggered_retargeting,same_day_adaptive_pool,11,0.8594661322622665
eval_staggered_retargeting,staggered_retargeting,same_day_adaptive_pool,12,0.8733541472238469
eval_staggered_retargeting,staggered_retargeting,same_day_adaptive_pool,13,0.8202811529245084
eval_staggered_retargeting,staggered_retargeting,cumulative_adaptive_pool,1,0.015233182141840107
eval_staggered_retargeting,staggered_retargeting,cumulative_adaptive_pool,2,0.0537851832753114
eval_staggered_retargeting,staggered_retargeting,cumulative_adaptive_pool,3,0.25309619610556977
eval_staggered_retargeting,staggered_retargeting,cumulative_adaptive_pool,4,0.4377000553623051
eval_staggered_retargeting,staggered_retargeting,cumulative_adaptive_pool,5,0.5970480205529529
eval_staggered_retargeting,staggered_retargeting,cumulative_adaptive_pool,6,0.6080585794797262
eval_staggered_retargeting,staggered_retargeting,cumulative_adaptive_pool,7,0.7380145881732595
eval_staggered_retargeting,staggered_retargeting,cumulative_adaptive_pool,8,0.8461782122838278
eval_staggered_retargeting,staggered_retargeting,cumulative_adaptive_pool,9,0.95
eval_staggered_retargeting,staggered_retargeting,cumulative_adaptive_pool,10,0.95
eval_staggered_retargeting,staggered_retargeting,cumulative_adaptive_pool,11,0.95
eval_staggered_retargeting,staggered_retargeting,cumulative_adaptive_pool,12,0.95
eval_staggered_retargeting,staggered_retargeting,cumulative_adaptive_pool,13,0.95
eval_staggered_retargeting,staggered_retargeting,quantized_hysteresis_pool,1,0.0
eval_staggered_retargeting,staggered_retargeting,quantized_hysteresis_pool,2,0.0
eval_staggered_retargeting,staggered_retargeting,quantized_hysteresis_pool,3,0.1
eval_staggered_retargeting,staggered_retargeting,quantized_hysteresis_pool,4,0.2
eval_staggered_retargeting,staggered_retargeting,quantized_hysteresis_pool,5,0.35000000000000003
eval_staggered_retargeting,staggered_retargeting,quantized_hysteresis_pool,6,0.45
eval_staggered_retargeting,staggered_retargeting,quantized_hysteresis_pool,7,0.55
eval_staggered_retargeting,staggered_retargeting,quantized_hysteresis_pool,8,0.65
eval_staggered_retargeting,staggered_retargeting,quantized_hysteresis_pool,9,0.75
eval_staggered_retargeting,staggered_retargeting,quantized_hysteresis_pool,10,0.75
eval_staggered_retargeting,staggered_retargeting,quantized_hysteresis_pool,11,0.8500000000000001
eval_staggered_retargeting,staggered_retargeting,quantized_hysteresis_pool,12,0.8500000000000001
eval_staggered_retargeting,staggered_retargeting,quantized_hysteresis_pool,13,0.8500000000000001
eval_staggered_retargeting,staggered_retargeting,sticky_first_seen_pool,1,0.015233182141840107
eval_staggered_retargeting,staggered_retargeting,sticky_first_seen_pool,2,0.0537851832753114
eval_staggered_retargeting,staggered_retargeting,sticky_first_seen_pool,3,0.25309619610556977
eval_staggered_retargeting,staggered_retargeting,sticky_first_seen_pool,4,0.4377000553623051
eval_staggered_retargeting,staggered_retargeting,sticky_first_seen_pool,5,0.5970480205529529
eval_staggered_retargeting,staggered_retargeting,sticky_first_seen_pool,6,0.6080585794797262
eval_staggered_retargeting,staggered_retargeting,sticky_first_seen_pool,7,0.7380145881732595
eval_staggered_retargeting,staggered_retargeting,sticky_first_seen_pool,8,0.8461782122838278
eval_staggered_retargeting,staggered_retargeting,sticky_first_seen_pool,9,0.95
eval_staggered_retargeting,staggered_retargeting,sticky_first_seen_pool,10,0.95
eval_staggered_retargeting,staggered_retargeting,sticky_first_seen_pool,11,0.95
eval_staggered_retargeting,staggered_retargeting,sticky_first_seen_pool,12,0.95
eval_staggered_retargeting,staggered_retargeting,sticky_first_seen_pool,13,0.95
eval_staggered_retargeting,staggered_retargeting,ordered_memoized_rank_lattice,1,0.0
eval_staggered_retargeting,staggered_retargeting,ordered_memoized_rank_lattice,2,0.0
eval_staggered_retargeting,staggered_retargeting,ordered_memoized_rank_lattice,3,0.1
eval_staggered_retargeting,staggered_retargeting,ordered_memoized_rank_lattice,4,0.2
eval_staggered_retargeting,staggered_retargeting,ordered_memoized_rank_lattice,5,0.35000000000000003
eval_staggered_retargeting,staggered_retargeting,ordered_memoized_rank_lattice,6,0.45
eval_staggered_retargeting,staggered_retargeting,ordered_memoized_rank_lattice,7,0.55
eval_staggered_retargeting,staggered_retargeting,ordered_memoized_rank_lattice,8,0.65
eval_staggered_retargeting,staggered_retargeting,ordered_memoized_rank_lattice,9,0.75
eval_staggered_retargeting,staggered_retargeting,ordered_memoized_rank_lattice,10,0.75
eval_staggered_retargeting,staggered_retargeting,ordered_memoized_rank_lattice,11,0.8500000000000001
eval_staggered_retargeting,staggered_retargeting,ordered_memoized_rank_lattice,12,0.8500000000000001
eval_staggered_retargeting,staggered_retargeting,ordered_memoized_rank_lattice,13,0.8500000000000001
eval_staggered_retargeting,staggered_retargeting,cohort_3_week_rank_lattice,1,0.0
eval_staggered_retargeting,staggered_retargeting,cohort_3_week_rank_lattice,2,0.0
eval_staggered_retargeting,staggered_retargeting,cohort_3_week_rank_lattice,3,0.1
eval_staggered_retargeting,staggered_retargeting,cohort_3_week_rank_lattice,4,0.2
eval_staggered_retargeting,staggered_retargeting,cohort_3_week_rank_lattice,5,0.35000000000000003
eval_staggered_retargeting,staggered_retargeting,cohort_3_week_rank_lattice,6,0.45
eval_staggered_retargeting,staggered_retargeting,cohort_3_week_rank_lattice,7,0.55
eval_staggered_retargeting,staggered_retargeting,cohort_3_week_rank_lattice,8,0.65
eval_staggered_retargeting,staggered_retargeting,cohort_3_week_rank_lattice,9,0.75
eval_staggered_retargeting,staggered_retargeting,cohort_3_week_rank_lattice,10,0.75
eval_staggered_retargeting,staggered_retargeting,cohort_3_week_rank_lattice,11,0.8500000000000001
eval_staggered_retargeting,staggered_retargeting,cohort_3_week_rank_lattice,12,0.8500000000000001
eval_staggered_retargeting,staggered_retargeting,cohort_3_week_rank_lattice,13,0.8500000000000001
eval_staggered_retargeting,staggered_retargeting,oracle_online_venn_recent,1,0.0
eval_staggered_retargeting,staggered_retargeting,oracle_online_venn_recent,2,0.0
eval_staggered_retargeting,staggered_retargeting,oracle_online_venn_recent,3,0.0
eval_staggered_retargeting,staggered_retargeting,oracle_online_venn_recent,4,0.0
eval_staggered_retargeting,staggered_retargeting,oracle_online_venn_recent,5,0.0
eval_staggered_retargeting,staggered_retargeting,oracle_online_venn_recent,6,0.0
eval_staggered_retargeting,staggered_retargeting,oracle_online_venn_recent,7,0.0
eval_staggered_retargeting,staggered_retargeting,oracle_online_venn_recent,8,0.0
eval_staggered_retargeting,staggered_retargeting,oracle_online_venn_recent,9,0.0
eval_staggered_retargeting,staggered_retargeting,oracle_online_venn_recent,10,0.0
eval_staggered_retargeting,staggered_retargeting,oracle_online_venn_recent,11,0.0
eval_staggered_retargeting,staggered_retargeting,oracle_online_venn_recent,12,0.0
eval_staggered_retargeting,staggered_retargeting,oracle_online_venn_recent,13,0.0
eval_staggered_retargeting,staggered_retargeting,oracle_online_venn_oldest,1,0.0
eval_staggered_retargeting,staggered_retargeting,oracle_online_venn_oldest,2,0.0
eval_staggered_retargeting,staggered_retargeting,oracle_online_venn_oldest,3,0.0
eval_staggered_retargeting,staggered_retargeting,oracle_online_venn_oldest,4,0.0
eval_staggered_retargeting,staggered_retargeting,oracle_online_venn_oldest,5,0.0
eval_staggered_retargeting,staggered_retargeting,oracle_online_venn_oldest,6,0.0
eval_staggered_retargeting,staggered_retargeting,oracle_online_venn_oldest,7,0.0
eval_staggered_retargeting,staggered_retargeting,oracle_online_venn_oldest,8,0.0
eval_staggered_retargeting,staggered_retargeting,oracle_online_venn_oldest,9,0.0
eval_staggered_retargeting,staggered_retargeting,oracle_online_venn_oldest,10,0.0
eval_staggered_retargeting,staggered_retargeting,oracle_online_venn_oldest,11,0.0
eval_staggered_retargeting,staggered_retargeting,oracle_online_venn_oldest,12,0.0
eval_staggered_retargeting,staggered_retargeting,oracle_online_venn_oldest,13,0.0
eval_staggered_retargeting,staggered_retargeting,oracle_online_union_recent,1,0.0
eval_staggered_retargeting,staggered_retargeting,oracle_online_union_recent,2,0.0
eval_staggered_retargeting,staggered_retargeting,oracle_online_union_recent,3,0.0
eval_staggered_retargeting,staggered_retargeting,oracle_online_union_recent,4,0.0
eval_staggered_retargeting,staggered_retargeting,oracle_online_union_recent,5,0.0
eval_staggered_retargeting,staggered_retargeting,oracle_online_union_recent,6,0.0
eval_staggered_retargeting,staggered_retargeting,oracle_online_union_recent,7,0.0
eval_staggered_retargeting,staggered_retargeting,oracle_online_union_recent,8,0.0
eval_staggered_retargeting,staggered_retargeting,oracle_online_union_recent,9,0.0
eval_staggered_retargeting,staggered_retargeting,oracle_online_union_recent,10,0.0
eval_staggered_retargeting,staggered_retargeting,oracle_online_union_recent,11,0.0
eval_staggered_retargeting,staggered_retargeting,oracle_online_union_recent,12,0.0
eval_staggered_retargeting,staggered_retargeting,oracle_online_union_recent,13,0.0
eval_staggered_retargeting,staggered_retargeting,oracle_online_union_oldest,1,0.0
eval_staggered_retargeting,staggered_retargeting,oracle_online_union_oldest,2,0.0
eval_staggered_retargeting,staggered_retargeting,oracle_online_union_oldest,3,0.0
eval_staggered_retargeting,staggered_retargeting,oracle_online_union_oldest,4,0.0
eval_staggered_retargeting,staggered_retargeting,oracle_online_union_oldest,5,0.0
eval_staggered_retargeting,staggered_retargeting,oracle_online_union_oldest,6,0.0
eval_staggered_retargeting,staggered_retargeting,oracle_online_union_oldest,7,0.0
eval_staggered_retargeting,staggered_retargeting,oracle_online_union_oldest,8,0.0
eval_staggered_retargeting,staggered_retargeting,oracle_online_union_oldest,9,0.0
eval_staggered_retargeting,staggered_retargeting,oracle_online_union_oldest,10,0.0
eval_staggered_retargeting,staggered_retargeting,oracle_online_union_oldest,11,0.0
eval_staggered_retargeting,staggered_retargeting,oracle_online_union_oldest,12,0.0
eval_staggered_retargeting,staggered_retargeting,oracle_online_union_oldest,13,0.0
eval_staggered_retargeting,staggered_retargeting,forbidden_person_identity_oracle,1,0.0
eval_staggered_retargeting,staggered_retargeting,forbidden_person_identity_oracle,2,0.0
eval_staggered_retargeting,staggered_retargeting,forbidden_person_identity_oracle,3,0.0
eval_staggered_retargeting,staggered_retargeting,forbidden_person_identity_oracle,4,0.0
eval_staggered_retargeting,staggered_retargeting,forbidden_person_identity_oracle,5,0.0
eval_staggered_retargeting,staggered_retargeting,forbidden_person_identity_oracle,6,0.0
eval_staggered_retargeting,staggered_retargeting,forbidden_person_identity_oracle,7,0.0
eval_staggered_retargeting,staggered_retargeting,forbidden_person_identity_oracle,8,0.0
eval_staggered_retargeting,staggered_retargeting,forbidden_person_identity_oracle,9,0.0
eval_staggered_retargeting,staggered_retargeting,forbidden_person_identity_oracle,10,0.0
eval_staggered_retargeting,staggered_retargeting,forbidden_person_identity_oracle,11,0.0
eval_staggered_retargeting,staggered_retargeting,forbidden_person_identity_oracle,12,0.0
eval_staggered_retargeting,staggered_retargeting,forbidden_person_identity_oracle,13,0.0
eval_staggered_retargeting,staggered_retargeting,three_day_buffer_then_freeze,1,0.25309619610556977
eval_staggered_retargeting,staggered_retargeting,three_day_buffer_then_freeze,2,0.25309619610556977
eval_staggered_retargeting,staggered_retargeting,three_day_buffer_then_freeze,3,0.25309619610556977
eval_staggered_retargeting,staggered_retargeting,three_day_buffer_then_freeze,4,0.25309619610556977
eval_staggered_retargeting,staggered_retargeting,three_day_buffer_then_freeze,5,0.25309619610556977
eval_staggered_retargeting,staggered_retargeting,three_day_buffer_then_freeze,6,0.25309619610556977
eval_staggered_retargeting,staggered_retargeting,three_day_buffer_then_freeze,7,0.25309619610556977
eval_staggered_retargeting,staggered_retargeting,three_day_buffer_then_freeze,8,0.25309619610556977
eval_staggered_retargeting,staggered_retargeting,three_day_buffer_then_freeze,9,0.25309619610556977
eval_staggered_retargeting,staggered_retargeting,three_day_buffer_then_freeze,10,0.25309619610556977
eval_staggered_retargeting,staggered_retargeting,three_day_buffer_then_freeze,11,0.25309619610556977
eval_staggered_retargeting,staggered_retargeting,three_day_buffer_then_freeze,12,0.25309619610556977
eval_staggered_retargeting,staggered_retargeting,three_day_buffer_then_freeze,13,0.25309619610556977
eval_staggered_retargeting,staggered_retargeting,full_flight_buffer_then_freeze,1,0.95
eval_staggered_retargeting,staggered_retargeting,full_flight_buffer_then_freeze,2,0.95
eval_staggered_retargeting,staggered_retargeting,full_flight_buffer_then_freeze,3,0.95
eval_staggered_retargeting,staggered_retargeting,full_flight_buffer_then_freeze,4,0.95
eval_staggered_retargeting,staggered_retargeting,full_flight_buffer_then_freeze,5,0.95
eval_staggered_retargeting,staggered_retargeting,full_flight_buffer_then_freeze,6,0.95
eval_staggered_retargeting,staggered_retargeting,full_flight_buffer_then_freeze,7,0.95
eval_staggered_retargeting,staggered_retargeting,full_flight_buffer_then_freeze,8,0.95
eval_staggered_retargeting,staggered_retargeting,full_flight_buffer_then_freeze,9,0.95
eval_staggered_retargeting,staggered_retargeting,full_flight_buffer_then_freeze,10,0.95
eval_staggered_retargeting,staggered_retargeting,full_flight_buffer_then_freeze,11,0.95
eval_staggered_retargeting,staggered_retargeting,full_flight_buffer_then_freeze,12,0.95
eval_staggered_retargeting,staggered_retargeting,full_flight_buffer_then_freeze,13,0.95
eval_staggered_retargeting,staggered_retargeting,oracle_same_day_dial,1,0.890625
eval_staggered_retargeting,staggered_retargeting,oracle_same_day_dial,2,0.890625
eval_staggered_retargeting,staggered_retargeting,oracle_same_day_dial,3,0.95
eval_staggered_retargeting,staggered_retargeting,oracle_same_day_dial,4,0.771875
eval_staggered_retargeting,staggered_retargeting,oracle_same_day_dial,5,0.890625
eval_staggered_retargeting,staggered_retargeting,oracle_same_day_dial,6,0.771875
eval_staggered_retargeting,staggered_retargeting,oracle_same_day_dial,7,0.59375
eval_staggered_retargeting,staggered_retargeting,oracle_same_day_dial,8,0.653125
eval_staggered_retargeting,staggered_retargeting,oracle_same_day_dial,9,0.35624999999999996
eval_staggered_retargeting,staggered_retargeting,oracle_same_day_dial,10,0.2375
eval_staggered_retargeting,staggered_retargeting,oracle_same_day_dial,11,0.11875
eval_staggered_retargeting,staggered_retargeting,oracle_same_day_dial,12,0.2375
eval_staggered_retargeting,staggered_retargeting,oracle_same_day_dial,13,0.41562499999999997
eval_synchronized_retargeting,synchronized_retargeting,fixed_model_line_pool,1,0.0
eval_synchronized_retargeting,synchronized_retargeting,fixed_model_line_pool,2,0.0
eval_synchronized_retargeting,synchronized_retargeting,fixed_model_line_pool,3,0.0
eval_synchronized_retargeting,synchronized_retargeting,fixed_model_line_pool,4,0.0
eval_synchronized_retargeting,synchronized_retargeting,fixed_model_line_pool,5,0.0
eval_synchronized_retargeting,synchronized_retargeting,fixed_model_line_pool,6,0.0
eval_synchronized_retargeting,synchronized_retargeting,fixed_model_line_pool,7,0.0
eval_synchronized_retargeting,synchronized_retargeting,fixed_model_line_pool,8,0.0
eval_synchronized_retargeting,synchronized_retargeting,fixed_model_line_pool,9,0.0
eval_synchronized_retargeting,synchronized_retargeting,fixed_model_line_pool,10,0.0
eval_synchronized_retargeting,synchronized_retargeting,fixed_model_line_pool,11,0.0
eval_synchronized_retargeting,synchronized_retargeting,fixed_model_line_pool,12,0.0
eval_synchronized_retargeting,synchronized_retargeting,fixed_model_line_pool,13,0.0
eval_synchronized_retargeting,synchronized_retargeting,context_and_scale_only_pool,1,0.0
eval_synchronized_retargeting,synchronized_retargeting,context_and_scale_only_pool,2,0.0
eval_synchronized_retargeting,synchronized_retargeting,context_and_scale_only_pool,3,0.0
eval_synchronized_retargeting,synchronized_retargeting,context_and_scale_only_pool,4,0.0
eval_synchronized_retargeting,synchronized_retargeting,context_and_scale_only_pool,5,0.95
eval_synchronized_retargeting,synchronized_retargeting,context_and_scale_only_pool,6,0.95
eval_synchronized_retargeting,synchronized_retargeting,context_and_scale_only_pool,7,0.95
eval_synchronized_retargeting,synchronized_retargeting,context_and_scale_only_pool,8,0.95
eval_synchronized_retargeting,synchronized_retargeting,context_and_scale_only_pool,9,0.95
eval_synchronized_retargeting,synchronized_retargeting,context_and_scale_only_pool,10,0.95
eval_synchronized_retargeting,synchronized_retargeting,context_and_scale_only_pool,11,0.95
eval_synchronized_retargeting,synchronized_retargeting,context_and_scale_only_pool,12,0.95
eval_synchronized_retargeting,synchronized_retargeting,context_and_scale_only_pool,13,0.95
eval_synchronized_retargeting,synchronized_retargeting,provider_blended_ordered_pool,1,0.0
eval_synchronized_retargeting,synchronized_retargeting,provider_blended_ordered_pool,2,0.0
eval_synchronized_retargeting,synchronized_retargeting,provider_blended_ordered_pool,3,0.0
eval_synchronized_retargeting,synchronized_retargeting,provider_blended_ordered_pool,4,0.0
eval_synchronized_retargeting,synchronized_retargeting,provider_blended_ordered_pool,5,0.95
eval_synchronized_retargeting,synchronized_retargeting,provider_blended_ordered_pool,6,0.95
eval_synchronized_retargeting,synchronized_retargeting,provider_blended_ordered_pool,7,0.95
eval_synchronized_retargeting,synchronized_retargeting,provider_blended_ordered_pool,8,0.95
eval_synchronized_retargeting,synchronized_retargeting,provider_blended_ordered_pool,9,0.95
eval_synchronized_retargeting,synchronized_retargeting,provider_blended_ordered_pool,10,0.95
eval_synchronized_retargeting,synchronized_retargeting,provider_blended_ordered_pool,11,0.95
eval_synchronized_retargeting,synchronized_retargeting,provider_blended_ordered_pool,12,0.95
eval_synchronized_retargeting,synchronized_retargeting,provider_blended_ordered_pool,13,0.95
eval_synchronized_retargeting,synchronized_retargeting,ordered_collision_resolved_overlap_pool,1,0.7591388528679526
eval_synchronized_retargeting,synchronized_retargeting,ordered_collision_resolved_overlap_pool,2,0.7591388528679526
eval_synchronized_retargeting,synchronized_retargeting,ordered_collision_resolved_overlap_pool,3,0.7591388528679526
eval_synchronized_retargeting,synchronized_retargeting,ordered_collision_resolved_overlap_pool,4,0.7591388528679526
eval_synchronized_retargeting,synchronized_retargeting,ordered_collision_resolved_overlap_pool,5,0.9366651917732354
eval_synchronized_retargeting,synchronized_retargeting,ordered_collision_resolved_overlap_pool,6,0.95
eval_synchronized_retargeting,synchronized_retargeting,ordered_collision_resolved_overlap_pool,7,0.95
eval_synchronized_retargeting,synchronized_retargeting,ordered_collision_resolved_overlap_pool,8,0.95
eval_synchronized_retargeting,synchronized_retargeting,ordered_collision_resolved_overlap_pool,9,0.95
eval_synchronized_retargeting,synchronized_retargeting,ordered_collision_resolved_overlap_pool,10,0.95
eval_synchronized_retargeting,synchronized_retargeting,ordered_collision_resolved_overlap_pool,11,0.95
eval_synchronized_retargeting,synchronized_retargeting,ordered_collision_resolved_overlap_pool,12,0.95
eval_synchronized_retargeting,synchronized_retargeting,ordered_collision_resolved_overlap_pool,13,0.95
eval_synchronized_retargeting,synchronized_retargeting,fixed_marginal_overlap_atlas,1,0.0
eval_synchronized_retargeting,synchronized_retargeting,fixed_marginal_overlap_atlas,2,0.0
eval_synchronized_retargeting,synchronized_retargeting,fixed_marginal_overlap_atlas,3,0.0
eval_synchronized_retargeting,synchronized_retargeting,fixed_marginal_overlap_atlas,4,0.0
eval_synchronized_retargeting,synchronized_retargeting,fixed_marginal_overlap_atlas,5,0.5824262416741122
eval_synchronized_retargeting,synchronized_retargeting,fixed_marginal_overlap_atlas,6,0.7600547551650404
eval_synchronized_retargeting,synchronized_retargeting,fixed_marginal_overlap_atlas,7,0.9129906310198727
eval_synchronized_retargeting,synchronized_retargeting,fixed_marginal_overlap_atlas,8,0.9129817205910489
eval_synchronized_retargeting,synchronized_retargeting,fixed_marginal_overlap_atlas,9,0.8899040775172413
eval_synchronized_retargeting,synchronized_retargeting,fixed_marginal_overlap_atlas,10,0.8701200975285258
eval_synchronized_retargeting,synchronized_retargeting,fixed_marginal_overlap_atlas,11,0.8521950420723479
eval_synchronized_retargeting,synchronized_retargeting,fixed_marginal_overlap_atlas,12,0.8341324191017261
eval_synchronized_retargeting,synchronized_retargeting,fixed_marginal_overlap_atlas,13,0.8155382718507591
eval_synchronized_retargeting,synchronized_retargeting,pair_targeted_fixed_marginal_atlas,1,0.0
eval_synchronized_retargeting,synchronized_retargeting,pair_targeted_fixed_marginal_atlas,2,0.0
eval_synchronized_retargeting,synchronized_retargeting,pair_targeted_fixed_marginal_atlas,3,0.0
eval_synchronized_retargeting,synchronized_retargeting,pair_targeted_fixed_marginal_atlas,4,0.0
eval_synchronized_retargeting,synchronized_retargeting,pair_targeted_fixed_marginal_atlas,5,0.5824262416741122
eval_synchronized_retargeting,synchronized_retargeting,pair_targeted_fixed_marginal_atlas,6,0.7600547551650404
eval_synchronized_retargeting,synchronized_retargeting,pair_targeted_fixed_marginal_atlas,7,0.9129906310198727
eval_synchronized_retargeting,synchronized_retargeting,pair_targeted_fixed_marginal_atlas,8,0.9129817205910489
eval_synchronized_retargeting,synchronized_retargeting,pair_targeted_fixed_marginal_atlas,9,0.8899040775172413
eval_synchronized_retargeting,synchronized_retargeting,pair_targeted_fixed_marginal_atlas,10,0.8701200975285258
eval_synchronized_retargeting,synchronized_retargeting,pair_targeted_fixed_marginal_atlas,11,0.8521950420723479
eval_synchronized_retargeting,synchronized_retargeting,pair_targeted_fixed_marginal_atlas,12,0.8341324191017261
eval_synchronized_retargeting,synchronized_retargeting,pair_targeted_fixed_marginal_atlas,13,0.8155382718507591
eval_synchronized_retargeting,synchronized_retargeting,same_day_adaptive_pool,1,0.0
eval_synchronized_retargeting,synchronized_retargeting,same_day_adaptive_pool,2,0.0
eval_synchronized_retargeting,synchronized_retargeting,same_day_adaptive_pool,3,0.0
eval_synchronized_retargeting,synchronized_retargeting,same_day_adaptive_pool,4,0.0
eval_synchronized_retargeting,synchronized_retargeting,same_day_adaptive_pool,5,0.95
eval_synchronized_retargeting,synchronized_retargeting,same_day_adaptive_pool,6,0.95
eval_synchronized_retargeting,synchronized_retargeting,same_day_adaptive_pool,7,0.95
eval_synchronized_retargeting,synchronized_retargeting,same_day_adaptive_pool,8,0.0
eval_synchronized_retargeting,synchronized_retargeting,same_day_adaptive_pool,9,0.8288569315244448
eval_synchronized_retargeting,synchronized_retargeting,same_day_adaptive_pool,10,0.8366245190169064
eval_synchronized_retargeting,synchronized_retargeting,same_day_adaptive_pool,11,0.8710701060958699
eval_synchronized_retargeting,synchronized_retargeting,same_day_adaptive_pool,12,0.8564688744180646
eval_synchronized_retargeting,synchronized_retargeting,same_day_adaptive_pool,13,0.9027738644807455
eval_synchronized_retargeting,synchronized_retargeting,cumulative_adaptive_pool,1,0.0
eval_synchronized_retargeting,synchronized_retargeting,cumulative_adaptive_pool,2,0.0
eval_synchronized_retargeting,synchronized_retargeting,cumulative_adaptive_pool,3,0.0
eval_synchronized_retargeting,synchronized_retargeting,cumulative_adaptive_pool,4,0.0
eval_synchronized_retargeting,synchronized_retargeting,cumulative_adaptive_pool,5,0.95
eval_synchronized_retargeting,synchronized_retargeting,cumulative_adaptive_pool,6,0.95
eval_synchronized_retargeting,synchronized_retargeting,cumulative_adaptive_pool,7,0.95
eval_synchronized_retargeting,synchronized_retargeting,cumulative_adaptive_pool,8,0.95
eval_synchronized_retargeting,synchronized_retargeting,cumulative_adaptive_pool,9,0.95
eval_synchronized_retargeting,synchronized_retargeting,cumulative_adaptive_pool,10,0.95
eval_synchronized_retargeting,synchronized_retargeting,cumulative_adaptive_pool,11,0.95
eval_synchronized_retargeting,synchronized_retargeting,cumulative_adaptive_pool,12,0.95
eval_synchronized_retargeting,synchronized_retargeting,cumulative_adaptive_pool,13,0.95
eval_synchronized_retargeting,synchronized_retargeting,quantized_hysteresis_pool,1,0.0
eval_synchronized_retargeting,synchronized_retargeting,quantized_hysteresis_pool,2,0.0
eval_synchronized_retargeting,synchronized_retargeting,quantized_hysteresis_pool,3,0.0
eval_synchronized_retargeting,synchronized_retargeting,quantized_hysteresis_pool,4,0.0
eval_synchronized_retargeting,synchronized_retargeting,quantized_hysteresis_pool,5,0.35000000000000003
eval_synchronized_retargeting,synchronized_retargeting,quantized_hysteresis_pool,6,0.55
eval_synchronized_retargeting,synchronized_retargeting,quantized_hysteresis_pool,7,0.7000000000000001
eval_synchronized_retargeting,synchronized_retargeting,quantized_hysteresis_pool,8,0.8
eval_synchronized_retargeting,synchronized_retargeting,quantized_hysteresis_pool,9,0.8
eval_synchronized_retargeting,synchronized_retargeting,quantized_hysteresis_pool,10,0.9
eval_synchronized_retargeting,synchronized_retargeting,quantized_hysteresis_pool,11,0.9
eval_synchronized_retargeting,synchronized_retargeting,quantized_hysteresis_pool,12,0.9
eval_synchronized_retargeting,synchronized_retargeting,quantized_hysteresis_pool,13,0.9
eval_synchronized_retargeting,synchronized_retargeting,sticky_first_seen_pool,1,0.0
eval_synchronized_retargeting,synchronized_retargeting,sticky_first_seen_pool,2,0.0
eval_synchronized_retargeting,synchronized_retargeting,sticky_first_seen_pool,3,0.0
eval_synchronized_retargeting,synchronized_retargeting,sticky_first_seen_pool,4,0.0
eval_synchronized_retargeting,synchronized_retargeting,sticky_first_seen_pool,5,0.95
eval_synchronized_retargeting,synchronized_retargeting,sticky_first_seen_pool,6,0.95
eval_synchronized_retargeting,synchronized_retargeting,sticky_first_seen_pool,7,0.95
eval_synchronized_retargeting,synchronized_retargeting,sticky_first_seen_pool,8,0.95
eval_synchronized_retargeting,synchronized_retargeting,sticky_first_seen_pool,9,0.95
eval_synchronized_retargeting,synchronized_retargeting,sticky_first_seen_pool,10,0.95
eval_synchronized_retargeting,synchronized_retargeting,sticky_first_seen_pool,11,0.95
eval_synchronized_retargeting,synchronized_retargeting,sticky_first_seen_pool,12,0.95
eval_synchronized_retargeting,synchronized_retargeting,sticky_first_seen_pool,13,0.95
eval_synchronized_retargeting,synchronized_retargeting,ordered_memoized_rank_lattice,1,0.0
eval_synchronized_retargeting,synchronized_retargeting,ordered_memoized_rank_lattice,2,0.0
eval_synchronized_retargeting,synchronized_retargeting,ordered_memoized_rank_lattice,3,0.0
eval_synchronized_retargeting,synchronized_retargeting,ordered_memoized_rank_lattice,4,0.0
eval_synchronized_retargeting,synchronized_retargeting,ordered_memoized_rank_lattice,5,0.35000000000000003
eval_synchronized_retargeting,synchronized_retargeting,ordered_memoized_rank_lattice,6,0.55
eval_synchronized_retargeting,synchronized_retargeting,ordered_memoized_rank_lattice,7,0.7000000000000001
eval_synchronized_retargeting,synchronized_retargeting,ordered_memoized_rank_lattice,8,0.8
eval_synchronized_retargeting,synchronized_retargeting,ordered_memoized_rank_lattice,9,0.8
eval_synchronized_retargeting,synchronized_retargeting,ordered_memoized_rank_lattice,10,0.9
eval_synchronized_retargeting,synchronized_retargeting,ordered_memoized_rank_lattice,11,0.9
eval_synchronized_retargeting,synchronized_retargeting,ordered_memoized_rank_lattice,12,0.9
eval_synchronized_retargeting,synchronized_retargeting,ordered_memoized_rank_lattice,13,0.9
eval_synchronized_retargeting,synchronized_retargeting,cohort_3_week_rank_lattice,1,0.0
eval_synchronized_retargeting,synchronized_retargeting,cohort_3_week_rank_lattice,2,0.0
eval_synchronized_retargeting,synchronized_retargeting,cohort_3_week_rank_lattice,3,0.0
eval_synchronized_retargeting,synchronized_retargeting,cohort_3_week_rank_lattice,4,0.0
eval_synchronized_retargeting,synchronized_retargeting,cohort_3_week_rank_lattice,5,0.35000000000000003
eval_synchronized_retargeting,synchronized_retargeting,cohort_3_week_rank_lattice,6,0.55
eval_synchronized_retargeting,synchronized_retargeting,cohort_3_week_rank_lattice,7,0.7000000000000001
eval_synchronized_retargeting,synchronized_retargeting,cohort_3_week_rank_lattice,8,0.8
eval_synchronized_retargeting,synchronized_retargeting,cohort_3_week_rank_lattice,9,0.8
eval_synchronized_retargeting,synchronized_retargeting,cohort_3_week_rank_lattice,10,0.9
eval_synchronized_retargeting,synchronized_retargeting,cohort_3_week_rank_lattice,11,0.9
eval_synchronized_retargeting,synchronized_retargeting,cohort_3_week_rank_lattice,12,0.9
eval_synchronized_retargeting,synchronized_retargeting,cohort_3_week_rank_lattice,13,0.9
eval_synchronized_retargeting,synchronized_retargeting,oracle_online_venn_recent,1,0.0
eval_synchronized_retargeting,synchronized_retargeting,oracle_online_venn_recent,2,0.0
eval_synchronized_retargeting,synchronized_retargeting,oracle_online_venn_recent,3,0.0
eval_synchronized_retargeting,synchronized_retargeting,oracle_online_venn_recent,4,0.0
eval_synchronized_retargeting,synchronized_retargeting,oracle_online_venn_recent,5,0.0
eval_synchronized_retargeting,synchronized_retargeting,oracle_online_venn_recent,6,0.0
eval_synchronized_retargeting,synchronized_retargeting,oracle_online_venn_recent,7,0.0
eval_synchronized_retargeting,synchronized_retargeting,oracle_online_venn_recent,8,0.0
eval_synchronized_retargeting,synchronized_retargeting,oracle_online_venn_recent,9,0.0
eval_synchronized_retargeting,synchronized_retargeting,oracle_online_venn_recent,10,0.0
eval_synchronized_retargeting,synchronized_retargeting,oracle_online_venn_recent,11,0.0
eval_synchronized_retargeting,synchronized_retargeting,oracle_online_venn_recent,12,0.0
eval_synchronized_retargeting,synchronized_retargeting,oracle_online_venn_recent,13,0.0
eval_synchronized_retargeting,synchronized_retargeting,oracle_online_venn_oldest,1,0.0
eval_synchronized_retargeting,synchronized_retargeting,oracle_online_venn_oldest,2,0.0
eval_synchronized_retargeting,synchronized_retargeting,oracle_online_venn_oldest,3,0.0
eval_synchronized_retargeting,synchronized_retargeting,oracle_online_venn_oldest,4,0.0
eval_synchronized_retargeting,synchronized_retargeting,oracle_online_venn_oldest,5,0.0
eval_synchronized_retargeting,synchronized_retargeting,oracle_online_venn_oldest,6,0.0
eval_synchronized_retargeting,synchronized_retargeting,oracle_online_venn_oldest,7,0.0
eval_synchronized_retargeting,synchronized_retargeting,oracle_online_venn_oldest,8,0.0
eval_synchronized_retargeting,synchronized_retargeting,oracle_online_venn_oldest,9,0.0
eval_synchronized_retargeting,synchronized_retargeting,oracle_online_venn_oldest,10,0.0
eval_synchronized_retargeting,synchronized_retargeting,oracle_online_venn_oldest,11,0.0
eval_synchronized_retargeting,synchronized_retargeting,oracle_online_venn_oldest,12,0.0
eval_synchronized_retargeting,synchronized_retargeting,oracle_online_venn_oldest,13,0.0
eval_synchronized_retargeting,synchronized_retargeting,oracle_online_union_recent,1,0.0
eval_synchronized_retargeting,synchronized_retargeting,oracle_online_union_recent,2,0.0
eval_synchronized_retargeting,synchronized_retargeting,oracle_online_union_recent,3,0.0
eval_synchronized_retargeting,synchronized_retargeting,oracle_online_union_recent,4,0.0
eval_synchronized_retargeting,synchronized_retargeting,oracle_online_union_recent,5,0.0
eval_synchronized_retargeting,synchronized_retargeting,oracle_online_union_recent,6,0.0
eval_synchronized_retargeting,synchronized_retargeting,oracle_online_union_recent,7,0.0
eval_synchronized_retargeting,synchronized_retargeting,oracle_online_union_recent,8,0.0
eval_synchronized_retargeting,synchronized_retargeting,oracle_online_union_recent,9,0.0
eval_synchronized_retargeting,synchronized_retargeting,oracle_online_union_recent,10,0.0
eval_synchronized_retargeting,synchronized_retargeting,oracle_online_union_recent,11,0.0
eval_synchronized_retargeting,synchronized_retargeting,oracle_online_union_recent,12,0.0
eval_synchronized_retargeting,synchronized_retargeting,oracle_online_union_recent,13,0.0
eval_synchronized_retargeting,synchronized_retargeting,oracle_online_union_oldest,1,0.0
eval_synchronized_retargeting,synchronized_retargeting,oracle_online_union_oldest,2,0.0
eval_synchronized_retargeting,synchronized_retargeting,oracle_online_union_oldest,3,0.0
eval_synchronized_retargeting,synchronized_retargeting,oracle_online_union_oldest,4,0.0
eval_synchronized_retargeting,synchronized_retargeting,oracle_online_union_oldest,5,0.0
eval_synchronized_retargeting,synchronized_retargeting,oracle_online_union_oldest,6,0.0
eval_synchronized_retargeting,synchronized_retargeting,oracle_online_union_oldest,7,0.0
eval_synchronized_retargeting,synchronized_retargeting,oracle_online_union_oldest,8,0.0
eval_synchronized_retargeting,synchronized_retargeting,oracle_online_union_oldest,9,0.0
eval_synchronized_retargeting,synchronized_retargeting,oracle_online_union_oldest,10,0.0
eval_synchronized_retargeting,synchronized_retargeting,oracle_online_union_oldest,11,0.0
eval_synchronized_retargeting,synchronized_retargeting,oracle_online_union_oldest,12,0.0
eval_synchronized_retargeting,synchronized_retargeting,oracle_online_union_oldest,13,0.0
eval_synchronized_retargeting,synchronized_retargeting,forbidden_person_identity_oracle,1,0.0
eval_synchronized_retargeting,synchronized_retargeting,forbidden_person_identity_oracle,2,0.0
eval_synchronized_retargeting,synchronized_retargeting,forbidden_person_identity_oracle,3,0.0
eval_synchronized_retargeting,synchronized_retargeting,forbidden_person_identity_oracle,4,0.0
eval_synchronized_retargeting,synchronized_retargeting,forbidden_person_identity_oracle,5,0.0
eval_synchronized_retargeting,synchronized_retargeting,forbidden_person_identity_oracle,6,0.0
eval_synchronized_retargeting,synchronized_retargeting,forbidden_person_identity_oracle,7,0.0
eval_synchronized_retargeting,synchronized_retargeting,forbidden_person_identity_oracle,8,0.0
eval_synchronized_retargeting,synchronized_retargeting,forbidden_person_identity_oracle,9,0.0
eval_synchronized_retargeting,synchronized_retargeting,forbidden_person_identity_oracle,10,0.0
eval_synchronized_retargeting,synchronized_retargeting,forbidden_person_identity_oracle,11,0.0
eval_synchronized_retargeting,synchronized_retargeting,forbidden_person_identity_oracle,12,0.0
eval_synchronized_retargeting,synchronized_retargeting,forbidden_person_identity_oracle,13,0.0
eval_synchronized_retargeting,synchronized_retargeting,three_day_buffer_then_freeze,1,0.0
eval_synchronized_retargeting,synchronized_retargeting,three_day_buffer_then_freeze,2,0.0
eval_synchronized_retargeting,synchronized_retargeting,three_day_buffer_then_freeze,3,0.0
eval_synchronized_retargeting,synchronized_retargeting,three_day_buffer_then_freeze,4,0.0
eval_synchronized_retargeting,synchronized_retargeting,three_day_buffer_then_freeze,5,0.0
eval_synchronized_retargeting,synchronized_retargeting,three_day_buffer_then_freeze,6,0.0
eval_synchronized_retargeting,synchronized_retargeting,three_day_buffer_then_freeze,7,0.0
eval_synchronized_retargeting,synchronized_retargeting,three_day_buffer_then_freeze,8,0.0
eval_synchronized_retargeting,synchronized_retargeting,three_day_buffer_then_freeze,9,0.0
eval_synchronized_retargeting,synchronized_retargeting,three_day_buffer_then_freeze,10,0.0
eval_synchronized_retargeting,synchronized_retargeting,three_day_buffer_then_freeze,11,0.0
eval_synchronized_retargeting,synchronized_retargeting,three_day_buffer_then_freeze,12,0.0
eval_synchronized_retargeting,synchronized_retargeting,three_day_buffer_then_freeze,13,0.0
eval_synchronized_retargeting,synchronized_retargeting,full_flight_buffer_then_freeze,1,0.95
eval_synchronized_retargeting,synchronized_retargeting,full_flight_buffer_then_freeze,2,0.95
eval_synchronized_retargeting,synchronized_retargeting,full_flight_buffer_then_freeze,3,0.95
eval_synchronized_retargeting,synchronized_retargeting,full_flight_buffer_then_freeze,4,0.95
eval_synchronized_retargeting,synchronized_retargeting,full_flight_buffer_then_freeze,5,0.95
eval_synchronized_retargeting,synchronized_retargeting,full_flight_buffer_then_freeze,6,0.95
eval_synchronized_retargeting,synchronized_retargeting,full_flight_buffer_then_freeze,7,0.95
eval_synchronized_retargeting,synchronized_retargeting,full_flight_buffer_then_freeze,8,0.95
eval_synchronized_retargeting,synchronized_retargeting,full_flight_buffer_then_freeze,9,0.95
eval_synchronized_retargeting,synchronized_retargeting,full_flight_buffer_then_freeze,10,0.95
eval_synchronized_retargeting,synchronized_retargeting,full_flight_buffer_then_freeze,11,0.95
eval_synchronized_retargeting,synchronized_retargeting,full_flight_buffer_then_freeze,12,0.95
eval_synchronized_retargeting,synchronized_retargeting,full_flight_buffer_then_freeze,13,0.95
eval_synchronized_retargeting,synchronized_retargeting,oracle_same_day_dial,1,0.0
eval_synchronized_retargeting,synchronized_retargeting,oracle_same_day_dial,2,0.0
eval_synchronized_retargeting,synchronized_retargeting,oracle_same_day_dial,3,0.0
eval_synchronized_retargeting,synchronized_retargeting,oracle_same_day_dial,4,0.0
eval_synchronized_retargeting,synchronized_retargeting,oracle_same_day_dial,5,0.95
eval_synchronized_retargeting,synchronized_retargeting,oracle_same_day_dial,6,0.95
eval_synchronized_retargeting,synchronized_retargeting,oracle_same_day_dial,7,0.95
eval_synchronized_retargeting,synchronized_retargeting,oracle_same_day_dial,8,0.0
eval_synchronized_retargeting,synchronized_retargeting,oracle_same_day_dial,9,0.0
eval_synchronized_retargeting,synchronized_retargeting,oracle_same_day_dial,10,0.17812499999999998
eval_synchronized_retargeting,synchronized_retargeting,oracle_same_day_dial,11,0.059375
eval_synchronized_retargeting,synchronized_retargeting,oracle_same_day_dial,12,0.0
eval_synchronized_retargeting,synchronized_retargeting,oracle_same_day_dial,13,0.0
eval_shared_seed_then_expansion,shared_seed_then_expansion,fixed_model_line_pool,1,0.0
eval_shared_seed_then_expansion,shared_seed_then_expansion,fixed_model_line_pool,2,0.0
eval_shared_seed_then_expansion,shared_seed_then_expansion,fixed_model_line_pool,3,0.0
eval_shared_seed_then_expansion,shared_seed_then_expansion,fixed_model_line_pool,4,0.0
eval_shared_seed_then_expansion,shared_seed_then_expansion,fixed_model_line_pool,5,0.0
eval_shared_seed_then_expansion,shared_seed_then_expansion,fixed_model_line_pool,6,0.0
eval_shared_seed_then_expansion,shared_seed_then_expansion,fixed_model_line_pool,7,0.0
eval_shared_seed_then_expansion,shared_seed_then_expansion,fixed_model_line_pool,8,0.0
eval_shared_seed_then_expansion,shared_seed_then_expansion,fixed_model_line_pool,9,0.0
eval_shared_seed_then_expansion,shared_seed_then_expansion,fixed_model_line_pool,10,0.0
eval_shared_seed_then_expansion,shared_seed_then_expansion,fixed_model_line_pool,11,0.0
eval_shared_seed_then_expansion,shared_seed_then_expansion,fixed_model_line_pool,12,0.0
eval_shared_seed_then_expansion,shared_seed_then_expansion,fixed_model_line_pool,13,0.0
eval_shared_seed_then_expansion,shared_seed_then_expansion,context_and_scale_only_pool,1,0.95
eval_shared_seed_then_expansion,shared_seed_then_expansion,context_and_scale_only_pool,2,0.95
eval_shared_seed_then_expansion,shared_seed_then_expansion,context_and_scale_only_pool,3,0.95
eval_shared_seed_then_expansion,shared_seed_then_expansion,context_and_scale_only_pool,4,0.95
eval_shared_seed_then_expansion,shared_seed_then_expansion,context_and_scale_only_pool,5,0.95
eval_shared_seed_then_expansion,shared_seed_then_expansion,context_and_scale_only_pool,6,0.95
eval_shared_seed_then_expansion,shared_seed_then_expansion,context_and_scale_only_pool,7,0.95
eval_shared_seed_then_expansion,shared_seed_then_expansion,context_and_scale_only_pool,8,0.95
eval_shared_seed_then_expansion,shared_seed_then_expansion,context_and_scale_only_pool,9,0.95
eval_shared_seed_then_expansion,shared_seed_then_expansion,context_and_scale_only_pool,10,0.95
eval_shared_seed_then_expansion,shared_seed_then_expansion,context_and_scale_only_pool,11,0.95
eval_shared_seed_then_expansion,shared_seed_then_expansion,context_and_scale_only_pool,12,0.95
eval_shared_seed_then_expansion,shared_seed_then_expansion,context_and_scale_only_pool,13,0.95
eval_shared_seed_then_expansion,shared_seed_then_expansion,provider_blended_ordered_pool,1,0.95
eval_shared_seed_then_expansion,shared_seed_then_expansion,provider_blended_ordered_pool,2,0.95
eval_shared_seed_then_expansion,shared_seed_then_expansion,provider_blended_ordered_pool,3,0.95
eval_shared_seed_then_expansion,shared_seed_then_expansion,provider_blended_ordered_pool,4,0.95
eval_shared_seed_then_expansion,shared_seed_then_expansion,provider_blended_ordered_pool,5,0.95
eval_shared_seed_then_expansion,shared_seed_then_expansion,provider_blended_ordered_pool,6,0.95
eval_shared_seed_then_expansion,shared_seed_then_expansion,provider_blended_ordered_pool,7,0.95
eval_shared_seed_then_expansion,shared_seed_then_expansion,provider_blended_ordered_pool,8,0.95
eval_shared_seed_then_expansion,shared_seed_then_expansion,provider_blended_ordered_pool,9,0.95
eval_shared_seed_then_expansion,shared_seed_then_expansion,provider_blended_ordered_pool,10,0.95
eval_shared_seed_then_expansion,shared_seed_then_expansion,provider_blended_ordered_pool,11,0.95
eval_shared_seed_then_expansion,shared_seed_then_expansion,provider_blended_ordered_pool,12,0.95
eval_shared_seed_then_expansion,shared_seed_then_expansion,provider_blended_ordered_pool,13,0.95
eval_shared_seed_then_expansion,shared_seed_then_expansion,ordered_collision_resolved_overlap_pool,1,0.95
eval_shared_seed_then_expansion,shared_seed_then_expansion,ordered_collision_resolved_overlap_pool,2,0.95
eval_shared_seed_then_expansion,shared_seed_then_expansion,ordered_collision_resolved_overlap_pool,3,0.95
eval_shared_seed_then_expansion,shared_seed_then_expansion,ordered_collision_resolved_overlap_pool,4,0.95
eval_shared_seed_then_expansion,shared_seed_then_expansion,ordered_collision_resolved_overlap_pool,5,0.95
eval_shared_seed_then_expansion,shared_seed_then_expansion,ordered_collision_resolved_overlap_pool,6,0.95
eval_shared_seed_then_expansion,shared_seed_then_expansion,ordered_collision_resolved_overlap_pool,7,0.95
eval_shared_seed_then_expansion,shared_seed_then_expansion,ordered_collision_resolved_overlap_pool,8,0.95
eval_shared_seed_then_expansion,shared_seed_then_expansion,ordered_collision_resolved_overlap_pool,9,0.95
eval_shared_seed_then_expansion,shared_seed_then_expansion,ordered_collision_resolved_overlap_pool,10,0.95
eval_shared_seed_then_expansion,shared_seed_then_expansion,ordered_collision_resolved_overlap_pool,11,0.95
eval_shared_seed_then_expansion,shared_seed_then_expansion,ordered_collision_resolved_overlap_pool,12,0.95
eval_shared_seed_then_expansion,shared_seed_then_expansion,ordered_collision_resolved_overlap_pool,13,0.95
eval_shared_seed_then_expansion,shared_seed_then_expansion,fixed_marginal_overlap_atlas,1,0.577883197118912
eval_shared_seed_then_expansion,shared_seed_then_expansion,fixed_marginal_overlap_atlas,2,0.7568763574793503
eval_shared_seed_then_expansion,shared_seed_then_expansion,fixed_marginal_overlap_atlas,3,0.9110474362290399
eval_shared_seed_then_expansion,shared_seed_then_expansion,fixed_marginal_overlap_atlas,4,0.9110440081972306
eval_shared_seed_then_expansion,shared_seed_then_expansion,fixed_marginal_overlap_atlas,5,0.9110360638787947
eval_shared_seed_then_expansion,shared_seed_then_expansion,fixed_marginal_overlap_atlas,6,0.9110362733820365
eval_shared_seed_then_expansion,shared_seed_then_expansion,fixed_marginal_overlap_atlas,7,0.9110563909270294
eval_shared_seed_then_expansion,shared_seed_then_expansion,fixed_marginal_overlap_atlas,8,0.9110461152782048
eval_shared_seed_then_expansion,shared_seed_then_expansion,fixed_marginal_overlap_atlas,9,0.8096945271074008
eval_shared_seed_then_expansion,shared_seed_then_expansion,fixed_marginal_overlap_atlas,10,0.7398046340427612
eval_shared_seed_then_expansion,shared_seed_then_expansion,fixed_marginal_overlap_atlas,11,0.6962345226702907
eval_shared_seed_then_expansion,shared_seed_then_expansion,fixed_marginal_overlap_atlas,12,0.6625664563334596
eval_shared_seed_then_expansion,shared_seed_then_expansion,fixed_marginal_overlap_atlas,13,0.6401014895345802
eval_shared_seed_then_expansion,shared_seed_then_expansion,pair_targeted_fixed_marginal_atlas,1,0.577883197118912
eval_shared_seed_then_expansion,shared_seed_then_expansion,pair_targeted_fixed_marginal_atlas,2,0.7568763574793503
eval_shared_seed_then_expansion,shared_seed_then_expansion,pair_targeted_fixed_marginal_atlas,3,0.9110474362290399
eval_shared_seed_then_expansion,shared_seed_then_expansion,pair_targeted_fixed_marginal_atlas,4,0.9110440081972306
eval_shared_seed_then_expansion,shared_seed_then_expansion,pair_targeted_fixed_marginal_atlas,5,0.9110360638787947
eval_shared_seed_then_expansion,shared_seed_then_expansion,pair_targeted_fixed_marginal_atlas,6,0.9110362733820365
eval_shared_seed_then_expansion,shared_seed_then_expansion,pair_targeted_fixed_marginal_atlas,7,0.9110563909270294
eval_shared_seed_then_expansion,shared_seed_then_expansion,pair_targeted_fixed_marginal_atlas,8,0.9110461152782048
eval_shared_seed_then_expansion,shared_seed_then_expansion,pair_targeted_fixed_marginal_atlas,9,0.8096945271074008
eval_shared_seed_then_expansion,shared_seed_then_expansion,pair_targeted_fixed_marginal_atlas,10,0.7398046340427612
eval_shared_seed_then_expansion,shared_seed_then_expansion,pair_targeted_fixed_marginal_atlas,11,0.6962345226702907
eval_shared_seed_then_expansion,shared_seed_then_expansion,pair_targeted_fixed_marginal_atlas,12,0.6625664563334596
eval_shared_seed_then_expansion,shared_seed_then_expansion,pair_targeted_fixed_marginal_atlas,13,0.6401014895345802
eval_shared_seed_then_expansion,shared_seed_then_expansion,same_day_adaptive_pool,1,0.95
eval_shared_seed_then_expansion,shared_seed_then_expansion,same_day_adaptive_pool,2,0.95
eval_shared_seed_then_expansion,shared_seed_then_expansion,same_day_adaptive_pool,3,0.95
eval_shared_seed_then_expansion,shared_seed_then_expansion,same_day_adaptive_pool,4,0.0
eval_shared_seed_then_expansion,shared_seed_then_expansion,same_day_adaptive_pool,5,0.0
eval_shared_seed_then_expansion,shared_seed_then_expansion,same_day_adaptive_pool,6,0.0
eval_shared_seed_then_expansion,shared_seed_then_expansion,same_day_adaptive_pool,7,0.0
eval_shared_seed_then_expansion,shared_seed_then_expansion,same_day_adaptive_pool,8,0.0
eval_shared_seed_then_expansion,shared_seed_then_expansion,same_day_adaptive_pool,9,0.95
eval_shared_seed_then_expansion,shared_seed_then_expansion,same_day_adaptive_pool,10,0.95
eval_shared_seed_then_expansion,shared_seed_then_expansion,same_day_adaptive_pool,11,0.95
eval_shared_seed_then_expansion,shared_seed_then_expansion,same_day_adaptive_pool,12,0.95
eval_shared_seed_then_expansion,shared_seed_then_expansion,same_day_adaptive_pool,13,0.95
eval_shared_seed_then_expansion,shared_seed_then_expansion,cumulative_adaptive_pool,1,0.95
eval_shared_seed_then_expansion,shared_seed_then_expansion,cumulative_adaptive_pool,2,0.95
eval_shared_seed_then_expansion,shared_seed_then_expansion,cumulative_adaptive_pool,3,0.95
eval_shared_seed_then_expansion,shared_seed_then_expansion,cumulative_adaptive_pool,4,0.95
eval_shared_seed_then_expansion,shared_seed_then_expansion,cumulative_adaptive_pool,5,0.95
eval_shared_seed_then_expansion,shared_seed_then_expansion,cumulative_adaptive_pool,6,0.95
eval_shared_seed_then_expansion,shared_seed_then_expansion,cumulative_adaptive_pool,7,0.95
eval_shared_seed_then_expansion,shared_seed_then_expansion,cumulative_adaptive_pool,8,0.95
eval_shared_seed_then_expansion,shared_seed_then_expansion,cumulative_adaptive_pool,9,0.95
eval_shared_seed_then_expansion,shared_seed_then_expansion,cumulative_adaptive_pool,10,0.95
eval_shared_seed_then_expansion,shared_seed_then_expansion,cumulative_adaptive_pool,11,0.95
eval_shared_seed_then_expansion,shared_seed_then_expansion,cumulative_adaptive_pool,12,0.95
eval_shared_seed_then_expansion,shared_seed_then_expansion,cumulative_adaptive_pool,13,0.95
eval_shared_seed_then_expansion,shared_seed_then_expansion,quantized_hysteresis_pool,1,0.95
eval_shared_seed_then_expansion,shared_seed_then_expansion,quantized_hysteresis_pool,2,0.95
eval_shared_seed_then_expansion,shared_seed_then_expansion,quantized_hysteresis_pool,3,0.95
eval_shared_seed_then_expansion,shared_seed_then_expansion,quantized_hysteresis_pool,4,0.95
eval_shared_seed_then_expansion,shared_seed_then_expansion,quantized_hysteresis_pool,5,0.95
eval_shared_seed_then_expansion,shared_seed_then_expansion,quantized_hysteresis_pool,6,0.95
eval_shared_seed_then_expansion,shared_seed_then_expansion,quantized_hysteresis_pool,7,0.95
eval_shared_seed_then_expansion,shared_seed_then_expansion,quantized_hysteresis_pool,8,0.95
eval_shared_seed_then_expansion,shared_seed_then_expansion,quantized_hysteresis_pool,9,0.95
eval_shared_seed_then_expansion,shared_seed_then_expansion,quantized_hysteresis_pool,10,0.95
eval_shared_seed_then_expansion,shared_seed_then_expansion,quantized_hysteresis_pool,11,0.95
eval_shared_seed_then_expansion,shared_seed_then_expansion,quantized_hysteresis_pool,12,0.95
eval_shared_seed_then_expansion,shared_seed_then_expansion,quantized_hysteresis_pool,13,0.95
eval_shared_seed_then_expansion,shared_seed_then_expansion,sticky_first_seen_pool,1,0.95
eval_shared_seed_then_expansion,shared_seed_then_expansion,sticky_first_seen_pool,2,0.95
eval_shared_seed_then_expansion,shared_seed_then_expansion,sticky_first_seen_pool,3,0.95
eval_shared_seed_then_expansion,shared_seed_then_expansion,sticky_first_seen_pool,4,0.95
eval_shared_seed_then_expansion,shared_seed_then_expansion,sticky_first_seen_pool,5,0.95
eval_shared_seed_then_expansion,shared_seed_then_expansion,sticky_first_seen_pool,6,0.95
eval_shared_seed_then_expansion,shared_seed_then_expansion,sticky_first_seen_pool,7,0.95
eval_shared_seed_then_expansion,shared_seed_then_expansion,sticky_first_seen_pool,8,0.95
eval_shared_seed_then_expansion,shared_seed_then_expansion,sticky_first_seen_pool,9,0.95
eval_shared_seed_then_expansion,shared_seed_then_expansion,sticky_first_seen_pool,10,0.95
eval_shared_seed_then_expansion,shared_seed_then_expansion,sticky_first_seen_pool,11,0.95
eval_shared_seed_then_expansion,shared_seed_then_expansion,sticky_first_seen_pool,12,0.95
eval_shared_seed_then_expansion,shared_seed_then_expansion,sticky_first_seen_pool,13,0.95
eval_shared_seed_then_expansion,shared_seed_then_expansion,ordered_memoized_rank_lattice,1,0.95
eval_shared_seed_then_expansion,shared_seed_then_expansion,ordered_memoized_rank_lattice,2,0.95
eval_shared_seed_then_expansion,shared_seed_then_expansion,ordered_memoized_rank_lattice,3,0.95
eval_shared_seed_then_expansion,shared_seed_then_expansion,ordered_memoized_rank_lattice,4,0.95
eval_shared_seed_then_expansion,shared_seed_then_expansion,ordered_memoized_rank_lattice,5,0.95
eval_shared_seed_then_expansion,shared_seed_then_expansion,ordered_memoized_rank_lattice,6,0.95
eval_shared_seed_then_expansion,shared_seed_then_expansion,ordered_memoized_rank_lattice,7,0.95
eval_shared_seed_then_expansion,shared_seed_then_expansion,ordered_memoized_rank_lattice,8,0.95
eval_shared_seed_then_expansion,shared_seed_then_expansion,ordered_memoized_rank_lattice,9,0.95
eval_shared_seed_then_expansion,shared_seed_then_expansion,ordered_memoized_rank_lattice,10,0.95
eval_shared_seed_then_expansion,shared_seed_then_expansion,ordered_memoized_rank_lattice,11,0.95
eval_shared_seed_then_expansion,shared_seed_then_expansion,ordered_memoized_rank_lattice,12,0.95
eval_shared_seed_then_expansion,shared_seed_then_expansion,ordered_memoized_rank_lattice,13,0.95
eval_shared_seed_then_expansion,shared_seed_then_expansion,cohort_3_week_rank_lattice,1,0.95
eval_shared_seed_then_expansion,shared_seed_then_expansion,cohort_3_week_rank_lattice,2,0.95
eval_shared_seed_then_expansion,shared_seed_then_expansion,cohort_3_week_rank_lattice,3,0.95
eval_shared_seed_then_expansion,shared_seed_then_expansion,cohort_3_week_rank_lattice,4,0.95
eval_shared_seed_then_expansion,shared_seed_then_expansion,cohort_3_week_rank_lattice,5,0.95
eval_shared_seed_then_expansion,shared_seed_then_expansion,cohort_3_week_rank_lattice,6,0.95
eval_shared_seed_then_expansion,shared_seed_then_expansion,cohort_3_week_rank_lattice,7,0.95
eval_shared_seed_then_expansion,shared_seed_then_expansion,cohort_3_week_rank_lattice,8,0.95
eval_shared_seed_then_expansion,shared_seed_then_expansion,cohort_3_week_rank_lattice,9,0.95
eval_shared_seed_then_expansion,shared_seed_then_expansion,cohort_3_week_rank_lattice,10,0.95
eval_shared_seed_then_expansion,shared_seed_then_expansion,cohort_3_week_rank_lattice,11,0.95
eval_shared_seed_then_expansion,shared_seed_then_expansion,cohort_3_week_rank_lattice,12,0.95
eval_shared_seed_then_expansion,shared_seed_then_expansion,cohort_3_week_rank_lattice,13,0.95
eval_shared_seed_then_expansion,shared_seed_then_expansion,oracle_online_venn_recent,1,0.0
eval_shared_seed_then_expansion,shared_seed_then_expansion,oracle_online_venn_recent,2,0.0
eval_shared_seed_then_expansion,shared_seed_then_expansion,oracle_online_venn_recent,3,0.0
eval_shared_seed_then_expansion,shared_seed_then_expansion,oracle_online_venn_recent,4,0.0
eval_shared_seed_then_expansion,shared_seed_then_expansion,oracle_online_venn_recent,5,0.0
eval_shared_seed_then_expansion,shared_seed_then_expansion,oracle_online_venn_recent,6,0.0
eval_shared_seed_then_expansion,shared_seed_then_expansion,oracle_online_venn_recent,7,0.0
eval_shared_seed_then_expansion,shared_seed_then_expansion,oracle_online_venn_recent,8,0.0
eval_shared_seed_then_expansion,shared_seed_then_expansion,oracle_online_venn_recent,9,0.0
eval_shared_seed_then_expansion,shared_seed_then_expansion,oracle_online_venn_recent,10,0.0
eval_shared_seed_then_expansion,shared_seed_then_expansion,oracle_online_venn_recent,11,0.0
eval_shared_seed_then_expansion,shared_seed_then_expansion,oracle_online_venn_recent,12,0.0
eval_shared_seed_then_expansion,shared_seed_then_expansion,oracle_online_venn_recent,13,0.0
eval_shared_seed_then_expansion,shared_seed_then_expansion,oracle_online_venn_oldest,1,0.0
eval_shared_seed_then_expansion,shared_seed_then_expansion,oracle_online_venn_oldest,2,0.0
eval_shared_seed_then_expansion,shared_seed_then_expansion,oracle_online_venn_oldest,3,0.0
eval_shared_seed_then_expansion,shared_seed_then_expansion,oracle_online_venn_oldest,4,0.0
eval_shared_seed_then_expansion,shared_seed_then_expansion,oracle_online_venn_oldest,5,0.0
eval_shared_seed_then_expansion,shared_seed_then_expansion,oracle_online_venn_oldest,6,0.0
eval_shared_seed_then_expansion,shared_seed_then_expansion,oracle_online_venn_oldest,7,0.0
eval_shared_seed_then_expansion,shared_seed_then_expansion,oracle_online_venn_oldest,8,0.0
eval_shared_seed_then_expansion,shared_seed_then_expansion,oracle_online_venn_oldest,9,0.0
eval_shared_seed_then_expansion,shared_seed_then_expansion,oracle_online_venn_oldest,10,0.0
eval_shared_seed_then_expansion,shared_seed_then_expansion,oracle_online_venn_oldest,11,0.0
eval_shared_seed_then_expansion,shared_seed_then_expansion,oracle_online_venn_oldest,12,0.0
eval_shared_seed_then_expansion,shared_seed_then_expansion,oracle_online_venn_oldest,13,0.0
eval_shared_seed_then_expansion,shared_seed_then_expansion,oracle_online_union_recent,1,0.0
eval_shared_seed_then_expansion,shared_seed_then_expansion,oracle_online_union_recent,2,0.0
eval_shared_seed_then_expansion,shared_seed_then_expansion,oracle_online_union_recent,3,0.0
eval_shared_seed_then_expansion,shared_seed_then_expansion,oracle_online_union_recent,4,0.0
eval_shared_seed_then_expansion,shared_seed_then_expansion,oracle_online_union_recent,5,0.0
eval_shared_seed_then_expansion,shared_seed_then_expansion,oracle_online_union_recent,6,0.0
eval_shared_seed_then_expansion,shared_seed_then_expansion,oracle_online_union_recent,7,0.0
eval_shared_seed_then_expansion,shared_seed_then_expansion,oracle_online_union_recent,8,0.0
eval_shared_seed_then_expansion,shared_seed_then_expansion,oracle_online_union_recent,9,0.0
eval_shared_seed_then_expansion,shared_seed_then_expansion,oracle_online_union_recent,10,0.0
eval_shared_seed_then_expansion,shared_seed_then_expansion,oracle_online_union_recent,11,0.0
eval_shared_seed_then_expansion,shared_seed_then_expansion,oracle_online_union_recent,12,0.0
eval_shared_seed_then_expansion,shared_seed_then_expansion,oracle_online_union_recent,13,0.0
eval_shared_seed_then_expansion,shared_seed_then_expansion,oracle_online_union_oldest,1,0.0
eval_shared_seed_then_expansion,shared_seed_then_expansion,oracle_online_union_oldest,2,0.0
eval_shared_seed_then_expansion,shared_seed_then_expansion,oracle_online_union_oldest,3,0.0
eval_shared_seed_then_expansion,shared_seed_then_expansion,oracle_online_union_oldest,4,0.0
eval_shared_seed_then_expansion,shared_seed_then_expansion,oracle_online_union_oldest,5,0.0
eval_shared_seed_then_expansion,shared_seed_then_expansion,oracle_online_union_oldest,6,0.0
eval_shared_seed_then_expansion,shared_seed_then_expansion,oracle_online_union_oldest,7,0.0
eval_shared_seed_then_expansion,shared_seed_then_expansion,oracle_online_union_oldest,8,0.0
eval_shared_seed_then_expansion,shared_seed_then_expansion,oracle_online_union_oldest,9,0.0
eval_shared_seed_then_expansion,shared_seed_then_expansion,oracle_online_union_oldest,10,0.0
eval_shared_seed_then_expansion,shared_seed_then_expansion,oracle_online_union_oldest,11,0.0
eval_shared_seed_then_expansion,shared_seed_then_expansion,oracle_online_union_oldest,12,0.0
eval_shared_seed_then_expansion,shared_seed_then_expansion,oracle_online_union_oldest,13,0.0
eval_shared_seed_then_expansion,shared_seed_then_expansion,forbidden_person_identity_oracle,1,0.0
eval_shared_seed_then_expansion,shared_seed_then_expansion,forbidden_person_identity_oracle,2,0.0
eval_shared_seed_then_expansion,shared_seed_then_expansion,forbidden_person_identity_oracle,3,0.0
eval_shared_seed_then_expansion,shared_seed_then_expansion,forbidden_person_identity_oracle,4,0.0
eval_shared_seed_then_expansion,shared_seed_then_expansion,forbidden_person_identity_oracle,5,0.0
eval_shared_seed_then_expansion,shared_seed_then_expansion,forbidden_person_identity_oracle,6,0.0
eval_shared_seed_then_expansion,shared_seed_then_expansion,forbidden_person_identity_oracle,7,0.0
eval_shared_seed_then_expansion,shared_seed_then_expansion,forbidden_person_identity_oracle,8,0.0
eval_shared_seed_then_expansion,shared_seed_then_expansion,forbidden_person_identity_oracle,9,0.0
eval_shared_seed_then_expansion,shared_seed_then_expansion,forbidden_person_identity_oracle,10,0.0
eval_shared_seed_then_expansion,shared_seed_then_expansion,forbidden_person_identity_oracle,11,0.0
eval_shared_seed_then_expansion,shared_seed_then_expansion,forbidden_person_identity_oracle,12,0.0
eval_shared_seed_then_expansion,shared_seed_then_expansion,forbidden_person_identity_oracle,13,0.0
eval_shared_seed_then_expansion,shared_seed_then_expansion,three_day_buffer_then_freeze,1,0.95
eval_shared_seed_then_expansion,shared_seed_then_expansion,three_day_buffer_then_freeze,2,0.95
eval_shared_seed_then_expansion,shared_seed_then_expansion,three_day_buffer_then_freeze,3,0.95
eval_shared_seed_then_expansion,shared_seed_then_expansion,three_day_buffer_then_freeze,4,0.95
eval_shared_seed_then_expansion,shared_seed_then_expansion,three_day_buffer_then_freeze,5,0.95
eval_shared_seed_then_expansion,shared_seed_then_expansion,three_day_buffer_then_freeze,6,0.95
eval_shared_seed_then_expansion,shared_seed_then_expansion,three_day_buffer_then_freeze,7,0.95
eval_shared_seed_then_expansion,shared_seed_then_expansion,three_day_buffer_then_freeze,8,0.95
eval_shared_seed_then_expansion,shared_seed_then_expansion,three_day_buffer_then_freeze,9,0.95
eval_shared_seed_then_expansion,shared_seed_then_expansion,three_day_buffer_then_freeze,10,0.95
eval_shared_seed_then_expansion,shared_seed_then_expansion,three_day_buffer_then_freeze,11,0.95
eval_shared_seed_then_expansion,shared_seed_then_expansion,three_day_buffer_then_freeze,12,0.95
eval_shared_seed_then_expansion,shared_seed_then_expansion,three_day_buffer_then_freeze,13,0.95
eval_shared_seed_then_expansion,shared_seed_then_expansion,full_flight_buffer_then_freeze,1,0.95
eval_shared_seed_then_expansion,shared_seed_then_expansion,full_flight_buffer_then_freeze,2,0.95
eval_shared_seed_then_expansion,shared_seed_then_expansion,full_flight_buffer_then_freeze,3,0.95
eval_shared_seed_then_expansion,shared_seed_then_expansion,full_flight_buffer_then_freeze,4,0.95
eval_shared_seed_then_expansion,shared_seed_then_expansion,full_flight_buffer_then_freeze,5,0.95
eval_shared_seed_then_expansion,shared_seed_then_expansion,full_flight_buffer_then_freeze,6,0.95
eval_shared_seed_then_expansion,shared_seed_then_expansion,full_flight_buffer_then_freeze,7,0.95
eval_shared_seed_then_expansion,shared_seed_then_expansion,full_flight_buffer_then_freeze,8,0.95
eval_shared_seed_then_expansion,shared_seed_then_expansion,full_flight_buffer_then_freeze,9,0.95
eval_shared_seed_then_expansion,shared_seed_then_expansion,full_flight_buffer_then_freeze,10,0.95
eval_shared_seed_then_expansion,shared_seed_then_expansion,full_flight_buffer_then_freeze,11,0.95
eval_shared_seed_then_expansion,shared_seed_then_expansion,full_flight_buffer_then_freeze,12,0.95
eval_shared_seed_then_expansion,shared_seed_then_expansion,full_flight_buffer_then_freeze,13,0.95
eval_shared_seed_then_expansion,shared_seed_then_expansion,oracle_same_day_dial,1,0.95
eval_shared_seed_then_expansion,shared_seed_then_expansion,oracle_same_day_dial,2,0.95
eval_shared_seed_then_expansion,shared_seed_then_expansion,oracle_same_day_dial,3,0.95
eval_shared_seed_then_expansion,shared_seed_then_expansion,oracle_same_day_dial,4,0.0
eval_shared_seed_then_expansion,shared_seed_then_expansion,oracle_same_day_dial,5,0.0
eval_shared_seed_then_expansion,shared_seed_then_expansion,oracle_same_day_dial,6,0.0
eval_shared_seed_then_expansion,shared_seed_then_expansion,oracle_same_day_dial,7,0.0
eval_shared_seed_then_expansion,shared_seed_then_expansion,oracle_same_day_dial,8,0.0
eval_shared_seed_then_expansion,shared_seed_then_expansion,oracle_same_day_dial,9,0.0
eval_shared_seed_then_expansion,shared_seed_then_expansion,oracle_same_day_dial,10,0.059375
eval_shared_seed_then_expansion,shared_seed_then_expansion,oracle_same_day_dial,11,0.11875
eval_shared_seed_then_expansion,shared_seed_then_expansion,oracle_same_day_dial,12,0.059375
eval_shared_seed_then_expansion,shared_seed_then_expansion,oracle_same_day_dial,13,0.0
