campaign_id,scenario,day,basis,feature_set,best_dial,predicted_dial,absolute_dial_error
train_broad_awareness_control_0,broad_awareness_control,1,same_day,full,0.0,0.0,0.0
train_broad_awareness_control_0,broad_awareness_control,1,cumulative,full,0.0,0.0,0.0
train_broad_awareness_control_0,broad_awareness_control,3,same_day,full,0.0,0.0,0.0
train_broad_awareness_control_0,broad_awareness_control,3,cumulative,full,0.0,0.0,0.0
train_broad_awareness_control_0,broad_awareness_control,6,same_day,full,0.0,0.0,0.0
train_broad_awareness_control_0,broad_awareness_control,6,cumulative,full,0.0,0.0,0.0
train_broad_awareness_control_0,broad_awareness_control,9,same_day,full,0.0,0.0025275813300187494,0.0025275813300187494
train_broad_awareness_control_0,broad_awareness_control,9,cumulative,full,0.0,0.0,0.0
train_broad_awareness_control_0,broad_awareness_control,13,same_day,full,0.0,0.0,0.0
train_broad_awareness_control_0,broad_awareness_control,13,cumulative,full,0.0,0.08694013514520665,0.08694013514520665
train_broad_awareness_control_1,broad_awareness_control,1,same_day,full,0.0,0.0,0.0
train_broad_awareness_control_1,broad_awareness_control,1,cumulative,full,0.0,0.0,0.0
train_broad_awareness_control_1,broad_awareness_control,3,same_day,full,0.0,0.0,0.0
train_broad_awareness_control_1,broad_awareness_control,3,cumulative,full,0.0,0.0,0.0
train_broad_awareness_control_1,broad_awareness_control,6,same_day,full,0.0,0.0,0.0
train_broad_awareness_control_1,broad_awareness_control,6,cumulative,full,0.0,0.0,0.0
train_broad_awareness_control_1,broad_awareness_control,9,same_day,full,0.0,0.0015662514673193406,0.0015662514673193406
train_broad_awareness_control_1,broad_awareness_control,9,cumulative,full,0.0,0.007928515822892557,0.007928515822892557
train_broad_awareness_control_1,broad_awareness_control,13,same_day,full,0.0,0.0,0.0
train_broad_awareness_control_1,broad_awareness_control,13,cumulative,full,0.0,0.1291883828392032,0.1291883828392032
train_traffic_optimization_0,traffic_optimization,1,same_day,full,0.0,0.0,0.0
train_traffic_optimization_0,traffic_optimization,1,cumulative,full,0.0,0.0,0.0
train_traffic_optimization_0,traffic_optimization,3,same_day,full,0.11875,0.010875819796938524,0.10787418020306147
train_traffic_optimization_0,traffic_optimization,3,cumulative,full,0.11875,0.026319834134760745,0.09243016586523925
train_traffic_optimization_0,traffic_optimization,6,same_day,full,0.17812499999999998,0.0036540106905826875,0.1744709893094173
train_traffic_optimization_0,traffic_optimization,6,cumulative,full,0.059375,0.061354466022279286,0.0019794660222792887
train_traffic_optimization_0,traffic_optimization,9,same_day,full,0.059375,0.0034490944858875383,0.05592590551411246
train_traffic_optimization_0,traffic_optimization,9,cumulative,full,0.059375,0.07372173602716503,0.014346736027165033
train_traffic_optimization_0,traffic_optimization,13,same_day,full,0.11875,0.004544264143679588,0.1142057358563204
train_traffic_optimization_0,traffic_optimization,13,cumulative,full,0.11875,0.08922836431947967,0.029521635680520325
train_traffic_optimization_1,traffic_optimization,1,same_day,full,0.0,0.0,0.0
train_traffic_optimization_1,traffic_optimization,1,cumulative,full,0.0,0.0,0.0
train_traffic_optimization_1,traffic_optimization,3,same_day,full,0.11875,0.0,0.11875
train_traffic_optimization_1,traffic_optimization,3,cumulative,full,0.0,0.018677409449447457,0.018677409449447457
train_traffic_optimization_1,traffic_optimization,6,same_day,full,0.11875,0.01269599769275892,0.10605400230724107
train_traffic_optimization_1,traffic_optimization,6,cumulative,full,0.11875,0.0884816096156939,0.030268390384306093
train_traffic_optimization_1,traffic_optimization,9,same_day,full,0.059375,0.011102405314498132,0.048272594685501866
train_traffic_optimization_1,traffic_optimization,9,cumulative,full,0.11875,0.10579591444386582,0.01295408555613417
train_traffic_optimization_1,traffic_optimization,13,same_day,full,0.0,0.0,0.0
train_traffic_optimization_1,traffic_optimization,13,cumulative,full,0.11875,0.08796338558754835,0.030786614412451646
train_video_engagement_retargeting_0,video_engagement_retargeting,1,same_day,full,0.41562499999999997,0.37408161271894247,0.0415433872810575
train_video_engagement_retargeting_0,video_engagement_retargeting,1,cumulative,full,0.41562499999999997,0.37408161271894247,0.0415433872810575
train_video_engagement_retargeting_0,video_engagement_retargeting,3,same_day,full,0.475,0.4502004704999575,0.024799529500042494
train_video_engagement_retargeting_0,video_engagement_retargeting,3,cumulative,full,0.5343749999999999,0.5194069617015669,0.014968038298433073
train_video_engagement_retargeting_0,video_engagement_retargeting,6,same_day,full,0.475,0.4886903747080108,0.013690374708010822
train_video_engagement_retargeting_0,video_engagement_retargeting,6,cumulative,full,0.59375,0.5599318939317655,0.033818106068234544
train_video_engagement_retargeting_0,video_engagement_retargeting,9,same_day,full,0.5343749999999999,0.46228296623532994,0.07209203376467
train_video_engagement_retargeting_0,video_engagement_retargeting,9,cumulative,full,0.653125,0.5876822780370508,0.0654427219629492
train_video_engagement_retargeting_0,video_engagement_retargeting,13,same_day,full,0.41562499999999997,0.5094255109549045,0.09380051095490455
train_video_engagement_retargeting_0,video_engagement_retargeting,13,cumulative,full,0.653125,0.6277143318037758,0.025410668196224173
train_video_engagement_retargeting_1,video_engagement_retargeting,1,same_day,full,0.41562499999999997,0.40525599840260007,0.010369001597399896
train_video_engagement_retargeting_1,video_engagement_retargeting,1,cumulative,full,0.41562499999999997,0.40525599840260007,0.010369001597399896
train_video_engagement_retargeting_1,video_engagement_retargeting,3,same_day,full,0.41562499999999997,0.47506065541806924,0.05943565541806928
train_video_engagement_retargeting_1,video_engagement_retargeting,3,cumulative,full,0.475,0.5309645766069481,0.05596457660694809
train_video_engagement_retargeting_1,video_engagement_retargeting,6,same_day,full,0.41562499999999997,0.4857000518258723,0.07007505182587231
train_video_engagement_retargeting_1,video_engagement_retargeting,6,cumulative,full,0.5343749999999999,0.5703670053960963,0.03599200539609637
train_video_engagement_retargeting_1,video_engagement_retargeting,9,same_day,full,0.475,0.5215635227806402,0.04656352278064024
train_video_engagement_retargeting_1,video_engagement_retargeting,9,cumulative,full,0.59375,0.6008684042516417,0.0071184042516416746
train_video_engagement_retargeting_1,video_engagement_retargeting,13,same_day,full,0.475,0.45325434709325674,0.02174565290674324
train_video_engagement_retargeting_1,video_engagement_retargeting,13,cumulative,full,0.653125,0.6296512124395939,0.02347378756040608
train_lead_generation_0,lead_generation,1,same_day,full,0.5343749999999999,0.5294743042453477,0.00490069575465224
train_lead_generation_0,lead_generation,1,cumulative,full,0.5343749999999999,0.5294743042453477,0.00490069575465224
train_lead_generation_0,lead_generation,3,same_day,full,0.35624999999999996,0.5393384058282339,0.18308840582823394
train_lead_generation_0,lead_generation,3,cumulative,full,0.59375,0.6101346746559162,0.016384674655916198
train_lead_generation_0,lead_generation,6,same_day,full,0.653125,0.45935896419745326,0.1937660358025467
train_lead_generation_0,lead_generation,6,cumulative,full,0.653125,0.591367188846361,0.061757811153638986
train_lead_generation_0,lead_generation,9,same_day,full,0.5343749999999999,0.5012398635698387,0.033135136430161194
train_lead_generation_0,lead_generation,9,cumulative,full,0.7124999999999999,0.6367298333252254,0.07577016667477454
train_lead_generation_0,lead_generation,13,same_day,full,0.5343749999999999,0.5079965968437391,0.026378403156260832
train_lead_generation_0,lead_generation,13,cumulative,full,0.7124999999999999,0.6608591240345979,0.05164087596540201
train_lead_generation_1,lead_generation,1,same_day,full,0.7124999999999999,0.49793296176429047,0.21456703823570944
train_lead_generation_1,lead_generation,1,cumulative,full,0.7124999999999999,0.49793296176429047,0.21456703823570944
train_lead_generation_1,lead_generation,3,same_day,full,0.5343749999999999,0.44872434522529303,0.0856506547747069
train_lead_generation_1,lead_generation,3,cumulative,full,0.5343749999999999,0.5515193471852459,0.017144347185245934
train_lead_generation_1,lead_generation,6,same_day,full,0.5343749999999999,0.48745979431589287,0.046915205684107064
train_lead_generation_1,lead_generation,6,cumulative,full,0.59375,0.5643301759262359,0.02941982407376409
train_lead_generation_1,lead_generation,9,same_day,full,0.35624999999999996,0.45933676226215997,0.10308676226216001
train_lead_generation_1,lead_generation,9,cumulative,full,0.59375,0.5965745193135783,0.0028245193135782998
train_lead_generation_1,lead_generation,13,same_day,full,0.5343749999999999,0.539149833321171,0.0047748333211710126
train_lead_generation_1,lead_generation,13,cumulative,full,0.653125,0.6586533671443152,0.0055283671443152604
train_sales_prospecting_0,sales_prospecting,1,same_day,full,0.5343749999999999,0.45738586312762264,0.0769891368723773
train_sales_prospecting_0,sales_prospecting,1,cumulative,full,0.5343749999999999,0.45738586312762264,0.0769891368723773
train_sales_prospecting_0,sales_prospecting,3,same_day,full,0.475,0.47698209350716225,0.0019820935071622747
train_sales_prospecting_0,sales_prospecting,3,cumulative,full,0.475,0.5170164321542052,0.04201643215420525
train_sales_prospecting_0,sales_prospecting,6,same_day,full,0.475,0.46460193343956757,0.010398066560432406
train_sales_prospecting_0,sales_prospecting,6,cumulative,full,0.5343749999999999,0.5657342381288586,0.03135923812885866
train_sales_prospecting_0,sales_prospecting,9,same_day,full,0.41562499999999997,0.4605644783267573,0.04493947832675732
train_sales_prospecting_0,sales_prospecting,9,cumulative,full,0.59375,0.5783092997026376,0.015440700297362442
train_sales_prospecting_0,sales_prospecting,13,same_day,full,0.35624999999999996,0.42776296453823737,0.07151296453823741
train_sales_prospecting_0,sales_prospecting,13,cumulative,full,0.59375,0.5876386449206055,0.0061113550793945315
train_sales_prospecting_1,sales_prospecting,1,same_day,full,0.35624999999999996,0.3739951376019662,0.01774513760196622
train_sales_prospecting_1,sales_prospecting,1,cumulative,full,0.35624999999999996,0.3739951376019662,0.01774513760196622
train_sales_prospecting_1,sales_prospecting,3,same_day,full,0.475,0.4358904929064814,0.03910950709351857
train_sales_prospecting_1,sales_prospecting,3,cumulative,full,0.41562499999999997,0.46052721970757593,0.04490221970757596
train_sales_prospecting_1,sales_prospecting,6,same_day,full,0.475,0.45949012141298656,0.015509878587013415
train_sales_prospecting_1,sales_prospecting,6,cumulative,full,0.5343749999999999,0.5199878659956655,0.014387134004334445
train_sales_prospecting_1,sales_prospecting,9,same_day,full,0.35624999999999996,0.4126644081718894,0.05641440817188942
train_sales_prospecting_1,sales_prospecting,9,cumulative,full,0.59375,0.542014932567922,0.05173506743207801
train_sales_prospecting_1,sales_prospecting,13,same_day,full,0.475,0.47141752317160523,0.003582476828394743
train_sales_prospecting_1,sales_prospecting,13,cumulative,full,0.59375,0.5793183208869035,0.014431679113096507
train_website_retargeting_0,website_retargeting,1,same_day,full,0.95,0.7984564786477019,0.1515435213522981
train_website_retargeting_0,website_retargeting,1,cumulative,full,0.95,0.7984564786477019,0.1515435213522981
train_website_retargeting_0,website_retargeting,3,same_day,full,0.95,0.8986313434366293,0.05136865656337064
train_website_retargeting_0,website_retargeting,3,cumulative,full,0.95,0.95,0.0
train_website_retargeting_0,website_retargeting,6,same_day,full,0.890625,0.8669493651932975,0.02367563480670254
train_website_retargeting_0,website_retargeting,6,cumulative,full,0.95,0.95,0.0
train_website_retargeting_0,website_retargeting,9,same_day,full,0.95,0.868639131049098,0.081360868950902
train_website_retargeting_0,website_retargeting,9,cumulative,full,0.95,0.95,0.0
train_website_retargeting_0,website_retargeting,13,same_day,full,0.95,0.8536136900372191,0.09638630996278086
train_website_retargeting_0,website_retargeting,13,cumulative,full,0.95,0.95,0.0
train_website_retargeting_1,website_retargeting,1,same_day,full,0.95,0.7528671303245739,0.1971328696754261
train_website_retargeting_1,website_retargeting,1,cumulative,full,0.95,0.7528671303245739,0.1971328696754261
train_website_retargeting_1,website_retargeting,3,same_day,full,0.8312499999999999,0.8586646045918084,0.027414604591808445
train_website_retargeting_1,website_retargeting,3,cumulative,full,0.95,0.9429868352665784,0.007013164733421506
train_website_retargeting_1,website_retargeting,6,same_day,full,0.95,0.8914514578658792,0.05854854213412075
train_website_retargeting_1,website_retargeting,6,cumulative,full,0.95,0.95,0.0
train_website_retargeting_1,website_retargeting,9,same_day,full,0.95,0.9092084772966067,0.04079152270339326
train_website_retargeting_1,website_retargeting,9,cumulative,full,0.95,0.95,0.0
train_website_retargeting_1,website_retargeting,13,same_day,full,0.95,0.8436722733393163,0.10632772666068369
train_website_retargeting_1,website_retargeting,13,cumulative,full,0.95,0.95,0.0
train_crm_customer_list_0,crm_customer_list,1,same_day,full,0.95,0.9214909052248911,0.02850909477510888
train_crm_customer_list_0,crm_customer_list,1,cumulative,full,0.95,0.9214909052248911,0.02850909477510888
train_crm_customer_list_0,crm_customer_list,3,same_day,full,0.95,0.9154449488749936,0.03455505112500634
train_crm_customer_list_0,crm_customer_list,3,cumulative,full,0.95,0.8830588263997088,0.06694117360029117
train_crm_customer_list_0,crm_customer_list,6,same_day,full,0.95,0.9252068178044333,0.0247931821955667
train_crm_customer_list_0,crm_customer_list,6,cumulative,full,0.95,0.9364629552885231,0.013537044711476875
train_crm_customer_list_0,crm_customer_list,9,same_day,full,0.95,0.95,0.0
train_crm_customer_list_0,crm_customer_list,9,cumulative,full,0.95,0.9392316324324871,0.010768367567512871
train_crm_customer_list_0,crm_customer_list,13,same_day,full,0.8312499999999999,0.8971903441789386,0.06594034417893868
train_crm_customer_list_0,crm_customer_list,13,cumulative,full,0.95,0.95,0.0
train_crm_customer_list_1,crm_customer_list,1,same_day,full,0.95,0.95,0.0
train_crm_customer_list_1,crm_customer_list,1,cumulative,full,0.95,0.95,0.0
train_crm_customer_list_1,crm_customer_list,3,same_day,full,0.95,0.95,0.0
train_crm_customer_list_1,crm_customer_list,3,cumulative,full,0.95,0.9320022766835474,0.017997723316452552
train_crm_customer_list_1,crm_customer_list,6,same_day,full,0.95,0.8942618443451098,0.055738155654890154
train_crm_customer_list_1,crm_customer_list,6,cumulative,full,0.95,0.9434910236346554,0.006508976365344532
train_crm_customer_list_1,crm_customer_list,9,same_day,full,0.95,0.9049233019957761,0.04507669800422387
train_crm_customer_list_1,crm_customer_list,9,cumulative,full,0.95,0.9333170612954185,0.016682938704581485
train_crm_customer_list_1,crm_customer_list,13,same_day,full,0.890625,0.9156623049240028,0.0250373049240028
train_crm_customer_list_1,crm_customer_list,13,cumulative,full,0.95,0.95,0.0
train_catalog_retargeting_0,catalog_retargeting,1,same_day,full,0.35624999999999996,0.46364697280595346,0.1073969728059535
train_catalog_retargeting_0,catalog_retargeting,1,cumulative,full,0.35624999999999996,0.46364697280595346,0.1073969728059535
train_catalog_retargeting_0,catalog_retargeting,3,same_day,full,0.653125,0.5793405917049861,0.07378440829501387
train_catalog_retargeting_0,catalog_retargeting,3,cumulative,full,0.7124999999999999,0.6933729191711371,0.01912708082886283
train_catalog_retargeting_0,catalog_retargeting,6,same_day,full,0.653125,0.5867050006570002,0.0664199993429998
train_catalog_retargeting_0,catalog_retargeting,6,cumulative,full,0.7124999999999999,0.758611915561324,0.0461119155613241
train_catalog_retargeting_0,catalog_retargeting,9,same_day,full,0.653125,0.5971822720097223,0.05594272799027766
train_catalog_retargeting_0,catalog_retargeting,9,cumulative,full,0.8312499999999999,0.7805913218945195,0.050658678105480415
train_catalog_retargeting_0,catalog_retargeting,13,same_day,full,0.5343749999999999,0.5282352113862121,0.006139788613787833
train_catalog_retargeting_0,catalog_retargeting,13,cumulative,full,0.8312499999999999,0.8075858853087934,0.02366411469120655
train_catalog_retargeting_1,catalog_retargeting,1,same_day,full,0.296875,0.5440059764936732,0.24713097649367322
train_catalog_retargeting_1,catalog_retargeting,1,cumulative,full,0.296875,0.5440059764936732,0.24713097649367322
train_catalog_retargeting_1,catalog_retargeting,3,same_day,full,0.653125,0.5668629080393178,0.08626209196068213
train_catalog_retargeting_1,catalog_retargeting,3,cumulative,full,0.653125,0.6478970040390515,0.005227995960948473
train_catalog_retargeting_1,catalog_retargeting,6,same_day,full,0.59375,0.6235097977787023,0.0297597977787023
train_catalog_retargeting_1,catalog_retargeting,6,cumulative,full,0.7124999999999999,0.7269172851522956,0.014417285152295678
train_catalog_retargeting_1,catalog_retargeting,9,same_day,full,0.7124999999999999,0.5740776585916996,0.13842234140830034
train_catalog_retargeting_1,catalog_retargeting,9,cumulative,full,0.771875,0.7429624071222496,0.028912592877750387
train_catalog_retargeting_1,catalog_retargeting,13,same_day,full,0.771875,0.548245760501153,0.22362923949884694
train_catalog_retargeting_1,catalog_retargeting,13,cumulative,full,0.8312499999999999,0.8013874706510572,0.029862529348942735
train_lookalike_prospecting_0,lookalike_prospecting,1,same_day,full,0.2375,0.21715934135128354,0.020340658648716453
train_lookalike_prospecting_0,lookalike_prospecting,1,cumulative,full,0.2375,0.21715934135128354,0.020340658648716453
train_lookalike_prospecting_0,lookalike_prospecting,3,same_day,full,0.17812499999999998,0.224029673632133,0.04590467363213302
train_lookalike_prospecting_0,lookalike_prospecting,3,cumulative,full,0.2375,0.22371319990525207,0.01378680009474792
train_lookalike_prospecting_0,lookalike_prospecting,6,same_day,full,0.11875,0.1617214632619116,0.04297146326191162
train_lookalike_prospecting_0,lookalike_prospecting,6,cumulative,full,0.296875,0.25385115393595414,0.043023846064045856
train_lookalike_prospecting_0,lookalike_prospecting,9,same_day,full,0.17812499999999998,0.25987690449296336,0.08175190449296338
train_lookalike_prospecting_0,lookalike_prospecting,9,cumulative,full,0.35624999999999996,0.2962942199461758,0.05995578005382418
train_lookalike_prospecting_0,lookalike_prospecting,13,same_day,full,0.296875,0.24475927514492735,0.052115724855072654
train_lookalike_prospecting_0,lookalike_prospecting,13,cumulative,full,0.41562499999999997,0.342862249218677,0.072762750781323
train_lookalike_prospecting_1,lookalike_prospecting,1,same_day,full,0.11875,0.2034329855333059,0.08468298553330592
train_lookalike_prospecting_1,lookalike_prospecting,1,cumulative,full,0.11875,0.2034329855333059,0.08468298553330592
train_lookalike_prospecting_1,lookalike_prospecting,3,same_day,full,0.2375,0.1950417927349739,0.04245820726502608
train_lookalike_prospecting_1,lookalike_prospecting,3,cumulative,full,0.2375,0.19853072899764024,0.03896927100235975
train_lookalike_prospecting_1,lookalike_prospecting,6,same_day,full,0.17812499999999998,0.22607431465447297,0.047949314654472996
train_lookalike_prospecting_1,lookalike_prospecting,6,cumulative,full,0.2375,0.24843386611712756,0.010933866117127572
train_lookalike_prospecting_1,lookalike_prospecting,9,same_day,full,0.2375,0.2685570413359719,0.031057041335971924
train_lookalike_prospecting_1,lookalike_prospecting,9,cumulative,full,0.35624999999999996,0.32294775615397064,0.03330224384602931
train_lookalike_prospecting_1,lookalike_prospecting,13,same_day,full,0.17812499999999998,0.2357134122373577,0.05758841223735772
train_lookalike_prospecting_1,lookalike_prospecting,13,cumulative,full,0.41562499999999997,0.3454210574862223,0.07020394251377765
train_advantage_audience_expansion_0,advantage_audience_expansion,1,same_day,full,0.059375,0.1675121998431956,0.1081371998431956
train_advantage_audience_expansion_0,advantage_audience_expansion,1,cumulative,full,0.059375,0.1675121998431956,0.1081371998431956
train_advantage_audience_expansion_0,advantage_audience_expansion,3,same_day,full,0.2375,0.1695265322417609,0.06797346775823909
train_advantage_audience_expansion_0,advantage_audience_expansion,3,cumulative,full,0.2375,0.2194536220176744,0.018046377982325584
train_advantage_audience_expansion_0,advantage_audience_expansion,6,same_day,full,0.17812499999999998,0.21137746458705364,0.033252464587053665
train_advantage_audience_expansion_0,advantage_audience_expansion,6,cumulative,full,0.2375,0.23283268920515102,0.004667310794848972
train_advantage_audience_expansion_0,advantage_audience_expansion,9,same_day,full,0.17812499999999998,0.21175494853667576,0.03362994853667578
train_advantage_audience_expansion_0,advantage_audience_expansion,9,cumulative,full,0.296875,0.2436470737901943,0.05322792620980571
train_advantage_audience_expansion_0,advantage_audience_expansion,13,same_day,full,0.2375,0.18062615544435695,0.05687384455564304
train_advantage_audience_expansion_0,advantage_audience_expansion,13,cumulative,full,0.35624999999999996,0.2811760533071374,0.07507394669286255
train_advantage_audience_expansion_1,advantage_audience_expansion,1,same_day,full,0.059375,0.15640730124847546,0.09703230124847546
train_advantage_audience_expansion_1,advantage_audience_expansion,1,cumulative,full,0.059375,0.15640730124847546,0.09703230124847546
train_advantage_audience_expansion_1,advantage_audience_expansion,3,same_day,full,0.17812499999999998,0.15910990331432096,0.019015096685679023
train_advantage_audience_expansion_1,advantage_audience_expansion,3,cumulative,full,0.11875,0.14601739445224954,0.027267394452249544
train_advantage_audience_expansion_1,advantage_audience_expansion,6,same_day,full,0.17812499999999998,0.16106954240025362,0.01705545759974636
train_advantage_audience_expansion_1,advantage_audience_expansion,6,cumulative,full,0.17812499999999998,0.15563990390283206,0.022485096097167923
train_advantage_audience_expansion_1,advantage_audience_expansion,9,same_day,full,0.2375,0.19712767586417795,0.040372324135822035
train_advantage_audience_expansion_1,advantage_audience_expansion,9,cumulative,full,0.2375,0.24165048180849485,0.004150481808494866
train_advantage_audience_expansion_1,advantage_audience_expansion,13,same_day,full,0.2375,0.20357742016016422,0.033922579839835765
train_advantage_audience_expansion_1,advantage_audience_expansion,13,cumulative,full,0.35624999999999996,0.28055161145829466,0.0756983885417053
train_app_activity_retargeting_0,app_activity_retargeting,1,same_day,full,0.7124999999999999,0.5933936830884184,0.11910631691158147
train_app_activity_retargeting_0,app_activity_retargeting,1,cumulative,full,0.7124999999999999,0.5933936830884184,0.11910631691158147
train_app_activity_retargeting_0,app_activity_retargeting,3,same_day,full,0.475,0.6725505094095233,0.19755050940952334
train_app_activity_retargeting_0,app_activity_retargeting,3,cumulative,full,0.653125,0.662849893047331,0.00972489304733104
train_app_activity_retargeting_0,app_activity_retargeting,6,same_day,full,0.771875,0.6817955606721854,0.09007943932781459
train_app_activity_retargeting_0,app_activity_retargeting,6,cumulative,full,0.771875,0.7993821903900763,0.02750719039007632
train_app_activity_retargeting_0,app_activity_retargeting,9,same_day,full,0.7124999999999999,0.7610117843220742,0.04851178432207426
train_app_activity_retargeting_0,app_activity_retargeting,9,cumulative,full,0.8312499999999999,0.8349370638625297,0.0036870638625298158
train_app_activity_retargeting_0,app_activity_retargeting,13,same_day,full,0.7124999999999999,0.7016150533885164,0.010884946611483537
train_app_activity_retargeting_0,app_activity_retargeting,13,cumulative,full,0.890625,0.8731964577168216,0.01742854228317836
train_app_activity_retargeting_1,app_activity_retargeting,1,same_day,full,0.59375,0.6641692917267008,0.0704192917267008
train_app_activity_retargeting_1,app_activity_retargeting,1,cumulative,full,0.59375,0.6641692917267008,0.0704192917267008
train_app_activity_retargeting_1,app_activity_retargeting,3,same_day,full,0.653125,0.6577580319035102,0.004633031903510276
train_app_activity_retargeting_1,app_activity_retargeting,3,cumulative,full,0.7124999999999999,0.6922716420612699,0.020228357938730013
train_app_activity_retargeting_1,app_activity_retargeting,6,same_day,full,0.771875,0.6782954719502767,0.09357952804972325
train_app_activity_retargeting_1,app_activity_retargeting,6,cumulative,full,0.8312499999999999,0.8004813194980773,0.030768680501922607
train_app_activity_retargeting_1,app_activity_retargeting,9,same_day,full,0.7124999999999999,0.7124931463482219,6.853651777993797e-06
train_app_activity_retargeting_1,app_activity_retargeting,9,cumulative,full,0.8312499999999999,0.8474470013474454,0.016197001347445505
train_app_activity_retargeting_1,app_activity_retargeting,13,same_day,full,0.653125,0.699422872548512,0.04629787254851203
train_app_activity_retargeting_1,app_activity_retargeting,13,cumulative,full,0.890625,0.8850897538564646,0.0055352461435353995
train_unrelated_niche_control_0,unrelated_niche_control,1,same_day,full,0.475,0.1951893447067753,0.2798106552932247
train_unrelated_niche_control_0,unrelated_niche_control,1,cumulative,full,0.475,0.1951893447067753,0.2798106552932247
train_unrelated_niche_control_0,unrelated_niche_control,3,same_day,full,0.0,0.24355096273261959,0.24355096273261959
train_unrelated_niche_control_0,unrelated_niche_control,3,cumulative,full,0.2375,0.2643483723708404,0.026848372370840423
train_unrelated_niche_control_0,unrelated_niche_control,6,same_day,full,0.2375,0.28824969501942643,0.050749695019426444
train_unrelated_niche_control_0,unrelated_niche_control,6,cumulative,full,0.35624999999999996,0.3360438181096149,0.020206181890385033
train_unrelated_niche_control_0,unrelated_niche_control,9,same_day,full,0.35624999999999996,0.257510395728618,0.09873960427138195
train_unrelated_niche_control_0,unrelated_niche_control,9,cumulative,full,0.41562499999999997,0.38834276205795887,0.0272822379420411
train_unrelated_niche_control_0,unrelated_niche_control,13,same_day,full,0.059375,0.2649516431346915,0.20557664313469148
train_unrelated_niche_control_0,unrelated_niche_control,13,cumulative,full,0.59375,0.4551432564582475,0.1386067435417525
train_unrelated_niche_control_1,unrelated_niche_control,1,same_day,full,0.11875,0.2198226912779583,0.10107269127795832
train_unrelated_niche_control_1,unrelated_niche_control,1,cumulative,full,0.11875,0.2198226912779583,0.10107269127795832
train_unrelated_niche_control_1,unrelated_niche_control,3,same_day,full,0.059375,0.15959124132186764,0.10021624132186764
train_unrelated_niche_control_1,unrelated_niche_control,3,cumulative,full,0.0,0.2413220532584791,0.2413220532584791
train_unrelated_niche_control_1,unrelated_niche_control,6,same_day,full,0.2375,0.2129155407305654,0.02458445926943459
train_unrelated_niche_control_1,unrelated_niche_control,6,cumulative,full,0.2375,0.3263150627907066,0.08881506279070661
train_unrelated_niche_control_1,unrelated_niche_control,9,same_day,full,0.475,0.2950871073493022,0.17991289265069776
train_unrelated_niche_control_1,unrelated_niche_control,9,cumulative,full,0.35624999999999996,0.4052183438400927,0.04896834384009274
train_unrelated_niche_control_1,unrelated_niche_control,13,same_day,full,0.296875,0.26561880909020985,0.03125619090979015
train_unrelated_niche_control_1,unrelated_niche_control,13,cumulative,full,0.59375,0.46187738363553854,0.13187261636446146
train_mixed_funnel_portfolio_0,mixed_funnel_portfolio,1,same_day,full,0.059375,0.18301110231877427,0.12363610231877427
train_mixed_funnel_portfolio_0,mixed_funnel_portfolio,1,cumulative,full,0.059375,0.18301110231877427,0.12363610231877427
train_mixed_funnel_portfolio_0,mixed_funnel_portfolio,3,same_day,full,0.0,0.24667502621560794,0.24667502621560794
train_mixed_funnel_portfolio_0,mixed_funnel_portfolio,3,cumulative,full,0.0,0.17999726634169164,0.17999726634169164
train_mixed_funnel_portfolio_0,mixed_funnel_portfolio,6,same_day,full,0.0,0.27085428546780105,0.27085428546780105
train_mixed_funnel_portfolio_0,mixed_funnel_portfolio,6,cumulative,full,0.0,0.14679595617220587,0.14679595617220587
train_mixed_funnel_portfolio_0,mixed_funnel_portfolio,9,same_day,full,0.059375,0.2847572237041782,0.2253822237041782
train_mixed_funnel_portfolio_0,mixed_funnel_portfolio,9,cumulative,full,0.0,0.18789923747595333,0.18789923747595333
train_mixed_funnel_portfolio_0,mixed_funnel_portfolio,13,same_day,full,0.0,0.20986153758795376,0.20986153758795376
train_mixed_funnel_portfolio_0,mixed_funnel_portfolio,13,cumulative,full,0.0,0.13297044592964702,0.13297044592964702
train_mixed_funnel_portfolio_1,mixed_funnel_portfolio,1,same_day,full,0.17812499999999998,0.24645215371744023,0.06832715371744025
train_mixed_funnel_portfolio_1,mixed_funnel_portfolio,1,cumulative,full,0.17812499999999998,0.24645215371744023,0.06832715371744025
train_mixed_funnel_portfolio_1,mixed_funnel_portfolio,3,same_day,full,0.0,0.1703970978560154,0.1703970978560154
train_mixed_funnel_portfolio_1,mixed_funnel_portfolio,3,cumulative,full,0.059375,0.2182471805298064,0.1588721805298064
train_mixed_funnel_portfolio_1,mixed_funnel_portfolio,6,same_day,full,0.0,0.25559288769666744,0.25559288769666744
train_mixed_funnel_portfolio_1,mixed_funnel_portfolio,6,cumulative,full,0.0,0.23606183876324932,0.23606183876324932
train_mixed_funnel_portfolio_1,mixed_funnel_portfolio,9,same_day,full,0.0,0.24869856665642742,0.24869856665642742
train_mixed_funnel_portfolio_1,mixed_funnel_portfolio,9,cumulative,full,0.0,0.18628902867371527,0.18628902867371527
train_mixed_funnel_portfolio_1,mixed_funnel_portfolio,13,same_day,full,0.0,0.16082975479787226,0.16082975479787226
train_mixed_funnel_portfolio_1,mixed_funnel_portfolio,13,cumulative,full,0.0,0.13303853225705153,0.13303853225705153
train_broad_awareness_control_0,broad_awareness_control,1,same_day,context_scale,0.0,0.0,0.0
train_broad_awareness_control_0,broad_awareness_control,1,cumulative,context_scale,0.0,0.0,0.0
train_broad_awareness_control_0,broad_awareness_control,3,same_day,context_scale,0.0,0.0,0.0
train_broad_awareness_control_0,broad_awareness_control,3,cumulative,context_scale,0.0,0.0,0.0
train_broad_awareness_control_0,broad_awareness_control,6,same_day,context_scale,0.0,0.0,0.0
train_broad_awareness_control_0,broad_awareness_control,6,cumulative,context_scale,0.0,0.0,0.0
train_broad_awareness_control_0,broad_awareness_control,9,same_day,context_scale,0.0,0.0,0.0
train_broad_awareness_control_0,broad_awareness_control,9,cumulative,context_scale,0.0,0.0,0.0
train_broad_awareness_control_0,broad_awareness_control,13,same_day,context_scale,0.0,0.0,0.0
train_broad_awareness_control_0,broad_awareness_control,13,cumulative,context_scale,0.0,0.08346727042838845,0.08346727042838845
train_broad_awareness_control_1,broad_awareness_control,1,same_day,context_scale,0.0,0.0,0.0
train_broad_awareness_control_1,broad_awareness_control,1,cumulative,context_scale,0.0,0.0,0.0
train_broad_awareness_control_1,broad_awareness_control,3,same_day,context_scale,0.0,0.0,0.0
train_broad_awareness_control_1,broad_awareness_control,3,cumulative,context_scale,0.0,0.0,0.0
train_broad_awareness_control_1,broad_awareness_control,6,same_day,context_scale,0.0,0.0,0.0
train_broad_awareness_control_1,broad_awareness_control,6,cumulative,context_scale,0.0,0.0,0.0
train_broad_awareness_control_1,broad_awareness_control,9,same_day,context_scale,0.0,0.0,0.0
train_broad_awareness_control_1,broad_awareness_control,9,cumulative,context_scale,0.0,0.01782490746767801,0.01782490746767801
train_broad_awareness_control_1,broad_awareness_control,13,same_day,context_scale,0.0,0.0,0.0
train_broad_awareness_control_1,broad_awareness_control,13,cumulative,context_scale,0.0,0.15501404124198848,0.15501404124198848
train_traffic_optimization_0,traffic_optimization,1,same_day,context_scale,0.0,0.0,0.0
train_traffic_optimization_0,traffic_optimization,1,cumulative,context_scale,0.0,0.0,0.0
train_traffic_optimization_0,traffic_optimization,3,same_day,context_scale,0.11875,0.0,0.11875
train_traffic_optimization_0,traffic_optimization,3,cumulative,context_scale,0.11875,0.027233718530898565,0.09151628146910143
train_traffic_optimization_0,traffic_optimization,6,same_day,context_scale,0.17812499999999998,0.0,0.17812499999999998
train_traffic_optimization_0,traffic_optimization,6,cumulative,context_scale,0.059375,0.05287232867643199,0.006502671323568007
train_traffic_optimization_0,traffic_optimization,9,same_day,context_scale,0.059375,0.01029791817900183,0.04907708182099817
train_traffic_optimization_0,traffic_optimization,9,cumulative,context_scale,0.059375,0.0691296473696304,0.009754647369630401
train_traffic_optimization_0,traffic_optimization,13,same_day,context_scale,0.11875,0.0,0.11875
train_traffic_optimization_0,traffic_optimization,13,cumulative,context_scale,0.11875,0.08386527100965468,0.03488472899034531
train_traffic_optimization_1,traffic_optimization,1,same_day,context_scale,0.0,0.0,0.0
train_traffic_optimization_1,traffic_optimization,1,cumulative,context_scale,0.0,0.0,0.0
train_traffic_optimization_1,traffic_optimization,3,same_day,context_scale,0.11875,0.0,0.11875
train_traffic_optimization_1,traffic_optimization,3,cumulative,context_scale,0.0,0.0027450236492352897,0.0027450236492352897
train_traffic_optimization_1,traffic_optimization,6,same_day,context_scale,0.11875,0.00896238204676858,0.10978761795323141
train_traffic_optimization_1,traffic_optimization,6,cumulative,context_scale,0.11875,0.08967167868863263,0.029078321311367367
train_traffic_optimization_1,traffic_optimization,9,same_day,context_scale,0.059375,0.0,0.059375
train_traffic_optimization_1,traffic_optimization,9,cumulative,context_scale,0.11875,0.11008390767442866,0.008666092325571334
train_traffic_optimization_1,traffic_optimization,13,same_day,context_scale,0.0,0.0,0.0
train_traffic_optimization_1,traffic_optimization,13,cumulative,context_scale,0.11875,0.08386527100965468,0.03488472899034531
train_video_engagement_retargeting_0,video_engagement_retargeting,1,same_day,context_scale,0.41562499999999997,0.40845289433396426,0.007172105666035711
train_video_engagement_retargeting_0,video_engagement_retargeting,1,cumulative,context_scale,0.41562499999999997,0.40845289433396426,0.007172105666035711
train_video_engagement_retargeting_0,video_engagement_retargeting,3,same_day,context_scale,0.475,0.46795656162788646,0.00704343837211352
train_video_engagement_retargeting_0,video_engagement_retargeting,3,cumulative,context_scale,0.5343749999999999,0.518584790490183,0.01579020950981691
train_video_engagement_retargeting_0,video_engagement_retargeting,6,same_day,context_scale,0.475,0.4833612766836798,0.008361276683679808
train_video_engagement_retargeting_0,video_engagement_retargeting,6,cumulative,context_scale,0.59375,0.5402054615355066,0.05354453846449336
train_video_engagement_retargeting_0,video_engagement_retargeting,9,same_day,context_scale,0.5343749999999999,0.5033433084889475,0.03103169151105245
train_video_engagement_retargeting_0,video_engagement_retargeting,9,cumulative,context_scale,0.653125,0.558425840370054,0.0946991596299459
train_video_engagement_retargeting_0,video_engagement_retargeting,13,same_day,context_scale,0.41562499999999997,0.489831260526046,0.07420626052604601
train_video_engagement_retargeting_0,video_engagement_retargeting,13,cumulative,context_scale,0.653125,0.6151403754291171,0.03798462457088281
train_video_engagement_retargeting_1,video_engagement_retargeting,1,same_day,context_scale,0.41562499999999997,0.42052427891740735,0.004899278917407379
train_video_engagement_retargeting_1,video_engagement_retargeting,1,cumulative,context_scale,0.41562499999999997,0.42052427891740735,0.004899278917407379
train_video_engagement_retargeting_1,video_engagement_retargeting,3,same_day,context_scale,0.41562499999999997,0.46498003908998947,0.049355039089989505
train_video_engagement_retargeting_1,video_engagement_retargeting,3,cumulative,context_scale,0.475,0.508621512868963,0.03362151286896298
train_video_engagement_retargeting_1,video_engagement_retargeting,6,same_day,context_scale,0.41562499999999997,0.4759327145863162,0.06030771458631623
train_video_engagement_retargeting_1,video_engagement_retargeting,6,cumulative,context_scale,0.5343749999999999,0.5613590339155203,0.0269840339155204
train_video_engagement_retargeting_1,video_engagement_retargeting,9,same_day,context_scale,0.475,0.5022492322217043,0.027249232221704278
train_video_engagement_retargeting_1,video_engagement_retargeting,9,cumulative,context_scale,0.59375,0.5840687671319779,0.009681232868022138
train_video_engagement_retargeting_1,video_engagement_retargeting,13,same_day,context_scale,0.475,0.48462832720341603,0.009628327203416054
train_video_engagement_retargeting_1,video_engagement_retargeting,13,cumulative,context_scale,0.653125,0.6151403754291171,0.03798462457088281
train_lead_generation_0,lead_generation,1,same_day,context_scale,0.5343749999999999,0.4807908513035391,0.05358414869646083
train_lead_generation_0,lead_generation,1,cumulative,context_scale,0.5343749999999999,0.4807908513035391,0.05358414869646083
train_lead_generation_0,lead_generation,3,same_day,context_scale,0.35624999999999996,0.5079846237808068,0.15173462378080682
train_lead_generation_0,lead_generation,3,cumulative,context_scale,0.59375,0.545817381508047,0.04793261849195296
train_lead_generation_0,lead_generation,6,same_day,context_scale,0.653125,0.4938883660649471,0.15923663393505283
train_lead_generation_0,lead_generation,6,cumulative,context_scale,0.653125,0.5871194422130169,0.06600555778698303
train_lead_generation_0,lead_generation,9,same_day,context_scale,0.5343749999999999,0.5064086190330693,0.027966380966930604
train_lead_generation_0,lead_generation,9,cumulative,context_scale,0.7124999999999999,0.625814026104387,0.08668597389561294
train_lead_generation_0,lead_generation,13,same_day,context_scale,0.5343749999999999,0.5118643171390942,0.02251068286090574
train_lead_generation_0,lead_generation,13,cumulative,context_scale,0.7124999999999999,0.6555739136240752,0.05692608637592467
train_lead_generation_1,lead_generation,1,same_day,context_scale,0.7124999999999999,0.4574165428806653,0.2550834571193346
train_lead_generation_1,lead_generation,1,cumulative,context_scale,0.7124999999999999,0.4574165428806653,0.2550834571193346
train_lead_generation_1,lead_generation,3,same_day,context_scale,0.5343749999999999,0.49792396319928744,0.03645103680071249
train_lead_generation_1,lead_generation,3,cumulative,context_scale,0.5343749999999999,0.5489671815007233,0.014592181500723389
train_lead_generation_1,lead_generation,6,same_day,context_scale,0.5343749999999999,0.489683192992711,0.04469180700728892
train_lead_generation_1,lead_generation,6,cumulative,context_scale,0.59375,0.6024694271825335,0.00871942718253349
train_lead_generation_1,lead_generation,9,same_day,context_scale,0.35624999999999996,0.5136750802353216,0.15742508023532165
train_lead_generation_1,lead_generation,9,cumulative,context_scale,0.59375,0.6434527420036141,0.04970274200361413
train_lead_generation_1,lead_generation,13,same_day,context_scale,0.5343749999999999,0.5238621035023204,0.010512896497679503
train_lead_generation_1,lead_generation,13,cumulative,context_scale,0.653125,0.6555739136240752,0.0024489136240752885
train_sales_prospecting_0,sales_prospecting,1,same_day,context_scale,0.5343749999999999,0.45794466593819905,0.07643033406180089
train_sales_prospecting_0,sales_prospecting,1,cumulative,context_scale,0.5343749999999999,0.45794466593819905,0.07643033406180089
train_sales_prospecting_0,sales_prospecting,3,same_day,context_scale,0.475,0.4820163214838507,0.007016321483850729
train_sales_prospecting_0,sales_prospecting,3,cumulative,context_scale,0.475,0.5209317987864579,0.04593179878645792
train_sales_prospecting_0,sales_prospecting,6,same_day,context_scale,0.475,0.4694939161837823,0.0055060838162176995
train_sales_prospecting_0,sales_prospecting,6,cumulative,context_scale,0.5343749999999999,0.5559476796186679,0.021572679618667934
train_sales_prospecting_0,sales_prospecting,9,same_day,context_scale,0.41562499999999997,0.4494421068905211,0.03381710689052114
train_sales_prospecting_0,sales_prospecting,9,cumulative,context_scale,0.59375,0.5697270794311678,0.02402292056883215
train_sales_prospecting_0,sales_prospecting,13,same_day,context_scale,0.35624999999999996,0.4498459289238138,0.09359592892381385
train_sales_prospecting_0,sales_prospecting,13,cumulative,context_scale,0.59375,0.5756826029579958,0.01806739704200422
train_sales_prospecting_1,sales_prospecting,1,same_day,context_scale,0.35624999999999996,0.36998787223654783,0.013737872236547877
train_sales_prospecting_1,sales_prospecting,1,cumulative,context_scale,0.35624999999999996,0.36998787223654783,0.013737872236547877
train_sales_prospecting_1,sales_prospecting,3,same_day,context_scale,0.475,0.42787610658257696,0.04712389341742301
train_sales_prospecting_1,sales_prospecting,3,cumulative,context_scale,0.41562499999999997,0.4632827091224446,0.04765770912244466
train_sales_prospecting_1,sales_prospecting,6,same_day,context_scale,0.475,0.4595002988710507,0.015499701128949273
train_sales_prospecting_1,sales_prospecting,6,cumulative,context_scale,0.5343749999999999,0.5036052707120484,0.03076972928795152
train_sales_prospecting_1,sales_prospecting,9,same_day,context_scale,0.35624999999999996,0.45037236432901084,0.09412236432901089
train_sales_prospecting_1,sales_prospecting,9,cumulative,context_scale,0.59375,0.5342096291282036,0.05954037087179642
train_sales_prospecting_1,sales_prospecting,13,same_day,context_scale,0.475,0.4787592859636203,0.0037592859636202958
train_sales_prospecting_1,sales_prospecting,13,cumulative,context_scale,0.59375,0.5756826029579958,0.01806739704200422
train_website_retargeting_0,website_retargeting,1,same_day,context_scale,0.95,0.814574211078294,0.13542578892170598
train_website_retargeting_0,website_retargeting,1,cumulative,context_scale,0.95,0.814574211078294,0.13542578892170598
train_website_retargeting_0,website_retargeting,3,same_day,context_scale,0.95,0.8612950791376455,0.08870492086235449
train_website_retargeting_0,website_retargeting,3,cumulative,context_scale,0.95,0.9134780560619751,0.03652194393802488
train_website_retargeting_0,website_retargeting,6,same_day,context_scale,0.890625,0.8726713301283293,0.017953669871670686
train_website_retargeting_0,website_retargeting,6,cumulative,context_scale,0.95,0.95,0.0
train_website_retargeting_0,website_retargeting,9,same_day,context_scale,0.95,0.8720363989037943,0.0779636010962057
train_website_retargeting_0,website_retargeting,9,cumulative,context_scale,0.95,0.95,0.0
train_website_retargeting_0,website_retargeting,13,same_day,context_scale,0.95,0.8643219144780021,0.08567808552199785
train_website_retargeting_0,website_retargeting,13,cumulative,context_scale,0.95,0.95,0.0
train_website_retargeting_1,website_retargeting,1,same_day,context_scale,0.95,0.8107430339066894,0.1392569660933105
train_website_retargeting_1,website_retargeting,1,cumulative,context_scale,0.95,0.8107430339066894,0.1392569660933105
train_website_retargeting_1,website_retargeting,3,same_day,context_scale,0.8312499999999999,0.855482730786698,0.024232730786698076
train_website_retargeting_1,website_retargeting,3,cumulative,context_scale,0.95,0.9104638837926681,0.039536116207331884
train_website_retargeting_1,website_retargeting,6,same_day,context_scale,0.95,0.8884690976262615,0.06153090237373848
train_website_retargeting_1,website_retargeting,6,cumulative,context_scale,0.95,0.95,0.0
train_website_retargeting_1,website_retargeting,9,same_day,context_scale,0.95,0.8785968804915135,0.07140311950848643
train_website_retargeting_1,website_retargeting,9,cumulative,context_scale,0.95,0.95,0.0
train_website_retargeting_1,website_retargeting,13,same_day,context_scale,0.95,0.8553213703106155,0.09467862968938445
train_website_retargeting_1,website_retargeting,13,cumulative,context_scale,0.95,0.95,0.0
train_crm_customer_list_0,crm_customer_list,1,same_day,context_scale,0.95,0.872754033201681,0.07724596679831897
train_crm_customer_list_0,crm_customer_list,1,cumulative,context_scale,0.95,0.872754033201681,0.07724596679831897
train_crm_customer_list_0,crm_customer_list,3,same_day,context_scale,0.95,0.9086986486666805,0.04130135133331947
train_crm_customer_list_0,crm_customer_list,3,cumulative,context_scale,0.95,0.95,0.0
train_crm_customer_list_0,crm_customer_list,6,same_day,context_scale,0.95,0.9004973327583766,0.04950266724162333
train_crm_customer_list_0,crm_customer_list,6,cumulative,context_scale,0.95,0.95,0.0
train_crm_customer_list_0,crm_customer_list,9,same_day,context_scale,0.95,0.8914569500653923,0.05854304993460768
train_crm_customer_list_0,crm_customer_list,9,cumulative,context_scale,0.95,0.95,0.0
train_crm_customer_list_0,crm_customer_list,13,same_day,context_scale,0.8312499999999999,0.8539929423587272,0.022742942358727314
train_crm_customer_list_0,crm_customer_list,13,cumulative,context_scale,0.95,0.95,0.0
train_crm_customer_list_1,crm_customer_list,1,same_day,context_scale,0.95,0.8934479078002484,0.05655209219975155
train_crm_customer_list_1,crm_customer_list,1,cumulative,context_scale,0.95,0.8934479078002484,0.05655209219975155
train_crm_customer_list_1,crm_customer_list,3,same_day,context_scale,0.95,0.92369194714275,0.02630805285724991
train_crm_customer_list_1,crm_customer_list,3,cumulative,context_scale,0.95,0.95,0.0
train_crm_customer_list_1,crm_customer_list,6,same_day,context_scale,0.95,0.8766066592786832,0.07339334072131676
train_crm_customer_list_1,crm_customer_list,6,cumulative,context_scale,0.95,0.95,0.0
train_crm_customer_list_1,crm_customer_list,9,same_day,context_scale,0.95,0.8910905543244949,0.058909445675505046
train_crm_customer_list_1,crm_customer_list,9,cumulative,context_scale,0.95,0.95,0.0
train_crm_customer_list_1,crm_customer_list,13,same_day,context_scale,0.890625,0.8560503286131568,0.034574671386843225
train_crm_customer_list_1,crm_customer_list,13,cumulative,context_scale,0.95,0.95,0.0
train_catalog_retargeting_0,catalog_retargeting,1,same_day,context_scale,0.35624999999999996,0.5292692322725312,0.17301923227253124
train_catalog_retargeting_0,catalog_retargeting,1,cumulative,context_scale,0.35624999999999996,0.5292692322725312,0.17301923227253124
train_catalog_retargeting_0,catalog_retargeting,3,same_day,context_scale,0.653125,0.593114969653908,0.06001003034609198
train_catalog_retargeting_0,catalog_retargeting,3,cumulative,context_scale,0.7124999999999999,0.6226163490434204,0.08988365095657946
train_catalog_retargeting_0,catalog_retargeting,6,same_day,context_scale,0.653125,0.6170668555717358,0.03605814442826416
train_catalog_retargeting_0,catalog_retargeting,6,cumulative,context_scale,0.7124999999999999,0.6850470999170105,0.027452900082989395
train_catalog_retargeting_0,catalog_retargeting,9,same_day,context_scale,0.653125,0.602789944487649,0.05033505551235096
train_catalog_retargeting_0,catalog_retargeting,9,cumulative,context_scale,0.8312499999999999,0.7117966991652422,0.11945330083475769
train_catalog_retargeting_0,catalog_retargeting,13,same_day,context_scale,0.5343749999999999,0.5892009727747227,0.054825972774722787
train_catalog_retargeting_0,catalog_retargeting,13,cumulative,context_scale,0.8312499999999999,0.7436073351160608,0.08764266488393913
train_catalog_retargeting_1,catalog_retargeting,1,same_day,context_scale,0.296875,0.5541556338873329,0.2572806338873329
train_catalog_retargeting_1,catalog_retargeting,1,cumulative,context_scale,0.296875,0.5541556338873329,0.2572806338873329
train_catalog_retargeting_1,catalog_retargeting,3,same_day,context_scale,0.653125,0.6053849509394442,0.047740049060555734
train_catalog_retargeting_1,catalog_retargeting,3,cumulative,context_scale,0.653125,0.6495948341838332,0.0035301658161667193
train_catalog_retargeting_1,catalog_retargeting,6,same_day,context_scale,0.59375,0.6183576787399885,0.02460767873998848
train_catalog_retargeting_1,catalog_retargeting,6,cumulative,context_scale,0.7124999999999999,0.7126306224982508,0.00013062249825090966
train_catalog_retargeting_1,catalog_retargeting,9,same_day,context_scale,0.7124999999999999,0.5892160227235244,0.12328397727647555
train_catalog_retargeting_1,catalog_retargeting,9,cumulative,context_scale,0.771875,0.7312786703794558,0.04059632962054416
train_catalog_retargeting_1,catalog_retargeting,13,same_day,context_scale,0.771875,0.595942213928981,0.17593278607101903
train_catalog_retargeting_1,catalog_retargeting,13,cumulative,context_scale,0.8312499999999999,0.7436073351160608,0.08764266488393913
train_lookalike_prospecting_0,lookalike_prospecting,1,same_day,context_scale,0.2375,0.2048001311725703,0.0326998688274297
train_lookalike_prospecting_0,lookalike_prospecting,1,cumulative,context_scale,0.2375,0.2048001311725703,0.0326998688274297
train_lookalike_prospecting_0,lookalike_prospecting,3,same_day,context_scale,0.17812499999999998,0.20680647667630742,0.028681476676307438
train_lookalike_prospecting_0,lookalike_prospecting,3,cumulative,context_scale,0.2375,0.18421309461225643,0.053286905387743555
train_lookalike_prospecting_0,lookalike_prospecting,6,same_day,context_scale,0.11875,0.23693455615111092,0.11818455615111093
train_lookalike_prospecting_0,lookalike_prospecting,6,cumulative,context_scale,0.296875,0.22258398955131128,0.07429101044868872
train_lookalike_prospecting_0,lookalike_prospecting,9,same_day,context_scale,0.17812499999999998,0.26080813331391417,0.08268313331391419
train_lookalike_prospecting_0,lookalike_prospecting,9,cumulative,context_scale,0.35624999999999996,0.28214103012131386,0.07410896987868609
train_lookalike_prospecting_0,lookalike_prospecting,13,same_day,context_scale,0.296875,0.25880690907636195,0.038068090923638054
train_lookalike_prospecting_0,lookalike_prospecting,13,cumulative,context_scale,0.41562499999999997,0.3408149505308826,0.07481004946911735
train_lookalike_prospecting_1,lookalike_prospecting,1,same_day,context_scale,0.11875,0.19232172953662466,0.07357172953662466
train_lookalike_prospecting_1,lookalike_prospecting,1,cumulative,context_scale,0.11875,0.19232172953662466,0.07357172953662466
train_lookalike_prospecting_1,lookalike_prospecting,3,same_day,context_scale,0.2375,0.20268657339260102,0.03481342660739897
train_lookalike_prospecting_1,lookalike_prospecting,3,cumulative,context_scale,0.2375,0.22814967446427453,0.009350325535725457
train_lookalike_prospecting_1,lookalike_prospecting,6,same_day,context_scale,0.17812499999999998,0.24396701776508872,0.06584201776508875
train_lookalike_prospecting_1,lookalike_prospecting,6,cumulative,context_scale,0.2375,0.24731771867539973,0.00981771867539974
train_lookalike_prospecting_1,lookalike_prospecting,9,same_day,context_scale,0.2375,0.27068453721027635,0.033184537210276366
train_lookalike_prospecting_1,lookalike_prospecting,9,cumulative,context_scale,0.35624999999999996,0.33682046236112806,0.019429537638871897
train_lookalike_prospecting_1,lookalike_prospecting,13,same_day,context_scale,0.17812499999999998,0.23140804733093212,0.05328304733093214
train_lookalike_prospecting_1,lookalike_prospecting,13,cumulative,context_scale,0.41562499999999997,0.3408149505308826,0.07481004946911735
train_advantage_audience_expansion_0,advantage_audience_expansion,1,same_day,context_scale,0.059375,0.16112430002785788,0.10174930002785788
train_advantage_audience_expansion_0,advantage_audience_expansion,1,cumulative,context_scale,0.059375,0.16112430002785788,0.10174930002785788
train_advantage_audience_expansion_0,advantage_audience_expansion,3,same_day,context_scale,0.2375,0.19168931083398777,0.04581068916601222
train_advantage_audience_expansion_0,advantage_audience_expansion,3,cumulative,context_scale,0.2375,0.22091529525891462,0.016584704741085365
train_advantage_audience_expansion_0,advantage_audience_expansion,6,same_day,context_scale,0.17812499999999998,0.2102174066122291,0.03209240661222912
train_advantage_audience_expansion_0,advantage_audience_expansion,6,cumulative,context_scale,0.2375,0.22919578047015124,0.00830421952984875
train_advantage_audience_expansion_0,advantage_audience_expansion,9,same_day,context_scale,0.17812499999999998,0.19723395535870414,0.01910895535870416
train_advantage_audience_expansion_0,advantage_audience_expansion,9,cumulative,context_scale,0.296875,0.23325640726238747,0.06361859273761253
train_advantage_audience_expansion_0,advantage_audience_expansion,13,same_day,context_scale,0.2375,0.20788501868660725,0.02961498131339274
train_advantage_audience_expansion_0,advantage_audience_expansion,13,cumulative,context_scale,0.35624999999999996,0.2751034127813079,0.08114658721869206
train_advantage_audience_expansion_1,advantage_audience_expansion,1,same_day,context_scale,0.059375,0.13035086429954712,0.07097586429954712
train_advantage_audience_expansion_1,advantage_audience_expansion,1,cumulative,context_scale,0.059375,0.13035086429954712,0.07097586429954712
train_advantage_audience_expansion_1,advantage_audience_expansion,3,same_day,context_scale,0.17812499999999998,0.1542560613107133,0.02386893868928669
train_advantage_audience_expansion_1,advantage_audience_expansion,3,cumulative,context_scale,0.11875,0.1790137305187306,0.0602637305187306
train_advantage_audience_expansion_1,advantage_audience_expansion,6,same_day,context_scale,0.17812499999999998,0.16869639807201137,0.009428601927988611
train_advantage_audience_expansion_1,advantage_audience_expansion,6,cumulative,context_scale,0.17812499999999998,0.15808116771214287,0.02004383228785711
train_advantage_audience_expansion_1,advantage_audience_expansion,9,same_day,context_scale,0.2375,0.19663016697578573,0.040869833024214264
train_advantage_audience_expansion_1,advantage_audience_expansion,9,cumulative,context_scale,0.2375,0.24624211699306245,0.00874211699306246
train_advantage_audience_expansion_1,advantage_audience_expansion,13,same_day,context_scale,0.2375,0.21667243807740888,0.02082756192259111
train_advantage_audience_expansion_1,advantage_audience_expansion,13,cumulative,context_scale,0.35624999999999996,0.2751034127813079,0.08114658721869206
train_app_activity_retargeting_0,app_activity_retargeting,1,same_day,context_scale,0.7124999999999999,0.6084204815822336,0.1040795184177663
train_app_activity_retargeting_0,app_activity_retargeting,1,cumulative,context_scale,0.7124999999999999,0.6084204815822336,0.1040795184177663
train_app_activity_retargeting_0,app_activity_retargeting,3,same_day,context_scale,0.475,0.6456511558965339,0.1706511558965339
train_app_activity_retargeting_0,app_activity_retargeting,3,cumulative,context_scale,0.653125,0.7061477951051933,0.053022795105193365
train_app_activity_retargeting_0,app_activity_retargeting,6,same_day,context_scale,0.771875,0.7138754662846708,0.05799953371532918
train_app_activity_retargeting_0,app_activity_retargeting,6,cumulative,context_scale,0.771875,0.780115992241009,0.008240992241009049
train_app_activity_retargeting_0,app_activity_retargeting,9,same_day,context_scale,0.7124999999999999,0.7534994538448359,0.04099945384483594
train_app_activity_retargeting_0,app_activity_retargeting,9,cumulative,context_scale,0.8312499999999999,0.8429419138540926,0.011691913854092628
train_app_activity_retargeting_0,app_activity_retargeting,13,same_day,context_scale,0.7124999999999999,0.7090935590007358,0.0034064409992641265
train_app_activity_retargeting_0,app_activity_retargeting,13,cumulative,context_scale,0.890625,0.8569380687531913,0.03368693124680866
train_app_activity_retargeting_1,app_activity_retargeting,1,same_day,context_scale,0.59375,0.6421355665832011,0.048385566583201145
train_app_activity_retargeting_1,app_activity_retargeting,1,cumulative,context_scale,0.59375,0.6421355665832011,0.048385566583201145
train_app_activity_retargeting_1,app_activity_retargeting,3,same_day,context_scale,0.653125,0.6771487285490878,0.024023728549087853
train_app_activity_retargeting_1,app_activity_retargeting,3,cumulative,context_scale,0.7124999999999999,0.7070885018066985,0.005411498193301445
train_app_activity_retargeting_1,app_activity_retargeting,6,same_day,context_scale,0.771875,0.7044055882749848,0.0674694117250152
train_app_activity_retargeting_1,app_activity_retargeting,6,cumulative,context_scale,0.8312499999999999,0.7687570203535007,0.06249297964649925
train_app_activity_retargeting_1,app_activity_retargeting,9,same_day,context_scale,0.7124999999999999,0.7256953896727238,0.013195389672723934
train_app_activity_retargeting_1,app_activity_retargeting,9,cumulative,context_scale,0.8312499999999999,0.811312169617805,0.019937830382194988
train_app_activity_retargeting_1,app_activity_retargeting,13,same_day,context_scale,0.653125,0.7150840176969577,0.061959017696957774
train_app_activity_retargeting_1,app_activity_retargeting,13,cumulative,context_scale,0.890625,0.8569380687531913,0.03368693124680866
train_unrelated_niche_control_0,unrelated_niche_control,1,same_day,context_scale,0.475,0.1983334872297387,0.2766665127702613
train_unrelated_niche_control_0,unrelated_niche_control,1,cumulative,context_scale,0.475,0.1983334872297387,0.2766665127702613
train_unrelated_niche_control_0,unrelated_niche_control,3,same_day,context_scale,0.0,0.24236982796144987,0.24236982796144987
train_unrelated_niche_control_0,unrelated_niche_control,3,cumulative,context_scale,0.2375,0.29176980211853243,0.05426980211853244
train_unrelated_niche_control_0,unrelated_niche_control,6,same_day,context_scale,0.2375,0.26440136929291314,0.026901369292913146
train_unrelated_niche_control_0,unrelated_niche_control,6,cumulative,context_scale,0.35624999999999996,0.34829043472735793,0.007959565272642022
train_unrelated_niche_control_0,unrelated_niche_control,9,same_day,context_scale,0.35624999999999996,0.2873856764643936,0.06886432353560634
train_unrelated_niche_control_0,unrelated_niche_control,9,cumulative,context_scale,0.41562499999999997,0.37920535480200523,0.03641964519799473
train_unrelated_niche_control_0,unrelated_niche_control,13,same_day,context_scale,0.059375,0.2716258440678464,0.2122508440678464
train_unrelated_niche_control_0,unrelated_niche_control,13,cumulative,context_scale,0.59375,0.424320236794547,0.169429763205453
train_unrelated_niche_control_1,unrelated_niche_control,1,same_day,context_scale,0.11875,0.1710314044904503,0.052281404490450295
train_unrelated_niche_control_1,unrelated_niche_control,1,cumulative,context_scale,0.11875,0.1710314044904503,0.052281404490450295
train_unrelated_niche_control_1,unrelated_niche_control,3,same_day,context_scale,0.059375,0.21191565697453557,0.15254065697453556
train_unrelated_niche_control_1,unrelated_niche_control,3,cumulative,context_scale,0.0,0.25937828063405943,0.25937828063405943
train_unrelated_niche_control_1,unrelated_niche_control,6,same_day,context_scale,0.2375,0.2604627638335683,0.022962763833568323
train_unrelated_niche_control_1,unrelated_niche_control,6,cumulative,context_scale,0.2375,0.3296064084952697,0.09210640849526969
train_unrelated_niche_control_1,unrelated_niche_control,9,same_day,context_scale,0.475,0.2895088323409351,0.18549116765906487
train_unrelated_niche_control_1,unrelated_niche_control,9,cumulative,context_scale,0.35624999999999996,0.37384189282663927,0.01759189282663931
train_unrelated_niche_control_1,unrelated_niche_control,13,same_day,context_scale,0.296875,0.29978085520154,0.0029058552015400196
train_unrelated_niche_control_1,unrelated_niche_control,13,cumulative,context_scale,0.59375,0.424320236794547,0.169429763205453
train_mixed_funnel_portfolio_0,mixed_funnel_portfolio,1,same_day,context_scale,0.059375,0.17765842449882052,0.11828342449882052
train_mixed_funnel_portfolio_0,mixed_funnel_portfolio,1,cumulative,context_scale,0.059375,0.17765842449882052,0.11828342449882052
train_mixed_funnel_portfolio_0,mixed_funnel_portfolio,3,same_day,context_scale,0.0,0.22863322978474954,0.22863322978474954
train_mixed_funnel_portfolio_0,mixed_funnel_portfolio,3,cumulative,context_scale,0.0,0.2037860091559462,0.2037860091559462
train_mixed_funnel_portfolio_0,mixed_funnel_portfolio,6,same_day,context_scale,0.0,0.24455387429186884,0.24455387429186884
train_mixed_funnel_portfolio_0,mixed_funnel_portfolio,6,cumulative,context_scale,0.0,0.22768550246798613,0.22768550246798613
train_mixed_funnel_portfolio_0,mixed_funnel_portfolio,9,same_day,context_scale,0.059375,0.2751766133282974,0.2158016133282974
train_mixed_funnel_portfolio_0,mixed_funnel_portfolio,9,cumulative,context_scale,0.0,0.25228147650790134,0.25228147650790134
train_mixed_funnel_portfolio_0,mixed_funnel_portfolio,13,same_day,context_scale,0.0,0.23617309074092713,0.23617309074092713
train_mixed_funnel_portfolio_0,mixed_funnel_portfolio,13,cumulative,context_scale,0.0,0.17915906805463305,0.17915906805463305
train_mixed_funnel_portfolio_1,mixed_funnel_portfolio,1,same_day,context_scale,0.17812499999999998,0.20474395028791004,0.02661895028791006
train_mixed_funnel_portfolio_1,mixed_funnel_portfolio,1,cumulative,context_scale,0.17812499999999998,0.20474395028791004,0.02661895028791006
train_mixed_funnel_portfolio_1,mixed_funnel_portfolio,3,same_day,context_scale,0.0,0.21415476805513375,0.21415476805513375
train_mixed_funnel_portfolio_1,mixed_funnel_portfolio,3,cumulative,context_scale,0.059375,0.26903774484466725,0.20966274484466724
train_mixed_funnel_portfolio_1,mixed_funnel_portfolio,6,same_day,context_scale,0.0,0.23020624448207874,0.23020624448207874
train_mixed_funnel_portfolio_1,mixed_funnel_portfolio,6,cumulative,context_scale,0.0,0.2941355060393106,0.2941355060393106
train_mixed_funnel_portfolio_1,mixed_funnel_portfolio,9,same_day,context_scale,0.0,0.2481781080900543,0.2481781080900543
train_mixed_funnel_portfolio_1,mixed_funnel_portfolio,9,cumulative,context_scale,0.0,0.2625305579312923,0.2625305579312923
train_mixed_funnel_portfolio_1,mixed_funnel_portfolio,13,same_day,context_scale,0.0,0.22137532793130915,0.22137532793130915
train_mixed_funnel_portfolio_1,mixed_funnel_portfolio,13,cumulative,context_scale,0.0,0.17915906805463305,0.17915906805463305
train_broad_awareness_control_0,broad_awareness_control,3,cumulative,collision_resolved_full,0.398,0.3685368871083535,0.029463112891646548
train_broad_awareness_control_0,broad_awareness_control,13,cumulative,collision_resolved_full,0.995,0.95,0.04500000000000004
train_traffic_optimization_0,traffic_optimization,3,cumulative,collision_resolved_full,0.199,0.24866698408457827,0.04966698408457826
train_traffic_optimization_0,traffic_optimization,13,cumulative,collision_resolved_full,0.597,0.5318249155507078,0.06517508444929221
train_video_engagement_retargeting_0,video_engagement_retargeting,3,cumulative,collision_resolved_full,0.49750000000000005,0.5613793350154497,0.06387933501544962
train_video_engagement_retargeting_0,video_engagement_retargeting,13,cumulative,collision_resolved_full,0.8955000000000001,0.8280872394653964,0.06741276053460366
train_lead_generation_0,lead_generation,3,cumulative,collision_resolved_full,0.6965,0.7019569568126983,0.00545695681269831
train_lead_generation_0,lead_generation,13,cumulative,collision_resolved_full,0.796,0.7630324445273896,0.03296755547261043
train_sales_prospecting_0,sales_prospecting,3,cumulative,collision_resolved_full,0.597,0.5805627249379048,0.016437275062095136
train_sales_prospecting_0,sales_prospecting,13,cumulative,collision_resolved_full,0.796,0.8090197522359567,0.013019752235956639
train_website_retargeting_0,website_retargeting,3,cumulative,collision_resolved_full,0.995,0.9143952317895818,0.08060476821041818
train_website_retargeting_0,website_retargeting,13,cumulative,collision_resolved_full,0.995,0.95,0.04500000000000004
train_crm_customer_list_0,crm_customer_list,3,cumulative,collision_resolved_full,0.995,0.95,0.04500000000000004
train_crm_customer_list_0,crm_customer_list,13,cumulative,collision_resolved_full,0.995,0.95,0.04500000000000004
train_catalog_retargeting_0,catalog_retargeting,3,cumulative,collision_resolved_full,0.6965,0.6930228305731942,0.0034771694268057596
train_catalog_retargeting_0,catalog_retargeting,13,cumulative,collision_resolved_full,0.796,0.797538500467002,0.0015385004670019908
train_lookalike_prospecting_0,lookalike_prospecting,3,cumulative,collision_resolved_full,0.49750000000000005,0.5442062799937551,0.046706279993755095
train_lookalike_prospecting_0,lookalike_prospecting,13,cumulative,collision_resolved_full,0.796,0.7587675413376953,0.037232458662304735
train_advantage_audience_expansion_0,advantage_audience_expansion,3,cumulative,collision_resolved_full,0.398,0.4470105450519035,0.0490105450519035
train_advantage_audience_expansion_0,advantage_audience_expansion,13,cumulative,collision_resolved_full,0.8955000000000001,0.8567528707643273,0.038747129235672806
train_app_activity_retargeting_0,app_activity_retargeting,3,cumulative,collision_resolved_full,0.796,0.7553769377576769,0.04062306224232315
train_app_activity_retargeting_0,app_activity_retargeting,13,cumulative,collision_resolved_full,0.995,0.95,0.04500000000000004
train_unrelated_niche_control_0,unrelated_niche_control,3,cumulative,collision_resolved_full,0.398,0.34590506656789555,0.05209493343210447
train_unrelated_niche_control_0,unrelated_niche_control,13,cumulative,collision_resolved_full,0.597,0.6414875160805927,0.04448751608059276
train_mixed_funnel_portfolio_0,mixed_funnel_portfolio,3,cumulative,collision_resolved_full,0.199,0.31820877252836716,0.11920877252836715
train_mixed_funnel_portfolio_0,mixed_funnel_portfolio,13,cumulative,collision_resolved_full,0.995,0.95,0.04500000000000004
train_broad_awareness_control_0,broad_awareness_control,1,same_day,fixed_marginal_union,0.011920027224585026,0.0,0.011920027224585026
train_broad_awareness_control_0,broad_awareness_control,1,cumulative,fixed_marginal_union,0.011920027224585026,0.0,0.011920027224585026
train_broad_awareness_control_0,broad_awareness_control,3,same_day,fixed_marginal_union,0.006077499571228452,0.0019868039737200305,0.004090695597508421
train_broad_awareness_control_0,broad_awareness_control,3,cumulative,fixed_marginal_union,0.04519227610604259,0.015622932073763848,0.02956934403227874
train_broad_awareness_control_0,broad_awareness_control,6,same_day,fixed_marginal_union,0.006739491353565551,0.04966992581853716,0.042930434464971606
train_broad_awareness_control_0,broad_awareness_control,6,cumulative,fixed_marginal_union,0.019139844757626357,0.014184979923681673,0.004954864833944684
train_broad_awareness_control_0,broad_awareness_control,9,same_day,fixed_marginal_union,0.017343500230704727,0.028630265668621535,0.011286765437916808
train_broad_awareness_control_0,broad_awareness_control,9,cumulative,fixed_marginal_union,0.006266325883832368,0.017824170293645192,0.011557844409812824
train_broad_awareness_control_0,broad_awareness_control,13,same_day,fixed_marginal_union,0.006690456088290229,0.016765609237191698,0.010075153148901467
train_broad_awareness_control_0,broad_awareness_control,13,cumulative,fixed_marginal_union,0.000853243365161838,0.028626854802676127,0.02777361143751429
train_broad_awareness_control_1,broad_awareness_control,1,same_day,fixed_marginal_union,0.016769936906274367,0.0,0.016769936906274367
train_broad_awareness_control_1,broad_awareness_control,1,cumulative,fixed_marginal_union,0.016769936906274367,0.0,0.016769936906274367
train_broad_awareness_control_1,broad_awareness_control,3,same_day,fixed_marginal_union,0.02556880359904531,0.0003403620758788417,0.02522844152316647
train_broad_awareness_control_1,broad_awareness_control,3,cumulative,fixed_marginal_union,0.03492860411062174,0.03760840439394779,0.002679800283326046
train_broad_awareness_control_1,broad_awareness_control,6,same_day,fixed_marginal_union,0.003260487191094252,0.033175700036260955,0.029915212845166704
train_broad_awareness_control_1,broad_awareness_control,6,cumulative,fixed_marginal_union,0.03688312494840017,0.02231572811488644,0.014567396833513727
train_broad_awareness_control_1,broad_awareness_control,9,same_day,fixed_marginal_union,0.0,0.05782385101167372,0.05782385101167372
train_broad_awareness_control_1,broad_awareness_control,9,cumulative,fixed_marginal_union,0.010629845534120323,0.011323052262120492,0.0006932067280001689
train_broad_awareness_control_1,broad_awareness_control,13,same_day,fixed_marginal_union,0.0,0.022420131144793395,0.022420131144793395
train_broad_awareness_control_1,broad_awareness_control,13,cumulative,fixed_marginal_union,0.0004482834044921056,0.005953178134292525,0.0055048947298004195
train_traffic_optimization_0,traffic_optimization,1,same_day,fixed_marginal_union,0.04084924359654454,0.0,0.04084924359654454
train_traffic_optimization_0,traffic_optimization,1,cumulative,fixed_marginal_union,0.04084924359654454,0.0,0.04084924359654454
train_traffic_optimization_0,traffic_optimization,3,same_day,fixed_marginal_union,0.028580292576338973,0.0011877172288116133,0.02739257534752736
train_traffic_optimization_0,traffic_optimization,3,cumulative,fixed_marginal_union,0.08387914313316176,0.07877874076475608,0.005100402368405685
train_traffic_optimization_0,traffic_optimization,6,same_day,fixed_marginal_union,0.03884963326761695,0.0,0.03884963326761695
train_traffic_optimization_0,traffic_optimization,6,cumulative,fixed_marginal_union,0.11776941977835173,0.13953139299859785,0.021761973220246117
train_traffic_optimization_0,traffic_optimization,9,same_day,fixed_marginal_union,0.02647391061020194,0.026143288858360814,0.00033062175184112724
train_traffic_optimization_0,traffic_optimization,9,cumulative,fixed_marginal_union,0.14067335760980154,0.16763693106033586,0.026963573450534323
train_traffic_optimization_0,traffic_optimization,13,same_day,fixed_marginal_union,0.03446588028648547,0.0124929352280998,0.021972945058385672
train_traffic_optimization_0,traffic_optimization,13,cumulative,fixed_marginal_union,0.14617977730893092,0.17815493854836212,0.0319751612394312
train_traffic_optimization_1,traffic_optimization,1,same_day,fixed_marginal_union,0.03837910133958533,0.003350712062845318,0.03502838927674001
train_traffic_optimization_1,traffic_optimization,1,cumulative,fixed_marginal_union,0.03837910133958533,0.003350712062845318,0.03502838927674001
train_traffic_optimization_1,traffic_optimization,3,same_day,fixed_marginal_union,0.03427633577043948,0.012634931296953644,0.021641404473485837
train_traffic_optimization_1,traffic_optimization,3,cumulative,fixed_marginal_union,0.08544495466806082,0.10604184172818709,0.020596887060126273
train_traffic_optimization_1,traffic_optimization,6,same_day,fixed_marginal_union,0.04700479696429865,0.03381041923625194,0.013194377728046706
train_traffic_optimization_1,traffic_optimization,6,cumulative,fixed_marginal_union,0.12329808749893006,0.16994639664234493,0.04664830914341486
train_traffic_optimization_1,traffic_optimization,9,same_day,fixed_marginal_union,0.016157403332616477,0.02724975008066427,0.011092346748047793
train_traffic_optimization_1,traffic_optimization,9,cumulative,fixed_marginal_union,0.14162323405302732,0.1829907902322383,0.04136755617921098
train_traffic_optimization_1,traffic_optimization,13,same_day,fixed_marginal_union,0.034299883131644456,0.0,0.034299883131644456
train_traffic_optimization_1,traffic_optimization,13,cumulative,fixed_marginal_union,0.15018250633594563,0.1793033610480601,0.02912085471211448
train_video_engagement_retargeting_0,video_engagement_retargeting,1,same_day,fixed_marginal_union,0.030574687739987852,0.05983000835493596,0.029255320614948108
train_video_engagement_retargeting_0,video_engagement_retargeting,1,cumulative,fixed_marginal_union,0.030574687739987852,0.05983000835493596,0.029255320614948108
train_video_engagement_retargeting_0,video_engagement_retargeting,3,same_day,fixed_marginal_union,0.12981698053697144,0.1367874793442914,0.0069704988073199525
train_video_engagement_retargeting_0,video_engagement_retargeting,3,cumulative,fixed_marginal_union,0.20865285575927964,0.2336368428792551,0.02498398711997546
train_video_engagement_retargeting_0,video_engagement_retargeting,6,same_day,fixed_marginal_union,0.17959972307414884,0.21271582240761833,0.033116099333469484
train_video_engagement_retargeting_0,video_engagement_retargeting,6,cumulative,fixed_marginal_union,0.4757771426171198,0.387608526509769,0.08816861610735077
train_video_engagement_retargeting_0,video_engagement_retargeting,9,same_day,fixed_marginal_union,0.17700510841973455,0.19248331590840514,0.015478207488670598
train_video_engagement_retargeting_0,video_engagement_retargeting,9,cumulative,fixed_marginal_union,0.5854208661900564,0.47681367669808344,0.10860718949197296
train_video_engagement_retargeting_0,video_engagement_retargeting,13,same_day,fixed_marginal_union,0.1515621914620082,0.21390590404239496,0.06234371258038676
train_video_engagement_retargeting_0,video_engagement_retargeting,13,cumulative,fixed_marginal_union,0.6110007538753325,0.5054411403257487,0.10555961354958376
train_video_engagement_retargeting_1,video_engagement_retargeting,1,same_day,fixed_marginal_union,0.10032021837291512,0.10220668647464237,0.0018864681017272539
train_video_engagement_retargeting_1,video_engagement_retargeting,1,cumulative,fixed_marginal_union,0.10032021837291512,0.10220668647464237,0.0018864681017272539
train_video_engagement_retargeting_1,video_engagement_retargeting,3,same_day,fixed_marginal_union,0.12110512919336631,0.18674255038636636,0.06563742119300005
train_video_engagement_retargeting_1,video_engagement_retargeting,3,cumulative,fixed_marginal_union,0.2640460138285018,0.3047369779883547,0.040690964159852905
train_video_engagement_retargeting_1,video_engagement_retargeting,6,same_day,fixed_marginal_union,0.10563009478866647,0.17608038907361506,0.07045029428494859
train_video_engagement_retargeting_1,video_engagement_retargeting,6,cumulative,fixed_marginal_union,0.40846185336839946,0.39124033884462434,0.017221514523775128
train_video_engagement_retargeting_1,video_engagement_retargeting,9,same_day,fixed_marginal_union,0.18668275643950236,0.2449169560833323,0.05823419964382995
train_video_engagement_retargeting_1,video_engagement_retargeting,9,cumulative,fixed_marginal_union,0.5293018735922891,0.4818390665334757,0.047462807058813394
train_video_engagement_retargeting_1,video_engagement_retargeting,13,same_day,fixed_marginal_union,0.14354668889551894,0.15254043592603156,0.008993747030512617
train_video_engagement_retargeting_1,video_engagement_retargeting,13,cumulative,fixed_marginal_union,0.5975988363851716,0.5124533871200614,0.08514544926511025
train_lead_generation_0,lead_generation,1,same_day,fixed_marginal_union,0.22248268994167042,0.21563292384169724,0.006849766099973176
train_lead_generation_0,lead_generation,1,cumulative,fixed_marginal_union,0.22248268994167042,0.21563292384169724,0.006849766099973176
train_lead_generation_0,lead_generation,3,same_day,fixed_marginal_union,0.1470094816129188,0.16507140540243204,0.01806192378951324
train_lead_generation_0,lead_generation,3,cumulative,fixed_marginal_union,0.43174519366856856,0.47072660601381466,0.0389814123452461
train_lead_generation_0,lead_generation,6,same_day,fixed_marginal_union,0.13687829283963573,0.08531559628396654,0.051562696555669196
train_lead_generation_0,lead_generation,6,cumulative,fixed_marginal_union,0.495634902226985,0.4816948256347934,0.013940076592191597
train_lead_generation_0,lead_generation,9,same_day,fixed_marginal_union,0.11175580558810848,0.11312621232045023,0.0013704067323417474
train_lead_generation_0,lead_generation,9,cumulative,fixed_marginal_union,0.5184231277922894,0.5028839010095416,0.015539226782747773
train_lead_generation_0,lead_generation,13,same_day,fixed_marginal_union,0.10160009768586152,0.07776719251031278,0.023832905175548744
train_lead_generation_0,lead_generation,13,cumulative,fixed_marginal_union,0.5612661595644046,0.5479324872563786,0.013333672308026068
train_lead_generation_1,lead_generation,1,same_day,fixed_marginal_union,0.09719817175388376,0.08553460157562134,0.011663570178262417
train_lead_generation_1,lead_generation,1,cumulative,fixed_marginal_union,0.09719817175388376,0.08553460157562134,0.011663570178262417
train_lead_generation_1,lead_generation,3,same_day,fixed_marginal_union,0.10960246856414949,0.0943719043756149,0.015230564188534579
train_lead_generation_1,lead_generation,3,cumulative,fixed_marginal_union,0.24582580185271982,0.286249184744676,0.040423382891956156
train_lead_generation_1,lead_generation,6,same_day,fixed_marginal_union,0.08982607787314283,0.09249223157164382,0.0026661536985009976
train_lead_generation_1,lead_generation,6,cumulative,fixed_marginal_union,0.3814741869302614,0.37608072427172945,0.005393462658531967
train_lead_generation_1,lead_generation,9,same_day,fixed_marginal_union,0.11305137788212588,0.0888517474319844,0.02419963045014148
train_lead_generation_1,lead_generation,9,cumulative,fixed_marginal_union,0.4317731117770753,0.4096199366140513,0.022153175163023953
train_lead_generation_1,lead_generation,13,same_day,fixed_marginal_union,0.16068588621116306,0.19863009601411585,0.037944209802952794
train_lead_generation_1,lead_generation,13,cumulative,fixed_marginal_union,0.5626728086199853,0.5373124783751984,0.0253603302447869
train_sales_prospecting_0,sales_prospecting,1,same_day,fixed_marginal_union,0.18723306295317482,0.1780225034409957,0.009210559512179112
train_sales_prospecting_0,sales_prospecting,1,cumulative,fixed_marginal_union,0.18723306295317482,0.1780225034409957,0.009210559512179112
train_sales_prospecting_0,sales_prospecting,3,same_day,fixed_marginal_union,0.18250612961700252,0.22820062693748439,0.045694497320481864
train_sales_prospecting_0,sales_prospecting,3,cumulative,fixed_marginal_union,0.37141316395911383,0.37265845983966095,0.0012452958805471148
train_sales_prospecting_0,sales_prospecting,6,same_day,fixed_marginal_union,0.13163283593551114,0.15073427984390364,0.019101443908392496
train_sales_prospecting_0,sales_prospecting,6,cumulative,fixed_marginal_union,0.48398249047091096,0.4692914280564159,0.014691062414495082
train_sales_prospecting_0,sales_prospecting,9,same_day,fixed_marginal_union,0.11046476152613635,0.1512315596332892,0.040766798107152835
train_sales_prospecting_0,sales_prospecting,9,cumulative,fixed_marginal_union,0.5209989906721672,0.483554818017254,0.03744417265491318
train_sales_prospecting_0,sales_prospecting,13,same_day,fixed_marginal_union,0.06349200579284973,0.09523005456723752,0.03173804877438778
train_sales_prospecting_0,sales_prospecting,13,cumulative,fixed_marginal_union,0.5517865633500488,0.5040085247450203,0.047778038605028494
train_sales_prospecting_1,sales_prospecting,1,same_day,fixed_marginal_union,0.04611005411486511,0.05105075733701028,0.004940703222145175
train_sales_prospecting_1,sales_prospecting,1,cumulative,fixed_marginal_union,0.04611005411486511,0.05105075733701028,0.004940703222145175
train_sales_prospecting_1,sales_prospecting,3,same_day,fixed_marginal_union,0.12350565410577019,0.13299740868671012,0.009491754580939926
train_sales_prospecting_1,sales_prospecting,3,cumulative,fixed_marginal_union,0.2177256096751378,0.22528120979870675,0.007555600123568956
train_sales_prospecting_1,sales_prospecting,6,same_day,fixed_marginal_union,0.1429936001299245,0.1591154612116758,0.016121861081751315
train_sales_prospecting_1,sales_prospecting,6,cumulative,fixed_marginal_union,0.45309212086050643,0.4343713487515287,0.018720772108977712
train_sales_prospecting_1,sales_prospecting,9,same_day,fixed_marginal_union,0.09632493105705836,0.12122329598539208,0.02489836492833372
train_sales_prospecting_1,sales_prospecting,9,cumulative,fixed_marginal_union,0.49804713175985904,0.4494183520193731,0.04862877974048596
train_sales_prospecting_1,sales_prospecting,13,same_day,fixed_marginal_union,0.15879046792404444,0.200508134717492,0.041717666793447544
train_sales_prospecting_1,sales_prospecting,13,cumulative,fixed_marginal_union,0.5467120326865249,0.4857717311925505,0.06094030149397439
train_website_retargeting_0,website_retargeting,1,same_day,fixed_marginal_union,0.13997707282982252,0.15726577190893232,0.017288699079109793
train_website_retargeting_0,website_retargeting,1,cumulative,fixed_marginal_union,0.13997707282982252,0.15726577190893232,0.017288699079109793
train_website_retargeting_0,website_retargeting,3,same_day,fixed_marginal_union,0.37026639040591364,0.3668216846441055,0.0034447057618081645
train_website_retargeting_0,website_retargeting,3,cumulative,fixed_marginal_union,0.5674080336016339,0.5446291544654239,0.022778879136210017
train_website_retargeting_0,website_retargeting,6,same_day,fixed_marginal_union,0.2629344860052193,0.2755328155606248,0.012598329555405519
train_website_retargeting_0,website_retargeting,6,cumulative,fixed_marginal_union,0.7673974633915317,0.7381648866561638,0.029232576735367943
train_website_retargeting_0,website_retargeting,9,same_day,fixed_marginal_union,0.303492152090895,0.30009728819613657,0.0033948638947584042
train_website_retargeting_0,website_retargeting,9,cumulative,fixed_marginal_union,0.8422219108538522,0.8357342708041372,0.006487640049715027
train_website_retargeting_0,website_retargeting,13,same_day,fixed_marginal_union,0.21978471291480806,0.2524085620155648,0.03262384910075672
train_website_retargeting_0,website_retargeting,13,cumulative,fixed_marginal_union,0.8694730070435793,0.8680883144267861,0.0013846926167931928
train_website_retargeting_1,website_retargeting,1,same_day,fixed_marginal_union,0.22695446770423067,0.15594400328289681,0.07101046442133385
train_website_retargeting_1,website_retargeting,1,cumulative,fixed_marginal_union,0.22695446770423067,0.15594400328289681,0.07101046442133385
train_website_retargeting_1,website_retargeting,3,same_day,fixed_marginal_union,0.27764460296783816,0.29780389399656215,0.02015929102872399
train_website_retargeting_1,website_retargeting,3,cumulative,fixed_marginal_union,0.5389592695118995,0.5642814879904767,0.025322218478577185
train_website_retargeting_1,website_retargeting,6,same_day,fixed_marginal_union,0.32057362790590277,0.33589115569974504,0.015317527793842267
train_website_retargeting_1,website_retargeting,6,cumulative,fixed_marginal_union,0.7286551910694008,0.6924322478372897,0.03622294323211106
train_website_retargeting_1,website_retargeting,9,same_day,fixed_marginal_union,0.25350864265002004,0.2687989659432252,0.015290323293205177
train_website_retargeting_1,website_retargeting,9,cumulative,fixed_marginal_union,0.8059172028113963,0.7632797804420478,0.04263742236934853
train_website_retargeting_1,website_retargeting,13,same_day,fixed_marginal_union,0.17772833717032335,0.21258802462905244,0.03485968745872908
train_website_retargeting_1,website_retargeting,13,cumulative,fixed_marginal_union,0.8715811146014218,0.8499430725656463,0.021638042035775573
train_crm_customer_list_0,crm_customer_list,1,same_day,fixed_marginal_union,0.23534427255274618,0.2168712148511613,0.01847305770158489
train_crm_customer_list_0,crm_customer_list,1,cumulative,fixed_marginal_union,0.23534427255274618,0.2168712148511613,0.01847305770158489
train_crm_customer_list_0,crm_customer_list,3,same_day,fixed_marginal_union,0.3768501106280583,0.3554832551828007,0.02136685544525757
train_crm_customer_list_0,crm_customer_list,3,cumulative,fixed_marginal_union,0.6367461691176087,0.6473999777156769,0.010653808598068193
train_crm_customer_list_0,crm_customer_list,6,same_day,fixed_marginal_union,0.3055382547157986,0.3083213824135419,0.002783127697743304
train_crm_customer_list_0,crm_customer_list,6,cumulative,fixed_marginal_union,0.8307279732328644,0.861167490406548,0.03043951717368365
train_crm_customer_list_0,crm_customer_list,9,same_day,fixed_marginal_union,0.371679683487397,0.37694566861979045,0.005265985132393458
train_crm_customer_list_0,crm_customer_list,9,cumulative,fixed_marginal_union,0.8887703016602444,0.8764014949374282,0.01236880672281615
train_crm_customer_list_0,crm_customer_list,13,same_day,fixed_marginal_union,0.17863798111109924,0.20008483007458513,0.021446848963485893
train_crm_customer_list_0,crm_customer_list,13,cumulative,fixed_marginal_union,0.9501438946242027,0.95,0.0001438946242027228
train_crm_customer_list_1,crm_customer_list,1,same_day,fixed_marginal_union,0.4130039089654792,0.37810111966654386,0.034902789298935366
train_crm_customer_list_1,crm_customer_list,1,cumulative,fixed_marginal_union,0.4130039089654792,0.37810111966654386,0.034902789298935366
train_crm_customer_list_1,crm_customer_list,3,same_day,fixed_marginal_union,0.5304001650870457,0.5550162301306867,0.024616065043641
train_crm_customer_list_1,crm_customer_list,3,cumulative,fixed_marginal_union,0.7900674823303704,0.7185434223300046,0.07152406000036582
train_crm_customer_list_1,crm_customer_list,6,same_day,fixed_marginal_union,0.32922597286490934,0.2854976947429462,0.04372827812196317
train_crm_customer_list_1,crm_customer_list,6,cumulative,fixed_marginal_union,0.8914658327670916,0.9491915281143799,0.05772569534728833
train_crm_customer_list_1,crm_customer_list,9,same_day,fixed_marginal_union,0.29517236468077307,0.24355138650012603,0.05162097818064704
train_crm_customer_list_1,crm_customer_list,9,cumulative,fixed_marginal_union,0.9282839085533127,0.9354965887414987,0.007212680188185994
train_crm_customer_list_1,crm_customer_list,13,same_day,fixed_marginal_union,0.16123012088641195,0.1675526649074483,0.006322544021036353
train_crm_customer_list_1,crm_customer_list,13,cumulative,fixed_marginal_union,0.9471610507128302,0.95,0.0028389492871697675
train_catalog_retargeting_0,catalog_retargeting,1,same_day,fixed_marginal_union,0.055409381793953376,0.02303105440436981,0.032378327389583565
train_catalog_retargeting_0,catalog_retargeting,1,cumulative,fixed_marginal_union,0.055409381793953376,0.02303105440436981,0.032378327389583565
train_catalog_retargeting_0,catalog_retargeting,3,same_day,fixed_marginal_union,0.1598674431378199,0.16087386564691789,0.0010064225090979928
train_catalog_retargeting_0,catalog_retargeting,3,cumulative,fixed_marginal_union,0.3563251976841273,0.38102669674958106,0.02470149906545377
train_catalog_retargeting_0,catalog_retargeting,6,same_day,fixed_marginal_union,0.16336244898068597,0.1762146982818093,0.01285224930112333
train_catalog_retargeting_0,catalog_retargeting,6,cumulative,fixed_marginal_union,0.5023665635697403,0.5634960714686985,0.06112950789895821
train_catalog_retargeting_0,catalog_retargeting,9,same_day,fixed_marginal_union,0.10245208879041792,0.09964212825870641,0.0028099605317115084
train_catalog_retargeting_0,catalog_retargeting,9,cumulative,fixed_marginal_union,0.5531384261349892,0.5894187867315668,0.03628036059657758
train_catalog_retargeting_0,catalog_retargeting,13,same_day,fixed_marginal_union,0.07600790172734147,0.08261832037071482,0.0066104186433733475
train_catalog_retargeting_0,catalog_retargeting,13,cumulative,fixed_marginal_union,0.5931697016951615,0.6253843985985322,0.032214696903370754
train_catalog_retargeting_1,catalog_retargeting,1,same_day,fixed_marginal_union,0.09414542398211365,0.10230719220935314,0.008161768227239491
train_catalog_retargeting_1,catalog_retargeting,1,cumulative,fixed_marginal_union,0.09414542398211365,0.10230719220935314,0.008161768227239491
train_catalog_retargeting_1,catalog_retargeting,3,same_day,fixed_marginal_union,0.11507738198711749,0.07992212523953976,0.03515525674757773
train_catalog_retargeting_1,catalog_retargeting,3,cumulative,fixed_marginal_union,0.2724732987506721,0.2956426102481539,0.023169311497481804
train_catalog_retargeting_1,catalog_retargeting,6,same_day,fixed_marginal_union,0.16784434201415535,0.16001830091385538,0.007826041100299969
train_catalog_retargeting_1,catalog_retargeting,6,cumulative,fixed_marginal_union,0.4433791417068737,0.46619070987633926,0.022811568169465557
train_catalog_retargeting_1,catalog_retargeting,9,same_day,fixed_marginal_union,0.08560624636242457,0.06054122678185847,0.025065019580566103
train_catalog_retargeting_1,catalog_retargeting,9,cumulative,fixed_marginal_union,0.5218335197049984,0.5052079608335427,0.01662555887145567
train_catalog_retargeting_1,catalog_retargeting,13,same_day,fixed_marginal_union,0.1743495863802052,0.07047978753801049,0.10386979884219472
train_catalog_retargeting_1,catalog_retargeting,13,cumulative,fixed_marginal_union,0.5999304877077055,0.6169606301223607,0.01703014241465517
train_lookalike_prospecting_0,lookalike_prospecting,1,same_day,fixed_marginal_union,0.08509925066656514,0.09425520256679448,0.009155951900229345
train_lookalike_prospecting_0,lookalike_prospecting,1,cumulative,fixed_marginal_union,0.08509925066656514,0.09425520256679448,0.009155951900229345
train_lookalike_prospecting_0,lookalike_prospecting,3,same_day,fixed_marginal_union,0.09741174067982128,0.1392021471364255,0.04179040645660423
train_lookalike_prospecting_0,lookalike_prospecting,3,cumulative,fixed_marginal_union,0.23869945479216484,0.243928915884067,0.005229461091902171
train_lookalike_prospecting_0,lookalike_prospecting,6,same_day,fixed_marginal_union,0.07207572102900753,0.0530937235396364,0.018981997489371127
train_lookalike_prospecting_0,lookalike_prospecting,6,cumulative,fixed_marginal_union,0.3095865986916561,0.30836696014775117,0.001219638543904944
train_lookalike_prospecting_0,lookalike_prospecting,9,same_day,fixed_marginal_union,0.07505295919353953,0.12193381284814216,0.04688085365460262
train_lookalike_prospecting_0,lookalike_prospecting,9,cumulative,fixed_marginal_union,0.35330634771013264,0.33208134950151647,0.021224998208616175
train_lookalike_prospecting_0,lookalike_prospecting,13,same_day,fixed_marginal_union,0.08651411527048093,0.0980531104419744,0.011538995171493469
train_lookalike_prospecting_0,lookalike_prospecting,13,cumulative,fixed_marginal_union,0.3683222351902924,0.3429319195755057,0.025390315614786718
train_lookalike_prospecting_1,lookalike_prospecting,1,same_day,fixed_marginal_union,0.08512938309154476,0.07310494776907833,0.012024435322466429
train_lookalike_prospecting_1,lookalike_prospecting,1,cumulative,fixed_marginal_union,0.08512938309154476,0.07310494776907833,0.012024435322466429
train_lookalike_prospecting_1,lookalike_prospecting,3,same_day,fixed_marginal_union,0.07596871277972078,0.0508078103172841,0.025160902462436685
train_lookalike_prospecting_1,lookalike_prospecting,3,cumulative,fixed_marginal_union,0.20347293035429964,0.16485033410991679,0.038622596244382856
train_lookalike_prospecting_1,lookalike_prospecting,6,same_day,fixed_marginal_union,0.06732791801239407,0.09277552623380239,0.02544760822140832
train_lookalike_prospecting_1,lookalike_prospecting,6,cumulative,fixed_marginal_union,0.311769686282562,0.27137109308165025,0.04039859320091177
train_lookalike_prospecting_1,lookalike_prospecting,9,same_day,fixed_marginal_union,0.11377646077455174,0.1749056507382029,0.06112918996365117
train_lookalike_prospecting_1,lookalike_prospecting,9,cumulative,fixed_marginal_union,0.344888126688621,0.3223318622535683,0.02255626443505271
train_lookalike_prospecting_1,lookalike_prospecting,13,same_day,fixed_marginal_union,0.09864279731413851,0.1290286814990355,0.030385884184897002
train_lookalike_prospecting_1,lookalike_prospecting,13,cumulative,fixed_marginal_union,0.37609820767503194,0.3577913771321476,0.018306830542884345
train_advantage_audience_expansion_0,advantage_audience_expansion,1,same_day,fixed_marginal_union,0.059756497574809844,0.051611804356553215,0.00814469321825663
train_advantage_audience_expansion_0,advantage_audience_expansion,1,cumulative,fixed_marginal_union,0.059756497574809844,0.051611804356553215,0.00814469321825663
train_advantage_audience_expansion_0,advantage_audience_expansion,3,same_day,fixed_marginal_union,0.11564704061823093,0.11760845364866646,0.0019614130304355243
train_advantage_audience_expansion_0,advantage_audience_expansion,3,cumulative,fixed_marginal_union,0.1883004135514055,0.19154119599574435,0.003240782444338841
train_advantage_audience_expansion_0,advantage_audience_expansion,6,same_day,fixed_marginal_union,0.0837861103727097,0.13349473542901977,0.049708625056310074
train_advantage_audience_expansion_0,advantage_audience_expansion,6,cumulative,fixed_marginal_union,0.27315816460234105,0.26201568270109976,0.011142481901241286
train_advantage_audience_expansion_0,advantage_audience_expansion,9,same_day,fixed_marginal_union,0.08966298871175932,0.14005557483691317,0.05039258612515385
train_advantage_audience_expansion_0,advantage_audience_expansion,9,cumulative,fixed_marginal_union,0.3161300543105291,0.29323627054878204,0.022893783761747055
train_advantage_audience_expansion_0,advantage_audience_expansion,13,same_day,fixed_marginal_union,0.08898633774871592,0.11074838495928874,0.021762047210572816
train_advantage_audience_expansion_0,advantage_audience_expansion,13,cumulative,fixed_marginal_union,0.3288873375846735,0.3126003256987997,0.01628701188587378
train_advantage_audience_expansion_1,advantage_audience_expansion,1,same_day,fixed_marginal_union,0.04788269822777054,0.029904774650911514,0.017977923576859026
train_advantage_audience_expansion_1,advantage_audience_expansion,1,cumulative,fixed_marginal_union,0.04788269822777054,0.029904774650911514,0.017977923576859026
train_advantage_audience_expansion_1,advantage_audience_expansion,3,same_day,fixed_marginal_union,0.0633959155299395,0.05139975694110807,0.011996158588831435
train_advantage_audience_expansion_1,advantage_audience_expansion,3,cumulative,fixed_marginal_union,0.15177474677596914,0.13967145053341146,0.012103296242557682
train_advantage_audience_expansion_1,advantage_audience_expansion,6,same_day,fixed_marginal_union,0.09389937743587448,0.0909243478019629,0.00297502963391158
train_advantage_audience_expansion_1,advantage_audience_expansion,6,cumulative,fixed_marginal_union,0.2901514009309009,0.25406332504803675,0.03608807588286417
train_advantage_audience_expansion_1,advantage_audience_expansion,9,same_day,fixed_marginal_union,0.11185568578964301,0.14371792570918138,0.03186223991953836
train_advantage_audience_expansion_1,advantage_audience_expansion,9,cumulative,fixed_marginal_union,0.3109236186376614,0.29258075585137433,0.01834286278628705
train_advantage_audience_expansion_1,advantage_audience_expansion,13,same_day,fixed_marginal_union,0.07250656882479137,0.13069047849906826,0.05818390967427689
train_advantage_audience_expansion_1,advantage_audience_expansion,13,cumulative,fixed_marginal_union,0.34094616531101757,0.3146314141514439,0.026314751159573657
train_app_activity_retargeting_0,app_activity_retargeting,1,same_day,fixed_marginal_union,0.09604761041749467,0.16328319197017305,0.06723558155267838
train_app_activity_retargeting_0,app_activity_retargeting,1,cumulative,fixed_marginal_union,0.09604761041749467,0.16328319197017305,0.06723558155267838
train_app_activity_retargeting_0,app_activity_retargeting,3,same_day,fixed_marginal_union,0.10125131695287277,0.21340184488564923,0.11215052793277645
train_app_activity_retargeting_0,app_activity_retargeting,3,cumulative,fixed_marginal_union,0.22034750357860353,0.2287450905769644,0.008397586998360879
train_app_activity_retargeting_0,app_activity_retargeting,6,same_day,fixed_marginal_union,0.2231667910864835,0.27677137002984437,0.053604578943360875
train_app_activity_retargeting_0,app_activity_retargeting,6,cumulative,fixed_marginal_union,0.5330731582552983,0.4694211235984344,0.06365203465686392
train_app_activity_retargeting_0,app_activity_retargeting,9,same_day,fixed_marginal_union,0.3577495312405099,0.41974285508630266,0.06199332384579276
train_app_activity_retargeting_0,app_activity_retargeting,9,cumulative,fixed_marginal_union,0.6841225881041478,0.5776169837261921,0.10650560437795575
train_app_activity_retargeting_0,app_activity_retargeting,13,same_day,fixed_marginal_union,0.3218752892284483,0.33168696887481475,0.009811679646366422
train_app_activity_retargeting_0,app_activity_retargeting,13,cumulative,fixed_marginal_union,0.8099124818047367,0.7004275027046014,0.10948497910013533
train_app_activity_retargeting_1,app_activity_retargeting,1,same_day,fixed_marginal_union,0.24998391859238128,0.3092913378000925,0.05930741920771121
train_app_activity_retargeting_1,app_activity_retargeting,1,cumulative,fixed_marginal_union,0.24998391859238128,0.3092913378000925,0.05930741920771121
train_app_activity_retargeting_1,app_activity_retargeting,3,same_day,fixed_marginal_union,0.19482549407712407,0.24852639135252352,0.05370089727539945
train_app_activity_retargeting_1,app_activity_retargeting,3,cumulative,fixed_marginal_union,0.5713483162760825,0.4268556010343951,0.14449271524168739
train_app_activity_retargeting_1,app_activity_retargeting,6,same_day,fixed_marginal_union,0.24939665317197524,0.2908702984186415,0.041473645246666246
train_app_activity_retargeting_1,app_activity_retargeting,6,cumulative,fixed_marginal_union,0.734508671412958,0.5928543500888734,0.1416543213240845
train_app_activity_retargeting_1,app_activity_retargeting,9,same_day,fixed_marginal_union,0.22852740937752813,0.34370856825200113,0.115181158874473
train_app_activity_retargeting_1,app_activity_retargeting,9,cumulative,fixed_marginal_union,0.7797591238954715,0.6644974970490366,0.11526162684643493
train_app_activity_retargeting_1,app_activity_retargeting,13,same_day,fixed_marginal_union,0.23710436347256528,0.2944881076347477,0.05738374416218242
train_app_activity_retargeting_1,app_activity_retargeting,13,cumulative,fixed_marginal_union,0.8151926906434941,0.720220489511106,0.09497220113238813
train_unrelated_niche_control_0,unrelated_niche_control,1,same_day,fixed_marginal_union,0.02750929279481475,0.0,0.02750929279481475
train_unrelated_niche_control_0,unrelated_niche_control,1,cumulative,fixed_marginal_union,0.02750929279481475,0.0,0.02750929279481475
train_unrelated_niche_control_0,unrelated_niche_control,3,same_day,fixed_marginal_union,0.04007310468239099,0.010648429131617954,0.029424675550773036
train_unrelated_niche_control_0,unrelated_niche_control,3,cumulative,fixed_marginal_union,0.09301165189611386,0.0684441826473636,0.024567469248750265
train_unrelated_niche_control_0,unrelated_niche_control,6,same_day,fixed_marginal_union,0.02156226036381148,0.06617938480735477,0.04461712444354329
train_unrelated_niche_control_0,unrelated_niche_control,6,cumulative,fixed_marginal_union,0.16647416060068385,0.19226927884538714,0.02579511824470329
train_unrelated_niche_control_0,unrelated_niche_control,9,same_day,fixed_marginal_union,0.062042935088692894,0.037082178457273185,0.02496075663141971
train_unrelated_niche_control_0,unrelated_niche_control,9,cumulative,fixed_marginal_union,0.20629950286295307,0.2967292890999561,0.09042978623700304
train_unrelated_niche_control_0,unrelated_niche_control,13,same_day,fixed_marginal_union,0.029047082450424838,0.04831710893489494,0.0192700264844701
train_unrelated_niche_control_0,unrelated_niche_control,13,cumulative,fixed_marginal_union,0.35330052677196916,0.39101975479207873,0.037719228020109574
train_unrelated_niche_control_1,unrelated_niche_control,1,same_day,fixed_marginal_union,0.021911221139153947,0.0,0.021911221139153947
train_unrelated_niche_control_1,unrelated_niche_control,1,cumulative,fixed_marginal_union,0.021911221139153947,0.0,0.021911221139153947
train_unrelated_niche_control_1,unrelated_niche_control,3,same_day,fixed_marginal_union,0.007733437719788472,0.0015000198624017247,0.006233417857386747
train_unrelated_niche_control_1,unrelated_niche_control,3,cumulative,fixed_marginal_union,0.010643280845516799,0.0466830117693825,0.0360397309238657
train_unrelated_niche_control_1,unrelated_niche_control,6,same_day,fixed_marginal_union,0.029006540721325424,0.0,0.029006540721325424
train_unrelated_niche_control_1,unrelated_niche_control,6,cumulative,fixed_marginal_union,0.10126256317124258,0.1637968909948675,0.06253432782362492
train_unrelated_niche_control_1,unrelated_niche_control,9,same_day,fixed_marginal_union,0.0624123950059653,0.06785375415626152,0.00544135915029622
train_unrelated_niche_control_1,unrelated_niche_control,9,cumulative,fixed_marginal_union,0.22487806225629836,0.31526678385749074,0.09038872160119238
train_unrelated_niche_control_1,unrelated_niche_control,13,same_day,fixed_marginal_union,0.06019388420246681,0.09571770767244756,0.035523823469980745
train_unrelated_niche_control_1,unrelated_niche_control,13,cumulative,fixed_marginal_union,0.35588732466488127,0.3961857040596176,0.04029837939473635
train_mixed_funnel_portfolio_0,mixed_funnel_portfolio,1,same_day,fixed_marginal_union,0.02717428015695841,0.0,0.02717428015695841
train_mixed_funnel_portfolio_0,mixed_funnel_portfolio,1,cumulative,fixed_marginal_union,0.02717428015695841,0.0,0.02717428015695841
train_mixed_funnel_portfolio_0,mixed_funnel_portfolio,3,same_day,fixed_marginal_union,0.013136938011009501,0.0721785194851502,0.059041581474140695
train_mixed_funnel_portfolio_0,mixed_funnel_portfolio,3,cumulative,fixed_marginal_union,0.041632539620545556,0.0855514192138264,0.04391887959328085
train_mixed_funnel_portfolio_0,mixed_funnel_portfolio,6,same_day,fixed_marginal_union,0.014166675718340184,0.08359412732423105,0.06942745160589087
train_mixed_funnel_portfolio_0,mixed_funnel_portfolio,6,cumulative,fixed_marginal_union,0.05605907543053265,0.09677388653707539,0.040714811106542736
train_mixed_funnel_portfolio_0,mixed_funnel_portfolio,9,same_day,fixed_marginal_union,0.02519293203867261,0.12117111156665494,0.09597817952798234
train_mixed_funnel_portfolio_0,mixed_funnel_portfolio,9,cumulative,fixed_marginal_union,0.06941664398345457,0.13352837649008367,0.0641117325066291
train_mixed_funnel_portfolio_0,mixed_funnel_portfolio,13,same_day,fixed_marginal_union,0.015241978591870046,0.03444399096676634,0.019202012374896296
train_mixed_funnel_portfolio_0,mixed_funnel_portfolio,13,cumulative,fixed_marginal_union,0.06797502834065815,0.10547169875742352,0.03749667041676537
train_mixed_funnel_portfolio_1,mixed_funnel_portfolio,1,same_day,fixed_marginal_union,0.04574618287275055,0.015011581517064443,0.030734601355686106
train_mixed_funnel_portfolio_1,mixed_funnel_portfolio,1,cumulative,fixed_marginal_union,0.04574618287275055,0.015011581517064443,0.030734601355686106
train_mixed_funnel_portfolio_1,mixed_funnel_portfolio,3,same_day,fixed_marginal_union,0.037727530405380134,0.0,0.037727530405380134
train_mixed_funnel_portfolio_1,mixed_funnel_portfolio,3,cumulative,fixed_marginal_union,0.08183334333436687,0.06539296887973337,0.016440374454633505
train_mixed_funnel_portfolio_1,mixed_funnel_portfolio,6,same_day,fixed_marginal_union,0.011630055805426202,0.0862130378327251,0.0745829820272989
train_mixed_funnel_portfolio_1,mixed_funnel_portfolio,6,cumulative,fixed_marginal_union,0.06804348694991644,0.1613772071364745,0.09333372018655806
train_mixed_funnel_portfolio_1,mixed_funnel_portfolio,9,same_day,fixed_marginal_union,0.01785313271486201,0.07768423596489604,0.05983110325003403
train_mixed_funnel_portfolio_1,mixed_funnel_portfolio,9,cumulative,fixed_marginal_union,0.07282473321793716,0.14988596564307052,0.07706123242513337
train_mixed_funnel_portfolio_1,mixed_funnel_portfolio,13,same_day,fixed_marginal_union,0.022438422620339103,0.027220281127098095,0.004781858506758992
train_mixed_funnel_portfolio_1,mixed_funnel_portfolio,13,cumulative,fixed_marginal_union,0.06553255670557709,0.09652347385923304,0.030990917153655956
